timestamp,machine_id,machine_state,production_delta,production_rate,production_rate_units_per_hour,rpm,torque_nm,temperature_c,vibration,health_score,anomaly_score,hour_of_day,day_of_week,dt_seconds,interval_energy_kwh
2026-10-02 08:00:04+00:00,M01,RUNNING,0.0,0.0,0.0,1447.1,52.4,50.05,0.165,96.5,0.03,8.0,4.0,2.0,0.00442
2026-10-02 08:00:04+00:00,M02,RUNNING,0.0,0.0,0.0,1203.3,55.48,47.96,0.158,96.5,0.03,8.0,4.0,2.0,0.00389
2026-10-02 08:00:04+00:00,M04,RUNNING,0.0,0.0,0.0,2801.4,18.63,44.99,0.142,96.5,0.03,8.0,4.0,2.0,0.00303
2026-10-02 08:00:04+00:00,M03,RUNNING,0.0,0.0,0.0,1502.5,51.66,51.95,0.187,96.5,0.03,8.0,4.0,2.0,0.00452
2026-10-02 08:00:06+00:00,M04,RUNNING,0.0,0.0,0.0,2803.0,18.99,45.04,0.161,96.5,0.02,8.0,4.0,2.0,0.0031
2026-10-02 08:00:06+00:00,M01,RUNNING,0.0,0.0,0.0,1454.6,49.76,50.09,0.174,96.6,0.02,8.0,4.0,2.0,0.00421
2026-10-02 08:00:06+00:00,M02,RUNNING,0.0,0.0,0.0,1199.5,54.51,47.96,0.17,96.6,0.03,8.0,4.0,2.0,0.0038
2026-10-02 08:00:06+00:00,M03,RUNNING,0.0,0.0,0.0,1496.0,52.44,51.97,0.198,96.7,0.02,8.0,4.0,2.0,0.00456
2026-10-02 08:00:08+00:00,M02,RUNNING,0.0,0.0,0.0,1197.1,55.4,48.0,0.164,96.7,0.02,8.0,4.0,2.0,0.00386
2026-10-02 08:00:08+00:00,M04,RUNNING,0.0,0.0,0.0,2804.5,19.52,45.08,0.164,96.6,0.02,8.0,4.0,2.0,0.00319
2026-10-02 08:00:08+00:00,M01,RUNNING,0.0,0.0,0.0,1453.7,49.36,50.07,0.167,96.7,0.02,8.0,4.0,2.0,0.00417
2026-10-02 08:00:08+00:00,M03,RUNNING,0.0,0.0,0.0,1496.4,53.46,51.98,0.186,96.8,0.02,8.0,4.0,2.0,0.00465
2026-10-02 08:00:10+00:00,M02,RUNNING,0.0,0.0,0.0,1203.6,53.47,48.01,0.16,96.8,0.02,8.0,4.0,2.0,0.00374
2026-10-02 08:00:10+00:00,M04,RUNNING,0.0,0.0,0.0,2799.1,19.69,45.08,0.151,96.7,0.02,8.0,4.0,2.0,0.0032
2026-10-02 08:00:10+00:00,M01,RUNNING,0.0,0.0,0.0,1449.1,51.31,50.09,0.171,96.8,0.02,8.0,4.0,2.0,0.00433
2026-10-02 08:00:10+00:00,M03,RUNNING,0.0,0.0,0.0,1504.3,52.65,51.96,0.187,96.8,0.02,8.0,4.0,2.0,0.00461
2026-10-02 08:00:12+00:00,M02,RUNNING,0.0,0.0,0.0,1204.6,56.42,48.04,0.168,96.8,0.02,8.0,4.0,2.0,0.00396
2026-10-02 08:00:12+00:00,M04,RUNNING,0.0,0.0,0.0,2800.8,19.21,45.07,0.136,96.8,0.02,8.0,4.0,2.0,0.00313
2026-10-02 08:00:12+00:00,M03,RUNNING,0.0,0.0,0.0,1503.9,52.19,51.93,0.19,96.9,0.02,8.0,4.0,2.0,0.00457
2026-10-02 08:00:12+00:00,M01,RUNNING,0.0,0.0,0.0,1454.3,51.7,50.13,0.166,96.8,0.02,8.0,4.0,2.0,0.00437
2026-10-02 08:00:14+00:00,M04,RUNNING,0.0,0.0,0.0,2803.4,19.41,45.07,0.141,96.8,0.02,8.0,4.0,2.0,0.00317
2026-10-02 08:00:14+00:00,M01,RUNNING,0.0,0.0,0.0,1445.1,49.17,50.17,0.171,96.9,0.02,8.0,4.0,2.0,0.00413
2026-10-02 08:00:14+00:00,M02,RUNNING,0.0,0.0,0.0,1203.4,54.6,48.07,0.162,96.8,0.02,8.0,4.0,2.0,0.00382
2026-10-02 08:00:14+00:00,M03,RUNNING,0.0,0.0,0.0,1504.9,52.36,51.91,0.187,96.9,0.02,8.0,4.0,2.0,0.00458
2026-10-02 08:00:16+00:00,M01,RUNNING,0.0,0.0,0.0,1445.6,49.55,50.21,0.171,96.9,0.02,8.0,4.0,2.0,0.00417
2026-10-02 08:00:16+00:00,M03,RUNNING,0.0,0.0,0.0,1495.7,53.98,51.87,0.196,96.9,0.02,8.0,4.0,2.0,0.0047
2026-10-02 08:00:16+00:00,M02,RUNNING,0.0,0.0,0.0,1199.7,54.15,48.09,0.158,96.9,0.02,8.0,4.0,2.0,0.00378
2026-10-02 08:00:16+00:00,M04,RUNNING,0.0,0.0,0.0,2801.8,18.7,45.07,0.135,96.9,0.02,8.0,4.0,2.0,0.00304
2026-10-02 08:00:18+00:00,M01,RUNNING,0.0,0.0,0.0,1454.2,50.78,50.23,0.187,96.8,0.02,8.0,4.0,2.0,0.0043
2026-10-02 08:00:18+00:00,M03,RUNNING,0.0,0.0,0.0,1495.8,54.58,51.84,0.2,97.0,0.02,8.0,4.0,2.0,0.00475
2026-10-02 08:00:18+00:00,M02,RUNNING,0.0,0.0,0.0,1198.8,55.65,48.07,0.173,96.8,0.03,8.0,4.0,2.0,0.00388
2026-10-02 08:00:18+00:00,M04,RUNNING,0.0,0.0,0.0,2797.6,19.17,45.04,0.134,96.9,0.02,8.0,4.0,2.0,0.00313
2026-10-02 08:00:20+00:00,M03,RUNNING,0.0,0.0,0.0,1503.1,52.09,51.82,0.201,97.0,0.02,8.0,4.0,2.0,0.00455
2026-10-02 08:00:20+00:00,M02,RUNNING,0.0,0.0,0.0,1201.5,55.73,48.09,0.155,96.8,0.02,8.0,4.0,2.0,0.0039
2026-10-02 08:00:20+00:00,M01,RUNNING,0.0,0.0,0.0,1450.7,49.18,50.2,0.178,96.9,0.02,8.0,4.0,2.0,0.00415
2026-10-02 08:00:20+00:00,M04,RUNNING,0.0,0.0,0.0,2795.3,19.06,45.02,0.15,96.9,0.02,8.0,4.0,2.0,0.0031
2026-10-02 08:00:22+00:00,M03,RUNNING,0.0,0.0,0.0,1497.7,54.77,51.79,0.202,97.0,0.02,8.0,4.0,2.0,0.00477
2026-10-02 08:00:22+00:00,M02,RUNNING,0.0,0.0,0.0,1196.3,55.3,48.09,0.148,96.9,0.02,8.0,4.0,2.0,0.00384
2026-10-02 08:00:22+00:00,M01,RUNNING,0.0,0.0,0.0,1446.0,52.14,50.19,0.19,96.8,0.02,8.0,4.0,2.0,0.00438
2026-10-02 08:00:22+00:00,M04,RUNNING,0.0,0.0,0.0,2800.7,19.37,45.04,0.15,96.9,0.02,8.0,4.0,2.0,0.00315
2026-10-02 08:00:24+00:00,M04,RUNNING,0.0,0.0,0.0,2802.5,19.44,45.06,0.146,97.0,0.02,8.0,4.0,2.0,0.00317
2026-10-02 08:00:24+00:00,M03,RUNNING,0.0,0.0,0.0,1502.9,52.45,51.77,0.202,97.0,0.02,8.0,4.0,2.0,0.00459
2026-10-02 08:00:24+00:00,M02,RUNNING,0.0,0.0,0.0,1204.9,54.92,48.12,0.165,96.9,0.02,8.0,4.0,2.0,0.00385
2026-10-02 08:00:24+00:00,M01,RUNNING,0.0,0.0,0.0,1453.6,52.07,50.17,0.195,96.7,0.03,8.0,4.0,2.0,0.00441
2026-10-02 08:00:26+00:00,M01,RUNNING,0.0,0.0,0.0,1453.6,49.06,50.14,0.171,96.8,0.03,8.0,4.0,2.0,0.00414
2026-10-02 08:00:26+00:00,M03,RUNNING,0.0,0.0,0.0,1501.8,51.15,51.75,0.201,97.0,0.02,8.0,4.0,2.0,0.00447
2026-10-02 08:00:26+00:00,M04,RUNNING,0.0,0.0,0.0,2804.2,19.11,45.08,0.139,97.0,0.02,8.0,4.0,2.0,0.00312
2026-10-02 08:00:26+00:00,M02,RUNNING,0.0,0.0,0.0,1201.2,53.07,48.08,0.167,96.8,0.02,8.0,4.0,2.0,0.00371
2026-10-02 08:00:28+00:00,M04,RUNNING,0.0,0.0,0.0,2795.0,19.52,45.04,0.157,96.9,0.02,8.0,4.0,2.0,0.00317
2026-10-02 08:00:28+00:00,M03,RUNNING,1.0,1800.0,1800.0,1501.2,51.19,51.75,0.205,96.9,0.02,8.0,4.0,2.0,0.00447
2026-10-02 08:00:28+00:00,M02,RUNNING,0.0,0.0,0.0,1203.1,55.63,48.09,0.167,96.8,0.03,8.0,4.0,2.0,0.0039
2026-10-02 08:00:28+00:00,M01,RUNNING,0.0,0.0,0.0,1452.1,49.23,50.19,0.175,96.8,0.02,8.0,4.0,2.0,0.00416
2026-10-02 08:00:30+00:00,M04,RUNNING,0.0,0.0,0.0,2803.3,19.26,45.03,0.158,96.9,0.02,8.0,4.0,2.0,0.00314
2026-10-02 08:00:30+00:00,M03,RUNNING,0.0,0.0,0.0,1496.6,51.73,51.78,0.211,96.9,0.02,8.0,4.0,2.0,0.0045
2026-10-02 08:00:30+00:00,M01,RUNNING,0.0,0.0,0.0,1454.4,50.77,50.21,0.172,96.9,0.02,8.0,4.0,2.0,0.0043
2026-10-02 08:00:30+00:00,M02,RUNNING,0.0,0.0,0.0,1197.0,54.68,48.08,0.168,96.8,0.03,8.0,4.0,2.0,0.0038
2026-10-02 08:00:32+00:00,M04,RUNNING,0.0,0.0,0.0,2795.4,19.53,45.0,0.138,96.9,0.02,8.0,4.0,2.0,0.00318
2026-10-02 08:00:32+00:00,M01,RUNNING,1.0,1800.0,1800.0,1447.5,51.4,50.26,0.188,96.8,0.02,8.0,4.0,2.0,0.00433
2026-10-02 08:00:32+00:00,M03,RUNNING,0.0,0.0,0.0,1499.8,54.54,51.8,0.194,96.9,0.02,8.0,4.0,2.0,0.00476
2026-10-02 08:00:32+00:00,M02,RUNNING,0.0,0.0,0.0,1199.2,56.49,48.11,0.165,96.8,0.03,8.0,4.0,2.0,0.00394
2026-10-02 08:00:34+00:00,M01,RUNNING,0.0,0.0,0.0,1455.0,50.36,50.25,0.186,96.8,0.03,8.0,4.0,2.0,0.00426
2026-10-02 08:00:34+00:00,M04,RUNNING,0.0,0.0,0.0,2800.5,19.3,45.04,0.16,96.9,0.03,8.0,4.0,2.0,0.00315
2026-10-02 08:00:34+00:00,M03,RUNNING,0.0,0.0,0.0,1498.5,51.69,51.77,0.213,96.8,0.02,8.0,4.0,2.0,0.00451
2026-10-02 08:00:34+00:00,M02,RUNNING,0.0,0.0,0.0,1196.0,56.02,48.11,0.154,96.9,0.02,8.0,4.0,2.0,0.0039
2026-10-02 08:00:36+00:00,M03,RUNNING,0.0,0.0,0.0,1500.4,52.35,51.78,0.21,96.8,0.02,8.0,4.0,2.0,0.00456
2026-10-02 08:00:36+00:00,M02,RUNNING,1.0,1800.0,1800.0,1202.0,55.98,48.15,0.168,96.8,0.02,8.0,4.0,2.0,0.00392
2026-10-02 08:00:36+00:00,M01,RUNNING,0.0,0.0,0.0,1454.1,50.0,50.21,0.192,96.7,0.02,8.0,4.0,2.0,0.00423
2026-10-02 08:00:36+00:00,M04,RUNNING,0.0,0.0,0.0,2803.0,18.89,45.04,0.147,96.9,0.02,8.0,4.0,2.0,0.00308
2026-10-02 08:00:38+00:00,M02,RUNNING,0.0,0.0,0.0,1204.6,53.24,48.15,0.166,96.8,0.02,8.0,4.0,2.0,0.00373
2026-10-02 08:00:38+00:00,M01,RUNNING,0.0,0.0,0.0,1449.1,51.79,50.25,0.193,96.7,0.02,8.0,4.0,2.0,0.00436
2026-10-02 08:00:38+00:00,M04,RUNNING,0.0,0.0,0.0,2802.9,18.67,45.05,0.157,96.9,0.02,8.0,4.0,2.0,0.00304
2026-10-02 08:00:38+00:00,M03,RUNNING,0.0,0.0,0.0,1497.6,51.53,51.74,0.187,96.9,0.02,8.0,4.0,2.0,0.00449
2026-10-02 08:00:40+00:00,M02,RUNNING,0.0,0.0,0.0,1197.7,54.13,48.13,0.156,96.9,0.02,8.0,4.0,2.0,0.00377
2026-10-02 08:00:40+00:00,M04,RUNNING,1.0,1800.0,1800.0,2802.9,18.57,45.07,0.156,96.9,0.02,8.0,4.0,2.0,0.00303
2026-10-02 08:00:40+00:00,M03,RUNNING,0.0,0.0,0.0,1499.5,53.78,51.73,0.187,96.9,0.02,8.0,4.0,2.0,0.0047
2026-10-02 08:00:40+00:00,M01,RUNNING,0.0,0.0,0.0,1447.7,51.45,50.23,0.18,96.8,0.02,8.0,4.0,2.0,0.00434
2026-10-02 08:00:42+00:00,M02,RUNNING,0.0,0.0,0.0,1198.9,54.05,48.12,0.174,96.8,0.02,8.0,4.0,2.0,0.00377
2026-10-02 08:00:42+00:00,M04,RUNNING,0.0,0.0,0.0,2796.0,19.85,45.08,0.152,96.9,0.02,8.0,4.0,2.0,0.00323
2026-10-02 08:00:42+00:00,M01,RUNNING,0.0,0.0,0.0,1451.5,49.04,50.21,0.172,96.8,0.02,8.0,4.0,2.0,0.00414
2026-10-02 08:00:42+00:00,M03,RUNNING,0.0,0.0,0.0,1501.8,55.09,51.72,0.2,96.9,0.02,8.0,4.0,2.0,0.00481
2026-10-02 08:00:44+00:00,M02,RUNNING,0.0,0.0,0.0,1201.8,54.71,48.14,0.168,96.8,0.02,8.0,4.0,2.0,0.00382
2026-10-02 08:00:44+00:00,M04,RUNNING,0.0,0.0,0.0,2796.7,19.19,45.12,0.164,96.8,0.02,8.0,4.0,2.0,0.00312
2026-10-02 08:00:44+00:00,M03,RUNNING,0.0,0.0,0.0,1498.6,53.9,51.75,0.207,96.9,0.02,8.0,4.0,2.0,0.0047
2026-10-02 08:00:44+00:00,M01,RUNNING,0.0,0.0,0.0,1451.7,49.3,50.17,0.176,96.8,0.02,8.0,4.0,2.0,0.00416
2026-10-02 08:00:46+00:00,M01,RUNNING,0.0,0.0,0.0,1454.5,48.85,50.21,0.165,96.9,0.02,8.0,4.0,2.0,0.00413
2026-10-02 08:00:46+00:00,M02,RUNNING,0.0,0.0,0.0,1201.6,53.68,48.13,0.169,96.8,0.02,8.0,4.0,2.0,0.00376
2026-10-02 08:00:46+00:00,M04,RUNNING,0.0,0.0,0.0,2803.9,18.76,45.12,0.163,96.7,0.02,8.0,4.0,2.0,0.00306
2026-10-02 08:00:46+00:00,M03,RUNNING,0.0,0.0,0.0,1500.5,52.11,51.79,0.191,96.9,0.02,8.0,4.0,2.0,0.00455
2026-10-02 08:00:48+00:00,M03,RUNNING,0.0,0.0,0.0,1502.8,54.07,51.82,0.212,96.9,0.02,8.0,4.0,2.0,0.00472
2026-10-02 08:00:48+00:00,M01,RUNNING,0.0,0.0,0.0,1454.9,48.84,50.18,0.175,96.9,0.02,8.0,4.0,2.0,0.00414
2026-10-02 08:00:48+00:00,M02,RUNNING,0.0,0.0,0.0,1203.5,55.2,48.11,0.161,96.8,0.02,8.0,4.0,2.0,0.00386
2026-10-02 08:00:48+00:00,M04,RUNNING,0.0,0.0,0.0,2800.3,19.68,45.07,0.152,96.8,0.02,8.0,4.0,2.0,0.0032
2026-10-02 08:00:50+00:00,M01,RUNNING,0.0,0.0,0.0,1447.6,48.75,50.21,0.169,96.9,0.02,8.0,4.0,2.0,0.0041
2026-10-02 08:00:50+00:00,M04,RUNNING,0.0,0.0,0.0,2801.0,19.44,45.08,0.136,96.8,0.02,8.0,4.0,2.0,0.00317
2026-10-02 08:00:50+00:00,M03,RUNNING,0.0,0.0,0.0,1502.7,54.23,51.81,0.198,96.9,0.02,8.0,4.0,2.0,0.00474
2026-10-02 08:00:50+00:00,M02,RUNNING,0.0,0.0,0.0,1196.6,55.52,48.12,0.157,96.9,0.02,8.0,4.0,2.0,0.00386
2026-10-02 08:00:52+00:00,M04,RUNNING,0.0,0.0,0.0,2801.3,18.98,45.12,0.148,96.9,0.02,8.0,4.0,2.0,0.0031
2026-10-02 08:00:52+00:00,M02,RUNNING,0.0,0.0,0.0,1198.1,54.56,48.09,0.152,96.9,0.02,8.0,4.0,2.0,0.00381
2026-10-02 08:00:52+00:00,M03,RUNNING,0.0,0.0,0.0,1502.2,53.22,51.8,0.199,96.9,0.02,8.0,4.0,2.0,0.00465
2026-10-02 08:00:52+00:00,M01,RUNNING,0.0,0.0,0.0,1451.7,49.98,50.22,0.175,96.9,0.02,8.0,4.0,2.0,0.00422
2026-10-02 08:00:54+00:00,M04,RUNNING,0.0,0.0,0.0,2799.9,18.9,45.08,0.158,96.8,0.02,8.0,4.0,2.0,0.00308
2026-10-02 08:00:54+00:00,M03,RUNNING,0.0,0.0,0.0,1498.5,53.9,51.79,0.191,97.0,0.02,8.0,4.0,2.0,0.0047
2026-10-02 08:00:54+00:00,M02,RUNNING,0.0,0.0,0.0,1195.1,56.01,48.08,0.148,96.9,0.02,8.0,4.0,2.0,0.00389
2026-10-02 08:00:54+00:00,M01,RUNNING,0.0,0.0,0.0,1447.4,51.54,50.2,0.169,96.9,0.02,8.0,4.0,2.0,0.00434
2026-10-02 08:00:56+00:00,M03,RUNNING,1.0,1800.0,1800.0,1499.3,54.44,51.79,0.201,97.0,0.02,8.0,4.0,2.0,0.00475
2026-10-02 08:00:56+00:00,M01,RUNNING,0.0,0.0,0.0,1445.5,52.21,50.23,0.168,96.9,0.02,8.0,4.0,2.0,0.00439
2026-10-02 08:00:56+00:00,M04,RUNNING,0.0,0.0,0.0,2800.6,18.49,45.06,0.146,96.9,0.02,8.0,4.0,2.0,0.00301
2026-10-02 08:00:56+00:00,M02,RUNNING,0.0,0.0,0.0,1196.2,55.86,48.06,0.156,96.9,0.02,8.0,4.0,2.0,0.00389
2026-10-02 08:00:58+00:00,M03,RUNNING,0.0,0.0,0.0,1499.2,53.04,51.83,0.189,97.0,0.02,8.0,4.0,2.0,0.00463
2026-10-02 08:00:58+00:00,M02,RUNNING,0.0,0.0,0.0,1197.1,57.2,48.03,0.166,96.9,0.02,8.0,4.0,2.0,0.00398
2026-10-02 08:00:58+00:00,M04,RUNNING,0.0,0.0,0.0,2801.5,18.52,45.02,0.152,96.9,0.02,8.0,4.0,2.0,0.00302
2026-10-02 08:00:58+00:00,M01,RUNNING,0.0,0.0,0.0,1449.7,52.21,50.24,0.174,96.9,0.02,8.0,4.0,2.0,0.00441
2026-10-02 08:01:00+00:00,M01,RUNNING,0.0,0.0,0.0,1453.2,48.79,50.2,0.184,96.9,0.02,8.0,4.0,2.0,0.00412
2026-10-02 08:01:00+00:00,M03,RUNNING,0.0,0.0,0.0,1505.0,51.19,51.81,0.208,96.9,0.02,8.0,4.0,2.0,0.00448
2026-10-02 08:01:00+00:00,M04,RUNNING,0.0,0.0,0.0,2804.5,19.19,45.01,0.159,96.9,0.02,8.0,4.0,2.0,0.00313
2026-10-02 08:01:00+00:00,M02,RUNNING,0.0,0.0,0.0,1201.6,54.53,48.06,0.175,96.8,0.03,8.0,4.0,2.0,0.00381
2026-10-02 08:01:02+00:00,M03,RUNNING,0.0,0.0,0.0,1497.2,52.34,51.84,0.213,96.8,0.02,8.0,4.0,2.0,0.00456
2026-10-02 08:01:02+00:00,M04,RUNNING,0.0,0.0,0.0,2804.2,18.89,45.04,0.158,96.8,0.02,8.0,4.0,2.0,0.00308
2026-10-02 08:01:02+00:00,M01,IDLE,0.0,0.0,0.0,17.61234911111469,3.75,49.86,0.074,96.9,0.02,8.0,4.0,2.0,0.00073
2026-10-02 08:01:02+00:00,M02,RUNNING,0.0,0.0,0.0,1195.9,55.58,48.11,0.177,96.7,0.03,8.0,4.0,2.0,0.00387
2026-10-02 08:01:04+00:00,M02,RUNNING,0.0,0.0,0.0,1199.6,55.33,48.09,0.175,96.7,0.03,8.0,4.0,2.0,0.00386
2026-10-02 08:01:04+00:00,M04,RUNNING,0.0,0.0,0.0,2799.9,18.58,45.06,0.16,96.8,0.02,8.0,4.0,2.0,0.00302
2026-10-02 08:01:04+00:00,M03,RUNNING,0.0,0.0,0.0,1503.1,52.84,51.82,0.205,96.9,0.02,8.0,4.0,2.0,0.00462
2026-10-02 08:01:04+00:00,M01,IDLE,0.0,0.0,0.0,19.556218818263616,3.75,49.55,0.039,96.9,0.02,8.0,4.0,2.0,0.00072
2026-10-02 08:01:06+00:00,M03,RUNNING,0.0,0.0,0.0,1496.2,53.1,51.81,0.213,96.8,0.02,8.0,4.0,2.0,0.00462
2026-10-02 08:01:06+00:00,M04,RUNNING,0.0,0.0,0.0,2802.7,19.67,45.05,0.149,96.9,0.02,8.0,4.0,2.0,0.00321
2026-10-02 08:01:06+00:00,M01,IDLE,0.0,0.0,0.0,17.50892451110873,3.75,49.2,0.039,97.0,0.02,8.0,4.0,2.0,0.00077
2026-10-02 08:01:06+00:00,M02,RUNNING,0.0,0.0,0.0,1200.0,56.15,48.12,0.165,96.7,0.03,8.0,4.0,2.0,0.00392
2026-10-02 08:01:08+00:00,M01,IDLE,0.0,0.0,0.0,10.219603069234164,3.75,48.91,0.025,97.0,0.02,8.0,4.0,2.0,0.00076
2026-10-02 08:01:08+00:00,M02,RUNNING,0.0,0.0,0.0,1201.4,54.35,48.12,0.167,96.7,0.03,8.0,4.0,2.0,0.0038
2026-10-02 08:01:08+00:00,M04,RUNNING,0.0,0.0,0.0,2804.2,19.65,45.06,0.162,96.8,0.02,8.0,4.0,2.0,0.00321
2026-10-02 08:01:08+00:00,M03,RUNNING,0.0,0.0,0.0,1503.6,52.53,51.77,0.197,96.9,0.02,8.0,4.0,2.0,0.00459
2026-10-02 08:01:10+00:00,M03,RUNNING,0.0,0.0,0.0,1498.7,52.25,51.73,0.185,96.9,0.02,8.0,4.0,2.0,0.00456
2026-10-02 08:01:10+00:00,M02,RUNNING,0.0,0.0,0.0,1203.8,56.02,48.1,0.155,96.8,0.02,8.0,4.0,2.0,0.00392
2026-10-02 08:01:10+00:00,M04,RUNNING,0.0,0.0,0.0,2804.3,19.23,45.05,0.164,96.8,0.02,8.0,4.0,2.0,0.00313
2026-10-02 08:01:10+00:00,M01,IDLE,0.0,0.0,0.0,12.585536721304361,3.75,48.55,0.03,97.0,0.02,8.0,4.0,2.0,0.00077
2026-10-02 08:01:12+00:00,M01,IDLE,0.0,0.0,0.0,18.654254514534387,3.75,48.27,0.041,97.0,0.02,8.0,4.0,2.0,0.00073
2026-10-02 08:01:12+00:00,M02,RUNNING,1.0,1800.0,1800.0,1199.0,55.91,48.07,0.16,96.9,0.02,8.0,4.0,2.0,0.0039
2026-10-02 08:01:12+00:00,M03,RUNNING,0.0,0.0,0.0,1503.9,52.22,51.71,0.21,96.9,0.02,8.0,4.0,2.0,0.00457
2026-10-02 08:01:12+00:00,M04,RUNNING,0.0,0.0,0.0,2800.4,18.69,45.09,0.144,96.8,0.02,8.0,4.0,2.0,0.00305
2026-10-02 08:01:14+00:00,M04,RUNNING,0.0,0.0,0.0,2801.0,19.87,45.1,0.15,96.9,0.02,8.0,4.0,2.0,0.00324
2026-10-02 08:01:14+00:00,M02,RUNNING,0.0,0.0,0.0,1197.8,55.52,48.04,0.168,96.8,0.02,8.0,4.0,2.0,0.00387
2026-10-02 08:01:14+00:00,M01,IDLE,0.0,0.0,0.0,13.404324316958093,3.75,47.98,0.024,97.0,0.02,8.0,4.0,2.0,0.00073
2026-10-02 08:01:14+00:00,M03,RUNNING,0.0,0.0,0.0,1499.7,53.99,51.7,0.217,96.8,0.02,8.0,4.0,2.0,0.00471
2026-10-02 08:01:16+00:00,M01,IDLE,0.0,0.0,0.0,13.603463804417752,3.75,47.72,0.031,97.0,0.02,8.0,4.0,2.0,0.00078
2026-10-02 08:01:16+00:00,M04,RUNNING,0.0,0.0,0.0,2798.6,19.41,45.12,0.149,96.9,0.02,8.0,4.0,2.0,0.00316
2026-10-02 08:01:16+00:00,M03,RUNNING,0.0,0.0,0.0,1500.1,55.02,51.71,0.211,96.8,0.02,8.0,4.0,2.0,0.0048
2026-10-02 08:01:16+00:00,M02,RUNNING,0.0,0.0,0.0,1196.2,54.86,48.03,0.154,96.9,0.02,8.0,4.0,2.0,0.00382
2026-10-02 08:01:18+00:00,M02,RUNNING,0.0,0.0,0.0,1201.6,53.41,48.05,0.165,96.9,0.02,8.0,4.0,2.0,0.00373
2026-10-02 08:01:18+00:00,M04,RUNNING,0.0,0.0,0.0,2801.4,19.47,45.14,0.159,96.8,0.02,8.0,4.0,2.0,0.00317
2026-10-02 08:01:18+00:00,M01,IDLE,0.0,0.0,0.0,13.033447412087352,3.75,47.47,0.042,97.0,0.02,8.0,4.0,2.0,0.00077
2026-10-02 08:01:18+00:00,M03,RUNNING,0.0,0.0,0.0,1496.5,53.23,51.69,0.188,96.8,0.02,8.0,4.0,2.0,0.00463
2026-10-02 08:01:20+00:00,M02,RUNNING,0.0,0.0,0.0,1197.8,56.81,48.0,0.171,96.8,0.02,8.0,4.0,2.0,0.00396
2026-10-02 08:01:20+00:00,M04,RUNNING,1.0,1800.0,1800.0,2798.7,18.87,45.1,0.149,96.9,0.02,8.0,4.0,2.0,0.00307
2026-10-02 08:01:20+00:00,M01,IDLE,0.0,0.0,0.0,11.668379929966155,3.75,47.16,0.044,97.0,0.02,8.0,4.0,2.0,0.00077
2026-10-02 08:01:20+00:00,M03,RUNNING,0.0,0.0,0.0,1496.5,54.89,51.68,0.203,96.9,0.02,8.0,4.0,2.0,0.00478
2026-10-02 08:01:22+00:00,M02,RUNNING,0.0,0.0,0.0,1198.3,55.27,47.96,0.158,96.9,0.02,8.0,4.0,2.0,0.00385
2026-10-02 08:01:22+00:00,M03,RUNNING,0.0,0.0,0.0,1500.8,51.4,51.73,0.202,96.9,0.02,8.0,4.0,2.0,0.00449
2026-10-02 08:01:22+00:00,M01,IDLE,0.0,0.0,0.0,10.460928285622861,3.75,46.89,0.043,97.0,0.02,8.0,4.0,2.0,0.00071
2026-10-02 08:01:22+00:00,M04,RUNNING,0.0,0.0,0.0,2798.1,18.65,45.11,0.161,96.8,0.02,8.0,4.0,2.0,0.00304
2026-10-02 08:01:24+00:00,M02,RUNNING,0.0,0.0,0.0,1195.0,56.63,47.98,0.173,96.8,0.03,8.0,4.0,2.0,0.00394
2026-10-02 08:01:24+00:00,M04,RUNNING,0.0,0.0,0.0,2795.4,19.36,45.09,0.163,96.8,0.03,8.0,4.0,2.0,0.00314
2026-10-02 08:01:24+00:00,M01,IDLE,0.0,0.0,0.0,11.443677594755393,3.75,46.61,0.043,97.0,0.02,8.0,4.0,2.0,0.00075
2026-10-02 08:01:24+00:00,M03,RUNNING,1.0,1800.0,1800.0,1499.0,55.02,51.71,0.196,96.9,0.02,8.0,4.0,2.0,0.0048
2026-10-02 08:01:26+00:00,M03,RUNNING,0.0,0.0,0.0,1500.9,53.89,51.7,0.205,96.9,0.02,8.0,4.0,2.0,0.0047
2026-10-02 08:01:26+00:00,M02,RUNNING,0.0,0.0,0.0,1201.9,57.27,48.01,0.156,96.9,0.02,8.0,4.0,2.0,0.004
2026-10-02 08:01:26+00:00,M01,IDLE,0.0,0.0,0.0,15.192555704600963,3.75,46.35,0.027,97.0,0.02,8.0,4.0,2.0,0.00071
2026-10-02 08:01:26+00:00,M04,RUNNING,0.0,0.0,0.0,2801.9,18.9,45.09,0.138,96.8,0.02,8.0,4.0,2.0,0.00308
2026-10-02 08:01:28+00:00,M04,RUNNING,0.0,0.0,0.0,2796.6,19.65,45.07,0.137,96.9,0.02,8.0,4.0,2.0,0.0032
2026-10-02 08:01:28+00:00,M03,RUNNING,0.0,0.0,0.0,1498.1,55.17,51.74,0.205,96.9,0.02,8.0,4.0,2.0,0.00481
2026-10-02 08:01:28+00:00,M02,RUNNING,0.0,0.0,0.0,1196.1,57.41,47.97,0.158,96.9,0.02,8.0,4.0,2.0,0.004
2026-10-02 08:01:28+00:00,M01,IDLE,0.0,0.0,0.0,14.404636399876072,3.75,46.11,0.048,97.0,0.02,8.0,4.0,2.0,0.00076
2026-10-02 08:01:30+00:00,M01,IDLE,0.0,0.0,0.0,18.585627870959037,3.75,45.81,0.024,97.0,0.02,8.0,4.0,2.0,0.00072
2026-10-02 08:01:30+00:00,M03,RUNNING,0.0,0.0,0.0,1499.3,53.37,51.78,0.186,96.9,0.02,8.0,4.0,2.0,0.00466
2026-10-02 08:01:30+00:00,M04,RUNNING,0.0,0.0,0.0,2802.2,19.12,45.09,0.16,96.8,0.03,8.0,4.0,2.0,0.00312
2026-10-02 08:01:30+00:00,M02,RUNNING,0.0,0.0,0.0,1203.6,57.18,47.99,0.154,96.9,0.02,8.0,4.0,2.0,0.004
2026-10-02 08:01:32+00:00,M02,RUNNING,0.0,0.0,0.0,1197.1,56.63,48.01,0.155,97.0,0.02,8.0,4.0,2.0,0.00394
2026-10-02 08:01:32+00:00,M04,RUNNING,0.0,0.0,0.0,2800.5,18.75,45.06,0.146,96.9,0.02,8.0,4.0,2.0,0.00305
2026-10-02 08:01:32+00:00,M03,RUNNING,0.0,0.0,0.0,1495.0,53.13,51.74,0.188,96.9,0.02,8.0,4.0,2.0,0.00462
2026-10-02 08:01:32+00:00,M01,IDLE,0.0,0.0,0.0,13.070679936621907,3.75,45.56,0.037,97.0,0.02,8.0,4.0,2.0,0.00073
2026-10-02 08:01:34+00:00,M02,RUNNING,0.0,0.0,0.0,1198.4,55.88,48.04,0.145,97.0,0.02,8.0,4.0,2.0,0.0039
2026-10-02 08:01:34+00:00,M01,IDLE,0.0,0.0,0.0,16.60182486038425,3.75,45.34,0.035,97.0,0.02,8.0,4.0,2.0,0.00072
2026-10-02 08:01:34+00:00,M04,RUNNING,0.0,0.0,0.0,2804.9,18.7,45.07,0.144,96.9,0.02,8.0,4.0,2.0,0.00305
2026-10-02 08:01:34+00:00,M03,RUNNING,0.0,0.0,0.0,1501.8,54.25,51.79,0.2,97.0,0.02,8.0,4.0,2.0,0.00474
2026-10-02 08:01:36+00:00,M01,IDLE,0.0,0.0,0.0,18.682806006414154,3.75,45.05,0.029,97.0,0.02,8.0,4.0,2.0,0.00072
2026-10-02 08:01:36+00:00,M04,RUNNING,0.0,0.0,0.0,2801.8,19.33,45.03,0.135,96.9,0.02,8.0,4.0,2.0,0.00316
2026-10-02 08:01:36+00:00,M02,RUNNING,0.0,0.0,0.0,1196.1,56.8,48.02,0.15,97.0,0.02,8.0,4.0,2.0,0.00395
2026-10-02 08:01:36+00:00,M03,RUNNING,0.0,0.0,0.0,1500.6,52.49,51.82,0.199,97.0,0.02,8.0,4.0,2.0,0.00458
2026-10-02 08:01:38+00:00,M01,IDLE,0.0,0.0,0.0,17.649305478234073,3.75,44.84,0.038,97.0,0.02,8.0,4.0,2.0,0.00075
2026-10-02 08:01:38+00:00,M04,RUNNING,0.0,0.0,0.0,2796.0,18.94,45.07,0.137,96.9,0.02,8.0,4.0,2.0,0.00308
2026-10-02 08:01:38+00:00,M03,RUNNING,0.0,0.0,0.0,1501.8,54.1,51.79,0.194,97.0,0.02,8.0,4.0,2.0,0.00472
2026-10-02 08:01:38+00:00,M02,RUNNING,0.0,0.0,0.0,1199.4,56.06,47.98,0.152,97.0,0.02,8.0,4.0,2.0,0.00391
2026-10-02 08:01:40+00:00,M04,RUNNING,0.0,0.0,0.0,2796.7,19.87,45.05,0.136,97.0,0.02,8.0,4.0,2.0,0.00323
2026-10-02 08:01:40+00:00,M02,RUNNING,0.0,0.0,0.0,1200.4,56.88,48.0,0.157,97.0,0.02,8.0,4.0,2.0,0.00398
2026-10-02 08:01:40+00:00,M01,IDLE,0.0,0.0,0.0,14.383246214099149,3.75,44.63,0.051,97.0,0.02,8.0,4.0,2.0,0.00076
2026-10-02 08:01:40+00:00,M03,RUNNING,0.0,0.0,0.0,1498.6,51.85,51.83,0.202,97.0,0.02,8.0,4.0,2.0,0.00452
2026-10-02 08:01:42+00:00,M01,IDLE,0.0,0.0,0.0,13.64024829118453,3.75,44.39,0.039,97.0,0.02,8.0,4.0,2.0,0.00075
2026-10-02 08:01:42+00:00,M02,RUNNING,0.0,0.0,0.0,1202.2,54.39,48.04,0.157,97.0,0.02,8.0,4.0,2.0,0.0038
2026-10-02 08:01:42+00:00,M03,RUNNING,0.0,0.0,0.0,1502.5,52.57,51.83,0.215,96.9,0.02,8.0,4.0,2.0,0.0046
2026-10-02 08:01:42+00:00,M04,RUNNING,0.0,0.0,0.0,2796.1,19.87,45.02,0.153,96.9,0.02,8.0,4.0,2.0,0.00323
2026-10-02 08:01:44+00:00,M02,RUNNING,0.0,0.0,0.0,1204.8,52.96,48.08,0.172,96.9,0.02,8.0,4.0,2.0,0.00371
2026-10-02 08:01:44+00:00,M01,IDLE,0.0,0.0,0.0,19.959137663321123,3.75,44.14,0.025,97.0,0.02,8.0,4.0,2.0,0.00076
2026-10-02 08:01:44+00:00,M03,RUNNING,0.0,0.0,0.0,1501.3,53.97,51.82,0.213,96.8,0.02,8.0,4.0,2.0,0.00471
2026-10-02 08:01:44+00:00,M04,RUNNING,0.0,0.0,0.0,2798.0,19.06,45.06,0.141,97.0,0.02,8.0,4.0,2.0,0.0031
2026-10-02 08:01:46+00:00,M04,RUNNING,0.0,0.0,0.0,2804.3,18.75,45.07,0.141,97.0,0.02,8.0,4.0,2.0,0.00306
2026-10-02 08:01:46+00:00,M03,RUNNING,0.0,0.0,0.0,1499.1,54.02,51.78,0.217,96.7,0.03,8.0,4.0,2.0,0.00471
2026-10-02 08:01:46+00:00,M02,RUNNING,0.0,0.0,0.0,1202.2,54.05,48.05,0.171,96.8,0.02,8.0,4.0,2.0,0.00378
2026-10-02 08:01:46+00:00,M01,IDLE,0.0,0.0,0.0,12.78586690044606,3.75,43.89,0.041,97.0,0.02,8.0,4.0,2.0,0.00079
2026-10-02 08:01:48+00:00,M04,RUNNING,0.0,0.0,0.0,2797.0,19.83,45.1,0.137,97.0,0.02,8.0,4.0,2.0,0.00323
2026-10-02 08:01:48+00:00,M03,RUNNING,0.0,0.0,0.0,1495.2,53.52,51.81,0.193,96.8,0.03,8.0,4.0,2.0,0.00466
2026-10-02 08:01:48+00:00,M01,IDLE,0.0,0.0,0.0,13.260866413328321,3.75,43.62,0.046,97.0,0.02,8.0,4.0,2.0,0.00074
2026-10-02 08:01:48+00:00,M02,RUNNING,1.0,1800.0,1800.0,1200.3,57.35,48.02,0.155,96.9,0.02,8.0,4.0,2.0,0.00401
2026-10-02 08:01:50+00:00,M02,RUNNING,0.0,0.0,0.0,1204.3,56.72,48.0,0.16,96.9,0.02,8.0,4.0,2.0,0.00397
2026-10-02 08:01:50+00:00,M01,IDLE,0.0,0.0,0.0,15.970514825667784,3.75,43.34,0.025,97.0,0.02,8.0,4.0,2.0,0.00075
2026-10-02 08:01:50+00:00,M04,RUNNING,0.0,0.0,0.0,2802.3,18.99,45.08,0.161,96.9,0.02,8.0,4.0,2.0,0.00309
2026-10-02 08:01:50+00:00,M03,RUNNING,0.0,0.0,0.0,1497.1,51.64,51.85,0.198,96.9,0.02,8.0,4.0,2.0,0.0045
2026-10-02 08:01:52+00:00,M04,RUNNING,0.0,0.0,0.0,2799.0,18.71,45.07,0.147,96.9,0.02,8.0,4.0,2.0,0.00305
2026-10-02 08:01:52+00:00,M01,IDLE,0.0,0.0,0.0,14.228983650690264,3.75,43.1,0.026,97.0,0.02,8.0,4.0,2.0,0.00078
2026-10-02 08:01:52+00:00,M02,RUNNING,0.0,0.0,0.0,1201.2,53.74,47.95,0.161,96.9,0.02,8.0,4.0,2.0,0.00376
2026-10-02 08:01:52+00:00,M03,RUNNING,1.0,1800.0,1800.0,1499.5,54.22,51.86,0.197,96.9,0.02,8.0,4.0,2.0,0.00473
2026-10-02 08:01:54+00:00,M04,RUNNING,0.0,0.0,0.0,2797.6,19.78,45.07,0.135,96.9,0.02,8.0,4.0,2.0,0.00322
2026-10-02 08:01:54+00:00,M01,IDLE,0.0,0.0,0.0,17.235284489730702,3.75,42.9,0.036,97.0,0.02,8.0,4.0,2.0,0.00073
2026-10-02 08:01:54+00:00,M02,RUNNING,0.0,0.0,0.0,1199.2,56.97,47.94,0.167,96.9,0.02,8.0,4.0,2.0,0.00397
2026-10-02 08:01:54+00:00,M03,RUNNING,0.0,0.0,0.0,1497.6,54.25,51.82,0.194,96.9,0.02,8.0,4.0,2.0,0.00472
2026-10-02 08:01:56+00:00,M04,RUNNING,0.0,0.0,0.0,2801.4,19.23,45.03,0.155,96.9,0.02,8.0,4.0,2.0,0.00313
2026-10-02 08:01:56+00:00,M03,RUNNING,0.0,0.0,0.0,1496.1,51.89,51.81,0.19,97.0,0.02,8.0,4.0,2.0,0.00452
2026-10-02 08:01:56+00:00,M02,RUNNING,0.0,0.0,0.0,1197.7,57.08,47.89,0.152,96.9,0.02,8.0,4.0,2.0,0.00398
2026-10-02 08:01:56+00:00,M01,IDLE,0.0,0.0,0.0,12.668529694173742,3.75,42.72,0.032,97.0,0.02,8.0,4.0,2.0,0.00077
2026-10-02 08:01:58+00:00,M03,RUNNING,0.0,0.0,0.0,1497.4,54.6,51.83,0.185,97.0,0.02,8.0,4.0,2.0,0.00475
2026-10-02 08:01:58+00:00,M01,IDLE,0.0,0.0,0.0,10.334847838582167,3.75,42.49,0.049,97.0,0.02,8.0,4.0,2.0,0.00073
2026-10-02 08:01:58+00:00,M02,RUNNING,0.0,0.0,0.0,1197.4,56.03,47.9,0.169,96.9,0.02,8.0,4.0,2.0,0.0039
2026-10-02 08:01:58+00:00,M04,RUNNING,0.0,0.0,0.0,2799.7,19.29,45.01,0.143,96.9,0.02,8.0,4.0,2.0,0.00315
2026-10-02 08:02:00+00:00,M01,IDLE,0.0,0.0,0.0,17.465691571504557,3.75,42.32,0.036,97.0,0.02,8.0,4.0,2.0,0.00079
2026-10-02 08:02:00+00:00,M04,RUNNING,1.0,1800.0,1800.0,2798.3,18.85,44.99,0.159,96.9,0.02,8.0,4.0,2.0,0.00306
2026-10-02 08:02:00+00:00,M03,RUNNING,0.0,0.0,0.0,1497.5,53.19,51.79,0.198,97.0,0.02,8.0,4.0,2.0,0.00464
2026-10-02 08:02:00+00:00,M02,RUNNING,0.0,0.0,0.0,1196.8,56.73,47.86,0.149,96.9,0.02,8.0,4.0,2.0,0.00395
2026-10-02 08:02:02+00:00,M01,SLEEP,0.0,0.0,0.0,0.0,0.0,42.08,0.004,97.0,0.02,8.0,4.0,2.0,0.00019
2026-10-02 08:02:02+00:00,M02,RUNNING,0.0,0.0,0.0,1200.4,54.52,47.91,0.164,96.9,0.02,8.0,4.0,2.0,0.00381
2026-10-02 08:02:02+00:00,M04,RUNNING,0.0,0.0,0.0,2804.1,19.67,44.98,0.14,96.9,0.02,8.0,4.0,2.0,0.00321
2026-10-02 08:02:02+00:00,M03,RUNNING,0.0,0.0,0.0,1499.6,51.44,51.77,0.206,96.9,0.02,8.0,4.0,2.0,0.00449
2026-10-02 08:02:04+00:00,M01,SLEEP,0.0,0.0,0.0,0.0,0.0,41.8,0.004,97.0,0.02,8.0,4.0,2.0,0.0002
2026-10-02 08:02:04+00:00,M04,RUNNING,0.0,0.0,0.0,2800.3,18.72,44.97,0.156,96.9,0.02,8.0,4.0,2.0,0.00305
2026-10-02 08:02:04+00:00,M03,RUNNING,0.0,0.0,0.0,1500.9,52.53,51.79,0.205,96.9,0.02,8.0,4.0,2.0,0.00458
2026-10-02 08:02:04+00:00,M02,RUNNING,0.0,0.0,0.0,1200.2,54.55,47.95,0.164,96.9,0.02,8.0,4.0,2.0,0.00381
2026-10-02 08:02:06+00:00,M01,SLEEP,0.0,0.0,0.0,0.0,0.0,41.63,0.005,97.0,0.02,8.0,4.0,2.0,0.00019
2026-10-02 08:02:06+00:00,M04,RUNNING,0.0,0.0,0.0,2802.0,19.52,44.94,0.15,96.9,0.02,8.0,4.0,2.0,0.00318
2026-10-02 08:02:06+00:00,M02,RUNNING,0.0,0.0,0.0,1198.1,54.04,47.95,0.148,96.9,0.02,8.0,4.0,2.0,0.00376
2026-10-02 08:02:06+00:00,M03,RUNNING,0.0,0.0,0.0,1497.0,54.29,51.81,0.193,96.9,0.02,8.0,4.0,2.0,0.00473
2026-10-02 08:02:08+00:00,M02,RUNNING,0.0,0.0,0.0,1198.1,55.22,47.92,0.157,97.0,0.02,8.0,4.0,2.0,0.00385
2026-10-02 08:02:08+00:00,M01,SLEEP,0.0,0.0,0.0,0.0,0.0,41.45,0.004,97.0,0.02,8.0,4.0,2.0,0.0002
2026-10-02 08:02:08+00:00,M03,RUNNING,0.0,0.0,0.0,1502.2,53.12,51.8,0.203,96.9,0.02,8.0,4.0,2.0,0.00464
2026-10-02 08:02:08+00:00,M04,RUNNING,0.0,0.0,0.0,2803.6,19.72,44.96,0.156,96.9,0.02,8.0,4.0,2.0,0.00322
2026-10-02 08:02:10+00:00,M04,RUNNING,0.0,0.0,0.0,2801.9,19.48,44.95,0.157,96.9,0.02,8.0,4.0,2.0,0.00318
2026-10-02 08:02:10+00:00,M03,RUNNING,0.0,0.0,0.0,1501.4,52.62,51.78,0.21,96.9,0.02,8.0,4.0,2.0,0.0046
2026-10-02 08:02:10+00:00,M01,SLEEP,0.0,0.0,0.0,0.0,0.0,41.27,0.005,97.0,0.02,8.0,4.0,2.0,0.00019
2026-10-02 08:02:10+00:00,M02,RUNNING,0.0,0.0,0.0,1195.4,53.75,47.97,0.166,96.9,0.02,8.0,4.0,2.0,0.00374
2026-10-02 08:02:12+00:00,M03,RUNNING,0.0,0.0,0.0,1499.8,51.76,51.81,0.211,96.8,0.02,8.0,4.0,2.0,0.00451
2026-10-02 08:02:12+00:00,M02,RUNNING,0.0,0.0,0.0,1199.6,55.69,47.93,0.151,96.9,0.02,8.0,4.0,2.0,0.00388
2026-10-02 08:02:12+00:00,M01,SLEEP,0.0,0.0,0.0,0.0,0.0,41.08,0.006,97.0,0.02,8.0,4.0,2.0,0.00018
2026-10-02 08:02:12+00:00,M04,RUNNING,0.0,0.0,0.0,2797.0,19.9,44.99,0.142,96.9,0.02,8.0,4.0,2.0,0.00323
2026-10-02 08:02:14+00:00,M03,RUNNING,0.0,0.0,0.0,1502.2,54.44,51.81,0.196,96.9,0.02,8.0,4.0,2.0,0.00476
2026-10-02 08:02:14+00:00,M01,SLEEP,0.0,0.0,0.0,0.0,0.0,40.88,0.005,97.0,0.02,8.0,4.0,2.0,0.0002
2026-10-02 08:02:14+00:00,M04,RUNNING,0.0,0.0,0.0,2800.9,19.0,44.97,0.135,96.9,0.02,8.0,4.0,2.0,0.0031
2026-10-02 08:02:14+00:00,M02,RUNNING,0.0,0.0,0.0,1196.3,54.42,47.92,0.151,97.0,0.02,8.0,4.0,2.0,0.00379
2026-10-02 08:02:16+00:00,M02,RUNNING,0.0,0.0,0.0,1198.5,53.9,47.9,0.147,97.0,0.02,8.0,4.0,2.0,0.00376
2026-10-02 08:02:16+00:00,M04,RUNNING,0.0,0.0,0.0,2804.0,19.13,44.98,0.133,97.0,0.02,8.0,4.0,2.0,0.00312
2026-10-02 08:02:16+00:00,M01,SLEEP,0.0,0.0,0.0,0.0,0.0,40.69,0.004,97.0,0.02,8.0,4.0,2.0,0.0002
2026-10-02 08:02:16+00:00,M03,RUNNING,0.0,0.0,0.0,1497.7,54.37,51.8,0.208,96.9,0.02,8.0,4.0,2.0,0.00474
2026-10-02 08:02:18+00:00,M04,RUNNING,0.0,0.0,0.0,2801.5,18.54,44.95,0.138,97.0,0.02,8.0,4.0,2.0,0.00302
2026-10-02 08:02:18+00:00,M02,RUNNING,0.0,0.0,0.0,1196.9,57.13,47.87,0.15,97.0,0.02,8.0,4.0,2.0,0.00398
2026-10-02 08:02:18+00:00,M03,RUNNING,0.0,0.0,0.0,1503.4,53.64,51.85,0.19,96.9,0.02,8.0,4.0,2.0,0.00469
2026-10-02 08:02:18+00:00,M01,SLEEP,0.0,0.0,0.0,0.0,0.0,40.5,0.006,97.0,0.02,8.0,4.0,2.0,0.0002
2026-10-02 08:02:20+00:00,M04,RUNNING,0.0,0.0,0.0,2797.7,19.15,44.92,0.155,96.9,0.02,8.0,4.0,2.0,0.00312
2026-10-02 08:02:20+00:00,M01,SLEEP,0.0,0.0,0.0,0.0,0.0,40.27,0.006,97.0,0.02,8.0,4.0,2.0,0.00019
2026-10-02 08:02:20+00:00,M02,RUNNING,0.0,0.0,0.0,1197.7,53.49,47.87,0.156,97.0,0.02,8.0,4.0,2.0,0.00372
2026-10-02 08:02:20+00:00,M03,RUNNING,1.0,1800.0,1800.0,1504.3,53.59,51.87,0.183,96.9,0.02,8.0,4.0,2.0,0.00469
2026-10-02 08:02:22+00:00,M02,RUNNING,0.0,0.0,0.0,1195.5,54.74,47.84,0.161,97.0,0.02,8.0,4.0,2.0,0.00381
2026-10-02 08:02:22+00:00,M04,RUNNING,0.0,0.0,0.0,2796.6,18.88,44.9,0.161,96.9,0.02,8.0,4.0,2.0,0.00307
2026-10-02 08:02:22+00:00,M01,SLEEP,0.0,0.0,0.0,0.0,0.0,40.1,0.006,97.0,0.02,8.0,4.0,2.0,0.0002
2026-10-02 08:02:22+00:00,M03,RUNNING,0.0,0.0,0.0,1497.7,55.31,51.83,0.195,97.0,0.02,8.0,4.0,2.0,0.00482
2026-10-02 08:02:24+00:00,M03,RUNNING,0.0,0.0,0.0,1495.7,52.37,51.87,0.185,97.0,0.02,8.0,4.0,2.0,0.00456
2026-10-02 08:02:24+00:00,M01,SLEEP,0.0,0.0,0.0,0.0,0.0,39.94,0.004,97.0,0.02,8.0,4.0,2.0,0.00019
2026-10-02 08:02:24+00:00,M04,RUNNING,0.0,0.0,0.0,2800.9,19.79,44.95,0.162,96.8,0.02,8.0,4.0,2.0,0.00322
2026-10-02 08:02:24+00:00,M02,RUNNING,1.0,1800.0,1800.0,1202.2,55.31,47.8,0.166,96.9,0.02,8.0,4.0,2.0,0.00387
2026-10-02 08:02:26+00:00,M02,RUNNING,0.0,0.0,0.0,1202.9,54.0,47.77,0.161,97.0,0.02,8.0,4.0,2.0,0.00378
2026-10-02 08:02:26+00:00,M01,SLEEP,0.0,0.0,0.0,0.0,0.0,39.8,0.006,97.0,0.02,8.0,4.0,2.0,0.00018
2026-10-02 08:02:26+00:00,M04,RUNNING,0.0,0.0,0.0,2802.9,19.04,44.93,0.15,96.9,0.02,8.0,4.0,2.0,0.00311
2026-10-02 08:02:26+00:00,M03,RUNNING,0.0,0.0,0.0,1500.3,55.28,51.92,0.195,97.0,0.02,8.0,4.0,2.0,0.00482
2026-10-02 08:02:28+00:00,M01,SLEEP,0.0,0.0,0.0,0.0,0.0,39.59,0.004,97.0,0.02,8.0,4.0,2.0,0.0002
2026-10-02 08:02:28+00:00,M03,RUNNING,0.0,0.0,0.0,1496.6,52.25,51.91,0.198,97.0,0.02,8.0,4.0,2.0,0.00455
2026-10-02 08:02:28+00:00,M02,RUNNING,0.0,0.0,0.0,1196.4,54.07,47.81,0.157,97.0,0.02,8.0,4.0,2.0,0.00376
2026-10-02 08:02:28+00:00,M04,RUNNING,0.0,0.0,0.0,2795.7,19.31,44.9,0.153,96.9,0.02,8.0,4.0,2.0,0.00314
2026-10-02 08:02:30+00:00,M01,SLEEP,0.0,0.0,0.0,0.0,0.0,39.36,0.004,97.0,0.02,8.0,4.0,2.0,0.00019
2026-10-02 08:02:30+00:00,M03,RUNNING,0.0,0.0,0.0,1497.2,51.37,51.89,0.202,97.0,0.02,8.0,4.0,2.0,0.00447
2026-10-02 08:02:30+00:00,M04,RUNNING,0.0,0.0,0.0,2798.6,19.48,44.88,0.164,96.8,0.02,8.0,4.0,2.0,0.00317
2026-10-02 08:02:30+00:00,M02,RUNNING,0.0,0.0,0.0,1197.4,57.23,47.82,0.171,96.9,0.02,8.0,4.0,2.0,0.00399
2026-10-02 08:02:32+00:00,M01,SLEEP,0.0,0.0,0.0,0.0,0.0,39.18,0.007,97.0,0.02,8.0,4.0,2.0,0.00019
2026-10-02 08:02:32+00:00,M03,RUNNING,0.0,0.0,0.0,1499.3,53.89,51.86,0.192,97.0,0.02,8.0,4.0,2.0,0.0047
2026-10-02 08:02:32+00:00,M02,RUNNING,0.0,0.0,0.0,1197.9,56.34,47.87,0.167,96.9,0.02,8.0,4.0,2.0,0.00392
2026-10-02 08:02:32+00:00,M04,RUNNING,0.0,0.0,0.0,2796.9,19.14,44.92,0.141,96.9,0.02,8.0,4.0,2.0,0.00312
2026-10-02 08:02:34+00:00,M04,RUNNING,0.0,0.0,0.0,2795.6,19.1,44.89,0.16,96.8,0.02,8.0,4.0,2.0,0.0031
2026-10-02 08:02:34+00:00,M02,RUNNING,0.0,0.0,0.0,1196.6,55.35,47.87,0.166,96.9,0.02,8.0,4.0,2.0,0.00386
2026-10-02 08:02:34+00:00,M01,SLEEP,0.0,0.0,0.0,0.0,0.0,39.04,0.006,97.0,0.02,8.0,4.0,2.0,0.0002
2026-10-02 08:02:34+00:00,M03,RUNNING,0.0,0.0,0.0,1496.9,51.31,51.81,0.203,97.0,0.02,8.0,4.0,2.0,0.00447
2026-10-02 08:02:36+00:00,M04,RUNNING,0.0,0.0,0.0,2801.4,19.74,44.92,0.152,96.9,0.02,8.0,4.0,2.0,0.00322
2026-10-02 08:02:36+00:00,M02,RUNNING,0.0,0.0,0.0,1203.1,53.74,47.91,0.171,96.8,0.03,8.0,4.0,2.0,0.00376
2026-10-02 08:02:36+00:00,M03,RUNNING,0.0,0.0,0.0,1497.0,52.41,51.84,0.191,97.0,0.02,8.0,4.0,2.0,0.00457
2026-10-02 08:02:36+00:00,M01,SLEEP,0.0,0.0,0.0,0.0,0.0,38.88,0.006,97.0,0.02,8.0,4.0,2.0,0.00019
2026-10-02 08:02:38+00:00,M03,RUNNING,0.0,0.0,0.0,1504.8,55.05,51.84,0.188,97.0,0.02,8.0,4.0,2.0,0.00482
2026-10-02 08:02:38+00:00,M01,SLEEP,0.0,0.0,0.0,0.0,0.0,38.71,0.005,97.0,0.02,8.0,4.0,2.0,0.00019
2026-10-02 08:02:38+00:00,M02,RUNNING,0.0,0.0,0.0,1197.9,56.33,47.9,0.174,96.8,0.02,8.0,4.0,2.0,0.00392
2026-10-02 08:02:38+00:00,M04,RUNNING,0.0,0.0,0.0,2796.6,18.82,44.93,0.144,96.9,0.02,8.0,4.0,2.0,0.00306
2026-10-02 08:02:40+00:00,M03,RUNNING,0.0,0.0,0.0,1499.9,51.31,51.84,0.184,97.0,0.02,8.0,4.0,2.0,0.00447
2026-10-02 08:02:40+00:00,M02,RUNNING,0.0,0.0,0.0,1199.4,54.69,47.86,0.172,96.8,0.03,8.0,4.0,2.0,0.00382
2026-10-02 08:02:40+00:00,M04,RUNNING,1.0,1800.0,1800.0,2796.4,18.75,44.93,0.144,96.9,0.02,8.0,4.0,2.0,0.00305
2026-10-02 08:02:40+00:00,M01,SLEEP,0.0,0.0,0.0,0.0,0.0,38.5,0.006,97.0,0.02,8.0,4.0,2.0,0.0002
2026-10-02 08:02:42+00:00,M03,RUNNING,0.0,0.0,0.0,1501.1,54.62,51.87,0.205,97.0,0.02,8.0,4.0,2.0,0.00477
2026-10-02 08:02:42+00:00,M04,RUNNING,0.0,0.0,0.0,2803.3,19.01,44.9,0.157,96.9,0.02,8.0,4.0,2.0,0.0031
2026-10-02 08:02:42+00:00,M01,SLEEP,0.0,0.0,0.0,0.0,0.0,38.32,0.006,97.0,0.02,8.0,4.0,2.0,0.00019
2026-10-02 08:02:42+00:00,M02,RUNNING,0.0,0.0,0.0,1198.5,56.61,47.84,0.163,96.8,0.03,8.0,4.0,2.0,0.00395
2026-10-02 08:02:44+00:00,M01,SLEEP,0.0,0.0,0.0,0.0,0.0,38.15,0.004,97.0,0.02,8.0,4.0,2.0,0.0002
2026-10-02 08:02:44+00:00,M04,RUNNING,0.0,0.0,0.0,2799.0,19.5,44.88,0.165,96.8,0.02,8.0,4.0,2.0,0.00317
2026-10-02 08:02:44+00:00,M02,RUNNING,0.0,0.0,0.0,1197.7,57.31,47.83,0.15,96.9,0.02,8.0,4.0,2.0,0.00399
2026-10-02 08:02:44+00:00,M03,RUNNING,0.0,0.0,0.0,1504.0,51.1,51.84,0.187,97.0,0.02,8.0,4.0,2.0,0.00447
2026-10-02 08:02:46+00:00,M01,SLEEP,0.0,0.0,0.0,0.0,0.0,37.95,0.005,97.0,0.02,8.0,4.0,2.0,0.0002
2026-10-02 08:02:46+00:00,M04,RUNNING,0.0,0.0,0.0,2803.3,19.48,44.93,0.167,96.7,0.02,8.0,4.0,2.0,0.00318
2026-10-02 08:02:46+00:00,M03,RUNNING,0.0,0.0,0.0,1502.0,51.27,51.81,0.185,97.0,0.02,8.0,4.0,2.0,0.00448
2026-10-02 08:02:46+00:00,M02,RUNNING,0.0,0.0,0.0,1195.5,55.39,47.87,0.165,96.9,0.02,8.0,4.0,2.0,0.00385
2026-10-02 08:02:48+00:00,M03,RUNNING,1.0,1800.0,1800.0,1498.7,55.07,51.76,0.212,96.9,0.02,8.0,4.0,2.0,0.0048
2026-10-02 08:02:48+00:00,M01,SLEEP,0.0,0.0,0.0,0.0,0.0,37.82,0.007,97.0,0.02,8.0,4.0,2.0,0.0002
2026-10-02 08:02:48+00:00,M04,RUNNING,0.0,0.0,0.0,2798.9,18.6,44.89,0.15,96.8,0.02,8.0,4.0,2.0,0.00303
2026-10-02 08:02:48+00:00,M02,RUNNING,0.0,0.0,0.0,1198.3,53.34,47.84,0.161,96.9,0.02,8.0,4.0,2.0,0.00372
2026-10-02 08:02:50+00:00,M04,RUNNING,0.0,0.0,0.0,2804.6,18.83,44.92,0.16,96.8,0.02,8.0,4.0,2.0,0.00307
2026-10-02 08:02:50+00:00,M01,SLEEP,0.0,0.0,0.0,0.0,0.0,37.7,0.005,97.0,0.02,8.0,4.0,2.0,0.00019
2026-10-02 08:02:50+00:00,M03,RUNNING,0.0,0.0,0.0,1504.3,51.43,51.78,0.195,96.9,0.02,8.0,4.0,2.0,0.00451
2026-10-02 08:02:50+00:00,M02,RUNNING,0.0,0.0,0.0,1203.5,53.75,47.82,0.149,96.9,0.02,8.0,4.0,2.0,0.00376
2026-10-02 08:02:52+00:00,M04,RUNNING,0.0,0.0,0.0,2803.8,19.72,44.96,0.137,96.9,0.02,8.0,4.0,2.0,0.00322
2026-10-02 08:02:52+00:00,M02,RUNNING,0.0,0.0,0.0,1199.4,54.37,47.83,0.163,96.9,0.02,8.0,4.0,2.0,0.0038
2026-10-02 08:02:52+00:00,M03,RUNNING,0.0,0.0,0.0,1504.1,53.41,51.81,0.185,96.9,0.02,8.0,4.0,2.0,0.00467
2026-10-02 08:02:52+00:00,M01,SLEEP,0.0,0.0,0.0,0.0,0.0,37.52,0.006,97.0,0.02,8.0,4.0,2.0,0.0002
2026-10-02 08:02:54+00:00,M02,RUNNING,0.0,0.0,0.0,1197.9,54.23,47.79,0.164,96.9,0.02,8.0,4.0,2.0,0.00378
2026-10-02 08:02:54+00:00,M03,RUNNING,0.0,0.0,0.0,1499.3,53.86,51.84,0.186,97.0,0.02,8.0,4.0,2.0,0.0047
2026-10-02 08:02:54+00:00,M04,RUNNING,0.0,0.0,0.0,2802.5,18.8,44.93,0.146,96.9,0.02,8.0,4.0,2.0,0.00306
2026-10-02 08:02:54+00:00,M01,SLEEP,0.0,0.0,0.0,0.0,0.0,37.38,0.005,97.0,0.02,8.0,4.0,2.0,0.0002
2026-10-02 08:02:56+00:00,M02,RUNNING,0.0,0.0,0.0,1199.7,54.26,47.81,0.146,96.9,0.02,8.0,4.0,2.0,0.00378
2026-10-02 08:02:56+00:00,M04,RUNNING,0.0,0.0,0.0,2797.1,19.5,44.98,0.156,96.9,0.02,8.0,4.0,2.0,0.00318
2026-10-02 08:02:56+00:00,M03,RUNNING,0.0,0.0,0.0,1498.0,54.74,51.8,0.209,96.9,0.02,8.0,4.0,2.0,0.00477
2026-10-02 08:02:56+00:00,M01,SLEEP,0.0,0.0,0.0,0.0,0.0,37.27,0.005,97.0,0.02,8.0,4.0,2.0,0.00019
2026-10-02 08:02:58+00:00,M01,SLEEP,0.0,0.0,0.0,0.0,0.0,37.09,0.005,97.0,0.02,8.0,4.0,2.0,0.0002
2026-10-02 08:02:58+00:00,M02,RUNNING,0.0,0.0,0.0,1198.1,56.44,47.8,0.168,96.9,0.02,8.0,4.0,2.0,0.00394
2026-10-02 08:02:58+00:00,M04,RUNNING,0.0,0.0,0.0,2795.5,19.34,44.96,0.144,96.9,0.02,8.0,4.0,2.0,0.00314
2026-10-02 08:02:58+00:00,M03,RUNNING,0.0,0.0,0.0,1503.7,51.96,51.81,0.209,96.9,0.02,8.0,4.0,2.0,0.00454
2026-10-02 08:03:00+00:00,M03,RUNNING,0.0,0.0,0.0,1499.1,55.28,51.81,0.216,96.8,0.02,8.0,4.0,2.0,0.00482
2026-10-02 08:03:00+00:00,M01,SLEEP,0.0,0.0,0.0,0.0,0.0,36.97,0.006,97.0,0.02,8.0,4.0,2.0,0.00019
2026-10-02 08:03:00+00:00,M02,RUNNING,1.0,1800.0,1800.0,1199.3,55.72,47.8,0.176,96.8,0.02,8.0,4.0,2.0,0.00388
2026-10-02 08:03:00+00:00,M04,RUNNING,0.0,0.0,0.0,2798.4,19.32,44.93,0.15,96.9,0.02,8.0,4.0,2.0,0.00314
2026-10-02 08:03:02+00:00,M03,DEGRADED,0.0,0.0,0.0,1414.7,68.5,51.93,0.528,90.7,0.21,8.0,4.0,2.0,0.00564
2026-10-02 08:03:02+00:00,M02,RUNNING,0.0,0.0,0.0,1201.8,56.95,47.84,0.173,96.8,0.03,8.0,4.0,2.0,0.00398
2026-10-02 08:03:02+00:00,M04,RUNNING,0.0,0.0,0.0,2803.4,19.85,44.88,0.144,97.0,0.02,8.0,4.0,2.0,0.00324
2026-10-02 08:03:02+00:00,M01,SLEEP,0.0,0.0,0.0,0.0,0.0,36.8,0.005,97.0,0.02,8.0,4.0,2.0,0.0002
2026-10-02 08:03:04+00:00,M02,RUNNING,0.0,0.0,0.0,1200.7,56.52,47.89,0.154,96.8,0.03,8.0,4.0,2.0,0.00395
2026-10-02 08:03:04+00:00,M01,SLEEP,0.0,0.0,0.0,0.0,0.0,36.63,0.005,97.0,0.02,8.0,4.0,2.0,0.0002
2026-10-02 08:03:04+00:00,M03,DEGRADED,0.0,0.0,0.0,1419.0,68.77,52.04,0.592,85.9,0.32,8.0,4.0,2.0,0.00568
2026-10-02 08:03:04+00:00,M04,RUNNING,0.0,0.0,0.0,2799.5,19.73,44.92,0.161,96.9,0.02,8.0,4.0,2.0,0.00322
2026-10-02 08:03:06+00:00,M01,SLEEP,0.0,0.0,0.0,0.0,0.0,36.5,0.005,97.0,0.02,8.0,4.0,2.0,0.0002
2026-10-02 08:03:06+00:00,M03,DEGRADED,0.0,0.0,0.0,1414.6,66.49,52.14,0.605,82.4,0.39,8.0,4.0,2.0,0.00547
2026-10-02 08:03:06+00:00,M04,RUNNING,0.0,0.0,0.0,2796.3,19.5,44.9,0.138,96.9,0.02,8.0,4.0,2.0,0.00317
2026-10-02 08:03:06+00:00,M02,RUNNING,0.0,0.0,0.0,1204.7,53.3,47.91,0.165,96.8,0.02,8.0,4.0,2.0,0.00374
2026-10-02 08:03:08+00:00,M02,RUNNING,0.0,0.0,0.0,1197.0,56.14,47.94,0.173,96.8,0.03,8.0,4.0,2.0,0.00391
2026-10-02 08:03:08+00:00,M03,DEGRADED,0.0,0.0,0.0,1428.7,68.81,52.27,0.617,79.7,0.44,8.0,4.0,2.0,0.00572
2026-10-02 08:03:08+00:00,M01,SLEEP,0.0,0.0,0.0,0.0,0.0,36.34,0.006,97.0,0.02,8.0,4.0,2.0,0.0002
2026-10-02 08:03:08+00:00,M04,RUNNING,0.0,0.0,0.0,2802.5,19.08,44.94,0.134,96.9,0.02,8.0,4.0,2.0,0.00311
2026-10-02 08:03:10+00:00,M02,RUNNING,0.0,0.0,0.0,1198.1,53.13,47.93,0.177,96.7,0.03,8.0,4.0,2.0,0.0037
2026-10-02 08:03:10+00:00,M01,SLEEP,0.0,0.0,0.0,0.0,0.0,36.17,0.006,97.0,0.02,8.0,4.0,2.0,0.00019
2026-10-02 08:03:10+00:00,M04,RUNNING,0.0,0.0,0.0,2804.0,18.59,44.99,0.135,97.0,0.02,8.0,4.0,2.0,0.00303
2026-10-02 08:03:10+00:00,M03,DEGRADED,0.0,0.0,0.0,1419.9,66.65,52.37,0.605,78.0,0.46,8.0,4.0,2.0,0.0055
2026-10-02 08:03:12+00:00,M01,SLEEP,0.0,0.0,0.0,0.0,0.0,36.04,0.006,97.0,0.02,8.0,4.0,2.0,0.00018
2026-10-02 08:03:12+00:00,M04,RUNNING,0.0,0.0,0.0,2799.7,18.97,44.96,0.132,97.0,0.02,8.0,4.0,2.0,0.00309
2026-10-02 08:03:12+00:00,M02,RUNNING,0.0,0.0,0.0,1196.7,54.95,47.94,0.17,96.7,0.02,8.0,4.0,2.0,0.00383
2026-10-02 08:03:12+00:00,M03,DEGRADED,0.0,0.0,0.0,1430.6,68.6,52.48,0.612,76.6,0.48,8.0,4.0,2.0,0.00571
2026-10-02 08:03:14+00:00,M01,SLEEP,0.0,0.0,0.0,0.0,0.0,35.95,0.004,97.0,0.02,8.0,4.0,2.0,0.00019
2026-10-02 08:03:14+00:00,M02,RUNNING,0.0,0.0,0.0,1203.7,56.04,47.95,0.164,96.8,0.02,8.0,4.0,2.0,0.00392
2026-10-02 08:03:14+00:00,M03,DEGRADED,0.0,0.0,0.0,1413.1,70.95,52.62,0.622,75.5,0.49,8.0,4.0,2.0,0.00583
2026-10-02 08:03:14+00:00,M04,RUNNING,0.0,0.0,0.0,2797.6,19.67,44.92,0.145,97.0,0.02,8.0,4.0,2.0,0.0032
2026-10-02 08:03:16+00:00,M02,RUNNING,0.0,0.0,0.0,1202.7,52.93,47.99,0.148,96.8,0.02,8.0,4.0,2.0,0.0037
2026-10-02 08:03:16+00:00,M01,SLEEP,0.0,0.0,0.0,0.0,0.0,35.81,0.005,97.0,0.02,8.0,4.0,2.0,0.0002
2026-10-02 08:03:16+00:00,M04,RUNNING,0.0,0.0,0.0,2796.1,19.78,44.93,0.14,97.0,0.02,8.0,4.0,2.0,0.00322
2026-10-02 08:03:16+00:00,M03,DEGRADED,0.0,0.0,0.0,1418.2,66.81,52.72,0.634,74.6,0.5,8.0,4.0,2.0,0.00552
2026-10-02 08:03:18+00:00,M01,SLEEP,0.0,0.0,0.0,0.0,0.0,35.7,0.004,97.0,0.02,8.0,4.0,2.0,0.0002
2026-10-02 08:03:18+00:00,M02,RUNNING,0.0,0.0,0.0,1197.5,57.14,47.97,0.148,96.9,0.02,8.0,4.0,2.0,0.00398
2026-10-02 08:03:18+00:00,M04,RUNNING,0.0,0.0,0.0,2797.4,19.37,44.89,0.158,96.9,0.02,8.0,4.0,2.0,0.00315
2026-10-02 08:03:18+00:00,M03,DEGRADED,0.0,0.0,0.0,1429.1,67.79,52.83,0.637,73.9,0.51,8.0,4.0,2.0,0.00563
2026-10-02 08:03:20+00:00,M02,RUNNING,0.0,0.0,0.0,1195.4,53.78,48.02,0.169,96.9,0.02,8.0,4.0,2.0,0.00374
2026-10-02 08:03:20+00:00,M04,RUNNING,1.0,1800.0,1800.0,2798.2,18.89,44.89,0.166,96.8,0.03,8.0,4.0,2.0,0.00308
2026-10-02 08:03:20+00:00,M03,DEGRADED,1.0,1800.0,1800.0,1416.4,68.29,52.96,0.625,73.4,0.52,8.0,4.0,2.0,0.00563
2026-10-02 08:03:20+00:00,M01,SLEEP,0.0,0.0,0.0,0.0,0.0,35.6,0.006,97.0,0.02,8.0,4.0,2.0,0.0002
2026-10-02 08:03:22+00:00,M03,DEGRADED,0.0,0.0,0.0,1422.9,69.51,53.09,0.637,73.0,0.53,8.0,4.0,2.0,0.00575
2026-10-02 08:03:22+00:00,M01,SLEEP,0.0,0.0,0.0,0.0,0.0,35.47,0.005,97.0,0.02,8.0,4.0,2.0,0.00019
2026-10-02 08:03:22+00:00,M04,RUNNING,0.0,0.0,0.0,2799.5,18.4,44.89,0.14,96.9,0.02,8.0,4.0,2.0,0.00299
2026-10-02 08:03:22+00:00,M02,RUNNING,0.0,0.0,0.0,1203.7,53.22,48.06,0.158,96.9,0.02,8.0,4.0,2.0,0.00373
2026-10-02 08:03:24+00:00,M04,RUNNING,0.0,0.0,0.0,2796.5,18.59,44.94,0.14,96.9,0.02,8.0,4.0,2.0,0.00303
2026-10-02 08:03:24+00:00,M02,RUNNING,0.0,0.0,0.0,1203.5,53.1,48.05,0.162,96.9,0.02,8.0,4.0,2.0,0.00372
2026-10-02 08:03:24+00:00,M01,SLEEP,0.0,0.0,0.0,0.0,0.0,35.33,0.006,97.0,0.02,8.0,4.0,2.0,0.00018
2026-10-02 08:03:24+00:00,M03,DEGRADED,0.0,0.0,0.0,1419.6,71.1,53.18,0.628,72.6,0.54,8.0,4.0,2.0,0.00587
2026-10-02 08:03:26+00:00,M03,DEGRADED,0.0,0.0,0.0,1426.4,69.28,53.31,0.62,72.4,0.55,8.0,4.0,2.0,0.00575
2026-10-02 08:03:26+00:00,M01,SLEEP,0.0,0.0,0.0,0.0,0.0,35.25,0.006,97.0,0.02,8.0,4.0,2.0,0.0002
2026-10-02 08:03:26+00:00,M02,RUNNING,0.0,0.0,0.0,1203.0,54.09,48.01,0.17,96.9,0.02,8.0,4.0,2.0,0.00378
2026-10-02 08:03:26+00:00,M04,RUNNING,0.0,0.0,0.0,2797.4,18.41,44.97,0.14,96.9,0.02,8.0,4.0,2.0,0.00299
2026-10-02 08:03:28+00:00,M03,DEGRADED,0.0,0.0,0.0,1413.5,69.54,53.44,0.619,72.2,0.55,8.0,4.0,2.0,0.00572
2026-10-02 08:03:28+00:00,M04,RUNNING,0.0,0.0,0.0,2795.3,18.54,45.02,0.148,97.0,0.02,8.0,4.0,2.0,0.00302
2026-10-02 08:03:28+00:00,M01,SLEEP,0.0,0.0,0.0,0.0,0.0,35.15,0.005,97.0,0.02,8.0,4.0,2.0,0.0002
2026-10-02 08:03:28+00:00,M02,RUNNING,0.0,0.0,0.0,1199.8,54.51,47.97,0.172,96.8,0.03,8.0,4.0,2.0,0.00381
2026-10-02 08:03:30+00:00,M03,DEGRADED,0.0,0.0,0.0,1420.9,68.04,53.49,0.624,72.0,0.55,8.0,4.0,2.0,0.00563
2026-10-02 08:03:30+00:00,M01,SLEEP,0.0,0.0,0.0,0.0,0.0,35.03,0.007,97.0,0.02,8.0,4.0,2.0,0.00018
2026-10-02 08:03:30+00:00,M04,RUNNING,0.0,0.0,0.0,2802.6,19.12,44.99,0.147,97.0,0.02,8.0,4.0,2.0,0.00311
2026-10-02 08:03:30+00:00,M02,RUNNING,0.0,0.0,0.0,1204.7,55.99,47.95,0.149,96.9,0.02,8.0,4.0,2.0,0.00392
2026-10-02 08:03:32+00:00,M04,RUNNING,0.0,0.0,0.0,2804.4,19.64,44.98,0.153,97.0,0.02,8.0,4.0,2.0,0.00321
2026-10-02 08:03:32+00:00,M03,DEGRADED,0.0,0.0,0.0,1413.6,67.66,53.63,0.638,71.7,0.56,8.0,4.0,2.0,0.00556
2026-10-02 08:03:32+00:00,M01,SLEEP,0.0,0.0,0.0,0.0,0.0,34.9,0.007,97.0,0.02,8.0,4.0,2.0,0.00019
2026-10-02 08:03:32+00:00,M02,RUNNING,0.0,0.0,0.0,1199.0,53.57,47.98,0.162,96.9,0.02,8.0,4.0,2.0,0.00374
2026-10-02 08:03:34+00:00,M04,RUNNING,0.0,0.0,0.0,2800.9,18.53,45.02,0.142,97.0,0.02,8.0,4.0,2.0,0.00302
2026-10-02 08:03:34+00:00,M03,DEGRADED,0.0,0.0,0.0,1408.1,71.52,53.73,0.645,71.3,0.57,8.0,4.0,2.0,0.00586
2026-10-02 08:03:34+00:00,M01,SLEEP,0.0,0.0,0.0,0.0,0.0,34.76,0.005,97.0,0.02,8.0,4.0,2.0,0.0002
2026-10-02 08:03:34+00:00,M02,RUNNING,0.0,0.0,0.0,1204.0,52.99,47.98,0.171,96.8,0.02,8.0,4.0,2.0,0.00371
2026-10-02 08:03:36+00:00,M04,RUNNING,0.0,0.0,0.0,2803.7,18.52,44.98,0.137,97.0,0.02,8.0,4.0,2.0,0.00302
2026-10-02 08:03:36+00:00,M02,RUNNING,1.0,1800.0,1800.0,1198.0,53.22,48.0,0.159,96.9,0.02,8.0,4.0,2.0,0.00371
2026-10-02 08:03:36+00:00,M03,DEGRADED,0.0,0.0,0.0,1411.6,69.31,53.85,0.647,71.0,0.57,8.0,4.0,2.0,0.00569
2026-10-02 08:03:36+00:00,M01,SLEEP,0.0,0.0,0.0,0.0,0.0,34.66,0.004,97.0,0.02,8.0,4.0,2.0,0.00019
2026-10-02 08:03:38+00:00,M01,SLEEP,0.0,0.0,0.0,0.0,0.0,34.55,0.006,97.0,0.02,8.0,4.0,2.0,0.0002
2026-10-02 08:03:38+00:00,M03,DEGRADED,0.0,0.0,0.0,1413.3,68.49,53.98,0.638,70.8,0.57,8.0,4.0,2.0,0.00563
2026-10-02 08:03:38+00:00,M02,RUNNING,0.0,0.0,0.0,1195.5,55.24,47.95,0.159,96.9,0.02,8.0,4.0,2.0,0.00384
2026-10-02 08:03:38+00:00,M04,RUNNING,0.0,0.0,0.0,2797.2,19.2,45.01,0.135,97.0,0.02,8.0,4.0,2.0,0.00312
2026-10-02 08:03:40+00:00,M03,DEGRADED,0.0,0.0,0.0,1423.3,69.06,54.06,0.636,70.6,0.58,8.0,4.0,2.0,0.00572
2026-10-02 08:03:40+00:00,M04,RUNNING,0.0,0.0,0.0,2804.7,18.94,44.98,0.148,97.0,0.02,8.0,4.0,2.0,0.00309
2026-10-02 08:03:40+00:00,M01,SLEEP,0.0,0.0,0.0,0.0,0.0,34.5,0.006,97.0,0.02,8.0,4.0,2.0,0.00019
2026-10-02 08:03:40+00:00,M02,RUNNING,0.0,0.0,0.0,1203.6,56.4,48.0,0.152,96.9,0.02,8.0,4.0,2.0,0.00395
2026-10-02 08:03:42+00:00,M02,RUNNING,0.0,0.0,0.0,1203.5,56.64,48.03,0.173,96.9,0.02,8.0,4.0,2.0,0.00397
2026-10-02 08:03:42+00:00,M04,RUNNING,0.0,0.0,0.0,2804.1,18.69,45.02,0.146,97.0,0.02,8.0,4.0,2.0,0.00305
2026-10-02 08:03:42+00:00,M01,SLEEP,0.0,0.0,0.0,0.0,0.0,34.38,0.004,97.0,0.02,8.0,4.0,2.0,0.00019
2026-10-02 08:03:42+00:00,M03,DEGRADED,0.0,0.0,0.0,1412.5,68.79,54.14,0.638,70.5,0.57,8.0,4.0,2.0,0.00565
2026-10-02 08:03:44+00:00,M02,RUNNING,0.0,0.0,0.0,1203.6,54.61,48.07,0.172,96.8,0.02,8.0,4.0,2.0,0.00382
2026-10-02 08:03:44+00:00,M04,RUNNING,0.0,0.0,0.0,2804.6,19.53,44.99,0.158,96.9,0.02,8.0,4.0,2.0,0.00319
2026-10-02 08:03:44+00:00,M03,DEGRADED,0.0,0.0,0.0,1422.4,67.19,54.23,0.654,70.1,0.57,8.0,4.0,2.0,0.00556
2026-10-02 08:03:44+00:00,M01,SLEEP,0.0,0.0,0.0,0.0,0.0,34.26,0.005,97.0,0.02,8.0,4.0,2.0,0.00019
2026-10-02 08:03:46+00:00,M01,SLEEP,0.0,0.0,0.0,0.0,0.0,34.16,0.007,97.0,0.02,8.0,4.0,2.0,0.0002
2026-10-02 08:03:46+00:00,M02,RUNNING,0.0,0.0,0.0,1196.9,54.16,48.06,0.171,96.8,0.03,8.0,4.0,2.0,0.00377
2026-10-02 08:03:46+00:00,M03,DEGRADED,0.0,0.0,0.0,1408.0,70.94,54.34,0.662,69.8,0.58,8.0,4.0,2.0,0.00581
2026-10-02 08:03:46+00:00,M04,RUNNING,0.0,0.0,0.0,2804.2,18.36,44.98,0.146,97.0,0.02,8.0,4.0,2.0,0.00299
2026-10-02 08:03:48+00:00,M01,SLEEP,0.0,0.0,0.0,0.0,0.0,34.1,0.007,97.0,0.02,8.0,4.0,2.0,0.00019
2026-10-02 08:03:48+00:00,M02,RUNNING,0.0,0.0,0.0,1199.8,54.67,48.07,0.16,96.8,0.02,8.0,4.0,2.0,0.00382
2026-10-02 08:03:48+00:00,M04,RUNNING,0.0,0.0,0.0,2803.6,18.62,45.02,0.162,96.9,0.03,8.0,4.0,2.0,0.00304
2026-10-02 08:03:48+00:00,M03,DEGRADED,0.0,0.0,0.0,1413.6,68.9,54.47,0.656,69.6,0.58,8.0,4.0,2.0,0.00567
2026-10-02 08:03:50+00:00,M04,RUNNING,0.0,0.0,0.0,2797.7,19.52,45.02,0.148,96.9,0.02,8.0,4.0,2.0,0.00318
2026-10-02 08:03:50+00:00,M01,SLEEP,0.0,0.0,0.0,0.0,0.0,34.03,0.006,97.0,0.02,8.0,4.0,2.0,0.0002
2026-10-02 08:03:50+00:00,M03,DEGRADED,0.0,0.0,0.0,1406.7,71.62,54.54,0.648,69.4,0.59,8.0,4.0,2.0,0.00586
2026-10-02 08:03:50+00:00,M02,RUNNING,0.0,0.0,0.0,1202.0,56.97,48.09,0.173,96.8,0.03,8.0,4.0,2.0,0.00398
2026-10-02 08:03:52+00:00,M01,SLEEP,0.0,0.0,0.0,0.0,0.0,33.93,0.006,97.0,0.02,8.0,4.0,2.0,0.00019
2026-10-02 08:03:52+00:00,M04,RUNNING,0.0,0.0,0.0,2802.1,19.15,45.05,0.149,96.9,0.02,8.0,4.0,2.0,0.00312
2026-10-02 08:03:52+00:00,M02,RUNNING,0.0,0.0,0.0,1202.6,53.38,48.06,0.175,96.7,0.03,8.0,4.0,2.0,0.00373
2026-10-02 08:03:52+00:00,M03,DEGRADED,0.0,0.0,0.0,1420.6,71.66,54.62,0.655,69.2,0.6,8.0,4.0,2.0,0.00592
2026-10-02 08:03:54+00:00,M04,RUNNING,0.0,0.0,0.0,2797.7,18.73,45.08,0.143,96.9,0.02,8.0,4.0,2.0,0.00305
2026-10-02 08:03:54+00:00,M02,RUNNING,0.0,0.0,0.0,1197.4,57.28,48.08,0.161,96.8,0.02,8.0,4.0,2.0,0.00399
2026-10-02 08:03:54+00:00,M01,SLEEP,0.0,0.0,0.0,0.0,0.0,33.87,0.006,97.0,0.02,8.0,4.0,2.0,0.0002
2026-10-02 08:03:54+00:00,M03,DEGRADED,0.0,0.0,0.0,1414.6,69.63,54.68,0.66,69.0,0.6,8.0,4.0,2.0,0.00573
2026-10-02 08:03:56+00:00,M01,SLEEP,0.0,0.0,0.0,0.0,0.0,33.76,0.005,97.0,0.02,8.0,4.0,2.0,0.0002
2026-10-02 08:03:56+00:00,M03,DEGRADED,1.0,1800.0,1800.0,1406.4,69.41,54.79,0.661,68.7,0.61,8.0,4.0,2.0,0.00568
2026-10-02 08:03:56+00:00,M04,RUNNING,0.0,0.0,0.0,2795.9,19.63,45.08,0.151,96.9,0.02,8.0,4.0,2.0,0.00319
2026-10-02 08:03:56+00:00,M02,RUNNING,0.0,0.0,0.0,1200.7,53.42,48.1,0.174,96.7,0.03,8.0,4.0,2.0,0.00374
2026-10-02 08:03:58+00:00,M01,SLEEP,0.0,0.0,0.0,0.0,0.0,33.67,0.007,97.0,0.02,8.0,4.0,2.0,0.0002
2026-10-02 08:03:58+00:00,M03,DEGRADED,0.0,0.0,0.0,1405.1,71.88,54.87,0.656,68.5,0.61,8.0,4.0,2.0,0.00587
2026-10-02 08:03:58+00:00,M04,RUNNING,0.0,0.0,0.0,2802.0,18.66,45.06,0.161,96.9,0.02,8.0,4.0,2.0,0.00304
2026-10-02 08:03:58+00:00,M02,RUNNING,0.0,0.0,0.0,1199.4,54.81,48.13,0.161,96.8,0.03,8.0,4.0,2.0,0.00382
2026-10-02 08:04:00+00:00,M01,SLEEP,0.0,0.0,0.0,0.0,0.0,33.56,0.005,97.0,0.02,8.0,4.0,2.0,0.00019
2026-10-02 08:04:00+00:00,M03,DEGRADED,0.0,0.0,0.0,1410.9,70.66,55.01,0.649,68.4,0.62,8.0,4.0,2.0,0.0058
2026-10-02 08:04:00+00:00,M02,RUNNING,0.0,0.0,0.0,1197.4,57.33,48.17,0.171,96.8,0.03,8.0,4.0,2.0,0.00399
2026-10-02 08:04:00+00:00,M04,RUNNING,1.0,1800.0,1800.0,2802.0,19.37,45.09,0.162,96.8,0.02,8.0,4.0,2.0,0.00316
2026-10-02 08:04:02+00:00,M02,OVERLOAD,0.0,0.0,0.0,1151.4,97.81,48.37,0.388,92.0,0.21,8.0,4.0,2.0,0.00655
2026-10-02 08:04:02+00:00,M04,RUNNING,0.0,0.0,0.0,2802.1,18.94,45.1,0.164,96.7,0.02,8.0,4.0,2.0,0.00309
2026-10-02 08:04:02+00:00,M01,SLEEP,0.0,0.0,0.0,0.0,0.0,33.44,0.007,97.0,0.02,8.0,4.0,2.0,0.0002
2026-10-02 08:04:02+00:00,M03,DEGRADED,0.0,0.0,0.0,1404.6,69.41,55.08,0.676,68.1,0.61,8.0,4.0,2.0,0.00567
2026-10-02 08:04:04+00:00,M04,RUNNING,0.0,0.0,0.0,2804.6,18.73,45.1,0.153,96.8,0.02,8.0,4.0,2.0,0.00305
2026-10-02 08:04:04+00:00,M01,SLEEP,0.0,0.0,0.0,0.0,0.0,33.32,0.005,97.0,0.02,8.0,4.0,2.0,0.00018
2026-10-02 08:04:04+00:00,M03,DEGRADED,0.0,0.0,0.0,1418.0,70.29,55.22,0.669,67.8,0.63,8.0,4.0,2.0,0.0058
2026-10-02 08:04:04+00:00,M02,OVERLOAD,0.0,0.0,0.0,1148.6,97.29,48.49,0.439,88.1,0.33,8.0,4.0,2.0,0.00651
2026-10-02 08:04:06+00:00,M03,DEGRADED,0.0,0.0,0.0,1403.7,68.93,55.28,0.667,67.6,0.63,8.0,4.0,2.0,0.00563
2026-10-02 08:04:06+00:00,M01,SLEEP,0.0,0.0,0.0,0.0,0.0,33.25,0.005,97.0,0.02,8.0,4.0,2.0,0.0002
2026-10-02 08:04:06+00:00,M04,RUNNING,0.0,0.0,0.0,2799.2,19.55,45.08,0.164,96.7,0.02,8.0,4.0,2.0,0.00319
2026-10-02 08:04:06+00:00,M02,OVERLOAD,0.0,0.0,0.0,1131.8,105.08,48.69,0.45,85.2,0.41,8.0,4.0,2.0,0.00691
2026-10-02 08:04:08+00:00,M03,DEGRADED,0.0,0.0,0.0,1420.0,71.22,55.37,0.666,67.4,0.64,8.0,4.0,2.0,0.00588
2026-10-02 08:04:08+00:00,M04,RUNNING,0.0,0.0,0.0,2797.5,18.61,45.06,0.164,96.7,0.02,8.0,4.0,2.0,0.00302
2026-10-02 08:04:08+00:00,M02,OVERLOAD,0.0,0.0,0.0,1138.0,99.11,48.9,0.457,83.0,0.46,8.0,4.0,2.0,0.00656
2026-10-02 08:04:08+00:00,M01,SLEEP,0.0,0.0,0.0,0.0,0.0,33.16,0.006,97.0,0.02,8.0,4.0,2.0,0.00019
2026-10-02 08:04:10+00:00,M02,OVERLOAD,0.0,0.0,0.0,1145.5,102.9,49.03,0.455,81.3,0.48,8.0,4.0,2.0,0.00686
2026-10-02 08:04:10+00:00,M01,SLEEP,0.0,0.0,0.0,0.0,0.0,33.11,0.005,97.0,0.02,8.0,4.0,2.0,0.0002
2026-10-02 08:04:10+00:00,M03,DEGRADED,0.0,0.0,0.0,1418.8,68.37,55.43,0.659,67.3,0.64,8.0,4.0,2.0,0.00565
2026-10-02 08:04:10+00:00,M04,RUNNING,0.0,0.0,0.0,2796.4,19.08,45.1,0.167,96.7,0.03,8.0,4.0,2.0,0.00311
2026-10-02 08:04:12+00:00,M02,OVERLOAD,1.0,1800.0,1800.0,1137.3,100.51,49.25,0.462,80.0,0.51,8.0,4.0,2.0,0.00665
2026-10-02 08:04:12+00:00,M04,RUNNING,0.0,0.0,0.0,2797.1,19.41,45.05,0.154,96.7,0.03,8.0,4.0,2.0,0.00316
2026-10-02 08:04:12+00:00,M03,DEGRADED,0.0,0.0,0.0,1414.4,69.79,55.47,0.677,67.0,0.65,8.0,4.0,2.0,0.00574
2026-10-02 08:04:12+00:00,M01,SLEEP,0.0,0.0,0.0,0.0,0.0,33.02,0.006,97.0,0.02,8.0,4.0,2.0,0.00019
2026-10-02 08:04:14+00:00,M01,SLEEP,0.0,0.0,0.0,0.0,0.0,32.98,0.005,97.0,0.02,8.0,4.0,2.0,0.00019
2026-10-02 08:04:14+00:00,M02,OVERLOAD,0.0,0.0,0.0,1133.7,104.42,49.4,0.448,79.0,0.53,8.0,4.0,2.0,0.00689
2026-10-02 08:04:14+00:00,M03,DEGRADED,0.0,0.0,0.0,1412.6,72.27,55.56,0.666,66.9,0.64,8.0,4.0,2.0,0.00594
2026-10-02 08:04:14+00:00,M04,RUNNING,0.0,0.0,0.0,2798.3,19.51,45.07,0.154,96.8,0.02,8.0,4.0,2.0,0.00317
2026-10-02 08:04:16+00:00,M02,OVERLOAD,0.0,0.0,0.0,1133.9,101.13,49.61,0.461,78.1,0.54,8.0,4.0,2.0,0.00667
2026-10-02 08:04:16+00:00,M04,RUNNING,0.0,0.0,0.0,2799.2,19.7,45.05,0.153,96.8,0.02,8.0,4.0,2.0,0.00321
2026-10-02 08:04:16+00:00,M03,DEGRADED,0.0,0.0,0.0,1417.8,70.59,55.68,0.686,66.6,0.64,8.0,4.0,2.0,0.00582
2026-10-02 08:04:16+00:00,M01,SLEEP,0.0,0.0,0.0,0.0,0.0,32.93,0.006,97.0,0.02,8.0,4.0,2.0,0.00019
2026-10-02 08:04:18+00:00,M03,DEGRADED,0.0,0.0,0.0,1408.4,69.26,55.75,0.694,66.2,0.65,8.0,4.0,2.0,0.00567
2026-10-02 08:04:18+00:00,M02,OVERLOAD,0.0,0.0,0.0,1149.6,103.75,49.77,0.456,77.4,0.55,8.0,4.0,2.0,0.00694
2026-10-02 08:04:18+00:00,M04,RUNNING,0.0,0.0,0.0,2798.7,19.88,45.05,0.151,96.9,0.02,8.0,4.0,2.0,0.00324
2026-10-02 08:04:18+00:00,M01,SLEEP,0.0,0.0,0.0,0.0,0.0,32.88,0.006,97.0,0.02,8.0,4.0,2.0,0.00019
2026-10-02 08:04:20+00:00,M01,SLEEP,0.0,0.0,0.0,0.0,0.0,32.78,0.007,97.0,0.02,8.0,4.0,2.0,0.00019
2026-10-02 08:04:20+00:00,M04,RUNNING,0.0,0.0,0.0,2800.3,19.68,45.05,0.136,96.9,0.02,8.0,4.0,2.0,0.0032
2026-10-02 08:04:20+00:00,M03,DEGRADED,0.0,0.0,0.0,1417.0,69.97,55.83,0.692,65.9,0.65,8.0,4.0,2.0,0.00577
2026-10-02 08:04:20+00:00,M02,OVERLOAD,0.0,0.0,0.0,1141.5,99.26,49.9,0.444,76.9,0.56,8.0,4.0,2.0,0.00659
2026-10-02 08:04:22+00:00,M04,RUNNING,0.0,0.0,0.0,2803.7,18.47,45.04,0.133,96.9,0.02,8.0,4.0,2.0,0.00301
2026-10-02 08:04:22+00:00,M03,DEGRADED,0.0,0.0,0.0,1412.8,71.09,55.9,0.673,65.9,0.65,8.0,4.0,2.0,0.00585
2026-10-02 08:04:22+00:00,M02,OVERLOAD,0.0,0.0,0.0,1138.7,101.77,50.04,0.447,76.4,0.57,8.0,4.0,2.0,0.00674
2026-10-02 08:04:22+00:00,M01,SLEEP,0.0,0.0,0.0,0.0,0.0,32.75,0.005,97.0,0.02,8.0,4.0,2.0,0.00019
2026-10-02 08:04:24+00:00,M04,RUNNING,0.0,0.0,0.0,2801.7,18.6,45.05,0.15,96.9,0.02,8.0,4.0,2.0,0.00304
2026-10-02 08:04:24+00:00,M01,SLEEP,0.0,0.0,0.0,0.0,0.0,32.68,0.005,97.0,0.02,8.0,4.0,2.0,0.00019
2026-10-02 08:04:24+00:00,M03,DEGRADED,0.0,0.0,0.0,1407.3,71.29,56.02,0.678,65.7,0.66,8.0,4.0,2.0,0.00583
2026-10-02 08:04:24+00:00,M02,OVERLOAD,0.0,0.0,0.0,1152.0,99.16,50.18,0.453,75.8,0.57,8.0,4.0,2.0,0.00665
2026-10-02 08:04:26+00:00,M04,RUNNING,0.0,0.0,0.0,2795.8,19.82,45.01,0.157,96.9,0.02,8.0,4.0,2.0,0.00322
2026-10-02 08:04:26+00:00,M02,OVERLOAD,0.0,0.0,0.0,1144.1,102.57,50.32,0.446,75.4,0.58,8.0,4.0,2.0,0.00682
2026-10-02 08:04:26+00:00,M03,DEGRADED,0.0,0.0,0.0,1405.2,70.35,56.1,0.682,65.5,0.67,8.0,4.0,2.0,0.00575
2026-10-02 08:04:26+00:00,M01,SLEEP,0.0,0.0,0.0,0.0,0.0,32.62,0.006,97.0,0.02,8.0,4.0,2.0,0.0002
2026-10-02 08:04:28+00:00,M04,RUNNING,0.0,0.0,0.0,2802.6,19.72,45.04,0.136,96.9,0.02,8.0,4.0,2.0,0.00321
2026-10-02 08:04:28+00:00,M03,DEGRADED,0.0,0.0,0.0,1412.1,72.63,56.15,0.688,65.3,0.67,8.0,4.0,2.0,0.00597
2026-10-02 08:04:28+00:00,M01,SLEEP,0.0,0.0,0.0,0.0,0.0,32.55,0.004,97.0,0.02,8.0,4.0,2.0,0.00019
2026-10-02 08:04:28+00:00,M02,OVERLOAD,0.0,0.0,0.0,1149.5,101.29,50.46,0.438,75.0,0.59,8.0,4.0,2.0,0.00678
2026-10-02 08:04:30+00:00,M02,OVERLOAD,0.0,0.0,0.0,1136.4,99.66,50.62,0.454,74.5,0.6,8.0,4.0,2.0,0.00658
2026-10-02 08:04:30+00:00,M04,RUNNING,0.0,0.0,0.0,2802.6,19.52,45.01,0.14,96.9,0.02,8.0,4.0,2.0,0.00319
2026-10-02 08:04:30+00:00,M01,SLEEP,0.0,0.0,0.0,0.0,0.0,32.48,0.005,97.0,0.02,8.0,4.0,2.0,0.0002
2026-10-02 08:04:30+00:00,M03,DEGRADED,0.0,0.0,0.0,1401.7,70.97,56.22,0.705,64.9,0.67,8.0,4.0,2.0,0.00579
2026-10-02 08:04:32+00:00,M02,OVERLOAD,0.0,0.0,0.0,1148.4,99.75,50.76,0.44,74.2,0.6,8.0,4.0,2.0,0.00667
2026-10-02 08:04:32+00:00,M03,DEGRADED,0.0,0.0,0.0,1407.7,69.7,56.35,0.686,64.8,0.67,8.0,4.0,2.0,0.0057
2026-10-02 08:04:32+00:00,M04,RUNNING,0.0,0.0,0.0,2797.8,19.0,45.05,0.147,97.0,0.02,8.0,4.0,2.0,0.00309
2026-10-02 08:04:32+00:00,M01,SLEEP,0.0,0.0,0.0,0.0,0.0,32.44,0.005,97.0,0.02,8.0,4.0,2.0,0.00019
2026-10-02 08:04:34+00:00,M03,DEGRADED,1.0,1800.0,1800.0,1404.4,72.52,56.46,0.688,64.6,0.68,8.0,4.0,2.0,0.00593
2026-10-02 08:04:34+00:00,M02,OVERLOAD,0.0,0.0,0.0,1127.5,101.5,50.93,0.445,73.7,0.61,8.0,4.0,2.0,0.00666
2026-10-02 08:04:34+00:00,M04,RUNNING,0.0,0.0,0.0,2799.6,19.62,45.08,0.151,97.0,0.02,8.0,4.0,2.0,0.00319
2026-10-02 08:04:34+00:00,M01,SLEEP,0.0,0.0,0.0,0.0,0.0,32.38,0.006,97.0,0.02,8.0,4.0,2.0,0.00019
2026-10-02 08:04:36+00:00,M04,RUNNING,0.0,0.0,0.0,2798.6,18.73,45.06,0.146,97.0,0.02,8.0,4.0,2.0,0.00305
2026-10-02 08:04:36+00:00,M01,SLEEP,0.0,0.0,0.0,0.0,0.0,32.36,0.006,97.0,0.02,8.0,4.0,2.0,0.0002
2026-10-02 08:04:36+00:00,M03,DEGRADED,0.0,0.0,0.0,1409.2,69.61,56.51,0.683,64.5,0.68,8.0,4.0,2.0,0.0057
2026-10-02 08:04:36+00:00,M02,OVERLOAD,0.0,0.0,0.0,1126.7,103.91,51.15,0.456,73.2,0.62,8.0,4.0,2.0,0.00681
2026-10-02 08:04:38+00:00,M02,OVERLOAD,0.0,0.0,0.0,1131.9,102.23,51.32,0.435,72.9,0.63,8.0,4.0,2.0,0.00673
2026-10-02 08:04:38+00:00,M01,SLEEP,0.0,0.0,0.0,0.0,0.0,32.28,0.005,97.0,0.02,8.0,4.0,2.0,0.00019
2026-10-02 08:04:38+00:00,M04,RUNNING,0.0,0.0,0.0,2804.9,18.83,45.06,0.138,97.0,0.02,8.0,4.0,2.0,0.00307
2026-10-02 08:04:38+00:00,M03,DEGRADED,0.0,0.0,0.0,1406.7,73.16,56.56,0.694,64.2,0.68,8.0,4.0,2.0,0.00599
2026-10-02 08:04:40+00:00,M04,RUNNING,1.0,1800.0,1800.0,2799.5,19.36,45.01,0.147,97.0,0.02,8.0,4.0,2.0,0.00316
2026-10-02 08:04:40+00:00,M02,OVERLOAD,0.0,0.0,0.0,1155.0,99.21,51.47,0.447,72.5,0.64,8.0,4.0,2.0,0.00666
2026-10-02 08:04:40+00:00,M03,DEGRADED,0.0,0.0,0.0,1397.0,70.56,56.67,0.715,63.9,0.68,8.0,4.0,2.0,0.00574
2026-10-02 08:04:40+00:00,M01,SLEEP,0.0,0.0,0.0,0.0,0.0,32.24,0.004,97.0,0.02,8.0,4.0,2.0,0.0002
2026-10-02 08:04:42+00:00,M02,OVERLOAD,0.0,0.0,0.0,1134.0,104.17,51.64,0.445,72.0,0.65,8.0,4.0,2.0,0.00688
2026-10-02 08:04:42+00:00,M04,RUNNING,0.0,0.0,0.0,2795.2,18.89,45.05,0.15,97.0,0.02,8.0,4.0,2.0,0.00307
2026-10-02 08:04:42+00:00,M01,SLEEP,0.0,0.0,0.0,0.0,0.0,32.21,0.004,97.0,0.02,8.0,4.0,2.0,0.0002
2026-10-02 08:04:42+00:00,M03,DEGRADED,0.0,0.0,0.0,1396.0,71.22,56.77,0.696,63.7,0.69,8.0,4.0,2.0,0.00578
2026-10-02 08:04:44+00:00,M04,RUNNING,0.0,0.0,0.0,2797.7,19.06,45.03,0.157,96.9,0.02,8.0,4.0,2.0,0.0031
2026-10-02 08:04:44+00:00,M03,DEGRADED,0.0,0.0,0.0,1406.3,72.94,56.86,0.704,63.5,0.7,8.0,4.0,2.0,0.00597
2026-10-02 08:04:44+00:00,M01,SLEEP,0.0,0.0,0.0,0.0,0.0,32.16,0.006,97.0,0.02,8.0,4.0,2.0,0.00019
2026-10-02 08:04:44+00:00,M02,OVERLOAD,0.0,0.0,0.0,1130.4,102.62,51.8,0.439,71.7,0.65,8.0,4.0,2.0,0.00674
2026-10-02 08:04:46+00:00,M04,RUNNING,0.0,0.0,0.0,2796.0,19.16,45.04,0.153,96.9,0.02,8.0,4.0,2.0,0.00312
2026-10-02 08:04:46+00:00,M01,SLEEP,0.0,0.0,0.0,0.0,0.0,32.1,0.007,97.0,0.02,8.0,4.0,2.0,0.00018
2026-10-02 08:04:46+00:00,M02,OVERLOAD,0.0,0.0,0.0,1133.8,98.87,52.03,0.458,71.1,0.66,8.0,4.0,2.0,0.00652
2026-10-02 08:04:46+00:00,M03,DEGRADED,0.0,0.0,0.0,1413.1,72.16,56.94,0.695,63.3,0.7,8.0,4.0,2.0,0.00593
2026-10-02 08:04:48+00:00,M01,SLEEP,0.0,0.0,0.0,0.0,0.0,31.99,0.004,97.0,0.02,8.0,4.0,2.0,0.00019
2026-10-02 08:04:48+00:00,M02,OVERLOAD,1.0,1800.0,1800.0,1127.1,100.86,52.17,0.451,70.7,0.67,8.0,4.0,2.0,0.00662
2026-10-02 08:04:48+00:00,M04,RUNNING,0.0,0.0,0.0,2799.6,18.92,45.06,0.161,96.9,0.02,8.0,4.0,2.0,0.00308
2026-10-02 08:04:48+00:00,M03,DEGRADED,0.0,0.0,0.0,1399.2,72.16,57.03,0.723,63.0,0.7,8.0,4.0,2.0,0.00587
2026-10-02 08:04:50+00:00,M04,RUNNING,0.0,0.0,0.0,2802.3,19.21,45.11,0.145,96.9,0.02,8.0,4.0,2.0,0.00313
2026-10-02 08:04:50+00:00,M03,DEGRADED,0.0,0.0,0.0,1398.3,73.57,57.12,0.712,62.7,0.7,8.0,4.0,2.0,0.00599
2026-10-02 08:04:50+00:00,M01,SLEEP,0.0,0.0,0.0,0.0,0.0,31.97,0.004,97.0,0.02,8.0,4.0,2.0,0.0002
2026-10-02 08:04:50+00:00,M02,OVERLOAD,0.0,0.0,0.0,1143.5,99.89,52.4,0.461,70.2,0.68,8.0,4.0,2.0,0.00664
2026-10-02 08:04:52+00:00,M01,SLEEP,0.0,0.0,0.0,0.0,0.0,31.93,0.005,97.0,0.02,8.0,4.0,2.0,0.00019
2026-10-02 08:04:52+00:00,M02,OVERLOAD,0.0,0.0,0.0,1134.7,98.67,52.58,0.458,69.7,0.69,8.0,4.0,2.0,0.00652
2026-10-02 08:04:52+00:00,M04,RUNNING,0.0,0.0,0.0,2796.0,19.83,45.08,0.135,96.9,0.02,8.0,4.0,2.0,0.00323
2026-10-02 08:04:52+00:00,M03,DEGRADED,0.0,0.0,0.0,1401.5,71.79,57.18,0.724,62.4,0.7,8.0,4.0,2.0,0.00585
2026-10-02 08:04:54+00:00,M03,DEGRADED,0.0,0.0,0.0,1407.6,71.03,57.28,0.71,62.3,0.71,8.0,4.0,2.0,0.00582
2026-10-02 08:04:54+00:00,M02,OVERLOAD,0.0,0.0,0.0,1150.0,102.77,52.81,0.455,69.3,0.71,8.0,4.0,2.0,0.00687
2026-10-02 08:04:54+00:00,M01,SLEEP,0.0,0.0,0.0,0.0,0.0,31.87,0.006,97.0,0.02,8.0,4.0,2.0,0.00018
2026-10-02 08:04:54+00:00,M04,RUNNING,0.0,0.0,0.0,2802.6,18.72,45.13,0.147,96.9,0.02,8.0,4.0,2.0,0.00305
2026-10-02 08:04:56+00:00,M02,OVERLOAD,0.0,0.0,0.0,1133.8,99.22,53.02,0.448,68.9,0.73,8.0,4.0,2.0,0.00655
2026-10-02 08:04:56+00:00,M03,DEGRADED,0.0,0.0,0.0,1403.8,72.78,57.38,0.717,62.1,0.72,8.0,4.0,2.0,0.00594
2026-10-02 08:04:56+00:00,M04,RUNNING,0.0,0.0,0.0,2797.6,18.5,45.09,0.141,96.9,0.02,8.0,4.0,2.0,0.00301
2026-10-02 08:04:56+00:00,M01,SLEEP,0.0,0.0,0.0,0.0,0.0,31.79,0.007,97.0,0.02,8.0,4.0,2.0,0.0002
2026-10-02 08:04:58+00:00,M03,DEGRADED,0.0,0.0,0.0,1392.6,73.64,57.51,0.708,61.9,0.73,8.0,4.0,2.0,0.00597
2026-10-02 08:04:58+00:00,M02,OVERLOAD,0.0,0.0,0.0,1126.3,103.11,53.2,0.433,68.6,0.73,8.0,4.0,2.0,0.00675
2026-10-02 08:04:58+00:00,M04,RUNNING,0.0,0.0,0.0,2803.6,18.42,45.04,0.152,96.9,0.02,8.0,4.0,2.0,0.003
2026-10-02 08:04:58+00:00,M01,SLEEP,0.0,0.0,0.0,0.0,0.0,31.75,0.004,97.0,0.02,8.0,4.0,2.0,0.0002
2026-10-02 08:05:00+00:00,M03,DEGRADED,0.0,0.0,0.0,1403.7,70.63,57.62,0.708,61.8,0.74,8.0,4.0,2.0,0.00576
2026-10-02 08:05:00+00:00,M02,OVERLOAD,0.0,0.0,0.0,1143.2,103.67,53.36,0.451,68.1,0.74,8.0,4.0,2.0,0.0069
2026-10-02 08:05:00+00:00,M04,RUNNING,0.0,0.0,0.0,2798.5,19.54,45.06,0.162,96.9,0.02,8.0,4.0,2.0,0.00318
2026-10-02 08:05:00+00:00,M01,SLEEP,0.0,0.0,0.0,0.0,0.0,31.72,0.006,97.0,0.02,8.0,4.0,2.0,0.0002
2026-10-02 08:05:02+00:00,M04,RUNNING,0.0,0.0,0.0,2797.1,18.79,45.05,0.164,96.8,0.02,8.0,4.0,2.0,0.00306
2026-10-02 08:05:02+00:00,M03,RUNNING,0.0,0.0,0.0,1495.2,57.98,57.67,0.336,64.9,0.69,8.0,4.0,2.0,0.00505
2026-10-02 08:05:02+00:00,M02,RUNNING,0.0,0.0,0.0,1197.7,60.51,53.34,0.237,72.9,0.59,8.0,4.0,2.0,0.00421
2026-10-02 08:05:02+00:00,M01,SLEEP,0.0,0.0,0.0,0.0,0.0,31.68,0.005,97.0,0.02,8.0,4.0,2.0,0.00019
2026-10-02 08:05:04+00:00,M03,RUNNING,0.0,0.0,0.0,1504.5,58.54,57.73,0.269,67.9,0.61,8.0,4.0,2.0,0.00512
2026-10-02 08:05:04+00:00,M04,RUNNING,0.0,0.0,0.0,2795.0,18.79,45.06,0.151,96.8,0.02,8.0,4.0,2.0,0.00306
2026-10-02 08:05:04+00:00,M01,SLEEP,0.0,0.0,0.0,0.0,0.0,31.67,0.004,97.0,0.02,8.0,4.0,2.0,0.00019
2026-10-02 08:05:04+00:00,M02,RUNNING,0.0,0.0,0.0,1203.4,59.65,53.33,0.194,76.9,0.47,8.0,4.0,2.0,0.00418
2026-10-02 08:05:06+00:00,M01,SLEEP,0.0,0.0,0.0,0.0,0.0,31.61,0.004,97.0,0.02,8.0,4.0,2.0,0.0002
2026-10-02 08:05:06+00:00,M02,RUNNING,0.0,0.0,0.0,1199.7,57.27,53.3,0.186,80.2,0.37,8.0,4.0,2.0,0.00399
2026-10-02 08:05:06+00:00,M03,RUNNING,0.0,0.0,0.0,1499.8,58.44,57.73,0.241,70.7,0.55,8.0,4.0,2.0,0.0051
2026-10-02 08:05:06+00:00,M04,RUNNING,0.0,0.0,0.0,2803.3,19.81,45.03,0.159,96.8,0.02,8.0,4.0,2.0,0.00323
2026-10-02 08:05:08+00:00,M02,RUNNING,0.0,0.0,0.0,1201.5,58.69,53.29,0.17,83.1,0.3,8.0,4.0,2.0,0.00411
2026-10-02 08:05:08+00:00,M01,SLEEP,0.0,0.0,0.0,0.0,0.0,31.56,0.005,97.0,0.02,8.0,4.0,2.0,0.0002
2026-10-02 08:05:08+00:00,M04,RUNNING,0.0,0.0,0.0,2804.7,18.4,45.05,0.154,96.8,0.02,8.0,4.0,2.0,0.003
2026-10-02 08:05:08+00:00,M03,RUNNING,0.0,0.0,0.0,1503.6,57.12,57.78,0.248,73.0,0.51,8.0,4.0,2.0,0.005
2026-10-02 08:05:10+00:00,M01,SLEEP,0.0,0.0,0.0,0.0,0.0,31.51,0.006,97.0,0.02,8.0,4.0,2.0,0.0002
2026-10-02 08:05:10+00:00,M03,RUNNING,1.0,1800.0,1800.0,1500.8,57.64,57.82,0.237,75.2,0.46,8.0,4.0,2.0,0.00503
2026-10-02 08:05:10+00:00,M04,RUNNING,0.0,0.0,0.0,2796.2,19.61,45.09,0.154,96.8,0.02,8.0,4.0,2.0,0.00319
2026-10-02 08:05:10+00:00,M02,RUNNING,0.0,0.0,0.0,1201.7,57.74,53.28,0.156,85.6,0.25,8.0,4.0,2.0,0.00403
2026-10-02 08:05:12+00:00,M01,SLEEP,0.0,0.0,0.0,0.0,0.0,31.49,0.005,97.0,0.02,8.0,4.0,2.0,0.00019
2026-10-02 08:05:12+00:00,M04,RUNNING,0.0,0.0,0.0,2802.4,19.8,45.13,0.153,96.9,0.02,8.0,4.0,2.0,0.00323
2026-10-02 08:05:12+00:00,M03,RUNNING,0.0,0.0,0.0,1497.8,58.23,57.83,0.24,77.0,0.43,8.0,4.0,2.0,0.00507
2026-10-02 08:05:12+00:00,M02,RUNNING,0.0,0.0,0.0,1203.1,57.35,53.22,0.174,87.6,0.21,8.0,4.0,2.0,0.00402
2026-10-02 08:05:14+00:00,M01,SLEEP,0.0,0.0,0.0,0.0,0.0,31.45,0.006,97.0,0.02,8.0,4.0,2.0,0.00021
2026-10-02 08:05:14+00:00,M03,RUNNING,0.0,0.0,0.0,1499.3,58.79,57.81,0.234,78.8,0.39,8.0,4.0,2.0,0.00513
2026-10-02 08:05:14+00:00,M02,RUNNING,0.0,0.0,0.0,1204.1,54.01,53.16,0.158,89.6,0.16,8.0,4.0,2.0,0.00378
2026-10-02 08:05:14+00:00,M04,RUNNING,0.0,0.0,0.0,2795.2,19.37,45.08,0.158,96.8,0.02,8.0,4.0,2.0,0.00315
2026-10-02 08:05:16+00:00,M03,RUNNING,0.0,0.0,0.0,1496.7,56.9,57.76,0.226,80.6,0.35,8.0,4.0,2.0,0.00495
2026-10-02 08:05:16+00:00,M02,RUNNING,0.0,0.0,0.0,1204.3,55.26,53.11,0.169,91.1,0.15,8.0,4.0,2.0,0.00387
2026-10-02 08:05:16+00:00,M01,SLEEP,0.0,0.0,0.0,0.0,0.0,31.38,0.005,97.0,0.02,8.0,4.0,2.0,0.00019
2026-10-02 08:05:16+00:00,M04,RUNNING,0.0,0.0,0.0,2799.2,18.45,45.03,0.161,96.8,0.02,8.0,4.0,2.0,0.003
2026-10-02 08:05:18+00:00,M02,RUNNING,0.0,0.0,0.0,1198.9,53.68,53.0,0.163,92.3,0.13,8.0,4.0,2.0,0.00375
2026-10-02 08:05:18+00:00,M04,RUNNING,0.0,0.0,0.0,2795.4,19.17,45.05,0.15,96.8,0.02,8.0,4.0,2.0,0.00312
2026-10-02 08:05:18+00:00,M01,SLEEP,0.0,0.0,0.0,0.0,0.0,31.36,0.005,97.0,0.02,8.0,4.0,2.0,0.0002
2026-10-02 08:05:18+00:00,M03,RUNNING,0.0,0.0,0.0,1504.8,56.59,57.71,0.209,82.3,0.3,8.0,4.0,2.0,0.00496
2026-10-02 08:05:20+00:00,M03,RUNNING,0.0,0.0,0.0,1502.5,56.49,57.71,0.217,83.9,0.29,8.0,4.0,2.0,0.00493
2026-10-02 08:05:20+00:00,M02,RUNNING,0.0,0.0,0.0,1196.5,55.71,52.88,0.17,93.0,0.12,8.0,4.0,2.0,0.00387
2026-10-02 08:05:20+00:00,M01,SLEEP,0.0,0.0,0.0,0.0,0.0,31.26,0.005,97.0,0.02,8.0,4.0,2.0,0.00019
2026-10-02 08:05:20+00:00,M04,RUNNING,1.0,1800.0,1800.0,2799.2,18.49,45.02,0.139,96.9,0.02,8.0,4.0,2.0,0.00301
2026-10-02 08:05:22+00:00,M02,RUNNING,1.0,1800.0,1800.0,1203.0,53.49,52.76,0.167,93.6,0.12,8.0,4.0,2.0,0.00375
2026-10-02 08:05:22+00:00,M03,RUNNING,0.0,0.0,0.0,1502.9,54.39,57.68,0.23,85.4,0.27,8.0,4.0,2.0,0.00476
2026-10-02 08:05:22+00:00,M04,RUNNING,0.0,0.0,0.0,2801.0,19.62,45.02,0.144,96.9,0.02,8.0,4.0,2.0,0.00319
2026-10-02 08:05:22+00:00,M01,SLEEP,0.0,0.0,0.0,0.0,0.0,31.25,0.006,97.0,0.02,8.0,4.0,2.0,0.00019
2026-10-02 08:05:24+00:00,M02,RUNNING,0.0,0.0,0.0,1196.4,56.83,52.73,0.161,94.0,0.11,8.0,4.0,2.0,0.00395
2026-10-02 08:05:24+00:00,M01,SLEEP,0.0,0.0,0.0,0.0,0.0,31.17,0.007,97.0,0.02,8.0,4.0,2.0,0.00019
2026-10-02 08:05:24+00:00,M04,RUNNING,0.0,0.0,0.0,2803.7,19.22,45.06,0.136,96.9,0.02,8.0,4.0,2.0,0.00314
2026-10-02 08:05:24+00:00,M03,RUNNING,0.0,0.0,0.0,1502.2,53.34,57.63,0.23,86.8,0.24,8.0,4.0,2.0,0.00466
2026-10-02 08:05:26+00:00,M02,RUNNING,0.0,0.0,0.0,1200.6,56.58,52.64,0.155,94.4,0.11,8.0,4.0,2.0,0.00395
2026-10-02 08:05:26+00:00,M01,SLEEP,0.0,0.0,0.0,0.0,0.0,31.09,0.005,97.0,0.02,8.0,4.0,2.0,0.0002
2026-10-02 08:05:26+00:00,M04,RUNNING,0.0,0.0,0.0,2802.2,19.37,45.02,0.138,97.0,0.02,8.0,4.0,2.0,0.00316
2026-10-02 08:05:26+00:00,M03,RUNNING,0.0,0.0,0.0,1497.1,52.36,57.6,0.216,88.3,0.21,8.0,4.0,2.0,0.00456
2026-10-02 08:05:28+00:00,M03,RUNNING,0.0,0.0,0.0,1504.6,55.16,57.49,0.208,89.9,0.18,8.0,4.0,2.0,0.00483
2026-10-02 08:05:28+00:00,M04,RUNNING,0.0,0.0,0.0,2796.4,18.5,45.05,0.144,97.0,0.02,8.0,4.0,2.0,0.003
2026-10-02 08:05:28+00:00,M01,SLEEP,0.0,0.0,0.0,0.0,0.0,31.02,0.005,97.0,0.02,8.0,4.0,2.0,0.0002
2026-10-02 08:05:28+00:00,M02,RUNNING,0.0,0.0,0.0,1195.6,55.37,52.56,0.171,94.5,0.11,8.0,4.0,2.0,0.00386
2026-10-02 08:05:30+00:00,M04,RUNNING,0.0,0.0,0.0,2800.0,19.52,45.09,0.14,97.0,0.02,8.0,4.0,2.0,0.00318
2026-10-02 08:05:30+00:00,M02,RUNNING,0.0,0.0,0.0,1204.4,54.02,52.46,0.171,94.7,0.11,8.0,4.0,2.0,0.00378
2026-10-02 08:05:30+00:00,M01,SLEEP,0.0,0.0,0.0,0.0,0.0,30.95,0.004,97.0,0.02,8.0,4.0,2.0,0.0002
2026-10-02 08:05:30+00:00,M03,RUNNING,0.0,0.0,0.0,1496.5,54.13,57.43,0.202,91.4,0.15,8.0,4.0,2.0,0.00471
2026-10-02 08:05:32+00:00,M01,SLEEP,0.0,0.0,0.0,0.0,0.0,30.91,0.006,97.0,0.02,8.0,4.0,2.0,0.00021
2026-10-02 08:05:32+00:00,M03,RUNNING,0.0,0.0,0.0,1497.3,52.35,57.34,0.211,92.3,0.15,8.0,4.0,2.0,0.00456
2026-10-02 08:05:32+00:00,M02,RUNNING,0.0,0.0,0.0,1204.9,55.46,52.38,0.162,94.8,0.1,8.0,4.0,2.0,0.00389
2026-10-02 08:05:32+00:00,M04,RUNNING,0.0,0.0,0.0,2796.5,18.57,45.05,0.144,97.0,0.02,8.0,4.0,2.0,0.00302
2026-10-02 08:05:34+00:00,M03,RUNNING,0.0,0.0,0.0,1500.2,53.23,57.21,0.191,93.1,0.12,8.0,4.0,2.0,0.00465
2026-10-02 08:05:34+00:00,M01,SLEEP,0.0,0.0,0.0,0.0,0.0,30.89,0.006,97.0,0.02,8.0,4.0,2.0,0.00019
2026-10-02 08:05:34+00:00,M04,RUNNING,0.0,0.0,0.0,2797.8,19.68,45.07,0.159,96.9,0.02,8.0,4.0,2.0,0.00321
2026-10-02 08:05:34+00:00,M02,RUNNING,0.0,0.0,0.0,1200.9,56.31,52.26,0.156,95.0,0.1,8.0,4.0,2.0,0.00393
2026-10-02 08:05:36+00:00,M02,RUNNING,0.0,0.0,0.0,1201.2,55.77,52.24,0.158,95.1,0.09,8.0,4.0,2.0,0.0039
2026-10-02 08:05:36+00:00,M01,SLEEP,0.0,0.0,0.0,0.0,0.0,30.82,0.005,97.0,0.02,8.0,4.0,2.0,0.00021
2026-10-02 08:05:36+00:00,M04,RUNNING,0.0,0.0,0.0,2803.5,19.45,45.03,0.164,96.8,0.02,8.0,4.0,2.0,0.00317
2026-10-02 08:05:36+00:00,M03,RUNNING,0.0,0.0,0.0,1496.9,53.06,57.12,0.193,93.7,0.12,8.0,4.0,2.0,0.00462
2026-10-02 08:05:38+00:00,M03,RUNNING,1.0,1800.0,1800.0,1496.7,54.13,57.05,0.192,94.1,0.11,8.0,4.0,2.0,0.00471
2026-10-02 08:05:38+00:00,M02,RUNNING,0.0,0.0,0.0,1198.1,56.9,52.15,0.159,95.1,0.09,8.0,4.0,2.0,0.00396
2026-10-02 08:05:38+00:00,M01,SLEEP,0.0,0.0,0.0,0.0,0.0,30.83,0.005,97.0,0.02,8.0,4.0,2.0,0.00019
2026-10-02 08:05:38+00:00,M04,RUNNING,0.0,0.0,0.0,2800.9,18.72,44.99,0.151,96.9,0.02,8.0,4.0,2.0,0.00305
2026-10-02 08:05:40+00:00,M03,RUNNING,0.0,0.0,0.0,1500.9,52.74,56.98,0.192,94.3,0.1,8.0,4.0,2.0,0.00461
2026-10-02 08:05:40+00:00,M01,SLEEP,0.0,0.0,0.0,0.0,0.0,30.77,0.006,97.0,0.02,8.0,4.0,2.0,0.00019
2026-10-02 08:05:40+00:00,M02,RUNNING,0.0,0.0,0.0,1200.9,54.94,52.07,0.149,95.2,0.09,8.0,4.0,2.0,0.00384
2026-10-02 08:05:40+00:00,M04,RUNNING,0.0,0.0,0.0,2797.2,19.86,45.01,0.148,96.9,0.02,8.0,4.0,2.0,0.00323
2026-10-02 08:05:42+00:00,M01,SLEEP,0.0,0.0,0.0,0.0,0.0,30.76,0.005,97.0,0.02,8.0,4.0,2.0,0.0002
2026-10-02 08:05:42+00:00,M02,RUNNING,0.0,0.0,0.0,1204.5,55.98,52.02,0.159,95.3,0.09,8.0,4.0,2.0,0.00392
2026-10-02 08:05:42+00:00,M04,RUNNING,0.0,0.0,0.0,2797.4,19.52,45.02,0.14,96.9,0.02,8.0,4.0,2.0,0.00318
2026-10-02 08:05:42+00:00,M03,RUNNING,0.0,0.0,0.0,1503.3,52.05,56.91,0.197,94.6,0.11,8.0,4.0,2.0,0.00455
2026-10-02 08:05:44+00:00,M01,SLEEP,0.0,0.0,0.0,0.0,0.0,30.77,0.005,97.0,0.02,8.0,4.0,2.0,0.0002
2026-10-02 08:05:44+00:00,M04,RUNNING,0.0,0.0,0.0,2801.7,18.55,44.99,0.133,97.0,0.02,8.0,4.0,2.0,0.00302
2026-10-02 08:05:44+00:00,M03,RUNNING,0.0,0.0,0.0,1498.6,55.25,56.81,0.214,94.6,0.11,8.0,4.0,2.0,0.00481
2026-10-02 08:05:44+00:00,M02,RUNNING,0.0,0.0,0.0,1200.2,55.83,51.91,0.174,95.2,0.09,8.0,4.0,2.0,0.0039
2026-10-02 08:05:46+00:00,M01,SLEEP,0.0,0.0,0.0,0.0,0.0,30.75,0.006,97.0,0.02,8.0,4.0,2.0,0.00019
2026-10-02 08:05:46+00:00,M04,RUNNING,0.0,0.0,0.0,2798.0,18.91,45.02,0.144,97.0,0.02,8.0,4.0,2.0,0.00308
2026-10-02 08:05:46+00:00,M03,RUNNING,0.0,0.0,0.0,1502.7,51.43,56.74,0.203,94.7,0.1,8.0,4.0,2.0,0.0045
2026-10-02 08:05:46+00:00,M02,RUNNING,0.0,0.0,0.0,1199.7,54.21,51.82,0.17,95.2,0.1,8.0,4.0,2.0,0.00379
2026-10-02 08:05:48+00:00,M03,RUNNING,0.0,0.0,0.0,1500.1,53.76,56.68,0.19,94.9,0.1,8.0,4.0,2.0,0.00469
2026-10-02 08:05:48+00:00,M01,SLEEP,0.0,0.0,0.0,0.0,0.0,30.72,0.005,97.0,0.02,8.0,4.0,2.0,0.00019
2026-10-02 08:05:48+00:00,M04,RUNNING,0.0,0.0,0.0,2800.2,18.78,44.99,0.145,97.0,0.02,8.0,4.0,2.0,0.00306
2026-10-02 08:05:48+00:00,M02,RUNNING,0.0,0.0,0.0,1204.1,54.79,51.73,0.175,95.2,0.09,8.0,4.0,2.0,0.00383
2026-10-02 08:05:50+00:00,M03,RUNNING,0.0,0.0,0.0,1498.7,54.62,56.63,0.198,94.9,0.1,8.0,4.0,2.0,0.00476
2026-10-02 08:05:50+00:00,M02,RUNNING,0.0,0.0,0.0,1203.2,53.94,51.65,0.16,95.3,0.08,8.0,4.0,2.0,0.00378
2026-10-02 08:05:50+00:00,M01,SLEEP,0.0,0.0,0.0,0.0,0.0,30.67,0.006,97.0,0.02,8.0,4.0,2.0,0.00019
2026-10-02 08:05:50+00:00,M04,RUNNING,0.0,0.0,0.0,2796.4,19.86,44.97,0.148,97.0,0.02,8.0,4.0,2.0,0.00323
2026-10-02 08:05:52+00:00,M01,SLEEP,0.0,0.0,0.0,0.0,0.0,30.64,0.005,97.0,0.02,8.0,4.0,2.0,0.00019
2026-10-02 08:05:52+00:00,M04,RUNNING,0.0,0.0,0.0,2803.8,19.76,44.93,0.157,96.9,0.02,8.0,4.0,2.0,0.00322
2026-10-02 08:05:52+00:00,M02,RUNNING,0.0,0.0,0.0,1199.4,55.03,51.59,0.152,95.4,0.09,8.0,4.0,2.0,0.00384
2026-10-02 08:05:52+00:00,M03,RUNNING,0.0,0.0,0.0,1502.3,54.55,56.57,0.2,95.0,0.09,8.0,4.0,2.0,0.00477
2026-10-02 08:05:54+00:00,M02,RUNNING,0.0,0.0,0.0,1197.4,55.54,51.53,0.153,95.4,0.08,8.0,4.0,2.0,0.00387
2026-10-02 08:05:54+00:00,M04,RUNNING,0.0,0.0,0.0,2804.0,19.23,44.9,0.164,96.8,0.03,8.0,4.0,2.0,0.00314
2026-10-02 08:05:54+00:00,M01,SLEEP,0.0,0.0,0.0,0.0,0.0,30.64,0.005,97.0,0.02,8.0,4.0,2.0,0.0002
2026-10-02 08:05:54+00:00,M03,RUNNING,0.0,0.0,0.0,1499.2,53.08,56.53,0.208,95.0,0.09,8.0,4.0,2.0,0.00463
2026-10-02 08:05:56+00:00,M04,RUNNING,0.0,0.0,0.0,2804.6,19.47,44.86,0.163,96.8,0.02,8.0,4.0,2.0,0.00318
2026-10-02 08:05:56+00:00,M01,SLEEP,0.0,0.0,0.0,0.0,0.0,30.57,0.006,97.0,0.02,8.0,4.0,2.0,0.0002
2026-10-02 08:05:56+00:00,M02,RUNNING,0.0,0.0,0.0,1202.1,55.4,51.43,0.156,95.5,0.07,8.0,4.0,2.0,0.00387
2026-10-02 08:05:56+00:00,M03,RUNNING,0.0,0.0,0.0,1504.2,55.03,56.48,0.205,95.0,0.09,8.0,4.0,2.0,0.00481
2026-10-02 08:05:58+00:00,M03,RUNNING,0.0,0.0,0.0,1502.3,54.08,56.39,0.189,95.1,0.09,8.0,4.0,2.0,0.00473
2026-10-02 08:05:58+00:00,M02,RUNNING,1.0,1800.0,1800.0,1204.5,54.0,51.36,0.152,95.5,0.07,8.0,4.0,2.0,0.00379
2026-10-02 08:05:58+00:00,M01,SLEEP,0.0,0.0,0.0,0.0,0.0,30.54,0.005,97.0,0.02,8.0,4.0,2.0,0.00019
2026-10-02 08:05:58+00:00,M04,RUNNING,0.0,0.0,0.0,2799.2,19.2,44.83,0.141,96.9,0.02,8.0,4.0,2.0,0.00312
2026-10-02 08:06:00+00:00,M01,SLEEP,0.0,0.0,0.0,0.0,0.0,30.48,0.006,97.0,0.02,8.0,4.0,2.0,0.00019
2026-10-02 08:06:00+00:00,M02,RUNNING,0.0,0.0,0.0,1197.6,54.66,51.28,0.155,95.6,0.06,8.0,4.0,2.0,0.0038
2026-10-02 08:06:00+00:00,M04,RUNNING,1.0,1800.0,1800.0,2803.2,19.86,44.78,0.154,96.9,0.02,8.0,4.0,2.0,0.00324
2026-10-02 08:06:00+00:00,M03,RUNNING,0.0,0.0,0.0,1496.1,54.8,56.35,0.211,95.1,0.1,8.0,4.0,2.0,0.00477
2026-10-02 08:06:02+00:00,M03,RUNNING,0.0,0.0,0.0,1501.5,52.16,56.27,0.203,95.1,0.09,8.0,4.0,2.0,0.00456
2026-10-02 08:06:02+00:00,M01,RUNNING,1.0,1800.0,1800.0,1451.1,49.62,30.82,0.151,97.0,0.02,8.0,4.0,2.0,0.00419
2026-10-02 08:06:02+00:00,M02,RUNNING,0.0,0.0,0.0,1203.4,53.25,51.22,0.151,95.6,0.07,8.0,4.0,2.0,0.00373
2026-10-02 08:06:02+00:00,M04,RUNNING,0.0,0.0,0.0,2798.6,19.18,44.83,0.143,96.9,0.02,8.0,4.0,2.0,0.00312
2026-10-02 08:06:04+00:00,M03,RUNNING,0.0,0.0,0.0,1497.9,51.42,56.18,0.191,95.2,0.08,8.0,4.0,2.0,0.00448
2026-10-02 08:06:04+00:00,M01,RUNNING,0.0,0.0,0.0,1454.3,49.97,31.15,0.164,97.0,0.02,8.0,4.0,2.0,0.00423
2026-10-02 08:06:04+00:00,M02,RUNNING,0.0,0.0,0.0,1201.9,54.5,51.21,0.153,95.7,0.07,8.0,4.0,2.0,0.00381
2026-10-02 08:06:04+00:00,M04,RUNNING,0.0,0.0,0.0,2802.0,18.83,44.84,0.14,96.9,0.02,8.0,4.0,2.0,0.00307
2026-10-02 08:06:06+00:00,M01,RUNNING,0.0,0.0,0.0,1446.3,48.93,31.49,0.191,96.9,0.02,8.0,4.0,2.0,0.00411
2026-10-02 08:06:06+00:00,M04,RUNNING,0.0,0.0,0.0,2802.3,18.74,44.87,0.163,96.9,0.02,8.0,4.0,2.0,0.00306
2026-10-02 08:06:06+00:00,M02,RUNNING,0.0,0.0,0.0,1199.5,53.83,51.16,0.163,95.7,0.07,8.0,4.0,2.0,0.00376
2026-10-02 08:06:06+00:00,M03,RUNNING,1.0,1800.0,1800.0,1497.0,54.73,56.15,0.185,95.2,0.08,8.0,4.0,2.0,0.00476
2026-10-02 08:06:08+00:00,M02,RUNNING,0.0,0.0,0.0,1200.1,56.83,51.1,0.155,95.7,0.06,8.0,4.0,2.0,0.00397
2026-10-02 08:06:08+00:00,M04,RUNNING,0.0,0.0,0.0,2798.1,18.41,44.84,0.158,96.8,0.02,8.0,4.0,2.0,0.00299
2026-10-02 08:06:08+00:00,M03,RUNNING,0.0,0.0,0.0,1497.9,51.26,56.1,0.197,95.3,0.07,8.0,4.0,2.0,0.00447
2026-10-02 08:06:08+00:00,M01,RUNNING,0.0,0.0,0.0,1450.9,51.3,31.83,0.197,96.8,0.02,8.0,4.0,2.0,0.00433
2026-10-02 08:06:10+00:00,M01,RUNNING,0.0,0.0,0.0,1452.1,50.52,32.09,0.181,96.9,0.02,8.0,4.0,2.0,0.00427
2026-10-02 08:06:10+00:00,M02,RUNNING,0.0,0.0,0.0,1203.7,55.12,51.04,0.168,95.7,0.07,8.0,4.0,2.0,0.00386
2026-10-02 08:06:10+00:00,M03,RUNNING,0.0,0.0,0.0,1498.5,51.49,56.08,0.187,95.3,0.07,8.0,4.0,2.0,0.00449
2026-10-02 08:06:10+00:00,M04,RUNNING,0.0,0.0,0.0,2804.1,18.79,44.88,0.147,96.9,0.02,8.0,4.0,2.0,0.00307
2026-10-02 08:06:12+00:00,M04,RUNNING,0.0,0.0,0.0,2796.2,19.83,44.89,0.145,96.9,0.02,8.0,4.0,2.0,0.00323
2026-10-02 08:06:12+00:00,M01,RUNNING,0.0,0.0,0.0,1448.3,49.29,32.44,0.19,96.8,0.02,8.0,4.0,2.0,0.00415
2026-10-02 08:06:12+00:00,M02,RUNNING,0.0,0.0,0.0,1198.5,53.11,51.02,0.17,95.6,0.07,8.0,4.0,2.0,0.0037
2026-10-02 08:06:12+00:00,M03,RUNNING,0.0,0.0,0.0,1501.8,52.19,56.04,0.189,95.3,0.07,8.0,4.0,2.0,0.00456
2026-10-02 08:06:14+00:00,M03,RUNNING,0.0,0.0,0.0,1497.5,54.28,55.98,0.204,95.3,0.08,8.0,4.0,2.0,0.00473
2026-10-02 08:06:14+00:00,M01,RUNNING,0.0,0.0,0.0,1453.3,52.2,32.75,0.172,96.9,0.02,8.0,4.0,2.0,0.00442
2026-10-02 08:06:14+00:00,M02,RUNNING,0.0,0.0,0.0,1196.7,53.4,50.98,0.149,95.7,0.07,8.0,4.0,2.0,0.00372
2026-10-02 08:06:14+00:00,M04,RUNNING,0.0,0.0,0.0,2796.0,18.59,44.92,0.135,96.9,0.02,8.0,4.0,2.0,0.00302
2026-10-02 08:06:16+00:00,M04,RUNNING,0.0,0.0,0.0,2797.5,19.78,44.9,0.157,96.9,0.02,8.0,4.0,2.0,0.00322
2026-10-02 08:06:16+00:00,M01,RUNNING,0.0,0.0,0.0,1450.5,50.57,32.99,0.185,96.9,0.02,8.0,4.0,2.0,0.00426
2026-10-02 08:06:16+00:00,M02,RUNNING,0.0,0.0,0.0,1196.6,56.58,50.94,0.162,95.7,0.07,8.0,4.0,2.0,0.00393
2026-10-02 08:06:16+00:00,M03,RUNNING,0.0,0.0,0.0,1500.4,54.16,55.9,0.192,95.4,0.08,8.0,4.0,2.0,0.00472
2026-10-02 08:06:18+00:00,M03,RUNNING,0.0,0.0,0.0,1503.7,51.28,55.81,0.208,95.3,0.07,8.0,4.0,2.0,0.00449
2026-10-02 08:06:18+00:00,M02,RUNNING,0.0,0.0,0.0,1196.5,53.7,50.86,0.146,95.8,0.07,8.0,4.0,2.0,0.00374
2026-10-02 08:06:18+00:00,M01,RUNNING,0.0,0.0,0.0,1445.5,49.31,33.28,0.188,96.9,0.02,8.0,4.0,2.0,0.00415
2026-10-02 08:06:18+00:00,M04,RUNNING,0.0,0.0,0.0,2796.0,19.57,44.91,0.163,96.8,0.02,8.0,4.0,2.0,0.00318
2026-10-02 08:06:20+00:00,M01,RUNNING,0.0,0.0,0.0,1449.2,49.05,33.59,0.193,96.8,0.03,8.0,4.0,2.0,0.00414
2026-10-02 08:06:20+00:00,M03,RUNNING,0.0,0.0,0.0,1504.3,51.46,55.76,0.199,95.4,0.07,8.0,4.0,2.0,0.0045
2026-10-02 08:06:20+00:00,M02,RUNNING,0.0,0.0,0.0,1201.8,54.92,50.85,0.164,95.8,0.06,8.0,4.0,2.0,0.00384
2026-10-02 08:06:20+00:00,M04,RUNNING,0.0,0.0,0.0,2802.2,19.18,44.92,0.144,96.9,0.02,8.0,4.0,2.0,0.00313
2026-10-02 08:06:22+00:00,M04,RUNNING,0.0,0.0,0.0,2799.8,19.23,44.88,0.154,96.9,0.02,8.0,4.0,2.0,0.00313
2026-10-02 08:06:22+00:00,M03,RUNNING,0.0,0.0,0.0,1498.2,52.17,55.7,0.194,95.4,0.08,8.0,4.0,2.0,0.00455
2026-10-02 08:06:22+00:00,M01,RUNNING,0.0,0.0,0.0,1451.8,50.17,33.85,0.186,96.8,0.02,8.0,4.0,2.0,0.00423
2026-10-02 08:06:22+00:00,M02,RUNNING,0.0,0.0,0.0,1196.8,53.68,50.77,0.159,95.8,0.05,8.0,4.0,2.0,0.00374
2026-10-02 08:06:24+00:00,M04,RUNNING,0.0,0.0,0.0,2801.9,19.13,44.88,0.144,96.9,0.02,8.0,4.0,2.0,0.00312
2026-10-02 08:06:24+00:00,M03,RUNNING,0.0,0.0,0.0,1503.9,51.12,55.64,0.208,95.4,0.08,8.0,4.0,2.0,0.00447
2026-10-02 08:06:24+00:00,M01,RUNNING,0.0,0.0,0.0,1448.5,48.68,34.1,0.179,96.9,0.02,8.0,4.0,2.0,0.0041
2026-10-02 08:06:24+00:00,M02,RUNNING,0.0,0.0,0.0,1200.8,55.23,50.68,0.15,95.8,0.05,8.0,4.0,2.0,0.00386
2026-10-02 08:06:26+00:00,M04,RUNNING,0.0,0.0,0.0,2804.9,19.44,44.89,0.161,96.9,0.02,8.0,4.0,2.0,0.00317
2026-10-02 08:06:26+00:00,M03,RUNNING,0.0,0.0,0.0,1496.9,53.65,55.61,0.214,95.3,0.08,8.0,4.0,2.0,0.00467
2026-10-02 08:06:26+00:00,M01,RUNNING,0.0,0.0,0.0,1452.8,51.12,34.38,0.177,96.9,0.02,8.0,4.0,2.0,0.00433
2026-10-02 08:06:26+00:00,M02,RUNNING,0.0,0.0,0.0,1196.3,55.99,50.59,0.149,95.9,0.05,8.0,4.0,2.0,0.00389
2026-10-02 08:06:28+00:00,M01,RUNNING,0.0,0.0,0.0,1450.5,51.82,34.67,0.189,96.9,0.02,8.0,4.0,2.0,0.00437
2026-10-02 08:06:28+00:00,M02,RUNNING,0.0,0.0,0.0,1199.2,56.43,50.57,0.147,95.9,0.06,8.0,4.0,2.0,0.00394
2026-10-02 08:06:28+00:00,M03,RUNNING,0.0,0.0,0.0,1501.6,55.27,55.53,0.213,95.3,0.09,8.0,4.0,2.0,0.00483
2026-10-02 08:06:28+00:00,M04,RUNNING,0.0,0.0,0.0,2795.9,18.81,44.85,0.143,96.9,0.02,8.0,4.0,2.0,0.00306
2026-10-02 08:06:30+00:00,M03,RUNNING,0.0,0.0,0.0,1504.6,54.96,55.45,0.211,95.3,0.09,8.0,4.0,2.0,0.00481
2026-10-02 08:06:30+00:00,M04,RUNNING,0.0,0.0,0.0,2795.2,19.71,44.81,0.157,96.9,0.02,8.0,4.0,2.0,0.0032
2026-10-02 08:06:30+00:00,M01,RUNNING,0.0,0.0,0.0,1452.7,49.33,34.96,0.196,96.8,0.03,8.0,4.0,2.0,0.00417
2026-10-02 08:06:30+00:00,M02,RUNNING,0.0,0.0,0.0,1199.8,53.72,50.49,0.163,95.9,0.06,8.0,4.0,2.0,0.00375
2026-10-02 08:06:32+00:00,M01,RUNNING,1.0,1800.0,1800.0,1448.2,48.93,35.19,0.182,96.8,0.03,8.0,4.0,2.0,0.00412
2026-10-02 08:06:32+00:00,M02,RUNNING,0.0,0.0,0.0,1200.0,56.5,50.47,0.172,95.9,0.06,8.0,4.0,2.0,0.00394
2026-10-02 08:06:32+00:00,M04,RUNNING,0.0,0.0,0.0,2796.4,18.52,44.84,0.157,96.9,0.02,8.0,4.0,2.0,0.00302
2026-10-02 08:06:32+00:00,M03,RUNNING,0.0,0.0,0.0,1500.8,51.57,55.37,0.195,95.4,0.08,8.0,4.0,2.0,0.00451
2026-10-02 08:06:34+00:00,M03,RUNNING,1.0,1800.0,1800.0,1498.4,53.85,55.3,0.197,95.5,0.07,8.0,4.0,2.0,0.00469
2026-10-02 08:06:34+00:00,M04,RUNNING,0.0,0.0,0.0,2803.2,19.51,44.85,0.165,96.8,0.02,8.0,4.0,2.0,0.00318
2026-10-02 08:06:34+00:00,M02,RUNNING,1.0,1800.0,1800.0,1203.8,55.96,50.4,0.161,95.9,0.06,8.0,4.0,2.0,0.00392
2026-10-02 08:06:34+00:00,M01,RUNNING,0.0,0.0,0.0,1445.5,51.1,35.49,0.181,96.9,0.02,8.0,4.0,2.0,0.0043
2026-10-02 08:06:36+00:00,M02,RUNNING,0.0,0.0,0.0,1197.2,54.96,50.38,0.162,95.9,0.06,8.0,4.0,2.0,0.00383
2026-10-02 08:06:36+00:00,M01,RUNNING,0.0,0.0,0.0,1452.2,49.95,35.76,0.191,96.8,0.02,8.0,4.0,2.0,0.00422
2026-10-02 08:06:36+00:00,M03,RUNNING,0.0,0.0,0.0,1498.3,51.9,55.23,0.21,95.5,0.07,8.0,4.0,2.0,0.00452
2026-10-02 08:06:36+00:00,M04,RUNNING,0.0,0.0,0.0,2804.9,18.91,44.81,0.146,96.9,0.02,8.0,4.0,2.0,0.00308
2026-10-02 08:06:38+00:00,M03,RUNNING,0.0,0.0,0.0,1498.5,51.51,55.15,0.21,95.5,0.07,8.0,4.0,2.0,0.00449
2026-10-02 08:06:38+00:00,M02,RUNNING,0.0,0.0,0.0,1200.5,55.0,50.38,0.147,96.0,0.06,8.0,4.0,2.0,0.00384
2026-10-02 08:06:38+00:00,M01,RUNNING,0.0,0.0,0.0,1452.5,51.55,36.01,0.184,96.9,0.02,8.0,4.0,2.0,0.00435
2026-10-02 08:06:38+00:00,M04,RUNNING,0.0,0.0,0.0,2801.5,18.46,44.84,0.141,96.9,0.02,8.0,4.0,2.0,0.00301
2026-10-02 08:06:40+00:00,M01,RUNNING,0.0,0.0,0.0,1449.1,48.93,36.29,0.178,96.9,0.02,8.0,4.0,2.0,0.00413
2026-10-02 08:06:40+00:00,M03,RUNNING,0.0,0.0,0.0,1504.4,54.4,55.05,0.2,95.6,0.06,8.0,4.0,2.0,0.00476
2026-10-02 08:06:40+00:00,M02,RUNNING,0.0,0.0,0.0,1200.9,54.19,50.37,0.147,96.0,0.05,8.0,4.0,2.0,0.00379
2026-10-02 08:06:40+00:00,M04,RUNNING,1.0,1800.0,1800.0,2795.9,18.69,44.88,0.136,96.9,0.02,8.0,4.0,2.0,0.00304
2026-10-02 08:06:42+00:00,M04,RUNNING,0.0,0.0,0.0,2798.7,19.65,44.92,0.158,96.9,0.02,8.0,4.0,2.0,0.0032
2026-10-02 08:06:42+00:00,M03,RUNNING,0.0,0.0,0.0,1498.5,55.38,54.98,0.196,95.6,0.06,8.0,4.0,2.0,0.00483
2026-10-02 08:06:42+00:00,M02,RUNNING,0.0,0.0,0.0,1204.9,56.83,50.33,0.145,96.0,0.04,8.0,4.0,2.0,0.00398
2026-10-02 08:06:42+00:00,M01,RUNNING,0.0,0.0,0.0,1445.0,49.57,36.56,0.173,96.9,0.02,8.0,4.0,2.0,0.00416
2026-10-02 08:06:44+00:00,M04,RUNNING,0.0,0.0,0.0,2804.7,18.93,44.89,0.142,96.9,0.02,8.0,4.0,2.0,0.00309
2026-10-02 08:06:44+00:00,M03,RUNNING,0.0,0.0,0.0,1500.1,54.97,54.97,0.206,95.6,0.06,8.0,4.0,2.0,0.0048
2026-10-02 08:06:44+00:00,M02,RUNNING,0.0,0.0,0.0,1203.8,56.45,50.28,0.145,96.0,0.04,8.0,4.0,2.0,0.00395
2026-10-02 08:06:44+00:00,M01,RUNNING,0.0,0.0,0.0,1448.7,50.78,36.83,0.179,96.9,0.02,8.0,4.0,2.0,0.00428
2026-10-02 08:06:46+00:00,M01,RUNNING,0.0,0.0,0.0,1446.3,51.35,37.0,0.17,97.0,0.02,8.0,4.0,2.0,0.00432
2026-10-02 08:06:46+00:00,M02,RUNNING,0.0,0.0,0.0,1195.5,53.4,50.2,0.161,96.1,0.04,8.0,4.0,2.0,0.00372
2026-10-02 08:06:46+00:00,M03,RUNNING,0.0,0.0,0.0,1496.2,53.93,54.88,0.192,95.7,0.06,8.0,4.0,2.0,0.00469
2026-10-02 08:06:46+00:00,M04,RUNNING,0.0,0.0,0.0,2796.4,18.5,44.93,0.151,96.9,0.02,8.0,4.0,2.0,0.00301
2026-10-02 08:06:48+00:00,M04,RUNNING,0.0,0.0,0.0,2800.8,18.42,44.88,0.136,97.0,0.02,8.0,4.0,2.0,0.003
2026-10-02 08:06:48+00:00,M03,RUNNING,0.0,0.0,0.0,1501.8,54.45,54.86,0.194,95.8,0.06,8.0,4.0,2.0,0.00476
2026-10-02 08:06:48+00:00,M01,RUNNING,0.0,0.0,0.0,1450.3,51.49,37.22,0.176,97.0,0.02,8.0,4.0,2.0,0.00435
2026-10-02 08:06:48+00:00,M02,RUNNING,0.0,0.0,0.0,1198.1,55.06,50.21,0.149,96.1,0.04,8.0,4.0,2.0,0.00384
2026-10-02 08:06:50+00:00,M03,RUNNING,0.0,0.0,0.0,1498.6,51.47,54.84,0.204,95.8,0.06,8.0,4.0,2.0,0.00449
2026-10-02 08:06:50+00:00,M01,RUNNING,0.0,0.0,0.0,1447.2,50.25,37.43,0.193,96.9,0.02,8.0,4.0,2.0,0.00423
2026-10-02 08:06:50+00:00,M02,RUNNING,0.0,0.0,0.0,1204.9,56.88,50.19,0.162,96.1,0.05,8.0,4.0,2.0,0.00398
2026-10-02 08:06:50+00:00,M04,RUNNING,0.0,0.0,0.0,2797.9,19.23,44.92,0.15,97.0,0.02,8.0,4.0,2.0,0.00313
2026-10-02 08:06:52+00:00,M01,RUNNING,0.0,0.0,0.0,1453.8,52.2,37.68,0.174,96.9,0.02,8.0,4.0,2.0,0.00441
2026-10-02 08:06:52+00:00,M02,RUNNING,0.0,0.0,0.0,1201.9,55.23,50.11,0.163,96.1,0.05,8.0,4.0,2.0,0.00386
2026-10-02 08:06:52+00:00,M04,RUNNING,0.0,0.0,0.0,2798.6,19.53,44.93,0.146,97.0,0.02,8.0,4.0,2.0,0.00318
2026-10-02 08:06:52+00:00,M03,RUNNING,0.0,0.0,0.0,1500.1,54.96,54.83,0.191,95.8,0.06,8.0,4.0,2.0,0.00479
2026-10-02 08:06:54+00:00,M03,RUNNING,0.0,0.0,0.0,1496.8,52.93,54.82,0.203,95.8,0.06,8.0,4.0,2.0,0.00461
2026-10-02 08:06:54+00:00,M04,RUNNING,0.0,0.0,0.0,2801.7,19.07,44.97,0.139,97.0,0.02,8.0,4.0,2.0,0.00311
2026-10-02 08:06:54+00:00,M02,RUNNING,0.0,0.0,0.0,1200.4,55.13,50.08,0.149,96.1,0.05,8.0,4.0,2.0,0.00385
2026-10-02 08:06:54+00:00,M01,RUNNING,0.0,0.0,0.0,1447.0,52.44,37.94,0.178,96.9,0.02,8.0,4.0,2.0,0.00442
2026-10-02 08:06:56+00:00,M01,RUNNING,0.0,0.0,0.0,1452.1,49.31,38.14,0.166,97.0,0.02,8.0,4.0,2.0,0.00416
2026-10-02 08:06:56+00:00,M02,RUNNING,0.0,0.0,0.0,1198.8,55.76,50.04,0.15,96.1,0.04,8.0,4.0,2.0,0.00389
2026-10-02 08:06:56+00:00,M04,RUNNING,0.0,0.0,0.0,2795.4,19.89,44.96,0.135,97.0,0.02,8.0,4.0,2.0,0.00323
2026-10-02 08:06:56+00:00,M03,RUNNING,0.0,0.0,0.0,1495.8,54.52,54.8,0.209,95.8,0.07,8.0,4.0,2.0,0.00475
2026-10-02 08:06:58+00:00,M02,RUNNING,0.0,0.0,0.0,1195.0,55.81,50.04,0.155,96.1,0.04,8.0,4.0,2.0,0.00388
2026-10-02 08:06:58+00:00,M04,RUNNING,0.0,0.0,0.0,2799.5,18.92,44.92,0.141,97.0,0.02,8.0,4.0,2.0,0.00308
2026-10-02 08:06:58+00:00,M03,RUNNING,0.0,0.0,0.0,1502.1,52.23,54.8,0.206,95.7,0.07,8.0,4.0,2.0,0.00456
2026-10-02 08:06:58+00:00,M01,RUNNING,0.0,0.0,0.0,1451.5,51.46,38.37,0.189,96.9,0.02,8.0,4.0,2.0,0.00435
2026-10-02 08:07:00+00:00,M04,RUNNING,0.0,0.0,0.0,2801.9,18.98,44.87,0.151,97.0,0.02,8.0,4.0,2.0,0.0031
2026-10-02 08:07:00+00:00,M02,RUNNING,0.0,0.0,0.0,1202.4,54.34,50.05,0.147,96.2,0.03,8.0,4.0,2.0,0.0038
2026-10-02 08:07:00+00:00,M03,RUNNING,0.0,0.0,0.0,1501.9,54.4,54.79,0.202,95.8,0.07,8.0,4.0,2.0,0.00475
2026-10-02 08:07:00+00:00,M01,RUNNING,0.0,0.0,0.0,1445.0,51.97,38.61,0.189,96.9,0.02,8.0,4.0,2.0,0.00437
2026-10-02 08:07:02+00:00,M02,RUNNING,0.0,0.0,0.0,1198.5,54.3,50.01,0.154,96.2,0.04,8.0,4.0,2.0,0.00379
2026-10-02 08:07:02+00:00,M04,RUNNING,0.0,0.0,0.0,2801.9,19.64,44.88,0.157,96.9,0.02,8.0,4.0,2.0,0.0032
2026-10-02 08:07:02+00:00,M03,RUNNING,1.0,1800.0,1800.0,1499.6,53.48,54.71,0.207,95.8,0.06,8.0,4.0,2.0,0.00467
2026-10-02 08:07:02+00:00,M01,IDLE,0.0,0.0,0.0,18.98302123148676,3.75,38.46,0.075,96.9,0.02,8.0,4.0,2.0,0.00074
2026-10-02 08:07:04+00:00,M01,IDLE,0.0,0.0,0.0,11.234642782981538,3.75,38.35,0.03,96.9,0.02,8.0,4.0,2.0,0.00078
2026-10-02 08:07:04+00:00,M02,RUNNING,0.0,0.0,0.0,1198.3,55.68,49.97,0.155,96.2,0.03,8.0,4.0,2.0,0.00388
2026-10-02 08:07:04+00:00,M04,RUNNING,0.0,0.0,0.0,2799.5,18.62,44.91,0.143,97.0,0.02,8.0,4.0,2.0,0.00303
2026-10-02 08:07:04+00:00,M03,RUNNING,0.0,0.0,0.0,1501.4,51.71,54.71,0.209,95.7,0.06,8.0,4.0,2.0,0.00451
2026-10-02 08:07:06+00:00,M01,IDLE,0.0,0.0,0.0,14.592752303292514,3.75,38.21,0.026,97.0,0.02,8.0,4.0,2.0,0.00078
2026-10-02 08:07:06+00:00,M02,RUNNING,0.0,0.0,0.0,1198.2,55.87,49.95,0.163,96.2,0.03,8.0,4.0,2.0,0.0039
2026-10-02 08:07:06+00:00,M04,RUNNING,0.0,0.0,0.0,2797.8,19.7,44.86,0.151,97.0,0.02,8.0,4.0,2.0,0.00321
2026-10-02 08:07:06+00:00,M03,RUNNING,0.0,0.0,0.0,1500.9,53.9,54.69,0.195,95.8,0.06,8.0,4.0,2.0,0.00471
2026-10-02 08:07:08+00:00,M04,RUNNING,0.0,0.0,0.0,2799.7,19.37,44.84,0.165,96.9,0.03,8.0,4.0,2.0,0.00315
2026-10-02 08:07:08+00:00,M02,RUNNING,0.0,0.0,0.0,1201.8,53.45,49.87,0.166,96.1,0.04,8.0,4.0,2.0,0.00373
2026-10-02 08:07:08+00:00,M01,IDLE,0.0,0.0,0.0,14.644217700195835,3.75,38.03,0.044,97.0,0.02,8.0,4.0,2.0,0.00077
2026-10-02 08:07:08+00:00,M03,RUNNING,0.0,0.0,0.0,1504.4,51.17,54.65,0.202,95.8,0.06,8.0,4.0,2.0,0.00448
2026-10-02 08:07:10+00:00,M01,IDLE,0.0,0.0,0.0,13.267104595447528,3.75,37.86,0.024,97.0,0.02,8.0,4.0,2.0,0.00071
2026-10-02 08:07:10+00:00,M03,RUNNING,0.0,0.0,0.0,1498.1,54.31,54.65,0.206,95.8,0.07,8.0,4.0,2.0,0.00473
2026-10-02 08:07:10+00:00,M04,RUNNING,0.0,0.0,0.0,2796.3,19.58,44.84,0.148,96.9,0.02,8.0,4.0,2.0,0.00319
2026-10-02 08:07:10+00:00,M02,RUNNING,1.0,1800.0,1800.0,1197.6,55.88,49.82,0.175,96.1,0.04,8.0,4.0,2.0,0.0039
2026-10-02 08:07:12+00:00,M02,RUNNING,0.0,0.0,0.0,1195.8,57.43,49.81,0.169,96.1,0.05,8.0,4.0,2.0,0.00399
2026-10-02 08:07:12+00:00,M01,IDLE,0.0,0.0,0.0,10.227139597950474,3.75,37.77,0.026,97.0,0.02,8.0,4.0,2.0,0.00073
2026-10-02 08:07:12+00:00,M03,RUNNING,0.0,0.0,0.0,1501.5,52.72,54.61,0.2,95.9,0.07,8.0,4.0,2.0,0.00461
2026-10-02 08:07:12+00:00,M04,RUNNING,0.0,0.0,0.0,2797.7,19.17,44.88,0.149,96.9,0.02,8.0,4.0,2.0,0.00312
2026-10-02 08:07:14+00:00,M04,RUNNING,0.0,0.0,0.0,2804.1,19.27,44.86,0.143,97.0,0.02,8.0,4.0,2.0,0.00314
2026-10-02 08:07:14+00:00,M01,IDLE,0.0,0.0,0.0,19.74601014915243,3.75,37.62,0.019,97.0,0.02,8.0,4.0,2.0,0.00076
2026-10-02 08:07:14+00:00,M03,RUNNING,0.0,0.0,0.0,1495.4,54.83,54.55,0.206,95.8,0.06,8.0,4.0,2.0,0.00477
2026-10-02 08:07:14+00:00,M02,RUNNING,0.0,0.0,0.0,1198.7,55.12,49.77,0.158,96.1,0.05,8.0,4.0,2.0,0.00384
2026-10-02 08:07:16+00:00,M02,RUNNING,0.0,0.0,0.0,1201.0,54.57,49.79,0.172,96.1,0.05,8.0,4.0,2.0,0.00382
2026-10-02 08:07:16+00:00,M01,IDLE,0.0,0.0,0.0,10.691839706087256,3.75,37.52,0.025,97.0,0.02,8.0,4.0,2.0,0.00078
2026-10-02 08:07:16+00:00,M03,RUNNING,0.0,0.0,0.0,1496.4,52.07,54.5,0.206,95.8,0.06,8.0,4.0,2.0,0.00453
2026-10-02 08:07:16+00:00,M04,RUNNING,0.0,0.0,0.0,2799.5,19.37,44.86,0.161,96.9,0.02,8.0,4.0,2.0,0.00315
2026-10-02 08:07:18+00:00,M03,RUNNING,0.0,0.0,0.0,1502.3,52.54,54.41,0.198,95.9,0.06,8.0,4.0,2.0,0.00459
2026-10-02 08:07:18+00:00,M04,RUNNING,0.0,0.0,0.0,2803.2,19.62,44.83,0.14,96.9,0.02,8.0,4.0,2.0,0.0032
2026-10-02 08:07:18+00:00,M02,RUNNING,0.0,0.0,0.0,1199.3,54.0,49.77,0.163,96.1,0.05,8.0,4.0,2.0,0.00376
2026-10-02 08:07:18+00:00,M01,IDLE,0.0,0.0,0.0,19.793855507268756,3.75,37.35,0.025,97.0,0.02,8.0,4.0,2.0,0.00076
2026-10-02 08:07:20+00:00,M03,RUNNING,0.0,0.0,0.0,1500.5,54.0,54.37,0.2,95.9,0.05,8.0,4.0,2.0,0.00472
2026-10-02 08:07:20+00:00,M01,IDLE,0.0,0.0,0.0,18.30759028912775,3.75,37.19,0.027,97.0,0.02,8.0,4.0,2.0,0.00078
2026-10-02 08:07:20+00:00,M04,RUNNING,1.0,1800.0,1800.0,2795.4,18.58,44.87,0.147,96.9,0.02,8.0,4.0,2.0,0.00303
2026-10-02 08:07:20+00:00,M02,RUNNING,0.0,0.0,0.0,1197.4,57.42,49.77,0.156,96.2,0.04,8.0,4.0,2.0,0.004
2026-10-02 08:07:22+00:00,M03,RUNNING,0.0,0.0,0.0,1498.1,51.99,54.33,0.2,96.0,0.05,8.0,4.0,2.0,0.00453
2026-10-02 08:07:22+00:00,M02,RUNNING,0.0,0.0,0.0,1204.0,54.53,49.7,0.168,96.2,0.05,8.0,4.0,2.0,0.00382
2026-10-02 08:07:22+00:00,M01,IDLE,0.0,0.0,0.0,17.606971799957158,3.75,37.11,0.037,97.0,0.02,8.0,4.0,2.0,0.00072
2026-10-02 08:07:22+00:00,M04,RUNNING,0.0,0.0,0.0,2801.0,18.65,44.84,0.144,97.0,0.02,8.0,4.0,2.0,0.00303
2026-10-02 08:07:24+00:00,M03,RUNNING,0.0,0.0,0.0,1503.1,53.74,54.33,0.204,96.0,0.04,8.0,4.0,2.0,0.00469
2026-10-02 08:07:24+00:00,M01,IDLE,0.0,0.0,0.0,11.181558094439163,3.75,36.96,0.044,97.0,0.02,8.0,4.0,2.0,0.00077
2026-10-02 08:07:24+00:00,M04,RUNNING,0.0,0.0,0.0,2798.0,19.16,44.87,0.139,97.0,0.02,8.0,4.0,2.0,0.00312
2026-10-02 08:07:24+00:00,M02,RUNNING,0.0,0.0,0.0,1200.5,54.79,49.68,0.162,96.2,0.05,8.0,4.0,2.0,0.00383
2026-10-02 08:07:26+00:00,M01,IDLE,0.0,0.0,0.0,19.459646032491413,3.75,36.8,0.049,97.0,0.02,8.0,4.0,2.0,0.00076
2026-10-02 08:07:26+00:00,M03,RUNNING,0.0,0.0,0.0,1502.4,54.04,54.27,0.194,96.0,0.05,8.0,4.0,2.0,0.00473
2026-10-02 08:07:26+00:00,M04,RUNNING,0.0,0.0,0.0,2802.9,19.71,44.9,0.162,96.9,0.02,8.0,4.0,2.0,0.00322
2026-10-02 08:07:26+00:00,M02,RUNNING,0.0,0.0,0.0,1199.1,56.34,49.67,0.163,96.2,0.04,8.0,4.0,2.0,0.00393
2026-10-02 08:07:28+00:00,M04,RUNNING,0.0,0.0,0.0,2802.8,18.89,44.85,0.144,96.9,0.02,8.0,4.0,2.0,0.00308
2026-10-02 08:07:28+00:00,M03,RUNNING,0.0,0.0,0.0,1497.8,54.61,54.19,0.19,96.0,0.04,8.0,4.0,2.0,0.00476
2026-10-02 08:07:28+00:00,M01,IDLE,0.0,0.0,0.0,16.09288077231073,3.75,36.68,0.031,97.0,0.02,8.0,4.0,2.0,0.00076
2026-10-02 08:07:28+00:00,M02,RUNNING,0.0,0.0,0.0,1196.5,54.29,49.62,0.175,96.1,0.05,8.0,4.0,2.0,0.00378
2026-10-02 08:07:30+00:00,M01,IDLE,0.0,0.0,0.0,18.176571367400754,3.75,36.55,0.028,97.0,0.02,8.0,4.0,2.0,0.00072
2026-10-02 08:07:30+00:00,M04,RUNNING,0.0,0.0,0.0,2803.8,19.22,44.84,0.148,96.9,0.02,8.0,4.0,2.0,0.00313
2026-10-02 08:07:30+00:00,M02,RUNNING,0.0,0.0,0.0,1197.3,54.3,49.58,0.17,96.1,0.05,8.0,4.0,2.0,0.00378
2026-10-02 08:07:30+00:00,M03,RUNNING,1.0,1800.0,1800.0,1499.6,53.68,54.12,0.198,96.1,0.04,8.0,4.0,2.0,0.00468
2026-10-02 08:07:32+00:00,M04,RUNNING,0.0,0.0,0.0,2796.2,18.9,44.82,0.161,96.9,0.02,8.0,4.0,2.0,0.00308
2026-10-02 08:07:32+00:00,M03,RUNNING,0.0,0.0,0.0,1498.8,52.9,54.04,0.207,96.1,0.05,8.0,4.0,2.0,0.00461
2026-10-02 08:07:32+00:00,M01,IDLE,0.0,0.0,0.0,17.44832605636248,3.75,36.41,0.036,97.0,0.02,8.0,4.0,2.0,0.00078
2026-10-02 08:07:32+00:00,M02,RUNNING,0.0,0.0,0.0,1195.7,54.34,49.58,0.162,96.2,0.04,8.0,4.0,2.0,0.00378
2026-10-02 08:07:34+00:00,M04,RUNNING,0.0,0.0,0.0,2797.0,19.66,44.8,0.165,96.8,0.03,8.0,4.0,2.0,0.0032
2026-10-02 08:07:34+00:00,M01,IDLE,0.0,0.0,0.0,12.982767252902688,3.75,36.3,0.036,97.0,0.02,8.0,4.0,2.0,0.00074
2026-10-02 08:07:34+00:00,M02,RUNNING,0.0,0.0,0.0,1201.7,56.27,49.51,0.169,96.2,0.04,8.0,4.0,2.0,0.00393
2026-10-02 08:07:34+00:00,M03,RUNNING,0.0,0.0,0.0,1504.0,53.28,53.99,0.213,96.0,0.04,8.0,4.0,2.0,0.00466
2026-10-02 08:07:36+00:00,M04,RUNNING,0.0,0.0,0.0,2795.9,18.86,44.84,0.155,96.8,0.02,8.0,4.0,2.0,0.00306
2026-10-02 08:07:36+00:00,M02,RUNNING,0.0,0.0,0.0,1197.4,55.37,49.49,0.164,96.2,0.04,8.0,4.0,2.0,0.00386
2026-10-02 08:07:36+00:00,M01,IDLE,0.0,0.0,0.0,13.839357810407613,3.75,36.18,0.036,97.0,0.02,8.0,4.0,2.0,0.00071
2026-10-02 08:07:36+00:00,M03,RUNNING,0.0,0.0,0.0,1495.0,53.9,53.91,0.202,96.1,0.04,8.0,4.0,2.0,0.00469
2026-10-02 08:07:38+00:00,M03,RUNNING,0.0,0.0,0.0,1502.0,52.54,53.86,0.187,96.1,0.05,8.0,4.0,2.0,0.00459
2026-10-02 08:07:38+00:00,M01,IDLE,0.0,0.0,0.0,13.942832027769422,3.75,36.08,0.041,97.0,0.02,8.0,4.0,2.0,0.00077
2026-10-02 08:07:38+00:00,M04,RUNNING,0.0,0.0,0.0,2798.0,19.14,44.84,0.156,96.8,0.02,8.0,4.0,2.0,0.00312
2026-10-02 08:07:38+00:00,M02,RUNNING,0.0,0.0,0.0,1203.6,55.25,49.43,0.161,96.3,0.03,8.0,4.0,2.0,0.00387
2026-10-02 08:07:40+00:00,M03,RUNNING,0.0,0.0,0.0,1499.2,53.95,53.83,0.203,96.1,0.05,8.0,4.0,2.0,0.00471
2026-10-02 08:07:40+00:00,M01,IDLE,0.0,0.0,0.0,16.61518983709862,3.75,35.99,0.049,97.0,0.02,8.0,4.0,2.0,0.00071
2026-10-02 08:07:40+00:00,M04,RUNNING,0.0,0.0,0.0,2796.0,18.59,44.81,0.154,96.9,0.02,8.0,4.0,2.0,0.00302
2026-10-02 08:07:40+00:00,M02,RUNNING,0.0,0.0,0.0,1204.1,55.7,49.43,0.156,96.3,0.04,8.0,4.0,2.0,0.0039
2026-10-02 08:07:42+00:00,M02,RUNNING,0.0,0.0,0.0,1200.3,55.19,49.38,0.146,96.4,0.04,8.0,4.0,2.0,0.00385
2026-10-02 08:07:42+00:00,M03,RUNNING,0.0,0.0,0.0,1499.3,55.03,53.76,0.196,96.2,0.05,8.0,4.0,2.0,0.0048
2026-10-02 08:07:42+00:00,M04,RUNNING,0.0,0.0,0.0,2803.4,18.79,44.82,0.149,96.9,0.02,8.0,4.0,2.0,0.00307
2026-10-02 08:07:42+00:00,M01,IDLE,0.0,0.0,0.0,17.79319552905701,3.75,35.91,0.046,97.0,0.02,8.0,4.0,2.0,0.00076
2026-10-02 08:07:44+00:00,M04,RUNNING,0.0,0.0,0.0,2797.4,18.76,44.78,0.162,96.8,0.02,8.0,4.0,2.0,0.00305
2026-10-02 08:07:44+00:00,M03,RUNNING,0.0,0.0,0.0,1498.0,53.18,53.7,0.213,96.1,0.05,8.0,4.0,2.0,0.00463
2026-10-02 08:07:44+00:00,M02,RUNNING,0.0,0.0,0.0,1204.0,56.97,49.33,0.165,96.4,0.03,8.0,4.0,2.0,0.00399
2026-10-02 08:07:44+00:00,M01,IDLE,0.0,0.0,0.0,17.27305885824646,3.75,35.8,0.047,97.0,0.02,8.0,4.0,2.0,0.00076
2026-10-02 08:07:46+00:00,M01,IDLE,0.0,0.0,0.0,14.795570214203897,3.75,35.73,0.053,97.0,0.02,8.0,4.0,2.0,0.00077
2026-10-02 08:07:46+00:00,M02,RUNNING,1.0,1800.0,1800.0,1200.3,53.16,49.33,0.163,96.4,0.03,8.0,4.0,2.0,0.00372
2026-10-02 08:07:46+00:00,M04,RUNNING,0.0,0.0,0.0,2795.9,19.19,44.74,0.16,96.8,0.02,8.0,4.0,2.0,0.00312
2026-10-02 08:07:46+00:00,M03,RUNNING,0.0,0.0,0.0,1498.2,53.61,53.63,0.201,96.2,0.04,8.0,4.0,2.0,0.00467
2026-10-02 08:07:48+00:00,M02,RUNNING,0.0,0.0,0.0,1199.2,55.42,49.34,0.175,96.3,0.04,8.0,4.0,2.0,0.00386
2026-10-02 08:07:48+00:00,M03,RUNNING,0.0,0.0,0.0,1499.3,53.46,53.56,0.214,96.1,0.05,8.0,4.0,2.0,0.00467
2026-10-02 08:07:48+00:00,M04,RUNNING,0.0,0.0,0.0,2800.0,19.21,44.71,0.157,96.8,0.02,8.0,4.0,2.0,0.00313
2026-10-02 08:07:48+00:00,M01,IDLE,0.0,0.0,0.0,19.030913692243825,3.75,35.68,0.026,97.0,0.02,8.0,4.0,2.0,0.00073
2026-10-02 08:07:50+00:00,M03,RUNNING,0.0,0.0,0.0,1502.7,52.65,53.54,0.195,96.2,0.05,8.0,4.0,2.0,0.0046
2026-10-02 08:07:50+00:00,M01,IDLE,0.0,0.0,0.0,16.980767382631143,3.75,35.59,0.043,97.0,0.02,8.0,4.0,2.0,0.00075
2026-10-02 08:07:50+00:00,M04,RUNNING,0.0,0.0,0.0,2800.3,19.33,44.71,0.144,96.9,0.02,8.0,4.0,2.0,0.00315
2026-10-02 08:07:50+00:00,M02,RUNNING,0.0,0.0,0.0,1196.6,56.6,49.33,0.163,96.3,0.04,8.0,4.0,2.0,0.00394
2026-10-02 08:07:52+00:00,M01,IDLE,0.0,0.0,0.0,13.264282264853001,3.75,35.5,0.04,97.0,0.02,8.0,4.0,2.0,0.00074
2026-10-02 08:07:52+00:00,M04,RUNNING,0.0,0.0,0.0,2803.6,19.45,44.68,0.144,96.9,0.02,8.0,4.0,2.0,0.00317
2026-10-02 08:07:52+00:00,M03,RUNNING,0.0,0.0,0.0,1496.3,53.03,53.5,0.213,96.2,0.05,8.0,4.0,2.0,0.00461
2026-10-02 08:07:52+00:00,M02,RUNNING,0.0,0.0,0.0,1195.1,55.55,49.27,0.157,96.4,0.04,8.0,4.0,2.0,0.00386
2026-10-02 08:07:54+00:00,M04,RUNNING,0.0,0.0,0.0,2797.8,18.62,44.64,0.149,96.9,0.02,8.0,4.0,2.0,0.00303
2026-10-02 08:07:54+00:00,M01,IDLE,0.0,0.0,0.0,11.157669290703964,3.75,35.42,0.027,97.0,0.02,8.0,4.0,2.0,0.00075
2026-10-02 08:07:54+00:00,M02,RUNNING,0.0,0.0,0.0,1198.4,56.25,49.3,0.146,96.4,0.04,8.0,4.0,2.0,0.00393
2026-10-02 08:07:54+00:00,M03,RUNNING,0.0,0.0,0.0,1499.0,52.96,53.5,0.205,96.2,0.05,8.0,4.0,2.0,0.00462
2026-10-02 08:07:56+00:00,M01,IDLE,0.0,0.0,0.0,18.817743101960836,3.75,35.3,0.04,97.0,0.02,8.0,4.0,2.0,0.00075
2026-10-02 08:07:56+00:00,M02,RUNNING,0.0,0.0,0.0,1197.4,54.74,49.31,0.144,96.4,0.03,8.0,4.0,2.0,0.00381
2026-10-02 08:07:56+00:00,M04,RUNNING,0.0,0.0,0.0,2801.7,18.4,44.68,0.151,96.9,0.02,8.0,4.0,2.0,0.003
2026-10-02 08:07:56+00:00,M03,RUNNING,0.0,0.0,0.0,1499.9,55.27,53.44,0.187,96.3,0.04,8.0,4.0,2.0,0.00483
2026-10-02 08:07:58+00:00,M01,IDLE,0.0,0.0,0.0,13.080476512158402,3.75,35.2,0.03,97.0,0.02,8.0,4.0,2.0,0.00076
2026-10-02 08:07:58+00:00,M04,RUNNING,0.0,0.0,0.0,2800.6,18.7,44.72,0.147,97.0,0.02,8.0,4.0,2.0,0.00305
2026-10-02 08:07:58+00:00,M02,RUNNING,0.0,0.0,0.0,1195.8,53.68,49.32,0.169,96.4,0.04,8.0,4.0,2.0,0.00373
2026-10-02 08:07:58+00:00,M03,RUNNING,1.0,1800.0,1800.0,1500.3,53.11,53.37,0.184,96.3,0.04,8.0,4.0,2.0,0.00463
2026-10-02 08:08:00+00:00,M03,RUNNING,0.0,0.0,0.0,1503.9,54.1,53.32,0.193,96.4,0.03,8.0,4.0,2.0,0.00473
2026-10-02 08:08:00+00:00,M01,IDLE,0.0,0.0,0.0,18.166504464974693,3.75,35.08,0.029,97.0,0.02,8.0,4.0,2.0,0.00079
2026-10-02 08:08:00+00:00,M04,RUNNING,1.0,1800.0,1800.0,2801.4,18.64,44.69,0.136,97.0,0.02,8.0,4.0,2.0,0.00304
2026-10-02 08:08:00+00:00,M02,RUNNING,0.0,0.0,0.0,1195.1,53.53,49.3,0.171,96.3,0.05,8.0,4.0,2.0,0.00373
2026-10-02 08:08:02+00:00,M02,RUNNING,0.0,0.0,0.0,1200.9,54.58,49.3,0.164,96.3,0.05,8.0,4.0,2.0,0.00381
2026-10-02 08:08:02+00:00,M03,RUNNING,0.0,0.0,0.0,1503.9,52.81,53.31,0.213,96.3,0.04,8.0,4.0,2.0,0.00462
2026-10-02 08:08:02+00:00,M04,RUNNING,0.0,0.0,0.0,2795.9,19.31,44.69,0.151,97.0,0.02,8.0,4.0,2.0,0.00314
2026-10-02 08:08:02+00:00,M01,SLEEP,0.0,0.0,0.0,0.0,0.0,34.98,0.005,97.0,0.02,8.0,4.0,2.0,0.00018
2026-10-02 08:08:04+00:00,M01,SLEEP,0.0,0.0,0.0,0.0,0.0,34.89,0.005,97.0,0.02,8.0,4.0,2.0,0.00019
2026-10-02 08:08:04+00:00,M04,RUNNING,0.0,0.0,0.0,2802.1,18.46,44.65,0.153,97.0,0.02,8.0,4.0,2.0,0.003
2026-10-02 08:08:04+00:00,M03,RUNNING,0.0,0.0,0.0,1501.2,51.66,53.32,0.21,96.3,0.03,8.0,4.0,2.0,0.00452
2026-10-02 08:08:04+00:00,M02,RUNNING,0.0,0.0,0.0,1196.8,57.02,49.25,0.175,96.3,0.04,8.0,4.0,2.0,0.00397
2026-10-02 08:08:06+00:00,M01,SLEEP,0.0,0.0,0.0,0.0,0.0,34.81,0.005,97.0,0.02,8.0,4.0,2.0,0.0002
2026-10-02 08:08:06+00:00,M03,RUNNING,0.0,0.0,0.0,1502.8,53.79,53.28,0.202,96.3,0.03,8.0,4.0,2.0,0.0047
2026-10-02 08:08:06+00:00,M04,RUNNING,0.0,0.0,0.0,2804.5,18.87,44.67,0.163,96.9,0.03,8.0,4.0,2.0,0.00308
2026-10-02 08:08:06+00:00,M02,RUNNING,0.0,0.0,0.0,1204.5,54.68,49.23,0.163,96.3,0.03,8.0,4.0,2.0,0.00383
2026-10-02 08:08:08+00:00,M03,RUNNING,0.0,0.0,0.0,1504.0,51.43,53.28,0.191,96.4,0.03,8.0,4.0,2.0,0.0045
2026-10-02 08:08:08+00:00,M01,SLEEP,0.0,0.0,0.0,0.0,0.0,34.75,0.005,97.0,0.02,8.0,4.0,2.0,0.0002
2026-10-02 08:08:08+00:00,M02,RUNNING,0.0,0.0,0.0,1195.4,56.18,49.22,0.156,96.4,0.03,8.0,4.0,2.0,0.00391
2026-10-02 08:08:08+00:00,M04,RUNNING,0.0,0.0,0.0,2801.5,19.09,44.66,0.161,96.8,0.02,8.0,4.0,2.0,0.00311
2026-10-02 08:08:10+00:00,M03,RUNNING,0.0,0.0,0.0,1505.0,51.79,53.29,0.201,96.4,0.03,8.0,4.0,2.0,0.00453
2026-10-02 08:08:10+00:00,M02,RUNNING,0.0,0.0,0.0,1195.1,57.28,49.23,0.174,96.3,0.04,8.0,4.0,2.0,0.00398
2026-10-02 08:08:10+00:00,M01,SLEEP,0.0,0.0,0.0,0.0,0.0,34.65,0.007,97.0,0.02,8.0,4.0,2.0,0.00019
2026-10-02 08:08:10+00:00,M04,RUNNING,0.0,0.0,0.0,2804.1,19.76,44.65,0.164,96.8,0.02,8.0,4.0,2.0,0.00323
2026-10-02 08:08:12+00:00,M02,RUNNING,0.0,0.0,0.0,1196.8,53.51,49.23,0.166,96.3,0.04,8.0,4.0,2.0,0.00372
2026-10-02 08:08:12+00:00,M01,SLEEP,0.0,0.0,0.0,0.0,0.0,34.52,0.006,97.0,0.02,8.0,4.0,2.0,0.0002
2026-10-02 08:08:12+00:00,M03,RUNNING,0.0,0.0,0.0,1504.6,53.96,53.31,0.204,96.4,0.03,8.0,4.0,2.0,0.00472
2026-10-02 08:08:12+00:00,M04,RUNNING,0.0,0.0,0.0,2799.6,19.68,44.65,0.162,96.8,0.02,8.0,4.0,2.0,0.0032
2026-10-02 08:08:14+00:00,M03,RUNNING,0.0,0.0,0.0,1496.7,54.36,53.31,0.206,96.4,0.04,8.0,4.0,2.0,0.00474
2026-10-02 08:08:14+00:00,M02,RUNNING,0.0,0.0,0.0,1201.8,55.99,49.24,0.173,96.3,0.04,8.0,4.0,2.0,0.00392
2026-10-02 08:08:14+00:00,M01,SLEEP,0.0,0.0,0.0,0.0,0.0,34.44,0.006,97.0,0.02,8.0,4.0,2.0,0.0002
2026-10-02 08:08:14+00:00,M04,RUNNING,0.0,0.0,0.0,2803.1,19.64,44.65,0.157,96.8,0.02,8.0,4.0,2.0,0.00321
2026-10-02 08:08:16+00:00,M03,RUNNING,0.0,0.0,0.0,1503.3,54.46,53.33,0.206,96.4,0.04,8.0,4.0,2.0,0.00476
2026-10-02 08:08:16+00:00,M02,RUNNING,0.0,0.0,0.0,1201.4,54.92,49.23,0.173,96.3,0.04,8.0,4.0,2.0,0.00384
2026-10-02 08:08:16+00:00,M01,SLEEP,0.0,0.0,0.0,0.0,0.0,34.34,0.006,97.0,0.02,8.0,4.0,2.0,0.00019
2026-10-02 08:08:16+00:00,M04,RUNNING,0.0,0.0,0.0,2801.8,18.54,44.69,0.155,96.8,0.02,8.0,4.0,2.0,0.00302
2026-10-02 08:08:18+00:00,M03,RUNNING,0.0,0.0,0.0,1495.2,51.94,53.27,0.212,96.3,0.04,8.0,4.0,2.0,0.00452
2026-10-02 08:08:18+00:00,M02,RUNNING,0.0,0.0,0.0,1200.4,54.82,49.17,0.176,96.2,0.05,8.0,4.0,2.0,0.00382
2026-10-02 08:08:18+00:00,M01,SLEEP,0.0,0.0,0.0,0.0,0.0,34.28,0.007,97.0,0.02,8.0,4.0,2.0,0.0002
2026-10-02 08:08:18+00:00,M04,RUNNING,0.0,0.0,0.0,2795.2,18.54,44.71,0.161,96.8,0.02,8.0,4.0,2.0,0.00301
2026-10-02 08:08:20+00:00,M01,SLEEP,0.0,0.0,0.0,0.0,0.0,34.23,0.004,97.0,0.02,8.0,4.0,2.0,0.00019
2026-10-02 08:08:20+00:00,M04,RUNNING,0.0,0.0,0.0,2797.3,19.24,44.71,0.141,96.8,0.02,8.0,4.0,2.0,0.00313
2026-10-02 08:08:20+00:00,M03,RUNNING,0.0,0.0,0.0,1499.6,53.23,53.26,0.217,96.2,0.04,8.0,4.0,2.0,0.00464
2026-10-02 08:08:20+00:00,M02,RUNNING,0.0,0.0,0.0,1200.1,53.09,49.12,0.177,96.2,0.04,8.0,4.0,2.0,0.00371
2026-10-02 08:08:22+00:00,M04,RUNNING,0.0,0.0,0.0,2796.2,18.67,44.75,0.139,96.9,0.02,8.0,4.0,2.0,0.00304
2026-10-02 08:08:22+00:00,M03,RUNNING,0.0,0.0,0.0,1497.2,52.45,53.22,0.218,96.2,0.04,8.0,4.0,2.0,0.00457
2026-10-02 08:08:22+00:00,M02,RUNNING,1.0,1800.0,1800.0,1203.1,53.04,49.06,0.172,96.2,0.04,8.0,4.0,2.0,0.00371
2026-10-02 08:08:22+00:00,M01,SLEEP,0.0,0.0,0.0,0.0,0.0,34.13,0.006,97.0,0.02,8.0,4.0,2.0,0.0002
2026-10-02 08:08:24+00:00,M02,RUNNING,0.0,0.0,0.0,1199.6,56.63,49.04,0.169,96.3,0.04,8.0,4.0,2.0,0.00395
2026-10-02 08:08:24+00:00,M01,SLEEP,0.0,0.0,0.0,0.0,0.0,34.05,0.006,97.0,0.02,8.0,4.0,2.0,0.00019
2026-10-02 08:08:24+00:00,M03,RUNNING,0.0,0.0,0.0,1496.2,52.65,53.18,0.213,96.2,0.04,8.0,4.0,2.0,0.00458
2026-10-02 08:08:24+00:00,M04,RUNNING,0.0,0.0,0.0,2800.5,19.1,44.76,0.142,96.9,0.02,8.0,4.0,2.0,0.00311
2026-10-02 08:08:26+00:00,M01,SLEEP,0.0,0.0,0.0,0.0,0.0,33.96,0.006,97.0,0.02,8.0,4.0,2.0,0.0002
2026-10-02 08:08:26+00:00,M04,RUNNING,0.0,0.0,0.0,2800.8,18.4,44.79,0.151,96.9,0.02,8.0,4.0,2.0,0.003
2026-10-02 08:08:26+00:00,M02,RUNNING,0.0,0.0,0.0,1197.8,54.9,49.04,0.159,96.4,0.04,8.0,4.0,2.0,0.00383
2026-10-02 08:08:26+00:00,M03,RUNNING,1.0,1800.0,1800.0,1500.4,51.51,53.2,0.189,96.3,0.03,8.0,4.0,2.0,0.0045
2026-10-02 08:08:28+00:00,M04,RUNNING,0.0,0.0,0.0,2795.9,19.43,44.79,0.165,96.8,0.03,8.0,4.0,2.0,0.00316
2026-10-02 08:08:28+00:00,M03,RUNNING,0.0,0.0,0.0,1503.8,54.91,53.2,0.2,96.4,0.03,8.0,4.0,2.0,0.0048
2026-10-02 08:08:28+00:00,M02,RUNNING,0.0,0.0,0.0,1204.5,55.63,48.99,0.148,96.4,0.03,8.0,4.0,2.0,0.0039
2026-10-02 08:08:28+00:00,M01,SLEEP,0.0,0.0,0.0,0.0,0.0,33.88,0.004,97.0,0.02,8.0,4.0,2.0,0.0002
2026-10-02 08:08:30+00:00,M01,SLEEP,0.0,0.0,0.0,0.0,0.0,33.75,0.006,97.0,0.02,8.0,4.0,2.0,0.0002
2026-10-02 08:08:30+00:00,M04,RUNNING,0.0,0.0,0.0,2798.2,18.96,44.75,0.148,96.9,0.02,8.0,4.0,2.0,0.00308
2026-10-02 08:08:30+00:00,M02,RUNNING,0.0,0.0,0.0,1201.1,53.08,48.94,0.155,96.5,0.03,8.0,4.0,2.0,0.00371
2026-10-02 08:08:30+00:00,M03,RUNNING,0.0,0.0,0.0,1499.9,55.16,53.15,0.186,96.4,0.03,8.0,4.0,2.0,0.00482
2026-10-02 08:08:32+00:00,M03,RUNNING,0.0,0.0,0.0,1502.9,54.64,53.15,0.186,96.5,0.03,8.0,4.0,2.0,0.00477
2026-10-02 08:08:32+00:00,M01,SLEEP,0.0,0.0,0.0,0.0,0.0,33.69,0.006,97.0,0.02,8.0,4.0,2.0,0.0002
2026-10-02 08:08:32+00:00,M04,RUNNING,0.0,0.0,0.0,2796.8,18.89,44.74,0.14,96.9,0.02,8.0,4.0,2.0,0.00308
2026-10-02 08:08:32+00:00,M02,RUNNING,0.0,0.0,0.0,1199.5,56.19,48.92,0.149,96.5,0.03,8.0,4.0,2.0,0.00392
2026-10-02 08:08:34+00:00,M03,RUNNING,0.0,0.0,0.0,1500.8,53.23,53.15,0.193,96.5,0.03,8.0,4.0,2.0,0.00465
2026-10-02 08:08:34+00:00,M04,RUNNING,0.0,0.0,0.0,2800.4,18.48,44.71,0.15,96.9,0.02,8.0,4.0,2.0,0.00301
2026-10-02 08:08:34+00:00,M01,SLEEP,0.0,0.0,0.0,0.0,0.0,33.62,0.005,97.0,0.02,8.0,4.0,2.0,0.0002
2026-10-02 08:08:34+00:00,M02,RUNNING,0.0,0.0,0.0,1203.4,55.11,48.91,0.171,96.5,0.02,8.0,4.0,2.0,0.00386
2026-10-02 08:08:36+00:00,M04,RUNNING,0.0,0.0,0.0,2804.5,18.56,44.7,0.148,97.0,0.02,8.0,4.0,2.0,0.00303
2026-10-02 08:08:36+00:00,M02,RUNNING,0.0,0.0,0.0,1198.4,55.46,48.88,0.159,96.5,0.02,8.0,4.0,2.0,0.00386
2026-10-02 08:08:36+00:00,M01,SLEEP,0.0,0.0,0.0,0.0,0.0,33.54,0.007,97.0,0.02,8.0,4.0,2.0,0.00019
2026-10-02 08:08:36+00:00,M03,RUNNING,0.0,0.0,0.0,1497.7,54.68,53.16,0.209,96.4,0.03,8.0,4.0,2.0,0.00476
2026-10-02 08:08:38+00:00,M04,RUNNING,0.0,0.0,0.0,2799.1,18.97,44.72,0.152,97.0,0.02,8.0,4.0,2.0,0.00309
2026-10-02 08:08:38+00:00,M01,SLEEP,0.0,0.0,0.0,0.0,0.0,33.5,0.005,97.0,0.02,8.0,4.0,2.0,0.00019
2026-10-02 08:08:38+00:00,M03,RUNNING,0.0,0.0,0.0,1500.6,51.92,53.1,0.209,96.4,0.03,8.0,4.0,2.0,0.00454
2026-10-02 08:08:38+00:00,M02,RUNNING,0.0,0.0,0.0,1195.5,57.03,48.9,0.168,96.5,0.02,8.0,4.0,2.0,0.00397
2026-10-02 08:08:40+00:00,M04,RUNNING,1.0,1800.0,1800.0,2804.8,18.36,44.71,0.165,96.9,0.02,8.0,4.0,2.0,0.00299
2026-10-02 08:08:40+00:00,M02,RUNNING,0.0,0.0,0.0,1197.3,54.7,48.85,0.149,96.6,0.03,8.0,4.0,2.0,0.00381
2026-10-02 08:08:40+00:00,M01,SLEEP,0.0,0.0,0.0,0.0,0.0,33.44,0.005,97.0,0.02,8.0,4.0,2.0,0.00019
2026-10-02 08:08:40+00:00,M03,RUNNING,0.0,0.0,0.0,1497.9,52.69,53.06,0.217,96.3,0.03,8.0,4.0,2.0,0.00459
2026-10-02 08:08:42+00:00,M04,RUNNING,0.0,0.0,0.0,2795.2,19.26,44.75,0.167,96.8,0.02,8.0,4.0,2.0,0.00313
2026-10-02 08:08:42+00:00,M03,RUNNING,0.0,0.0,0.0,1503.2,53.91,53.0,0.197,96.4,0.03,8.0,4.0,2.0,0.00471
2026-10-02 08:08:42+00:00,M01,SLEEP,0.0,0.0,0.0,0.0,0.0,33.33,0.006,97.0,0.02,8.0,4.0,2.0,0.00019
2026-10-02 08:08:42+00:00,M02,RUNNING,0.0,0.0,0.0,1195.8,55.65,48.85,0.146,96.6,0.02,8.0,4.0,2.0,0.00387
2026-10-02 08:08:44+00:00,M03,RUNNING,0.0,0.0,0.0,1504.9,52.43,52.99,0.214,96.4,0.03,8.0,4.0,2.0,0.00459
2026-10-02 08:08:44+00:00,M02,RUNNING,0.0,0.0,0.0,1196.6,56.01,48.84,0.165,96.6,0.02,8.0,4.0,2.0,0.0039
2026-10-02 08:08:44+00:00,M04,RUNNING,0.0,0.0,0.0,2804.8,18.95,44.72,0.156,96.8,0.03,8.0,4.0,2.0,0.0031
2026-10-02 08:08:44+00:00,M01,SLEEP,0.0,0.0,0.0,0.0,0.0,33.22,0.006,97.0,0.02,8.0,4.0,2.0,0.0002
2026-10-02 08:08:46+00:00,M01,SLEEP,0.0,0.0,0.0,0.0,0.0,33.17,0.005,97.0,0.02,8.0,4.0,2.0,0.00019
2026-10-02 08:08:46+00:00,M02,RUNNING,0.0,0.0,0.0,1200.2,53.49,48.86,0.156,96.6,0.02,8.0,4.0,2.0,0.00373
2026-10-02 08:08:46+00:00,M03,RUNNING,0.0,0.0,0.0,1504.0,53.29,52.96,0.196,96.4,0.02,8.0,4.0,2.0,0.00466
2026-10-02 08:08:46+00:00,M04,RUNNING,0.0,0.0,0.0,2802.7,19.37,44.73,0.148,96.9,0.02,8.0,4.0,2.0,0.00315
2026-10-02 08:08:48+00:00,M02,RUNNING,0.0,0.0,0.0,1197.7,54.12,48.83,0.166,96.6,0.02,8.0,4.0,2.0,0.00377
2026-10-02 08:08:48+00:00,M03,RUNNING,0.0,0.0,0.0,1504.2,54.2,52.92,0.203,96.5,0.02,8.0,4.0,2.0,0.00475
2026-10-02 08:08:48+00:00,M01,SLEEP,0.0,0.0,0.0,0.0,0.0,33.11,0.005,97.0,0.02,8.0,4.0,2.0,0.00019
2026-10-02 08:08:48+00:00,M04,RUNNING,0.0,0.0,0.0,2795.4,19.41,44.73,0.164,96.8,0.02,8.0,4.0,2.0,0.00316
2026-10-02 08:08:50+00:00,M02,RUNNING,0.0,0.0,0.0,1202.6,53.01,48.83,0.172,96.5,0.03,8.0,4.0,2.0,0.00371
2026-10-02 08:08:50+00:00,M03,RUNNING,0.0,0.0,0.0,1503.2,52.04,52.89,0.209,96.5,0.02,8.0,4.0,2.0,0.00455
2026-10-02 08:08:50+00:00,M01,SLEEP,0.0,0.0,0.0,0.0,0.0,33.03,0.007,97.0,0.02,8.0,4.0,2.0,0.0002
2026-10-02 08:08:50+00:00,M04,RUNNING,0.0,0.0,0.0,2803.7,18.67,44.74,0.142,96.9,0.02,8.0,4.0,2.0,0.00304
2026-10-02 08:08:52+00:00,M03,RUNNING,1.0,1800.0,1800.0,1499.8,53.05,52.87,0.198,96.5,0.02,8.0,4.0,2.0,0.00463
2026-10-02 08:08:52+00:00,M04,RUNNING,0.0,0.0,0.0,2798.0,19.52,44.78,0.155,96.9,0.02,8.0,4.0,2.0,0.00318
2026-10-02 08:08:52+00:00,M02,RUNNING,0.0,0.0,0.0,1195.4,57.41,48.77,0.151,96.6,0.03,8.0,4.0,2.0,0.00399
2026-10-02 08:08:52+00:00,M01,SLEEP,0.0,0.0,0.0,0.0,0.0,32.98,0.007,97.0,0.02,8.0,4.0,2.0,0.0002
2026-10-02 08:08:54+00:00,M01,SLEEP,0.0,0.0,0.0,0.0,0.0,32.93,0.006,97.0,0.02,8.0,4.0,2.0,0.00019
2026-10-02 08:08:54+00:00,M02,RUNNING,0.0,0.0,0.0,1198.9,54.97,48.72,0.154,96.6,0.02,8.0,4.0,2.0,0.00384
2026-10-02 08:08:54+00:00,M03,RUNNING,0.0,0.0,0.0,1498.8,52.96,52.84,0.19,96.6,0.02,8.0,4.0,2.0,0.00461
2026-10-02 08:08:54+00:00,M04,RUNNING,0.0,0.0,0.0,2801.1,18.67,44.75,0.154,96.9,0.02,8.0,4.0,2.0,0.00304
2026-10-02 08:08:56+00:00,M03,RUNNING,0.0,0.0,0.0,1504.1,51.19,52.85,0.195,96.6,0.02,8.0,4.0,2.0,0.00448
2026-10-02 08:08:56+00:00,M02,RUNNING,0.0,0.0,0.0,1202.4,57.11,48.67,0.168,96.6,0.03,8.0,4.0,2.0,0.00399
2026-10-02 08:08:56+00:00,M04,RUNNING,0.0,0.0,0.0,2796.9,18.54,44.75,0.139,96.9,0.02,8.0,4.0,2.0,0.00302
2026-10-02 08:08:56+00:00,M01,SLEEP,0.0,0.0,0.0,0.0,0.0,32.88,0.007,97.0,0.02,8.0,4.0,2.0,0.00019
2026-10-02 08:08:58+00:00,M03,RUNNING,0.0,0.0,0.0,1496.5,52.25,52.86,0.213,96.5,0.02,8.0,4.0,2.0,0.00455
2026-10-02 08:08:58+00:00,M04,RUNNING,0.0,0.0,0.0,2795.8,18.97,44.76,0.156,96.9,0.02,8.0,4.0,2.0,0.00309
2026-10-02 08:08:58+00:00,M02,RUNNING,1.0,1800.0,1800.0,1195.3,57.52,48.63,0.167,96.6,0.02,8.0,4.0,2.0,0.004
2026-10-02 08:08:58+00:00,M01,SLEEP,0.0,0.0,0.0,0.0,0.0,32.85,0.006,97.0,0.02,8.0,4.0,2.0,0.0002
2026-10-02 08:09:00+00:00,M01,SLEEP,0.0,0.0,0.0,0.0,0.0,32.76,0.007,97.0,0.02,8.0,4.0,2.0,0.00019
2026-10-02 08:09:00+00:00,M02,RUNNING,0.0,0.0,0.0,1197.9,56.59,48.58,0.155,96.6,0.02,8.0,4.0,2.0,0.00395
2026-10-02 08:09:00+00:00,M04,RUNNING,0.0,0.0,0.0,2801.3,19.03,44.75,0.142,96.9,0.02,8.0,4.0,2.0,0.0031
2026-10-02 08:09:00+00:00,M03,RUNNING,0.0,0.0,0.0,1496.2,52.73,52.89,0.197,96.6,0.02,8.0,4.0,2.0,0.00459
2026-10-02 08:09:02+00:00,M01,SLEEP,0.0,0.0,0.0,0.0,0.0,32.72,0.007,97.0,0.02,8.0,4.0,2.0,0.00019
2026-10-02 08:09:02+00:00,M03,DEGRADED,0.0,0.0,0.0,1418.3,69.04,53.01,0.534,90.3,0.21,8.0,4.0,2.0,0.0057
2026-10-02 08:09:02+00:00,M04,RUNNING,0.0,0.0,0.0,2803.1,19.61,44.77,0.146,96.9,0.02,8.0,4.0,2.0,0.0032
2026-10-02 08:09:02+00:00,M02,RUNNING,0.0,0.0,0.0,1203.8,55.71,48.6,0.146,96.7,0.02,8.0,4.0,2.0,0.0039
2026-10-02 08:09:04+00:00,M02,RUNNING,0.0,0.0,0.0,1201.5,54.18,48.61,0.172,96.6,0.02,8.0,4.0,2.0,0.00378
2026-10-02 08:09:04+00:00,M04,RUNNING,0.0,0.0,0.0,2803.5,19.63,44.8,0.136,97.0,0.02,8.0,4.0,2.0,0.0032
2026-10-02 08:09:04+00:00,M03,DEGRADED,0.0,0.0,0.0,1424.4,69.91,53.08,0.589,85.5,0.33,8.0,4.0,2.0,0.00579
2026-10-02 08:09:04+00:00,M01,SLEEP,0.0,0.0,0.0,0.0,0.0,32.62,0.005,97.0,0.02,8.0,4.0,2.0,0.00019
2026-10-02 08:09:06+00:00,M02,RUNNING,0.0,0.0,0.0,1204.7,54.94,48.6,0.156,96.7,0.03,8.0,4.0,2.0,0.00385
2026-10-02 08:09:06+00:00,M04,RUNNING,0.0,0.0,0.0,2799.1,19.65,44.76,0.139,97.0,0.02,8.0,4.0,2.0,0.0032
2026-10-02 08:09:06+00:00,M03,DEGRADED,0.0,0.0,0.0,1416.4,67.8,53.14,0.622,81.9,0.41,8.0,4.0,2.0,0.00559
2026-10-02 08:09:06+00:00,M01,SLEEP,0.0,0.0,0.0,0.0,0.0,32.59,0.005,97.0,0.02,8.0,4.0,2.0,0.0002
2026-10-02 08:09:08+00:00,M04,RUNNING,0.0,0.0,0.0,2795.6,19.58,44.77,0.151,97.0,0.02,8.0,4.0,2.0,0.00318
2026-10-02 08:09:08+00:00,M02,RUNNING,0.0,0.0,0.0,1201.0,56.83,48.55,0.167,96.6,0.03,8.0,4.0,2.0,0.00398
2026-10-02 08:09:08+00:00,M01,SLEEP,0.0,0.0,0.0,0.0,0.0,32.56,0.004,97.0,0.02,8.0,4.0,2.0,0.00019
2026-10-02 08:09:08+00:00,M03,DEGRADED,0.0,0.0,0.0,1418.9,68.93,53.21,0.613,79.3,0.46,8.0,4.0,2.0,0.00569
2026-10-02 08:09:10+00:00,M03,DEGRADED,0.0,0.0,0.0,1421.5,67.4,53.28,0.606,77.5,0.5,8.0,4.0,2.0,0.00557
2026-10-02 08:09:10+00:00,M01,SLEEP,0.0,0.0,0.0,0.0,0.0,32.48,0.005,97.0,0.02,8.0,4.0,2.0,0.00019
2026-10-02 08:09:10+00:00,M04,RUNNING,0.0,0.0,0.0,2800.6,19.42,44.79,0.159,96.9,0.02,8.0,4.0,2.0,0.00316
2026-10-02 08:09:10+00:00,M02,RUNNING,0.0,0.0,0.0,1198.0,54.94,48.58,0.152,96.7,0.03,8.0,4.0,2.0,0.00382
2026-10-02 08:09:12+00:00,M01,SLEEP,0.0,0.0,0.0,0.0,0.0,32.42,0.004,97.0,0.02,8.0,4.0,2.0,0.00018
2026-10-02 08:09:12+00:00,M04,RUNNING,0.0,0.0,0.0,2800.1,18.56,44.84,0.137,96.9,0.02,8.0,4.0,2.0,0.00303
2026-10-02 08:09:12+00:00,M02,RUNNING,0.0,0.0,0.0,1203.4,53.51,48.58,0.162,96.7,0.02,8.0,4.0,2.0,0.00375
2026-10-02 08:09:12+00:00,M03,DEGRADED,0.0,0.0,0.0,1415.9,67.33,53.39,0.603,76.3,0.52,8.0,4.0,2.0,0.00555
2026-10-02 08:09:14+00:00,M02,RUNNING,0.0,0.0,0.0,1202.8,53.12,48.52,0.169,96.7,0.02,8.0,4.0,2.0,0.00372
2026-10-02 08:09:14+00:00,M04,RUNNING,0.0,0.0,0.0,2798.0,18.94,44.83,0.14,97.0,0.02,8.0,4.0,2.0,0.00308
2026-10-02 08:09:14+00:00,M01,SLEEP,0.0,0.0,0.0,0.0,0.0,32.3,0.006,97.0,0.02,8.0,4.0,2.0,0.0002
2026-10-02 08:09:14+00:00,M03,DEGRADED,0.0,0.0,0.0,1424.8,70.28,53.52,0.616,75.2,0.53,8.0,4.0,2.0,0.00582
2026-10-02 08:09:16+00:00,M02,RUNNING,0.0,0.0,0.0,1198.1,55.92,48.51,0.147,96.7,0.02,8.0,4.0,2.0,0.00389
2026-10-02 08:09:16+00:00,M03,DEGRADED,0.0,0.0,0.0,1419.1,68.22,53.58,0.625,74.4,0.54,8.0,4.0,2.0,0.00563
2026-10-02 08:09:16+00:00,M01,SLEEP,0.0,0.0,0.0,0.0,0.0,32.22,0.007,97.0,0.02,8.0,4.0,2.0,0.0002
2026-10-02 08:09:16+00:00,M04,RUNNING,0.0,0.0,0.0,2796.4,18.97,44.8,0.16,96.9,0.02,8.0,4.0,2.0,0.00309
2026-10-02 08:09:18+00:00,M02,RUNNING,0.0,0.0,0.0,1201.0,56.38,48.46,0.157,96.7,0.02,8.0,4.0,2.0,0.00394
2026-10-02 08:09:18+00:00,M03,DEGRADED,0.0,0.0,0.0,1417.4,67.57,53.66,0.619,73.8,0.54,8.0,4.0,2.0,0.00558
2026-10-02 08:09:18+00:00,M04,RUNNING,0.0,0.0,0.0,2795.5,19.56,44.84,0.154,96.9,0.02,8.0,4.0,2.0,0.00318
2026-10-02 08:09:18+00:00,M01,SLEEP,0.0,0.0,0.0,0.0,0.0,32.14,0.006,97.0,0.02,8.0,4.0,2.0,0.00019
2026-10-02 08:09:20+00:00,M03,DEGRADED,0.0,0.0,0.0,1412.0,69.09,53.77,0.619,73.3,0.55,8.0,4.0,2.0,0.00567
2026-10-02 08:09:20+00:00,M02,RUNNING,0.0,0.0,0.0,1204.2,54.05,48.5,0.155,96.8,0.02,8.0,4.0,2.0,0.00379
2026-10-02 08:09:20+00:00,M01,SLEEP,0.0,0.0,0.0,0.0,0.0,32.08,0.005,97.0,0.02,8.0,4.0,2.0,0.00019
2026-10-02 08:09:20+00:00,M04,RUNNING,1.0,1800.0,1800.0,2803.4,18.49,44.81,0.164,96.8,0.02,8.0,4.0,2.0,0.00301
2026-10-02 08:09:22+00:00,M04,RUNNING,0.0,0.0,0.0,2801.5,19.42,44.77,0.165,96.8,0.02,8.0,4.0,2.0,0.00317
2026-10-02 08:09:22+00:00,M03,DEGRADED,0.0,0.0,0.0,1428.3,66.98,53.84,0.627,72.8,0.56,8.0,4.0,2.0,0.00557
2026-10-02 08:09:22+00:00,M02,RUNNING,0.0,0.0,0.0,1202.3,57.13,48.47,0.167,96.7,0.02,8.0,4.0,2.0,0.004
2026-10-02 08:09:22+00:00,M01,SLEEP,0.0,0.0,0.0,0.0,0.0,32.04,0.005,97.0,0.02,8.0,4.0,2.0,0.00019
2026-10-02 08:09:24+00:00,M03,DEGRADED,0.0,0.0,0.0,1415.1,67.3,53.9,0.618,72.5,0.57,8.0,4.0,2.0,0.00554
2026-10-02 08:09:24+00:00,M02,RUNNING,0.0,0.0,0.0,1200.6,55.97,48.5,0.169,96.7,0.02,8.0,4.0,2.0,0.0039
2026-10-02 08:09:24+00:00,M04,RUNNING,0.0,0.0,0.0,2796.7,19.86,44.76,0.152,96.8,0.02,8.0,4.0,2.0,0.00323
2026-10-02 08:09:24+00:00,M01,SLEEP,0.0,0.0,0.0,0.0,0.0,31.98,0.005,97.0,0.02,8.0,4.0,2.0,0.00019
2026-10-02 08:09:26+00:00,M01,SLEEP,0.0,0.0,0.0,0.0,0.0,31.91,0.005,97.0,0.02,8.0,4.0,2.0,0.00018
2026-10-02 08:09:26+00:00,M02,RUNNING,0.0,0.0,0.0,1201.1,53.01,48.49,0.162,96.7,0.02,8.0,4.0,2.0,0.00371
2026-10-02 08:09:26+00:00,M04,RUNNING,0.0,0.0,0.0,2804.4,19.39,44.79,0.157,96.8,0.02,8.0,4.0,2.0,0.00316
2026-10-02 08:09:26+00:00,M03,DEGRADED,1.0,1800.0,1800.0,1413.0,70.16,53.98,0.623,72.2,0.56,8.0,4.0,2.0,0.00576
2026-10-02 08:09:28+00:00,M04,RUNNING,0.0,0.0,0.0,2795.3,19.57,44.77,0.158,96.8,0.02,8.0,4.0,2.0,0.00319
2026-10-02 08:09:28+00:00,M03,DEGRADED,0.0,0.0,0.0,1423.9,68.81,54.09,0.638,71.9,0.55,8.0,4.0,2.0,0.0057
2026-10-02 08:09:28+00:00,M02,RUNNING,0.0,0.0,0.0,1196.8,54.13,48.43,0.153,96.7,0.02,8.0,4.0,2.0,0.00377
2026-10-02 08:09:28+00:00,M01,SLEEP,0.0,0.0,0.0,0.0,0.0,31.82,0.006,97.0,0.02,8.0,4.0,2.0,0.00019
2026-10-02 08:09:30+00:00,M01,SLEEP,0.0,0.0,0.0,0.0,0.0,31.81,0.006,97.0,0.02,8.0,4.0,2.0,0.0002
2026-10-02 08:09:30+00:00,M04,RUNNING,0.0,0.0,0.0,2797.4,18.91,44.79,0.157,96.8,0.02,8.0,4.0,2.0,0.00307
2026-10-02 08:09:30+00:00,M03,DEGRADED,0.0,0.0,0.0,1419.3,69.32,54.14,0.651,71.5,0.56,8.0,4.0,2.0,0.00573
2026-10-02 08:09:30+00:00,M02,RUNNING,0.0,0.0,0.0,1196.7,56.14,48.45,0.158,96.8,0.02,8.0,4.0,2.0,0.00391
2026-10-02 08:09:32+00:00,M01,SLEEP,0.0,0.0,0.0,0.0,0.0,31.72,0.007,97.0,0.02,8.0,4.0,2.0,0.0002
2026-10-02 08:09:32+00:00,M04,RUNNING,0.0,0.0,0.0,2804.4,19.28,44.81,0.151,96.9,0.02,8.0,4.0,2.0,0.00315
2026-10-02 08:09:32+00:00,M02,RUNNING,0.0,0.0,0.0,1199.2,53.49,48.45,0.149,96.8,0.02,8.0,4.0,2.0,0.00373
2026-10-02 08:09:32+00:00,M03,DEGRADED,0.0,0.0,0.0,1409.4,70.55,54.23,0.636,71.2,0.56,8.0,4.0,2.0,0.00578
2026-10-02 08:09:34+00:00,M02,RUNNING,1.0,1800.0,1800.0,1200.5,57.18,48.41,0.161,96.8,0.02,8.0,4.0,2.0,0.00399
2026-10-02 08:09:34+00:00,M04,RUNNING,0.0,0.0,0.0,2799.0,19.26,44.78,0.153,96.9,0.02,8.0,4.0,2.0,0.00314
2026-10-02 08:09:34+00:00,M03,DEGRADED,0.0,0.0,0.0,1411.5,71.41,54.35,0.648,70.9,0.57,8.0,4.0,2.0,0.00586
2026-10-02 08:09:34+00:00,M01,SLEEP,0.0,0.0,0.0,0.0,0.0,31.7,0.007,97.0,0.02,8.0,4.0,2.0,0.00019
2026-10-02 08:09:36+00:00,M02,RUNNING,0.0,0.0,0.0,1200.8,55.17,48.42,0.149,96.8,0.02,8.0,4.0,2.0,0.00385
2026-10-02 08:09:36+00:00,M04,RUNNING,0.0,0.0,0.0,2798.3,19.75,44.8,0.16,96.8,0.02,8.0,4.0,2.0,0.00321
2026-10-02 08:09:36+00:00,M03,DEGRADED,0.0,0.0,0.0,1424.5,68.38,54.45,0.651,70.7,0.58,8.0,4.0,2.0,0.00567
2026-10-02 08:09:36+00:00,M01,SLEEP,0.0,0.0,0.0,0.0,0.0,31.65,0.006,97.0,0.02,8.0,4.0,2.0,0.00019
2026-10-02 08:09:38+00:00,M04,RUNNING,0.0,0.0,0.0,2801.8,18.87,44.76,0.16,96.8,0.02,8.0,4.0,2.0,0.00307
2026-10-02 08:09:38+00:00,M01,SLEEP,0.0,0.0,0.0,0.0,0.0,31.62,0.007,97.0,0.02,8.0,4.0,2.0,0.00019
2026-10-02 08:09:38+00:00,M02,RUNNING,0.0,0.0,0.0,1201.6,56.75,48.44,0.164,96.8,0.02,8.0,4.0,2.0,0.00397
2026-10-02 08:09:38+00:00,M03,DEGRADED,0.0,0.0,0.0,1412.7,70.39,54.51,0.639,70.5,0.58,8.0,4.0,2.0,0.00579
2026-10-02 08:09:40+00:00,M03,DEGRADED,0.0,0.0,0.0,1414.3,68.8,54.59,0.653,70.2,0.57,8.0,4.0,2.0,0.00566
2026-10-02 08:09:40+00:00,M04,RUNNING,0.0,0.0,0.0,2803.9,18.66,44.75,0.165,96.8,0.02,8.0,4.0,2.0,0.00305
2026-10-02 08:09:40+00:00,M02,RUNNING,0.0,0.0,0.0,1196.0,54.68,48.4,0.162,96.8,0.02,8.0,4.0,2.0,0.00381
2026-10-02 08:09:40+00:00,M01,SLEEP,0.0,0.0,0.0,0.0,0.0,31.57,0.006,97.0,0.02,8.0,4.0,2.0,0.00019
2026-10-02 08:09:42+00:00,M02,RUNNING,0.0,0.0,0.0,1199.0,56.28,48.37,0.153,96.8,0.02,8.0,4.0,2.0,0.00392
2026-10-02 08:09:42+00:00,M03,DEGRADED,0.0,0.0,0.0,1411.9,67.75,54.69,0.664,69.9,0.59,8.0,4.0,2.0,0.00556
2026-10-02 08:09:42+00:00,M04,RUNNING,0.0,0.0,0.0,2800.8,19.5,44.71,0.151,96.8,0.02,8.0,4.0,2.0,0.00318
2026-10-02 08:09:42+00:00,M01,SLEEP,0.0,0.0,0.0,0.0,0.0,31.48,0.007,97.0,0.02,8.0,4.0,2.0,0.0002
2026-10-02 08:09:44+00:00,M01,SLEEP,0.0,0.0,0.0,0.0,0.0,31.44,0.005,97.0,0.02,8.0,4.0,2.0,0.00019
2026-10-02 08:09:44+00:00,M02,RUNNING,0.0,0.0,0.0,1199.4,54.7,48.35,0.172,96.7,0.03,8.0,4.0,2.0,0.00382
2026-10-02 08:09:44+00:00,M03,DEGRADED,0.0,0.0,0.0,1425.4,71.06,54.74,0.649,69.7,0.6,8.0,4.0,2.0,0.00589
2026-10-02 08:09:44+00:00,M04,RUNNING,0.0,0.0,0.0,2801.0,19.03,44.7,0.148,96.9,0.02,8.0,4.0,2.0,0.0031
2026-10-02 08:09:46+00:00,M04,RUNNING,0.0,0.0,0.0,2798.3,19.18,44.74,0.157,96.9,0.02,8.0,4.0,2.0,0.00312
2026-10-02 08:09:46+00:00,M02,RUNNING,0.0,0.0,0.0,1199.1,53.18,48.39,0.175,96.7,0.03,8.0,4.0,2.0,0.00371
2026-10-02 08:09:46+00:00,M03,DEGRADED,0.0,0.0,0.0,1419.7,70.86,54.84,0.637,69.7,0.6,8.0,4.0,2.0,0.00586
2026-10-02 08:09:46+00:00,M01,SLEEP,0.0,0.0,0.0,0.0,0.0,31.37,0.004,97.0,0.02,8.0,4.0,2.0,0.0002
2026-10-02 08:09:48+00:00,M02,RUNNING,0.0,0.0,0.0,1195.7,55.41,48.34,0.166,96.7,0.03,8.0,4.0,2.0,0.00385
2026-10-02 08:09:48+00:00,M01,SLEEP,0.0,0.0,0.0,0.0,0.0,31.31,0.005,97.0,0.02,8.0,4.0,2.0,0.0002
2026-10-02 08:09:48+00:00,M04,RUNNING,0.0,0.0,0.0,2802.7,19.45,44.75,0.137,96.9,0.02,8.0,4.0,2.0,0.00317
2026-10-02 08:09:48+00:00,M03,DEGRADED,0.0,0.0,0.0,1423.7,69.67,54.9,0.653,69.4,0.61,8.0,4.0,2.0,0.00577
2026-10-02 08:09:50+00:00,M01,SLEEP,0.0,0.0,0.0,0.0,0.0,31.28,0.005,97.0,0.02,8.0,4.0,2.0,0.00019
2026-10-02 08:09:50+00:00,M02,RUNNING,0.0,0.0,0.0,1203.5,56.97,48.39,0.172,96.6,0.03,8.0,4.0,2.0,0.00399
2026-10-02 08:09:50+00:00,M04,RUNNING,0.0,0.0,0.0,2797.7,19.67,44.71,0.14,96.9,0.02,8.0,4.0,2.0,0.0032
2026-10-02 08:09:50+00:00,M03,DEGRADED,0.0,0.0,0.0,1420.3,70.29,55.0,0.647,69.3,0.6,8.0,4.0,2.0,0.0058
2026-10-02 08:09:52+00:00,M02,RUNNING,0.0,0.0,0.0,1203.3,57.21,48.39,0.177,96.6,0.02,8.0,4.0,2.0,0.004
2026-10-02 08:09:52+00:00,M03,DEGRADED,0.0,0.0,0.0,1418.1,69.09,55.1,0.648,69.1,0.61,8.0,4.0,2.0,0.0057
2026-10-02 08:09:52+00:00,M01,SLEEP,0.0,0.0,0.0,0.0,0.0,31.21,0.005,97.0,0.02,8.0,4.0,2.0,0.0002
2026-10-02 08:09:52+00:00,M04,RUNNING,0.0,0.0,0.0,2800.0,19.35,44.72,0.162,96.9,0.02,8.0,4.0,2.0,0.00315
2026-10-02 08:09:54+00:00,M02,RUNNING,0.0,0.0,0.0,1201.4,57.13,48.41,0.167,96.6,0.02,8.0,4.0,2.0,0.004
2026-10-02 08:09:54+00:00,M01,SLEEP,0.0,0.0,0.0,0.0,0.0,31.21,0.006,97.0,0.02,8.0,4.0,2.0,0.0002
2026-10-02 08:09:54+00:00,M03,DEGRADED,0.0,0.0,0.0,1422.3,71.09,55.22,0.65,68.9,0.61,8.0,4.0,2.0,0.00589
2026-10-02 08:09:54+00:00,M04,RUNNING,0.0,0.0,0.0,2803.7,19.52,44.72,0.137,96.9,0.02,8.0,4.0,2.0,0.00318
2026-10-02 08:09:56+00:00,M04,RUNNING,0.0,0.0,0.0,2799.1,19.8,44.76,0.156,96.9,0.02,8.0,4.0,2.0,0.00323
2026-10-02 08:09:56+00:00,M02,RUNNING,0.0,0.0,0.0,1204.7,53.26,48.45,0.159,96.7,0.02,8.0,4.0,2.0,0.00373
2026-10-02 08:09:56+00:00,M01,SLEEP,0.0,0.0,0.0,0.0,0.0,31.13,0.005,97.0,0.02,8.0,4.0,2.0,0.00019
2026-10-02 08:09:56+00:00,M03,DEGRADED,0.0,0.0,0.0,1405.2,71.99,55.27,0.674,68.5,0.62,8.0,4.0,2.0,0.00588
2026-10-02 08:09:58+00:00,M03,DEGRADED,0.0,0.0,0.0,1417.8,72.11,55.33,0.662,68.3,0.62,8.0,4.0,2.0,0.00595
2026-10-02 08:09:58+00:00,M02,RUNNING,0.0,0.0,0.0,1201.3,55.09,48.41,0.161,96.7,0.02,8.0,4.0,2.0,0.00385
2026-10-02 08:09:58+00:00,M04,RUNNING,0.0,0.0,0.0,2799.8,18.75,44.77,0.149,96.9,0.02,8.0,4.0,2.0,0.00305
2026-10-02 08:09:58+00:00,M01,SLEEP,0.0,0.0,0.0,0.0,0.0,31.12,0.005,97.0,0.02,8.0,4.0,2.0,0.0002
2026-10-02 08:10:00+00:00,M04,RUNNING,1.0,1800.0,1800.0,2797.1,19.22,44.77,0.155,96.9,0.02,8.0,4.0,2.0,0.00313
2026-10-02 08:10:00+00:00,M01,SLEEP,0.0,0.0,0.0,0.0,0.0,31.12,0.005,97.0,0.02,8.0,4.0,2.0,0.0002
2026-10-02 08:10:00+00:00,M02,RUNNING,0.0,0.0,0.0,1197.6,54.37,48.43,0.148,96.7,0.02,8.0,4.0,2.0,0.00379
2026-10-02 08:10:00+00:00,M03,DEGRADED,0.0,0.0,0.0,1420.9,72.02,55.42,0.653,68.2,0.63,8.0,4.0,2.0,0.00595
2026-10-02 08:10:02+00:00,M02,OVERLOAD,0.0,0.0,0.0,1140.2,99.65,48.59,0.389,91.9,0.21,8.0,4.0,2.0,0.00661
2026-10-02 08:10:02+00:00,M04,RUNNING,0.0,0.0,0.0,2797.8,18.7,44.78,0.149,96.9,0.02,8.0,4.0,2.0,0.00304
2026-10-02 08:10:02+00:00,M03,DEGRADED,0.0,0.0,0.0,1412.5,69.04,55.48,0.655,68.0,0.63,8.0,4.0,2.0,0.00567
2026-10-02 08:10:02+00:00,M01,SLEEP,0.0,0.0,0.0,0.0,0.0,31.13,0.006,97.0,0.02,8.0,4.0,2.0,0.00019
2026-10-02 08:10:04+00:00,M02,OVERLOAD,0.0,0.0,0.0,1131.7,101.96,48.74,0.426,88.2,0.33,8.0,4.0,2.0,0.00671
2026-10-02 08:10:04+00:00,M03,DEGRADED,1.0,1800.0,1800.0,1417.8,70.48,55.58,0.656,67.8,0.64,8.0,4.0,2.0,0.00582
2026-10-02 08:10:04+00:00,M04,RUNNING,0.0,0.0,0.0,2800.1,18.52,44.76,0.142,97.0,0.02,8.0,4.0,2.0,0.00302
2026-10-02 08:10:04+00:00,M01,SLEEP,0.0,0.0,0.0,0.0,0.0,31.04,0.007,97.0,0.02,8.0,4.0,2.0,0.00019
2026-10-02 08:10:06+00:00,M02,OVERLOAD,0.0,0.0,0.0,1147.6,99.38,48.94,0.453,85.2,0.4,8.0,4.0,2.0,0.00663
2026-10-02 08:10:06+00:00,M03,DEGRADED,0.0,0.0,0.0,1418.9,68.0,55.68,0.669,67.6,0.64,8.0,4.0,2.0,0.00561
2026-10-02 08:10:06+00:00,M04,RUNNING,0.0,0.0,0.0,2799.2,19.29,44.79,0.153,96.9,0.02,8.0,4.0,2.0,0.00314
2026-10-02 08:10:06+00:00,M01,SLEEP,0.0,0.0,0.0,0.0,0.0,31.02,0.007,97.0,0.02,8.0,4.0,2.0,0.00019
2026-10-02 08:10:08+00:00,M03,DEGRADED,0.0,0.0,0.0,1410.0,69.91,55.79,0.658,67.4,0.65,8.0,4.0,2.0,0.00573
2026-10-02 08:10:08+00:00,M01,SLEEP,0.0,0.0,0.0,0.0,0.0,31.03,0.006,97.0,0.02,8.0,4.0,2.0,0.0002
2026-10-02 08:10:08+00:00,M02,OVERLOAD,0.0,0.0,0.0,1145.4,103.01,49.07,0.453,83.0,0.46,8.0,4.0,2.0,0.00687
2026-10-02 08:10:08+00:00,M04,RUNNING,0.0,0.0,0.0,2801.5,19.12,44.76,0.153,96.9,0.02,8.0,4.0,2.0,0.00312
2026-10-02 08:10:10+00:00,M01,SLEEP,0.0,0.0,0.0,0.0,0.0,30.96,0.005,97.0,0.02,8.0,4.0,2.0,0.00019
2026-10-02 08:10:10+00:00,M03,DEGRADED,0.0,0.0,0.0,1401.6,71.86,55.9,0.684,67.0,0.65,8.0,4.0,2.0,0.00586
2026-10-02 08:10:10+00:00,M02,OVERLOAD,1.0,1800.0,1800.0,1136.2,104.0,49.24,0.45,81.3,0.49,8.0,4.0,2.0,0.00687
2026-10-02 08:10:10+00:00,M04,RUNNING,0.0,0.0,0.0,2804.7,18.84,44.81,0.136,97.0,0.02,8.0,4.0,2.0,0.00307
2026-10-02 08:10:12+00:00,M03,DEGRADED,0.0,0.0,0.0,1407.4,72.79,56.0,0.67,66.8,0.65,8.0,4.0,2.0,0.00596
2026-10-02 08:10:12+00:00,M01,SLEEP,0.0,0.0,0.0,0.0,0.0,30.91,0.005,97.0,0.02,8.0,4.0,2.0,0.00019
2026-10-02 08:10:12+00:00,M02,OVERLOAD,0.0,0.0,0.0,1147.6,98.73,49.39,0.449,80.1,0.52,8.0,4.0,2.0,0.00659
2026-10-02 08:10:12+00:00,M04,RUNNING,0.0,0.0,0.0,2801.5,19.8,44.79,0.138,97.0,0.02,8.0,4.0,2.0,0.00323
2026-10-02 08:10:14+00:00,M03,DEGRADED,0.0,0.0,0.0,1411.3,69.66,56.09,0.676,66.6,0.66,8.0,4.0,2.0,0.00572
2026-10-02 08:10:14+00:00,M02,OVERLOAD,0.0,0.0,0.0,1139.0,104.26,49.54,0.447,79.1,0.54,8.0,4.0,2.0,0.00691
2026-10-02 08:10:14+00:00,M04,RUNNING,0.0,0.0,0.0,2798.1,19.11,44.84,0.149,97.0,0.02,8.0,4.0,2.0,0.00311
2026-10-02 08:10:14+00:00,M01,SLEEP,0.0,0.0,0.0,0.0,0.0,30.91,0.006,97.0,0.02,8.0,4.0,2.0,0.00019
2026-10-02 08:10:16+00:00,M01,SLEEP,0.0,0.0,0.0,0.0,0.0,30.82,0.006,97.0,0.02,8.0,4.0,2.0,0.0002
2026-10-02 08:10:16+00:00,M04,RUNNING,0.0,0.0,0.0,2804.3,18.7,44.81,0.158,96.9,0.02,8.0,4.0,2.0,0.00305
2026-10-02 08:10:16+00:00,M03,DEGRADED,0.0,0.0,0.0,1417.8,72.43,56.22,0.679,66.3,0.65,8.0,4.0,2.0,0.00598
2026-10-02 08:10:16+00:00,M02,OVERLOAD,0.0,0.0,0.0,1151.3,99.05,49.72,0.435,78.3,0.54,8.0,4.0,2.0,0.00663
2026-10-02 08:10:18+00:00,M04,RUNNING,0.0,0.0,0.0,2795.2,18.42,44.86,0.166,96.8,0.03,8.0,4.0,2.0,0.003
2026-10-02 08:10:18+00:00,M02,OVERLOAD,0.0,0.0,0.0,1139.2,98.49,49.93,0.431,77.7,0.55,8.0,4.0,2.0,0.00653
2026-10-02 08:10:18+00:00,M03,DEGRADED,0.0,0.0,0.0,1409.6,72.17,56.31,0.677,66.1,0.66,8.0,4.0,2.0,0.00591
2026-10-02 08:10:18+00:00,M01,SLEEP,0.0,0.0,0.0,0.0,0.0,30.83,0.004,97.0,0.02,8.0,4.0,2.0,0.0002
2026-10-02 08:10:20+00:00,M01,SLEEP,0.0,0.0,0.0,0.0,0.0,30.8,0.005,97.0,0.02,8.0,4.0,2.0,0.0002
2026-10-02 08:10:20+00:00,M03,DEGRADED,0.0,0.0,0.0,1412.3,71.32,56.42,0.675,65.9,0.65,8.0,4.0,2.0,0.00586
2026-10-02 08:10:20+00:00,M04,RUNNING,0.0,0.0,0.0,2802.4,18.46,44.86,0.158,96.8,0.02,8.0,4.0,2.0,0.00301
2026-10-02 08:10:20+00:00,M02,OVERLOAD,0.0,0.0,0.0,1148.8,98.85,50.12,0.438,77.1,0.56,8.0,4.0,2.0,0.00661
2026-10-02 08:10:22+00:00,M01,SLEEP,0.0,0.0,0.0,0.0,0.0,30.75,0.006,97.0,0.02,8.0,4.0,2.0,0.00019
2026-10-02 08:10:22+00:00,M04,RUNNING,0.0,0.0,0.0,2797.6,18.86,44.82,0.148,96.9,0.02,8.0,4.0,2.0,0.00307
2026-10-02 08:10:22+00:00,M02,OVERLOAD,0.0,0.0,0.0,1149.9,99.99,50.25,0.434,76.6,0.57,8.0,4.0,2.0,0.00669
2026-10-02 08:10:22+00:00,M03,DEGRADED,0.0,0.0,0.0,1416.7,72.32,56.53,0.679,65.7,0.67,8.0,4.0,2.0,0.00596
2026-10-02 08:10:24+00:00,M02,OVERLOAD,0.0,0.0,0.0,1146.6,102.28,50.43,0.453,76.0,0.58,8.0,4.0,2.0,0.00682
2026-10-02 08:10:24+00:00,M01,SLEEP,0.0,0.0,0.0,0.0,0.0,30.72,0.005,97.0,0.02,8.0,4.0,2.0,0.0002
2026-10-02 08:10:24+00:00,M04,RUNNING,0.0,0.0,0.0,2797.3,19.76,44.79,0.138,96.9,0.02,8.0,4.0,2.0,0.00321
2026-10-02 08:10:24+00:00,M03,DEGRADED,0.0,0.0,0.0,1403.7,72.61,56.63,0.682,65.5,0.67,8.0,4.0,2.0,0.00593
2026-10-02 08:10:26+00:00,M01,SLEEP,0.0,0.0,0.0,0.0,0.0,30.66,0.007,97.0,0.02,8.0,4.0,2.0,0.0002
2026-10-02 08:10:26+00:00,M04,RUNNING,0.0,0.0,0.0,2798.0,19.15,44.81,0.142,96.9,0.02,8.0,4.0,2.0,0.00312
2026-10-02 08:10:26+00:00,M03,DEGRADED,0.0,0.0,0.0,1399.4,72.82,56.75,0.691,65.2,0.67,8.0,4.0,2.0,0.00593
2026-10-02 08:10:26+00:00,M02,OVERLOAD,0.0,0.0,0.0,1143.8,99.9,50.56,0.45,75.4,0.59,8.0,4.0,2.0,0.00665
2026-10-02 08:10:28+00:00,M03,DEGRADED,0.0,0.0,0.0,1407.0,69.31,56.86,0.68,65.0,0.68,8.0,4.0,2.0,0.00567
2026-10-02 08:10:28+00:00,M04,RUNNING,0.0,0.0,0.0,2801.0,19.59,44.83,0.145,97.0,0.02,8.0,4.0,2.0,0.00319
2026-10-02 08:10:28+00:00,M01,SLEEP,0.0,0.0,0.0,0.0,0.0,30.66,0.005,97.0,0.02,8.0,4.0,2.0,0.0002
2026-10-02 08:10:28+00:00,M02,OVERLOAD,0.0,0.0,0.0,1126.9,105.96,50.71,0.448,74.9,0.6,8.0,4.0,2.0,0.00694
2026-10-02 08:10:30+00:00,M04,RUNNING,0.0,0.0,0.0,2798.4,18.69,44.85,0.146,97.0,0.02,8.0,4.0,2.0,0.00304
2026-10-02 08:10:30+00:00,M03,DEGRADED,0.0,0.0,0.0,1399.9,73.55,56.97,0.678,64.9,0.68,8.0,4.0,2.0,0.00599
2026-10-02 08:10:30+00:00,M02,OVERLOAD,0.0,0.0,0.0,1145.1,101.16,50.92,0.439,74.5,0.61,8.0,4.0,2.0,0.00674
2026-10-02 08:10:30+00:00,M01,SLEEP,0.0,0.0,0.0,0.0,0.0,30.65,0.004,97.0,0.02,8.0,4.0,2.0,0.00019
2026-10-02 08:10:32+00:00,M03,DEGRADED,0.0,0.0,0.0,1401.8,71.11,57.1,0.688,64.6,0.69,8.0,4.0,2.0,0.0058
2026-10-02 08:10:32+00:00,M01,SLEEP,0.0,0.0,0.0,0.0,0.0,30.65,0.006,97.0,0.02,8.0,4.0,2.0,0.0002
2026-10-02 08:10:32+00:00,M04,RUNNING,0.0,0.0,0.0,2797.4,18.67,44.81,0.143,97.0,0.02,8.0,4.0,2.0,0.00304
2026-10-02 08:10:32+00:00,M02,OVERLOAD,0.0,0.0,0.0,1136.8,100.73,51.07,0.439,74.1,0.62,8.0,4.0,2.0,0.00666
2026-10-02 08:10:34+00:00,M04,RUNNING,0.0,0.0,0.0,2797.9,19.53,44.79,0.14,97.0,0.02,8.0,4.0,2.0,0.00318
2026-10-02 08:10:34+00:00,M02,OVERLOAD,0.0,0.0,0.0,1139.0,102.9,51.24,0.433,73.8,0.63,8.0,4.0,2.0,0.00682
2026-10-02 08:10:34+00:00,M03,DEGRADED,0.0,0.0,0.0,1409.8,73.01,57.2,0.708,64.3,0.69,8.0,4.0,2.0,0.00599
2026-10-02 08:10:34+00:00,M01,SLEEP,0.0,0.0,0.0,0.0,0.0,30.62,0.004,97.0,0.02,8.0,4.0,2.0,0.0002
2026-10-02 08:10:36+00:00,M01,SLEEP,0.0,0.0,0.0,0.0,0.0,30.57,0.007,97.0,0.02,8.0,4.0,2.0,0.00019
2026-10-02 08:10:36+00:00,M04,RUNNING,0.0,0.0,0.0,2802.8,18.64,44.81,0.153,97.0,0.02,8.0,4.0,2.0,0.00304
2026-10-02 08:10:36+00:00,M02,OVERLOAD,0.0,0.0,0.0,1140.8,98.37,51.43,0.432,73.4,0.63,8.0,4.0,2.0,0.00653
2026-10-02 08:10:36+00:00,M03,DEGRADED,0.0,0.0,0.0,1397.0,70.51,57.26,0.703,64.0,0.7,8.0,4.0,2.0,0.00573
2026-10-02 08:10:38+00:00,M04,RUNNING,0.0,0.0,0.0,2798.4,19.5,44.85,0.138,97.0,0.02,8.0,4.0,2.0,0.00317
2026-10-02 08:10:38+00:00,M01,SLEEP,0.0,0.0,0.0,0.0,0.0,30.57,0.006,97.0,0.02,8.0,4.0,2.0,0.00019
2026-10-02 08:10:38+00:00,M02,OVERLOAD,0.0,0.0,0.0,1130.2,102.01,51.58,0.455,72.8,0.65,8.0,4.0,2.0,0.00671
2026-10-02 08:10:38+00:00,M03,DEGRADED,0.0,0.0,0.0,1401.3,72.76,57.32,0.708,63.7,0.71,8.0,4.0,2.0,0.00593
2026-10-02 08:10:40+00:00,M01,SLEEP,0.0,0.0,0.0,0.0,0.0,30.49,0.007,97.0,0.02,8.0,4.0,2.0,0.00021
2026-10-02 08:10:40+00:00,M02,OVERLOAD,0.0,0.0,0.0,1150.8,102.86,51.75,0.46,72.3,0.65,8.0,4.0,2.0,0.00688
2026-10-02 08:10:40+00:00,M03,DEGRADED,0.0,0.0,0.0,1396.1,70.71,57.44,0.696,63.6,0.72,8.0,4.0,2.0,0.00574
2026-10-02 08:10:40+00:00,M04,RUNNING,1.0,1800.0,1800.0,2801.6,19.06,44.8,0.158,96.9,0.02,8.0,4.0,2.0,0.00311
2026-10-02 08:10:42+00:00,M01,SLEEP,0.0,0.0,0.0,0.0,0.0,30.44,0.005,97.0,0.02,8.0,4.0,2.0,0.00019
2026-10-02 08:10:42+00:00,M02,OVERLOAD,0.0,0.0,0.0,1132.3,105.39,51.92,0.459,71.8,0.67,8.0,4.0,2.0,0.00694
2026-10-02 08:10:42+00:00,M03,DEGRADED,1.0,1800.0,1800.0,1406.6,72.21,57.47,0.717,63.2,0.71,8.0,4.0,2.0,0.00591
2026-10-02 08:10:42+00:00,M04,RUNNING,0.0,0.0,0.0,2799.5,18.97,44.83,0.158,96.9,0.02,8.0,4.0,2.0,0.00309
2026-10-02 08:10:44+00:00,M01,SLEEP,0.0,0.0,0.0,0.0,0.0,30.39,0.007,97.0,0.02,8.0,4.0,2.0,0.0002
2026-10-02 08:10:44+00:00,M04,RUNNING,0.0,0.0,0.0,2795.6,19.79,44.8,0.157,96.9,0.02,8.0,4.0,2.0,0.00321
2026-10-02 08:10:44+00:00,M03,DEGRADED,0.0,0.0,0.0,1406.8,69.63,57.52,0.703,63.1,0.71,8.0,4.0,2.0,0.0057
2026-10-02 08:10:44+00:00,M02,OVERLOAD,0.0,0.0,0.0,1147.4,98.14,52.13,0.449,71.4,0.67,8.0,4.0,2.0,0.00655
2026-10-02 08:10:46+00:00,M01,SLEEP,0.0,0.0,0.0,0.0,0.0,30.36,0.005,97.0,0.02,8.0,4.0,2.0,0.00019
2026-10-02 08:10:46+00:00,M03,DEGRADED,0.0,0.0,0.0,1414.2,73.34,57.56,0.72,62.8,0.71,8.0,4.0,2.0,0.00603
2026-10-02 08:10:46+00:00,M02,OVERLOAD,1.0,1800.0,1800.0,1146.3,97.91,52.31,0.456,70.9,0.68,8.0,4.0,2.0,0.00653
2026-10-02 08:10:46+00:00,M04,RUNNING,0.0,0.0,0.0,2801.4,19.27,44.8,0.147,96.9,0.02,8.0,4.0,2.0,0.00314
2026-10-02 08:10:48+00:00,M01,SLEEP,0.0,0.0,0.0,0.0,0.0,30.28,0.006,97.0,0.02,8.0,4.0,2.0,0.0002
2026-10-02 08:10:48+00:00,M03,DEGRADED,0.0,0.0,0.0,1402.0,73.32,57.64,0.706,62.6,0.71,8.0,4.0,2.0,0.00598
2026-10-02 08:10:48+00:00,M02,OVERLOAD,0.0,0.0,0.0,1153.0,100.54,52.53,0.457,70.4,0.69,8.0,4.0,2.0,0.00675
2026-10-02 08:10:48+00:00,M04,RUNNING,0.0,0.0,0.0,2802.4,19.51,44.85,0.161,96.9,0.02,8.0,4.0,2.0,0.00318
2026-10-02 08:10:50+00:00,M04,RUNNING,0.0,0.0,0.0,2797.0,19.21,44.85,0.15,96.9,0.02,8.0,4.0,2.0,0.00313
2026-10-02 08:10:50+00:00,M02,OVERLOAD,0.0,0.0,0.0,1134.2,105.06,52.71,0.436,70.2,0.7,8.0,4.0,2.0,0.00693
2026-10-02 08:10:50+00:00,M03,DEGRADED,0.0,0.0,0.0,1409.4,69.85,57.7,0.722,62.4,0.71,8.0,4.0,2.0,0.00573
2026-10-02 08:10:50+00:00,M01,SLEEP,0.0,0.0,0.0,0.0,0.0,30.29,0.006,97.0,0.02,8.0,4.0,2.0,0.0002
2026-10-02 08:10:52+00:00,M04,RUNNING,0.0,0.0,0.0,2798.2,19.1,44.87,0.159,96.9,0.02,8.0,4.0,2.0,0.00311
2026-10-02 08:10:52+00:00,M01,SLEEP,0.0,0.0,0.0,0.0,0.0,30.24,0.004,97.0,0.02,8.0,4.0,2.0,0.0002
2026-10-02 08:10:52+00:00,M03,DEGRADED,0.0,0.0,0.0,1410.5,70.24,57.73,0.704,62.3,0.71,8.0,4.0,2.0,0.00576
2026-10-02 08:10:52+00:00,M02,OVERLOAD,0.0,0.0,0.0,1147.8,97.88,52.88,0.454,69.7,0.71,8.0,4.0,2.0,0.00653
2026-10-02 08:10:54+00:00,M02,OVERLOAD,0.0,0.0,0.0,1149.8,100.14,53.01,0.464,69.2,0.71,8.0,4.0,2.0,0.0067
2026-10-02 08:10:54+00:00,M03,DEGRADED,0.0,0.0,0.0,1394.2,73.54,57.78,0.719,62.0,0.73,8.0,4.0,2.0,0.00597
2026-10-02 08:10:54+00:00,M01,SLEEP,0.0,0.0,0.0,0.0,0.0,30.23,0.006,97.0,0.02,8.0,4.0,2.0,0.00019
2026-10-02 08:10:54+00:00,M04,RUNNING,0.0,0.0,0.0,2796.9,18.48,44.9,0.141,96.9,0.02,8.0,4.0,2.0,0.00301
2026-10-02 08:10:56+00:00,M02,OVERLOAD,0.0,0.0,0.0,1130.3,102.5,53.14,0.46,68.7,0.73,8.0,4.0,2.0,0.00674
2026-10-02 08:10:56+00:00,M04,RUNNING,0.0,0.0,0.0,2799.8,19.58,44.87,0.139,96.9,0.02,8.0,4.0,2.0,0.00319
2026-10-02 08:10:56+00:00,M03,DEGRADED,0.0,0.0,0.0,1406.2,70.37,57.83,0.72,61.8,0.72,8.0,4.0,2.0,0.00576
2026-10-02 08:10:56+00:00,M01,SLEEP,0.0,0.0,0.0,0.0,0.0,30.21,0.005,97.0,0.02,8.0,4.0,2.0,0.0002
2026-10-02 08:10:58+00:00,M03,DEGRADED,0.0,0.0,0.0,1394.2,73.43,57.87,0.713,61.7,0.73,8.0,4.0,2.0,0.00595
2026-10-02 08:10:58+00:00,M02,OVERLOAD,0.0,0.0,0.0,1141.5,103.12,53.29,0.437,68.4,0.74,8.0,4.0,2.0,0.00685
2026-10-02 08:10:58+00:00,M01,SLEEP,0.0,0.0,0.0,0.0,0.0,30.19,0.006,97.0,0.02,8.0,4.0,2.0,0.0002
2026-10-02 08:10:58+00:00,M04,RUNNING,0.0,0.0,0.0,2801.3,19.71,44.87,0.155,96.9,0.02,8.0,4.0,2.0,0.00321
2026-10-02 08:11:00+00:00,M03,DEGRADED,0.0,0.0,0.0,1410.4,70.48,57.9,0.706,61.6,0.74,8.0,4.0,2.0,0.00578
2026-10-02 08:11:00+00:00,M04,RUNNING,0.0,0.0,0.0,2798.8,19.75,44.86,0.157,96.9,0.02,8.0,4.0,2.0,0.00321
2026-10-02 08:11:00+00:00,M01,SLEEP,0.0,0.0,0.0,0.0,0.0,30.21,0.006,97.0,0.02,8.0,4.0,2.0,0.0002
2026-10-02 08:11:00+00:00,M02,OVERLOAD,0.0,0.0,0.0,1133.2,101.25,53.49,0.45,68.0,0.75,8.0,4.0,2.0,0.00667
2026-10-02 08:11:02+00:00,M02,RUNNING,0.0,0.0,0.0,1203.6,56.09,53.44,0.221,72.9,0.59,8.0,4.0,2.0,0.00393
2026-10-02 08:11:02+00:00,M03,RUNNING,0.0,0.0,0.0,1495.1,59.93,57.93,0.338,64.7,0.69,8.0,4.0,2.0,0.00522
2026-10-02 08:11:02+00:00,M04,RUNNING,0.0,0.0,0.0,2799.7,18.91,44.9,0.15,96.9,0.02,8.0,4.0,2.0,0.00308
2026-10-02 08:11:02+00:00,M01,SLEEP,0.0,0.0,0.0,0.0,0.0,30.16,0.005,97.0,0.02,8.0,4.0,2.0,0.0002
2026-10-02 08:11:04+00:00,M03,RUNNING,0.0,0.0,0.0,1498.8,58.14,58.01,0.278,67.7,0.63,8.0,4.0,2.0,0.00507
2026-10-02 08:11:04+00:00,M02,RUNNING,0.0,0.0,0.0,1200.4,58.88,53.38,0.184,77.0,0.47,8.0,4.0,2.0,0.00411
2026-10-02 08:11:04+00:00,M01,SLEEP,0.0,0.0,0.0,0.0,0.0,30.09,0.005,97.0,0.02,8.0,4.0,2.0,0.0002
2026-10-02 08:11:04+00:00,M04,RUNNING,0.0,0.0,0.0,2802.7,18.75,44.93,0.153,96.9,0.02,8.0,4.0,2.0,0.00306
2026-10-02 08:11:06+00:00,M01,SLEEP,0.0,0.0,0.0,0.0,0.0,30.1,0.006,97.0,0.02,8.0,4.0,2.0,0.00019
2026-10-02 08:11:06+00:00,M03,RUNNING,0.0,0.0,0.0,1500.9,59.62,58.01,0.244,70.5,0.55,8.0,4.0,2.0,0.0052
2026-10-02 08:11:06+00:00,M04,RUNNING,0.0,0.0,0.0,2796.6,18.96,44.91,0.145,96.9,0.02,8.0,4.0,2.0,0.00309
2026-10-02 08:11:06+00:00,M02,RUNNING,0.0,0.0,0.0,1198.9,58.81,53.36,0.177,80.3,0.38,8.0,4.0,2.0,0.00411
2026-10-02 08:11:08+00:00,M01,SLEEP,0.0,0.0,0.0,0.0,0.0,30.05,0.005,97.0,0.02,8.0,4.0,2.0,0.0002
2026-10-02 08:11:08+00:00,M04,RUNNING,0.0,0.0,0.0,2801.3,19.02,44.93,0.143,97.0,0.02,8.0,4.0,2.0,0.0031
2026-10-02 08:11:08+00:00,M03,RUNNING,0.0,0.0,0.0,1499.6,56.49,58.07,0.245,72.9,0.51,8.0,4.0,2.0,0.00493
2026-10-02 08:11:08+00:00,M02,RUNNING,0.0,0.0,0.0,1200.9,58.26,53.36,0.177,83.1,0.31,8.0,4.0,2.0,0.00407
2026-10-02 08:11:10+00:00,M01,SLEEP,0.0,0.0,0.0,0.0,0.0,30.03,0.006,97.0,0.02,8.0,4.0,2.0,0.0002
2026-10-02 08:11:10+00:00,M03,RUNNING,0.0,0.0,0.0,1502.2,58.01,58.12,0.235,75.0,0.47,8.0,4.0,2.0,0.00507
2026-10-02 08:11:10+00:00,M02,RUNNING,0.0,0.0,0.0,1195.6,57.76,53.28,0.165,85.5,0.24,8.0,4.0,2.0,0.00401
2026-10-02 08:11:10+00:00,M04,RUNNING,0.0,0.0,0.0,2803.4,18.55,44.9,0.135,97.0,0.02,8.0,4.0,2.0,0.00302
2026-10-02 08:11:12+00:00,M04,RUNNING,0.0,0.0,0.0,2796.2,18.43,44.94,0.149,97.0,0.02,8.0,4.0,2.0,0.003
2026-10-02 08:11:12+00:00,M02,RUNNING,0.0,0.0,0.0,1201.4,55.69,53.22,0.175,87.6,0.22,8.0,4.0,2.0,0.00389
2026-10-02 08:11:12+00:00,M03,RUNNING,0.0,0.0,0.0,1497.5,59.07,58.14,0.222,77.0,0.43,8.0,4.0,2.0,0.00515
2026-10-02 08:11:12+00:00,M01,SLEEP,0.0,0.0,0.0,0.0,0.0,30.01,0.005,97.0,0.02,8.0,4.0,2.0,0.00019
2026-10-02 08:11:14+00:00,M04,RUNNING,0.0,0.0,0.0,2796.3,18.79,44.89,0.154,97.0,0.02,8.0,4.0,2.0,0.00305
2026-10-02 08:11:14+00:00,M02,RUNNING,0.0,0.0,0.0,1204.0,56.96,53.12,0.154,89.6,0.18,8.0,4.0,2.0,0.00399
2026-10-02 08:11:14+00:00,M01,SLEEP,0.0,0.0,0.0,0.0,0.0,30.03,0.005,97.0,0.02,8.0,4.0,2.0,0.00021
2026-10-02 08:11:14+00:00,M03,RUNNING,0.0,0.0,0.0,1497.6,58.73,58.14,0.234,78.8,0.4,8.0,4.0,2.0,0.00511
2026-10-02 08:11:16+00:00,M04,RUNNING,0.0,0.0,0.0,2797.5,18.78,44.89,0.153,96.9,0.02,8.0,4.0,2.0,0.00306
2026-10-02 08:11:16+00:00,M02,RUNNING,0.0,0.0,0.0,1203.0,56.78,52.99,0.159,91.2,0.15,8.0,4.0,2.0,0.00398
2026-10-02 08:11:16+00:00,M03,RUNNING,1.0,1800.0,1800.0,1500.6,57.16,58.08,0.236,80.4,0.36,8.0,4.0,2.0,0.00499
2026-10-02 08:11:16+00:00,M01,SLEEP,0.0,0.0,0.0,0.0,0.0,29.96,0.004,97.0,0.02,8.0,4.0,2.0,0.00019
2026-10-02 08:11:18+00:00,M04,RUNNING,0.0,0.0,0.0,2801.3,18.81,44.86,0.15,97.0,0.02,8.0,4.0,2.0,0.00307
2026-10-02 08:11:18+00:00,M02,RUNNING,0.0,0.0,0.0,1204.8,53.04,52.96,0.165,92.3,0.13,8.0,4.0,2.0,0.00372
2026-10-02 08:11:18+00:00,M01,SLEEP,0.0,0.0,0.0,0.0,0.0,29.95,0.006,97.0,0.02,8.0,4.0,2.0,0.00019
2026-10-02 08:11:18+00:00,M03,RUNNING,0.0,0.0,0.0,1498.7,56.69,58.07,0.233,82.0,0.34,8.0,4.0,2.0,0.00494
2026-10-02 08:11:20+00:00,M03,RUNNING,0.0,0.0,0.0,1503.6,53.92,58.01,0.23,83.6,0.32,8.0,4.0,2.0,0.00472
2026-10-02 08:11:20+00:00,M04,RUNNING,1.0,1800.0,1800.0,2804.6,19.03,44.82,0.158,96.9,0.02,8.0,4.0,2.0,0.0031
2026-10-02 08:11:20+00:00,M02,RUNNING,1.0,1800.0,1800.0,1201.6,55.9,52.84,0.165,93.1,0.12,8.0,4.0,2.0,0.0039
2026-10-02 08:11:20+00:00,M01,SLEEP,0.0,0.0,0.0,0.0,0.0,29.93,0.004,97.0,0.02,8.0,4.0,2.0,0.0002
2026-10-02 08:11:22+00:00,M03,RUNNING,0.0,0.0,0.0,1503.8,54.84,57.94,0.212,85.2,0.28,8.0,4.0,2.0,0.0048
2026-10-02 08:11:22+00:00,M04,RUNNING,0.0,0.0,0.0,2800.5,19.21,44.85,0.157,96.9,0.02,8.0,4.0,2.0,0.00313
2026-10-02 08:11:22+00:00,M02,RUNNING,0.0,0.0,0.0,1200.1,55.33,52.73,0.176,93.6,0.13,8.0,4.0,2.0,0.00387
2026-10-02 08:11:22+00:00,M01,SLEEP,0.0,0.0,0.0,0.0,0.0,29.9,0.006,97.0,0.02,8.0,4.0,2.0,0.00019
2026-10-02 08:11:24+00:00,M03,RUNNING,0.0,0.0,0.0,1496.0,55.49,57.91,0.219,86.7,0.25,8.0,4.0,2.0,0.00483
2026-10-02 08:11:24+00:00,M02,RUNNING,0.0,0.0,0.0,1198.2,54.28,52.65,0.171,94.0,0.12,8.0,4.0,2.0,0.00378
2026-10-02 08:11:24+00:00,M01,SLEEP,0.0,0.0,0.0,0.0,0.0,29.91,0.006,97.0,0.02,8.0,4.0,2.0,0.0002
2026-10-02 08:11:24+00:00,M04,RUNNING,0.0,0.0,0.0,2797.2,18.79,44.88,0.159,96.9,0.02,8.0,4.0,2.0,0.00306
2026-10-02 08:11:26+00:00,M02,RUNNING,0.0,0.0,0.0,1198.5,57.27,52.55,0.152,94.3,0.11,8.0,4.0,2.0,0.00399
2026-10-02 08:11:26+00:00,M01,SLEEP,0.0,0.0,0.0,0.0,0.0,29.87,0.006,97.0,0.02,8.0,4.0,2.0,0.00019
2026-10-02 08:11:26+00:00,M04,RUNNING,0.0,0.0,0.0,2797.3,18.51,44.87,0.16,96.8,0.02,8.0,4.0,2.0,0.00301
2026-10-02 08:11:26+00:00,M03,RUNNING,0.0,0.0,0.0,1498.0,52.33,57.79,0.22,88.2,0.23,8.0,4.0,2.0,0.00456
2026-10-02 08:11:28+00:00,M02,RUNNING,0.0,0.0,0.0,1200.4,55.29,52.48,0.173,94.5,0.11,8.0,4.0,2.0,0.00386
2026-10-02 08:11:28+00:00,M01,SLEEP,0.0,0.0,0.0,0.0,0.0,29.87,0.007,97.0,0.02,8.0,4.0,2.0,0.00019
2026-10-02 08:11:28+00:00,M04,RUNNING,0.0,0.0,0.0,2799.0,18.73,44.85,0.141,96.9,0.02,8.0,4.0,2.0,0.00305
2026-10-02 08:11:28+00:00,M03,RUNNING,0.0,0.0,0.0,1504.4,52.68,57.71,0.22,89.7,0.2,8.0,4.0,2.0,0.00461
2026-10-02 08:11:30+00:00,M03,RUNNING,0.0,0.0,0.0,1498.7,51.63,57.64,0.202,91.2,0.16,8.0,4.0,2.0,0.0045
2026-10-02 08:11:30+00:00,M01,SLEEP,0.0,0.0,0.0,0.0,0.0,29.82,0.005,97.0,0.02,8.0,4.0,2.0,0.00019
2026-10-02 08:11:30+00:00,M04,RUNNING,0.0,0.0,0.0,2804.2,18.77,44.82,0.145,96.9,0.02,8.0,4.0,2.0,0.00306
2026-10-02 08:11:30+00:00,M02,RUNNING,0.0,0.0,0.0,1202.6,53.02,52.4,0.162,94.7,0.11,8.0,4.0,2.0,0.00371
2026-10-02 08:11:32+00:00,M04,RUNNING,0.0,0.0,0.0,2800.9,18.41,44.79,0.134,96.9,0.02,8.0,4.0,2.0,0.003
2026-10-02 08:11:32+00:00,M03,RUNNING,0.0,0.0,0.0,1498.3,53.1,57.5,0.208,92.2,0.15,8.0,4.0,2.0,0.00463
2026-10-02 08:11:32+00:00,M02,RUNNING,0.0,0.0,0.0,1195.2,54.06,52.33,0.145,94.9,0.11,8.0,4.0,2.0,0.00376
2026-10-02 08:11:32+00:00,M01,SLEEP,0.0,0.0,0.0,0.0,0.0,29.78,0.005,97.0,0.02,8.0,4.0,2.0,0.0002
2026-10-02 08:11:34+00:00,M02,RUNNING,0.0,0.0,0.0,1204.9,54.55,52.25,0.153,95.0,0.1,8.0,4.0,2.0,0.00382
2026-10-02 08:11:34+00:00,M04,RUNNING,0.0,0.0,0.0,2802.2,18.46,44.84,0.142,97.0,0.02,8.0,4.0,2.0,0.00301
2026-10-02 08:11:34+00:00,M01,SLEEP,0.0,0.0,0.0,0.0,0.0,29.8,0.007,97.0,0.02,8.0,4.0,2.0,0.00021
2026-10-02 08:11:34+00:00,M03,RUNNING,0.0,0.0,0.0,1499.3,53.14,57.4,0.207,93.0,0.13,8.0,4.0,2.0,0.00463
2026-10-02 08:11:36+00:00,M01,SLEEP,0.0,0.0,0.0,0.0,0.0,29.81,0.005,97.0,0.02,8.0,4.0,2.0,0.00019
2026-10-02 08:11:36+00:00,M02,RUNNING,0.0,0.0,0.0,1197.3,53.5,52.16,0.149,95.1,0.1,8.0,4.0,2.0,0.00373
2026-10-02 08:11:36+00:00,M04,RUNNING,0.0,0.0,0.0,2798.3,18.96,44.83,0.146,97.0,0.02,8.0,4.0,2.0,0.00309
2026-10-02 08:11:36+00:00,M03,RUNNING,0.0,0.0,0.0,1498.8,54.82,57.31,0.208,93.5,0.12,8.0,4.0,2.0,0.00478
2026-10-02 08:11:38+00:00,M01,SLEEP,0.0,0.0,0.0,0.0,0.0,29.82,0.006,97.0,0.02,8.0,4.0,2.0,0.0002
2026-10-02 08:11:38+00:00,M04,RUNNING,0.0,0.0,0.0,2799.8,18.49,44.81,0.157,96.9,0.02,8.0,4.0,2.0,0.00301
2026-10-02 08:11:38+00:00,M02,RUNNING,0.0,0.0,0.0,1200.8,55.11,52.11,0.16,95.2,0.08,8.0,4.0,2.0,0.00385
2026-10-02 08:11:38+00:00,M03,RUNNING,0.0,0.0,0.0,1501.2,51.61,57.26,0.195,93.9,0.12,8.0,4.0,2.0,0.00451
2026-10-02 08:11:40+00:00,M03,RUNNING,0.0,0.0,0.0,1499.9,52.99,57.13,0.209,94.1,0.12,8.0,4.0,2.0,0.00462
2026-10-02 08:11:40+00:00,M01,SLEEP,0.0,0.0,0.0,0.0,0.0,29.82,0.005,97.0,0.02,8.0,4.0,2.0,0.00019
2026-10-02 08:11:40+00:00,M04,RUNNING,0.0,0.0,0.0,2802.7,18.37,44.82,0.138,96.9,0.02,8.0,4.0,2.0,0.00299
2026-10-02 08:11:40+00:00,M02,RUNNING,0.0,0.0,0.0,1197.9,55.4,52.09,0.159,95.2,0.08,8.0,4.0,2.0,0.00386
2026-10-02 08:11:42+00:00,M03,RUNNING,0.0,0.0,0.0,1500.2,54.8,57.01,0.207,94.3,0.12,8.0,4.0,2.0,0.00479
2026-10-02 08:11:42+00:00,M04,RUNNING,0.0,0.0,0.0,2801.6,19.63,44.83,0.155,96.9,0.02,8.0,4.0,2.0,0.0032
2026-10-02 08:11:42+00:00,M01,SLEEP,0.0,0.0,0.0,0.0,0.0,29.81,0.005,97.0,0.02,8.0,4.0,2.0,0.0002
2026-10-02 08:11:42+00:00,M02,RUNNING,0.0,0.0,0.0,1197.9,53.31,52.0,0.148,95.3,0.07,8.0,4.0,2.0,0.00372
2026-10-02 08:11:44+00:00,M03,RUNNING,1.0,1800.0,1800.0,1501.5,51.5,56.96,0.2,94.5,0.11,8.0,4.0,2.0,0.00449
2026-10-02 08:11:44+00:00,M04,RUNNING,0.0,0.0,0.0,2799.0,18.95,44.88,0.146,96.9,0.02,8.0,4.0,2.0,0.00309
2026-10-02 08:11:44+00:00,M01,SLEEP,0.0,0.0,0.0,0.0,0.0,29.76,0.006,97.0,0.02,8.0,4.0,2.0,0.0002
2026-10-02 08:11:44+00:00,M02,RUNNING,0.0,0.0,0.0,1201.5,55.65,51.92,0.146,95.3,0.07,8.0,4.0,2.0,0.00389
2026-10-02 08:11:46+00:00,M01,SLEEP,0.0,0.0,0.0,0.0,0.0,29.73,0.005,97.0,0.02,8.0,4.0,2.0,0.0002
2026-10-02 08:11:46+00:00,M02,RUNNING,0.0,0.0,0.0,1197.7,56.12,51.87,0.156,95.4,0.08,8.0,4.0,2.0,0.00391
2026-10-02 08:11:46+00:00,M03,RUNNING,0.0,0.0,0.0,1496.6,52.91,56.9,0.194,94.7,0.1,8.0,4.0,2.0,0.00461
2026-10-02 08:11:46+00:00,M04,RUNNING,0.0,0.0,0.0,2800.0,18.54,44.93,0.138,97.0,0.02,8.0,4.0,2.0,0.00302
2026-10-02 08:11:48+00:00,M03,RUNNING,0.0,0.0,0.0,1501.7,54.65,56.83,0.204,94.8,0.09,8.0,4.0,2.0,0.00477
2026-10-02 08:11:48+00:00,M02,RUNNING,0.0,0.0,0.0,1201.1,53.98,51.8,0.148,95.4,0.08,8.0,4.0,2.0,0.00377
2026-10-02 08:11:48+00:00,M04,RUNNING,0.0,0.0,0.0,2801.2,18.73,44.93,0.155,96.9,0.02,8.0,4.0,2.0,0.00305
2026-10-02 08:11:48+00:00,M01,SLEEP,0.0,0.0,0.0,0.0,0.0,29.75,0.005,97.0,0.02,8.0,4.0,2.0,0.00019
2026-10-02 08:11:50+00:00,M02,RUNNING,0.0,0.0,0.0,1201.6,57.0,51.71,0.162,95.4,0.08,8.0,4.0,2.0,0.00398
2026-10-02 08:11:50+00:00,M04,RUNNING,0.0,0.0,0.0,2801.0,18.99,44.98,0.142,97.0,0.02,8.0,4.0,2.0,0.0031
2026-10-02 08:11:50+00:00,M01,SLEEP,0.0,0.0,0.0,0.0,0.0,29.72,0.005,97.0,0.02,8.0,4.0,2.0,0.0002
2026-10-02 08:11:50+00:00,M03,RUNNING,0.0,0.0,0.0,1497.2,55.19,56.72,0.204,94.8,0.1,8.0,4.0,2.0,0.00481
2026-10-02 08:11:52+00:00,M01,SLEEP,0.0,0.0,0.0,0.0,0.0,29.68,0.006,97.0,0.02,8.0,4.0,2.0,0.00019
2026-10-02 08:11:52+00:00,M04,RUNNING,0.0,0.0,0.0,2799.1,18.73,44.99,0.156,96.9,0.02,8.0,4.0,2.0,0.00305
2026-10-02 08:11:52+00:00,M03,RUNNING,0.0,0.0,0.0,1499.8,53.07,56.59,0.187,94.9,0.1,8.0,4.0,2.0,0.00463
2026-10-02 08:11:52+00:00,M02,RUNNING,0.0,0.0,0.0,1201.7,53.58,51.7,0.146,95.5,0.08,8.0,4.0,2.0,0.00375
2026-10-02 08:11:54+00:00,M01,SLEEP,0.0,0.0,0.0,0.0,0.0,29.65,0.005,97.0,0.02,8.0,4.0,2.0,0.0002
2026-10-02 08:11:54+00:00,M03,RUNNING,0.0,0.0,0.0,1503.6,51.23,56.48,0.187,95.0,0.09,8.0,4.0,2.0,0.00448
2026-10-02 08:11:54+00:00,M04,RUNNING,0.0,0.0,0.0,2799.1,19.35,45.02,0.164,96.8,0.02,8.0,4.0,2.0,0.00315
2026-10-02 08:11:54+00:00,M02,RUNNING,0.0,0.0,0.0,1201.7,55.94,51.65,0.154,95.5,0.08,8.0,4.0,2.0,0.00391
2026-10-02 08:11:56+00:00,M01,SLEEP,0.0,0.0,0.0,0.0,0.0,29.66,0.006,97.0,0.02,8.0,4.0,2.0,0.00019
2026-10-02 08:11:56+00:00,M04,RUNNING,0.0,0.0,0.0,2801.4,18.46,45.05,0.141,96.9,0.02,8.0,4.0,2.0,0.00301
2026-10-02 08:11:56+00:00,M02,RUNNING,1.0,1800.0,1800.0,1202.6,55.51,51.62,0.169,95.4,0.08,8.0,4.0,2.0,0.00388
2026-10-02 08:11:56+00:00,M03,RUNNING,0.0,0.0,0.0,1497.4,52.74,56.36,0.19,95.1,0.08,8.0,4.0,2.0,0.0046
2026-10-02 08:11:58+00:00,M02,RUNNING,0.0,0.0,0.0,1195.9,53.7,51.54,0.173,95.4,0.09,8.0,4.0,2.0,0.00374
2026-10-02 08:11:58+00:00,M01,SLEEP,0.0,0.0,0.0,0.0,0.0,29.65,0.006,97.0,0.02,8.0,4.0,2.0,0.0002
2026-10-02 08:11:58+00:00,M03,RUNNING,0.0,0.0,0.0,1497.0,54.81,56.27,0.198,95.2,0.08,8.0,4.0,2.0,0.00477
2026-10-02 08:11:58+00:00,M04,RUNNING,0.0,0.0,0.0,2799.4,19.49,45.06,0.154,96.9,0.02,8.0,4.0,2.0,0.00317
2026-10-02 08:12:00+00:00,M02,RUNNING,0.0,0.0,0.0,1198.5,53.26,51.47,0.148,95.4,0.08,8.0,4.0,2.0,0.00371
2026-10-02 08:12:00+00:00,M04,RUNNING,1.0,1800.0,1800.0,2798.4,19.45,45.05,0.161,96.8,0.02,8.0,4.0,2.0,0.00317
2026-10-02 08:12:00+00:00,M03,RUNNING,0.0,0.0,0.0,1499.4,51.64,56.16,0.203,95.2,0.08,8.0,4.0,2.0,0.00451
2026-10-02 08:12:00+00:00,M01,SLEEP,0.0,0.0,0.0,0.0,0.0,29.64,0.007,97.0,0.02,8.0,4.0,2.0,0.0002
2026-10-02 08:12:02+00:00,M04,RUNNING,0.0,0.0,0.0,2797.7,19.17,45.0,0.158,96.8,0.02,8.0,4.0,2.0,0.00312
2026-10-02 08:12:02+00:00,M01,RUNNING,1.0,1800.0,1800.0,1450.6,48.39,29.99,0.132,97.0,0.02,8.0,4.0,2.0,0.00408
2026-10-02 08:12:02+00:00,M02,RUNNING,0.0,0.0,0.0,1200.0,54.94,51.38,0.158,95.5,0.08,8.0,4.0,2.0,0.00384
2026-10-02 08:12:02+00:00,M03,RUNNING,0.0,0.0,0.0,1498.7,54.83,56.05,0.198,95.2,0.07,8.0,4.0,2.0,0.00478
2026-10-02 08:12:04+00:00,M02,RUNNING,0.0,0.0,0.0,1203.1,54.95,51.36,0.162,95.5,0.08,8.0,4.0,2.0,0.00384
2026-10-02 08:12:04+00:00,M01,RUNNING,0.0,0.0,0.0,1447.8,51.99,30.3,0.184,97.0,0.02,8.0,4.0,2.0,0.00438
2026-10-02 08:12:04+00:00,M03,RUNNING,0.0,0.0,0.0,1502.6,51.15,56.0,0.213,95.2,0.08,8.0,4.0,2.0,0.00447
2026-10-02 08:12:04+00:00,M04,RUNNING,0.0,0.0,0.0,2796.3,18.86,44.99,0.152,96.9,0.02,8.0,4.0,2.0,0.00307
2026-10-02 08:12:06+00:00,M03,RUNNING,0.0,0.0,0.0,1498.9,54.62,55.89,0.209,95.2,0.09,8.0,4.0,2.0,0.00476
2026-10-02 08:12:06+00:00,M01,RUNNING,0.0,0.0,0.0,1450.8,52.11,30.61,0.19,96.9,0.02,8.0,4.0,2.0,0.0044
2026-10-02 08:12:06+00:00,M04,RUNNING,0.0,0.0,0.0,2804.6,19.47,44.97,0.143,96.9,0.02,8.0,4.0,2.0,0.00317
2026-10-02 08:12:06+00:00,M02,RUNNING,0.0,0.0,0.0,1204.4,55.33,51.27,0.151,95.6,0.07,8.0,4.0,2.0,0.00388
2026-10-02 08:12:08+00:00,M01,RUNNING,0.0,0.0,0.0,1451.8,49.5,30.95,0.179,96.9,0.02,8.0,4.0,2.0,0.00418
2026-10-02 08:12:08+00:00,M02,RUNNING,0.0,0.0,0.0,1197.6,55.11,51.26,0.165,95.6,0.08,8.0,4.0,2.0,0.00384
2026-10-02 08:12:08+00:00,M03,RUNNING,0.0,0.0,0.0,1498.1,53.55,55.82,0.201,95.3,0.09,8.0,4.0,2.0,0.00467
2026-10-02 08:12:08+00:00,M04,RUNNING,0.0,0.0,0.0,2795.4,19.33,44.93,0.139,96.9,0.02,8.0,4.0,2.0,0.00315
2026-10-02 08:12:10+00:00,M04,RUNNING,0.0,0.0,0.0,2804.9,18.75,44.91,0.142,97.0,0.02,8.0,4.0,2.0,0.00306
2026-10-02 08:12:10+00:00,M03,RUNNING,0.0,0.0,0.0,1504.6,53.11,55.71,0.187,95.3,0.09,8.0,4.0,2.0,0.00464
2026-10-02 08:12:10+00:00,M02,RUNNING,0.0,0.0,0.0,1202.7,54.35,51.16,0.149,95.6,0.08,8.0,4.0,2.0,0.0038
2026-10-02 08:12:10+00:00,M01,RUNNING,0.0,0.0,0.0,1452.0,50.72,31.24,0.169,97.0,0.02,8.0,4.0,2.0,0.00428
2026-10-02 08:12:12+00:00,M04,RUNNING,0.0,0.0,0.0,2799.0,19.65,44.88,0.137,97.0,0.02,8.0,4.0,2.0,0.00319
2026-10-02 08:12:12+00:00,M02,RUNNING,0.0,0.0,0.0,1196.1,54.4,51.12,0.162,95.6,0.08,8.0,4.0,2.0,0.00379
2026-10-02 08:12:12+00:00,M01,RUNNING,0.0,0.0,0.0,1448.6,48.79,31.56,0.17,97.0,0.02,8.0,4.0,2.0,0.00411
2026-10-02 08:12:12+00:00,M03,RUNNING,1.0,1800.0,1800.0,1503.7,51.14,55.65,0.208,95.3,0.08,8.0,4.0,2.0,0.00448
2026-10-02 08:12:14+00:00,M04,RUNNING,0.0,0.0,0.0,2804.6,19.7,44.89,0.147,97.0,0.02,8.0,4.0,2.0,0.00322
2026-10-02 08:12:14+00:00,M02,RUNNING,0.0,0.0,0.0,1197.9,56.34,51.03,0.166,95.6,0.07,8.0,4.0,2.0,0.00392
2026-10-02 08:12:14+00:00,M01,RUNNING,0.0,0.0,0.0,1445.9,50.15,31.9,0.169,97.0,0.02,8.0,4.0,2.0,0.00422
2026-10-02 08:12:14+00:00,M03,RUNNING,0.0,0.0,0.0,1496.5,54.59,55.61,0.19,95.4,0.07,8.0,4.0,2.0,0.00475
2026-10-02 08:12:16+00:00,M02,RUNNING,0.0,0.0,0.0,1204.2,54.28,51.01,0.154,95.7,0.07,8.0,4.0,2.0,0.0038
2026-10-02 08:12:16+00:00,M03,RUNNING,0.0,0.0,0.0,1495.9,52.96,55.57,0.194,95.5,0.07,8.0,4.0,2.0,0.00461
2026-10-02 08:12:16+00:00,M04,RUNNING,0.0,0.0,0.0,2796.4,18.87,44.89,0.148,97.0,0.02,8.0,4.0,2.0,0.00307
2026-10-02 08:12:16+00:00,M01,RUNNING,0.0,0.0,0.0,1445.7,51.11,32.18,0.192,96.9,0.02,8.0,4.0,2.0,0.0043
2026-10-02 08:12:18+00:00,M02,RUNNING,0.0,0.0,0.0,1204.2,53.77,50.92,0.15,95.7,0.06,8.0,4.0,2.0,0.00377
2026-10-02 08:12:18+00:00,M03,RUNNING,0.0,0.0,0.0,1498.3,53.83,55.55,0.21,95.4,0.08,8.0,4.0,2.0,0.00469
2026-10-02 08:12:18+00:00,M01,RUNNING,0.0,0.0,0.0,1451.9,51.69,32.44,0.171,96.9,0.02,8.0,4.0,2.0,0.00437
2026-10-02 08:12:18+00:00,M04,RUNNING,0.0,0.0,0.0,2801.5,18.52,44.9,0.162,96.9,0.02,8.0,4.0,2.0,0.00301
2026-10-02 08:12:20+00:00,M01,RUNNING,0.0,0.0,0.0,1454.2,51.06,32.78,0.191,96.9,0.02,8.0,4.0,2.0,0.00431
2026-10-02 08:12:20+00:00,M03,RUNNING,0.0,0.0,0.0,1505.0,54.52,55.48,0.205,95.4,0.08,8.0,4.0,2.0,0.00477
2026-10-02 08:12:20+00:00,M04,RUNNING,0.0,0.0,0.0,2801.7,19.63,44.9,0.154,96.9,0.02,8.0,4.0,2.0,0.0032
2026-10-02 08:12:20+00:00,M02,RUNNING,0.0,0.0,0.0,1203.3,56.4,50.84,0.172,95.7,0.07,8.0,4.0,2.0,0.00395
2026-10-02 08:12:22+00:00,M01,RUNNING,0.0,0.0,0.0,1453.9,48.36,33.08,0.194,96.8,0.02,8.0,4.0,2.0,0.0041
2026-10-02 08:12:22+00:00,M03,RUNNING,0.0,0.0,0.0,1499.8,51.45,55.41,0.192,95.5,0.08,8.0,4.0,2.0,0.00449
2026-10-02 08:12:22+00:00,M02,RUNNING,0.0,0.0,0.0,1204.1,55.44,50.83,0.15,95.7,0.06,8.0,4.0,2.0,0.00388
2026-10-02 08:12:22+00:00,M04,RUNNING,0.0,0.0,0.0,2802.2,19.12,44.92,0.155,96.9,0.02,8.0,4.0,2.0,0.00312
2026-10-02 08:12:24+00:00,M02,RUNNING,0.0,0.0,0.0,1203.5,56.72,50.83,0.158,95.8,0.06,8.0,4.0,2.0,0.00397
2026-10-02 08:12:24+00:00,M04,RUNNING,0.0,0.0,0.0,2799.0,18.43,44.96,0.155,96.9,0.02,8.0,4.0,2.0,0.003
2026-10-02 08:12:24+00:00,M01,RUNNING,0.0,0.0,0.0,1448.6,50.47,33.33,0.191,96.8,0.02,8.0,4.0,2.0,0.00425
2026-10-02 08:12:24+00:00,M03,RUNNING,0.0,0.0,0.0,1503.6,51.68,55.39,0.201,95.5,0.08,8.0,4.0,2.0,0.00452
2026-10-02 08:12:26+00:00,M03,RUNNING,0.0,0.0,0.0,1495.1,52.65,55.33,0.208,95.5,0.07,8.0,4.0,2.0,0.00458
2026-10-02 08:12:26+00:00,M02,RUNNING,0.0,0.0,0.0,1202.9,56.3,50.77,0.147,95.8,0.05,8.0,4.0,2.0,0.00394
2026-10-02 08:12:26+00:00,M04,RUNNING,0.0,0.0,0.0,2799.4,18.94,44.99,0.138,96.9,0.02,8.0,4.0,2.0,0.00308
2026-10-02 08:12:26+00:00,M01,RUNNING,0.0,0.0,0.0,1447.5,48.97,33.6,0.196,96.7,0.02,8.0,4.0,2.0,0.00412
2026-10-02 08:12:28+00:00,M03,RUNNING,0.0,0.0,0.0,1500.1,54.72,55.3,0.209,95.5,0.08,8.0,4.0,2.0,0.00478
2026-10-02 08:12:28+00:00,M02,RUNNING,0.0,0.0,0.0,1203.5,54.29,50.75,0.151,95.8,0.06,8.0,4.0,2.0,0.0038
2026-10-02 08:12:28+00:00,M04,RUNNING,0.0,0.0,0.0,2795.2,18.47,44.99,0.149,96.9,0.02,8.0,4.0,2.0,0.00301
2026-10-02 08:12:28+00:00,M01,RUNNING,0.0,0.0,0.0,1449.3,51.25,33.9,0.198,96.7,0.03,8.0,4.0,2.0,0.00432
2026-10-02 08:12:30+00:00,M01,RUNNING,0.0,0.0,0.0,1446.5,50.41,34.14,0.189,96.7,0.03,8.0,4.0,2.0,0.00424
2026-10-02 08:12:30+00:00,M02,RUNNING,0.0,0.0,0.0,1199.9,54.42,50.68,0.167,95.8,0.06,8.0,4.0,2.0,0.0038
2026-10-02 08:12:30+00:00,M03,RUNNING,0.0,0.0,0.0,1499.7,54.63,55.29,0.216,95.4,0.09,8.0,4.0,2.0,0.00476
2026-10-02 08:12:30+00:00,M04,RUNNING,0.0,0.0,0.0,2800.0,18.48,45.04,0.146,97.0,0.02,8.0,4.0,2.0,0.00301
2026-10-02 08:12:32+00:00,M03,RUNNING,0.0,0.0,0.0,1503.4,51.5,55.19,0.217,95.4,0.08,8.0,4.0,2.0,0.00451
2026-10-02 08:12:32+00:00,M02,RUNNING,1.0,1800.0,1800.0,1200.4,53.61,50.61,0.171,95.8,0.07,8.0,4.0,2.0,0.00375
2026-10-02 08:12:32+00:00,M04,RUNNING,0.0,0.0,0.0,2800.6,18.93,45.06,0.135,97.0,0.02,8.0,4.0,2.0,0.00308
2026-10-02 08:12:32+00:00,M01,RUNNING,1.0,1800.0,1800.0,1453.2,51.0,34.37,0.188,96.7,0.02,8.0,4.0,2.0,0.00432
2026-10-02 08:12:34+00:00,M01,RUNNING,0.0,0.0,0.0,1453.4,48.81,34.61,0.185,96.8,0.02,8.0,4.0,2.0,0.00412
2026-10-02 08:12:34+00:00,M02,RUNNING,0.0,0.0,0.0,1202.7,53.43,50.6,0.168,95.8,0.06,8.0,4.0,2.0,0.00373
2026-10-02 08:12:34+00:00,M04,RUNNING,0.0,0.0,0.0,2797.4,18.61,45.06,0.137,97.0,0.02,8.0,4.0,2.0,0.00303
2026-10-02 08:12:34+00:00,M03,RUNNING,0.0,0.0,0.0,1496.0,53.07,55.11,0.211,95.4,0.08,8.0,4.0,2.0,0.00462
2026-10-02 08:12:36+00:00,M01,RUNNING,0.0,0.0,0.0,1447.0,49.32,34.84,0.173,96.8,0.02,8.0,4.0,2.0,0.00415
2026-10-02 08:12:36+00:00,M02,RUNNING,0.0,0.0,0.0,1197.5,55.38,50.51,0.152,95.8,0.05,8.0,4.0,2.0,0.00386
2026-10-02 08:12:36+00:00,M04,RUNNING,0.0,0.0,0.0,2803.1,18.4,45.05,0.133,97.0,0.02,8.0,4.0,2.0,0.003
2026-10-02 08:12:36+00:00,M03,RUNNING,0.0,0.0,0.0,1500.1,55.1,55.04,0.192,95.5,0.07,8.0,4.0,2.0,0.00481
2026-10-02 08:12:38+00:00,M04,RUNNING,0.0,0.0,0.0,2795.1,19.46,45.04,0.154,96.9,0.02,8.0,4.0,2.0,0.00317
2026-10-02 08:12:38+00:00,M01,RUNNING,0.0,0.0,0.0,1453.5,49.14,35.11,0.19,96.8,0.03,8.0,4.0,2.0,0.00416
2026-10-02 08:12:38+00:00,M02,RUNNING,0.0,0.0,0.0,1204.8,52.92,50.47,0.163,95.9,0.06,8.0,4.0,2.0,0.00371
2026-10-02 08:12:38+00:00,M03,RUNNING,0.0,0.0,0.0,1501.2,53.74,54.95,0.206,95.6,0.07,8.0,4.0,2.0,0.00469
2026-10-02 08:12:40+00:00,M04,RUNNING,1.0,1800.0,1800.0,2796.4,18.47,45.09,0.149,97.0,0.02,8.0,4.0,2.0,0.003
2026-10-02 08:12:40+00:00,M03,RUNNING,1.0,1800.0,1800.0,1500.1,55.32,54.94,0.192,95.6,0.06,8.0,4.0,2.0,0.00483
2026-10-02 08:12:40+00:00,M01,RUNNING,0.0,0.0,0.0,1453.8,48.77,35.35,0.192,96.8,0.03,8.0,4.0,2.0,0.00412
2026-10-02 08:12:40+00:00,M02,RUNNING,0.0,0.0,0.0,1201.6,55.29,50.38,0.15,95.9,0.06,8.0,4.0,2.0,0.00387
2026-10-02 08:12:42+00:00,M04,RUNNING,0.0,0.0,0.0,2799.7,18.45,45.09,0.155,96.9,0.02,8.0,4.0,2.0,0.00301
2026-10-02 08:12:42+00:00,M02,RUNNING,0.0,0.0,0.0,1199.0,54.74,50.37,0.172,95.9,0.06,8.0,4.0,2.0,0.00381
2026-10-02 08:12:42+00:00,M03,RUNNING,0.0,0.0,0.0,1495.9,55.33,54.92,0.187,95.7,0.07,8.0,4.0,2.0,0.00481
2026-10-02 08:12:42+00:00,M01,RUNNING,0.0,0.0,0.0,1446.1,50.57,35.57,0.168,96.8,0.02,8.0,4.0,2.0,0.00426
2026-10-02 08:12:44+00:00,M04,RUNNING,0.0,0.0,0.0,2800.6,19.2,45.13,0.147,96.9,0.02,8.0,4.0,2.0,0.00312
2026-10-02 08:12:44+00:00,M02,RUNNING,0.0,0.0,0.0,1198.0,57.44,50.36,0.158,95.9,0.06,8.0,4.0,2.0,0.00401
2026-10-02 08:12:44+00:00,M03,RUNNING,0.0,0.0,0.0,1500.6,54.87,54.84,0.203,95.7,0.07,8.0,4.0,2.0,0.00479
2026-10-02 08:12:44+00:00,M01,RUNNING,0.0,0.0,0.0,1450.8,52.0,35.86,0.183,96.9,0.02,8.0,4.0,2.0,0.00439
2026-10-02 08:12:46+00:00,M03,RUNNING,0.0,0.0,0.0,1502.8,52.45,54.83,0.203,95.7,0.07,8.0,4.0,2.0,0.00459
2026-10-02 08:12:46+00:00,M04,RUNNING,0.0,0.0,0.0,2804.1,18.89,45.08,0.141,96.9,0.02,8.0,4.0,2.0,0.00309
2026-10-02 08:12:46+00:00,M02,RUNNING,0.0,0.0,0.0,1202.8,53.98,50.29,0.168,95.9,0.06,8.0,4.0,2.0,0.00378
2026-10-02 08:12:46+00:00,M01,RUNNING,0.0,0.0,0.0,1449.6,50.45,36.13,0.188,96.8,0.02,8.0,4.0,2.0,0.00425
2026-10-02 08:12:48+00:00,M01,RUNNING,0.0,0.0,0.0,1453.8,48.72,36.36,0.171,96.9,0.02,8.0,4.0,2.0,0.00412
2026-10-02 08:12:48+00:00,M02,RUNNING,0.0,0.0,0.0,1202.7,54.86,50.21,0.16,96.0,0.05,8.0,4.0,2.0,0.00383
2026-10-02 08:12:48+00:00,M04,RUNNING,0.0,0.0,0.0,2803.3,18.62,45.08,0.145,96.9,0.02,8.0,4.0,2.0,0.00303
2026-10-02 08:12:48+00:00,M03,RUNNING,0.0,0.0,0.0,1496.2,51.29,54.76,0.214,95.7,0.08,8.0,4.0,2.0,0.00446
2026-10-02 08:12:50+00:00,M03,RUNNING,0.0,0.0,0.0,1495.8,53.52,54.7,0.198,95.8,0.06,8.0,4.0,2.0,0.00466
2026-10-02 08:12:50+00:00,M02,RUNNING,0.0,0.0,0.0,1196.3,56.44,50.2,0.16,96.0,0.05,8.0,4.0,2.0,0.00393
2026-10-02 08:12:50+00:00,M04,RUNNING,0.0,0.0,0.0,2800.9,19.71,45.07,0.144,97.0,0.02,8.0,4.0,2.0,0.00321
2026-10-02 08:12:50+00:00,M01,RUNNING,0.0,0.0,0.0,1446.8,50.62,36.57,0.166,96.9,0.02,8.0,4.0,2.0,0.00426
2026-10-02 08:12:52+00:00,M02,RUNNING,0.0,0.0,0.0,1198.3,55.95,50.12,0.146,96.1,0.05,8.0,4.0,2.0,0.0039
2026-10-02 08:12:52+00:00,M01,RUNNING,0.0,0.0,0.0,1447.3,51.28,36.8,0.164,96.9,0.02,8.0,4.0,2.0,0.00432
2026-10-02 08:12:52+00:00,M03,RUNNING,0.0,0.0,0.0,1495.1,51.65,54.68,0.187,95.8,0.06,8.0,4.0,2.0,0.00449
2026-10-02 08:12:52+00:00,M04,RUNNING,0.0,0.0,0.0,2802.1,18.79,45.07,0.159,96.9,0.02,8.0,4.0,2.0,0.00307
2026-10-02 08:12:54+00:00,M03,RUNNING,0.0,0.0,0.0,1500.7,53.17,54.65,0.199,95.8,0.05,8.0,4.0,2.0,0.00464
2026-10-02 08:12:54+00:00,M01,RUNNING,0.0,0.0,0.0,1447.8,49.85,36.97,0.184,96.9,0.02,8.0,4.0,2.0,0.0042
2026-10-02 08:12:54+00:00,M02,RUNNING,0.0,0.0,0.0,1196.1,53.41,50.11,0.15,96.1,0.05,8.0,4.0,2.0,0.00372
2026-10-02 08:12:54+00:00,M04,RUNNING,0.0,0.0,0.0,2798.5,19.64,45.12,0.162,96.8,0.03,8.0,4.0,2.0,0.00319
2026-10-02 08:12:56+00:00,M04,RUNNING,0.0,0.0,0.0,2796.7,18.94,45.08,0.142,96.9,0.02,8.0,4.0,2.0,0.00308
2026-10-02 08:12:56+00:00,M02,RUNNING,0.0,0.0,0.0,1198.7,53.59,50.06,0.152,96.1,0.05,8.0,4.0,2.0,0.00374
2026-10-02 08:12:56+00:00,M01,RUNNING,0.0,0.0,0.0,1454.8,52.08,37.19,0.182,96.9,0.02,8.0,4.0,2.0,0.0044
2026-10-02 08:12:56+00:00,M03,RUNNING,0.0,0.0,0.0,1497.7,53.85,54.64,0.187,95.9,0.04,8.0,4.0,2.0,0.00469
2026-10-02 08:12:58+00:00,M01,RUNNING,0.0,0.0,0.0,1451.7,51.88,37.36,0.171,97.0,0.02,8.0,4.0,2.0,0.00439
2026-10-02 08:12:58+00:00,M04,RUNNING,0.0,0.0,0.0,2796.7,19.27,45.05,0.146,96.9,0.02,8.0,4.0,2.0,0.00314
2026-10-02 08:12:58+00:00,M02,RUNNING,0.0,0.0,0.0,1195.8,55.34,50.0,0.153,96.1,0.04,8.0,4.0,2.0,0.00384
2026-10-02 08:12:58+00:00,M03,RUNNING,0.0,0.0,0.0,1501.5,53.81,54.63,0.205,95.9,0.05,8.0,4.0,2.0,0.0047
2026-10-02 08:13:00+00:00,M03,RUNNING,0.0,0.0,0.0,1503.0,54.5,54.54,0.208,95.8,0.05,8.0,4.0,2.0,0.00477
2026-10-02 08:13:00+00:00,M02,RUNNING,0.0,0.0,0.0,1201.5,56.99,50.02,0.169,96.1,0.05,8.0,4.0,2.0,0.00399
2026-10-02 08:13:00+00:00,M04,RUNNING,0.0,0.0,0.0,2804.7,18.67,45.03,0.142,96.9,0.02,8.0,4.0,2.0,0.00305
2026-10-02 08:13:00+00:00,M01,RUNNING,0.0,0.0,0.0,1446.7,51.48,37.54,0.188,96.9,0.02,8.0,4.0,2.0,0.00433
2026-10-02 08:13:02+00:00,M02,RUNNING,0.0,0.0,0.0,1202.4,55.13,50.02,0.174,96.0,0.06,8.0,4.0,2.0,0.00385
2026-10-02 08:13:02+00:00,M03,RUNNING,0.0,0.0,0.0,1504.7,52.32,54.53,0.209,95.8,0.06,8.0,4.0,2.0,0.00458
2026-10-02 08:13:02+00:00,M01,IDLE,0.0,0.0,0.0,16.396490246884706,3.75,37.39,0.064,96.9,0.02,8.0,4.0,2.0,0.00073
2026-10-02 08:13:02+00:00,M04,RUNNING,0.0,0.0,0.0,2799.0,19.33,45.02,0.143,96.9,0.02,8.0,4.0,2.0,0.00314
2026-10-02 08:13:04+00:00,M03,RUNNING,0.0,0.0,0.0,1496.7,51.28,54.48,0.189,95.9,0.05,8.0,4.0,2.0,0.00446
2026-10-02 08:13:04+00:00,M01,IDLE,0.0,0.0,0.0,10.385955841749183,3.75,37.25,0.048,97.0,0.02,8.0,4.0,2.0,0.00071
2026-10-02 08:13:04+00:00,M02,RUNNING,0.0,0.0,0.0,1196.0,56.15,50.04,0.15,96.1,0.05,8.0,4.0,2.0,0.00391
2026-10-02 08:13:04+00:00,M04,RUNNING,0.0,0.0,0.0,2796.4,19.82,45.07,0.151,96.9,0.02,8.0,4.0,2.0,0.00323
2026-10-02 08:13:06+00:00,M04,RUNNING,0.0,0.0,0.0,2804.0,19.8,45.11,0.14,96.9,0.02,8.0,4.0,2.0,0.00323
2026-10-02 08:13:06+00:00,M03,RUNNING,0.0,0.0,0.0,1500.6,53.8,54.41,0.209,95.9,0.06,8.0,4.0,2.0,0.0047
2026-10-02 08:13:06+00:00,M01,IDLE,0.0,0.0,0.0,10.428997722831303,3.75,37.17,0.046,97.0,0.02,8.0,4.0,2.0,0.00075
2026-10-02 08:13:06+00:00,M02,RUNNING,0.0,0.0,0.0,1203.9,56.42,50.04,0.164,96.1,0.05,8.0,4.0,2.0,0.00395
2026-10-02 08:13:08+00:00,M03,RUNNING,1.0,1800.0,1800.0,1499.7,51.74,54.41,0.192,95.9,0.05,8.0,4.0,2.0,0.00451
2026-10-02 08:13:08+00:00,M01,IDLE,0.0,0.0,0.0,12.291019884537263,3.75,37.1,0.04,97.0,0.02,8.0,4.0,2.0,0.00076
2026-10-02 08:13:08+00:00,M04,RUNNING,0.0,0.0,0.0,2795.3,19.61,45.11,0.151,96.9,0.02,8.0,4.0,2.0,0.00319
2026-10-02 08:13:08+00:00,M02,RUNNING,1.0,1800.0,1800.0,1203.2,54.21,49.98,0.157,96.1,0.04,8.0,4.0,2.0,0.0038
2026-10-02 08:13:10+00:00,M04,RUNNING,0.0,0.0,0.0,2799.3,19.73,45.16,0.156,96.9,0.02,8.0,4.0,2.0,0.00321
2026-10-02 08:13:10+00:00,M01,IDLE,0.0,0.0,0.0,19.351173103839784,3.75,37.03,0.044,97.0,0.02,8.0,4.0,2.0,0.00077
2026-10-02 08:13:10+00:00,M02,RUNNING,0.0,0.0,0.0,1197.6,56.12,49.92,0.159,96.1,0.04,8.0,4.0,2.0,0.00391
2026-10-02 08:13:10+00:00,M03,RUNNING,0.0,0.0,0.0,1499.8,52.02,54.37,0.204,95.9,0.06,8.0,4.0,2.0,0.00454
2026-10-02 08:13:12+00:00,M01,IDLE,0.0,0.0,0.0,13.593860259206116,3.75,36.94,0.048,97.0,0.02,8.0,4.0,2.0,0.00077
2026-10-02 08:13:12+00:00,M03,RUNNING,0.0,0.0,0.0,1502.0,54.75,54.36,0.195,96.0,0.06,8.0,4.0,2.0,0.00479
2026-10-02 08:13:12+00:00,M04,RUNNING,0.0,0.0,0.0,2800.9,19.27,45.11,0.161,96.8,0.02,8.0,4.0,2.0,0.00314
2026-10-02 08:13:12+00:00,M02,RUNNING,0.0,0.0,0.0,1202.1,56.1,49.85,0.149,96.2,0.04,8.0,4.0,2.0,0.00392
2026-10-02 08:13:14+00:00,M03,RUNNING,0.0,0.0,0.0,1502.8,54.62,54.34,0.211,95.9,0.06,8.0,4.0,2.0,0.00477
2026-10-02 08:13:14+00:00,M02,RUNNING,0.0,0.0,0.0,1197.2,54.15,49.81,0.15,96.2,0.03,8.0,4.0,2.0,0.00377
2026-10-02 08:13:14+00:00,M04,RUNNING,0.0,0.0,0.0,2799.2,18.75,45.11,0.137,96.9,0.02,8.0,4.0,2.0,0.00305
2026-10-02 08:13:14+00:00,M01,IDLE,0.0,0.0,0.0,17.525795665711474,3.75,36.79,0.032,97.0,0.02,8.0,4.0,2.0,0.00073
2026-10-02 08:13:16+00:00,M01,IDLE,0.0,0.0,0.0,12.861094793238152,3.75,36.69,0.031,97.0,0.02,8.0,4.0,2.0,0.00074
2026-10-02 08:13:16+00:00,M03,RUNNING,0.0,0.0,0.0,1500.1,51.81,54.34,0.214,95.9,0.06,8.0,4.0,2.0,0.00452
2026-10-02 08:13:16+00:00,M02,RUNNING,0.0,0.0,0.0,1200.1,53.18,49.75,0.166,96.2,0.04,8.0,4.0,2.0,0.00371
2026-10-02 08:13:16+00:00,M04,RUNNING,0.0,0.0,0.0,2802.2,19.02,45.12,0.152,96.9,0.02,8.0,4.0,2.0,0.0031
2026-10-02 08:13:18+00:00,M02,RUNNING,0.0,0.0,0.0,1200.0,56.76,49.69,0.164,96.2,0.04,8.0,4.0,2.0,0.00396
2026-10-02 08:13:18+00:00,M01,IDLE,0.0,0.0,0.0,13.963789092492053,3.75,36.59,0.031,97.0,0.02,8.0,4.0,2.0,0.00076
2026-10-02 08:13:18+00:00,M03,RUNNING,0.0,0.0,0.0,1495.5,54.15,54.25,0.216,95.8,0.06,8.0,4.0,2.0,0.00471
2026-10-02 08:13:18+00:00,M04,RUNNING,0.0,0.0,0.0,2799.8,19.69,45.15,0.142,96.9,0.02,8.0,4.0,2.0,0.00321
2026-10-02 08:13:20+00:00,M01,IDLE,0.0,0.0,0.0,19.190861147502243,3.75,36.51,0.049,97.0,0.02,8.0,4.0,2.0,0.00075
2026-10-02 08:13:20+00:00,M03,RUNNING,0.0,0.0,0.0,1500.9,52.14,54.23,0.193,95.9,0.06,8.0,4.0,2.0,0.00456
2026-10-02 08:13:20+00:00,M04,RUNNING,1.0,1800.0,1800.0,2801.0,19.6,45.11,0.163,96.8,0.02,8.0,4.0,2.0,0.0032
2026-10-02 08:13:20+00:00,M02,RUNNING,0.0,0.0,0.0,1201.9,54.03,49.64,0.15,96.2,0.04,8.0,4.0,2.0,0.00378
2026-10-02 08:13:22+00:00,M01,IDLE,0.0,0.0,0.0,10.021841786945235,3.75,36.4,0.045,97.0,0.02,8.0,4.0,2.0,0.00079
2026-10-02 08:13:22+00:00,M04,RUNNING,0.0,0.0,0.0,2801.3,19.65,45.1,0.138,96.9,0.02,8.0,4.0,2.0,0.0032
2026-10-02 08:13:22+00:00,M02,RUNNING,0.0,0.0,0.0,1198.0,54.28,49.65,0.149,96.3,0.04,8.0,4.0,2.0,0.00378
2026-10-02 08:13:22+00:00,M03,RUNNING,0.0,0.0,0.0,1501.0,51.82,54.15,0.198,96.0,0.05,8.0,4.0,2.0,0.00452
2026-10-02 08:13:24+00:00,M01,IDLE,0.0,0.0,0.0,10.890776293393435,3.75,36.34,0.05,97.0,0.02,8.0,4.0,2.0,0.00077
2026-10-02 08:13:24+00:00,M04,RUNNING,0.0,0.0,0.0,2797.3,19.89,45.11,0.149,96.9,0.02,8.0,4.0,2.0,0.00323
2026-10-02 08:13:24+00:00,M02,RUNNING,0.0,0.0,0.0,1200.7,54.94,49.62,0.162,96.3,0.04,8.0,4.0,2.0,0.00384
2026-10-02 08:13:24+00:00,M03,RUNNING,0.0,0.0,0.0,1501.3,52.77,54.12,0.194,96.0,0.05,8.0,4.0,2.0,0.00461
2026-10-02 08:13:26+00:00,M03,RUNNING,0.0,0.0,0.0,1499.5,51.28,54.08,0.19,96.1,0.04,8.0,4.0,2.0,0.00447
2026-10-02 08:13:26+00:00,M04,RUNNING,0.0,0.0,0.0,2796.3,19.64,45.14,0.151,96.9,0.02,8.0,4.0,2.0,0.0032
2026-10-02 08:13:26+00:00,M02,RUNNING,0.0,0.0,0.0,1203.7,54.58,49.54,0.169,96.2,0.04,8.0,4.0,2.0,0.00382
2026-10-02 08:13:26+00:00,M01,IDLE,0.0,0.0,0.0,12.929923233674637,3.75,36.18,0.039,97.0,0.02,8.0,4.0,2.0,0.00075
2026-10-02 08:13:28+00:00,M02,RUNNING,0.0,0.0,0.0,1201.3,57.02,49.48,0.161,96.3,0.04,8.0,4.0,2.0,0.00399
2026-10-02 08:13:28+00:00,M01,IDLE,0.0,0.0,0.0,13.857967740464709,3.75,36.07,0.04,97.0,0.02,8.0,4.0,2.0,0.00073
2026-10-02 08:13:28+00:00,M04,RUNNING,0.0,0.0,0.0,2801.4,19.21,45.12,0.144,96.9,0.02,8.0,4.0,2.0,0.00313
2026-10-02 08:13:28+00:00,M03,RUNNING,0.0,0.0,0.0,1502.4,54.53,54.08,0.185,96.1,0.04,8.0,4.0,2.0,0.00477
2026-10-02 08:13:30+00:00,M02,RUNNING,0.0,0.0,0.0,1200.1,55.35,49.43,0.162,96.3,0.04,8.0,4.0,2.0,0.00386
2026-10-02 08:13:30+00:00,M01,IDLE,0.0,0.0,0.0,18.770519569475482,3.75,36.01,0.035,97.0,0.02,8.0,4.0,2.0,0.00072
2026-10-02 08:13:30+00:00,M04,RUNNING,0.0,0.0,0.0,2804.1,19.59,45.12,0.143,96.9,0.02,8.0,4.0,2.0,0.0032
2026-10-02 08:13:30+00:00,M03,RUNNING,0.0,0.0,0.0,1497.4,52.09,54.04,0.189,96.1,0.03,8.0,4.0,2.0,0.00454
2026-10-02 08:13:32+00:00,M01,IDLE,0.0,0.0,0.0,19.435032959716636,3.75,35.9,0.032,97.0,0.02,8.0,4.0,2.0,0.00072
2026-10-02 08:13:32+00:00,M02,RUNNING,0.0,0.0,0.0,1196.6,54.21,49.4,0.16,96.4,0.03,8.0,4.0,2.0,0.00378
2026-10-02 08:13:32+00:00,M04,RUNNING,0.0,0.0,0.0,2802.8,18.83,45.12,0.136,96.9,0.02,8.0,4.0,2.0,0.00307
2026-10-02 08:13:32+00:00,M03,RUNNING,0.0,0.0,0.0,1499.1,52.56,53.97,0.183,96.2,0.04,8.0,4.0,2.0,0.00458
2026-10-02 08:13:34+00:00,M01,IDLE,0.0,0.0,0.0,17.504375420988154,3.75,35.8,0.048,97.0,0.02,8.0,4.0,2.0,0.00078
2026-10-02 08:13:34+00:00,M02,RUNNING,0.0,0.0,0.0,1197.2,56.68,49.42,0.171,96.3,0.04,8.0,4.0,2.0,0.00394
2026-10-02 08:13:34+00:00,M03,RUNNING,0.0,0.0,0.0,1497.9,54.3,53.98,0.19,96.2,0.04,8.0,4.0,2.0,0.00473
2026-10-02 08:13:34+00:00,M04,RUNNING,0.0,0.0,0.0,2802.4,18.44,45.09,0.151,96.9,0.02,8.0,4.0,2.0,0.003
2026-10-02 08:13:36+00:00,M02,RUNNING,0.0,0.0,0.0,1204.5,53.64,49.4,0.155,96.3,0.04,8.0,4.0,2.0,0.00376
2026-10-02 08:13:36+00:00,M03,RUNNING,1.0,1800.0,1800.0,1501.7,52.65,53.93,0.199,96.2,0.03,8.0,4.0,2.0,0.0046
2026-10-02 08:13:36+00:00,M04,RUNNING,0.0,0.0,0.0,2803.2,18.94,45.08,0.156,96.9,0.02,8.0,4.0,2.0,0.00309
2026-10-02 08:13:36+00:00,M01,IDLE,0.0,0.0,0.0,19.727858242256236,3.75,35.74,0.044,97.0,0.02,8.0,4.0,2.0,0.00073
2026-10-02 08:13:38+00:00,M03,RUNNING,0.0,0.0,0.0,1504.0,51.67,53.91,0.203,96.2,0.04,8.0,4.0,2.0,0.00452
2026-10-02 08:13:38+00:00,M02,RUNNING,0.0,0.0,0.0,1201.8,55.38,49.41,0.16,96.4,0.03,8.0,4.0,2.0,0.00387
2026-10-02 08:13:38+00:00,M01,IDLE,0.0,0.0,0.0,15.398391873070647,3.75,35.62,0.05,97.0,0.02,8.0,4.0,2.0,0.00079
2026-10-02 08:13:38+00:00,M04,RUNNING,0.0,0.0,0.0,2800.3,18.83,45.07,0.162,96.8,0.03,8.0,4.0,2.0,0.00307
2026-10-02 08:13:40+00:00,M02,RUNNING,0.0,0.0,0.0,1196.0,53.42,49.41,0.159,96.4,0.03,8.0,4.0,2.0,0.00372
2026-10-02 08:13:40+00:00,M03,RUNNING,0.0,0.0,0.0,1498.3,53.38,53.87,0.189,96.2,0.04,8.0,4.0,2.0,0.00466
2026-10-02 08:13:40+00:00,M04,RUNNING,0.0,0.0,0.0,2797.4,19.3,45.03,0.167,96.8,0.03,8.0,4.0,2.0,0.00314
2026-10-02 08:13:40+00:00,M01,IDLE,0.0,0.0,0.0,16.31579372192113,3.75,35.48,0.049,97.0,0.02,8.0,4.0,2.0,0.00076
2026-10-02 08:13:42+00:00,M01,IDLE,0.0,0.0,0.0,15.437654128606827,3.75,35.42,0.048,97.0,0.02,8.0,4.0,2.0,0.00074
2026-10-02 08:13:42+00:00,M04,RUNNING,0.0,0.0,0.0,2802.7,19.23,45.05,0.156,96.8,0.02,8.0,4.0,2.0,0.00313
2026-10-02 08:13:42+00:00,M03,RUNNING,0.0,0.0,0.0,1499.7,52.34,53.83,0.195,96.2,0.04,8.0,4.0,2.0,0.00456
2026-10-02 08:13:42+00:00,M02,RUNNING,0.0,0.0,0.0,1198.9,56.01,49.39,0.172,96.3,0.03,8.0,4.0,2.0,0.00391
2026-10-02 08:13:44+00:00,M01,IDLE,0.0,0.0,0.0,18.958265199140236,3.75,35.36,0.028,97.0,0.02,8.0,4.0,2.0,0.00071
2026-10-02 08:13:44+00:00,M02,RUNNING,1.0,1800.0,1800.0,1202.2,54.41,49.35,0.156,96.4,0.02,8.0,4.0,2.0,0.0038
2026-10-02 08:13:44+00:00,M04,RUNNING,0.0,0.0,0.0,2797.8,19.66,45.06,0.161,96.8,0.02,8.0,4.0,2.0,0.0032
2026-10-02 08:13:44+00:00,M03,RUNNING,0.0,0.0,0.0,1499.2,54.03,53.78,0.208,96.2,0.04,8.0,4.0,2.0,0.00471
2026-10-02 08:13:46+00:00,M02,RUNNING,0.0,0.0,0.0,1198.4,56.34,49.29,0.148,96.4,0.02,8.0,4.0,2.0,0.00393
2026-10-02 08:13:46+00:00,M04,RUNNING,0.0,0.0,0.0,2797.5,18.72,45.1,0.15,96.8,0.02,8.0,4.0,2.0,0.00305
2026-10-02 08:13:46+00:00,M03,RUNNING,0.0,0.0,0.0,1499.1,55.19,53.75,0.199,96.2,0.04,8.0,4.0,2.0,0.00482
2026-10-02 08:13:46+00:00,M01,IDLE,0.0,0.0,0.0,16.18092632608544,3.75,35.3,0.022,97.0,0.02,8.0,4.0,2.0,0.00072
2026-10-02 08:13:48+00:00,M03,RUNNING,0.0,0.0,0.0,1501.7,51.16,53.75,0.194,96.2,0.04,8.0,4.0,2.0,0.00447
2026-10-02 08:13:48+00:00,M04,RUNNING,0.0,0.0,0.0,2801.7,18.73,45.1,0.153,96.8,0.02,8.0,4.0,2.0,0.00305
2026-10-02 08:13:48+00:00,M01,IDLE,0.0,0.0,0.0,10.562686487871083,3.75,35.23,0.039,97.0,0.02,8.0,4.0,2.0,0.00077
2026-10-02 08:13:48+00:00,M02,RUNNING,0.0,0.0,0.0,1198.4,56.48,49.23,0.165,96.4,0.02,8.0,4.0,2.0,0.00394
2026-10-02 08:13:50+00:00,M02,RUNNING,0.0,0.0,0.0,1199.0,57.06,49.19,0.16,96.4,0.02,8.0,4.0,2.0,0.00398
2026-10-02 08:13:50+00:00,M04,RUNNING,0.0,0.0,0.0,2799.1,19.84,45.15,0.143,96.9,0.02,8.0,4.0,2.0,0.00323
2026-10-02 08:13:50+00:00,M01,IDLE,0.0,0.0,0.0,16.799745185051528,3.75,35.16,0.035,97.0,0.02,8.0,4.0,2.0,0.00078
2026-10-02 08:13:50+00:00,M03,RUNNING,0.0,0.0,0.0,1497.1,55.24,53.73,0.19,96.3,0.04,8.0,4.0,2.0,0.00481
2026-10-02 08:13:52+00:00,M02,RUNNING,0.0,0.0,0.0,1204.0,54.3,49.21,0.146,96.5,0.02,8.0,4.0,2.0,0.0038
2026-10-02 08:13:52+00:00,M01,IDLE,0.0,0.0,0.0,12.542870161086833,3.75,35.1,0.044,97.0,0.02,8.0,4.0,2.0,0.00078
2026-10-02 08:13:52+00:00,M04,RUNNING,0.0,0.0,0.0,2797.5,19.1,45.12,0.162,96.8,0.03,8.0,4.0,2.0,0.00311
2026-10-02 08:13:52+00:00,M03,RUNNING,0.0,0.0,0.0,1500.8,51.95,53.75,0.207,96.2,0.05,8.0,4.0,2.0,0.00453
2026-10-02 08:13:54+00:00,M04,RUNNING,0.0,0.0,0.0,2798.3,18.77,45.16,0.149,96.8,0.02,8.0,4.0,2.0,0.00306
2026-10-02 08:13:54+00:00,M01,IDLE,0.0,0.0,0.0,12.723605496015853,3.75,35.04,0.03,97.0,0.02,8.0,4.0,2.0,0.00071
2026-10-02 08:13:54+00:00,M02,RUNNING,0.0,0.0,0.0,1198.3,53.72,49.2,0.163,96.5,0.03,8.0,4.0,2.0,0.00375
2026-10-02 08:13:54+00:00,M03,RUNNING,0.0,0.0,0.0,1498.9,54.85,53.72,0.205,96.2,0.04,8.0,4.0,2.0,0.00479
2026-10-02 08:13:56+00:00,M03,RUNNING,0.0,0.0,0.0,1503.5,54.0,53.72,0.194,96.2,0.04,8.0,4.0,2.0,0.00472
2026-10-02 08:13:56+00:00,M02,RUNNING,0.0,0.0,0.0,1199.9,53.54,49.15,0.167,96.4,0.03,8.0,4.0,2.0,0.00373
2026-10-02 08:13:56+00:00,M01,IDLE,0.0,0.0,0.0,16.23706109292816,3.75,34.94,0.036,97.0,0.02,8.0,4.0,2.0,0.00074
2026-10-02 08:13:56+00:00,M04,RUNNING,0.0,0.0,0.0,2804.7,18.91,45.15,0.152,96.9,0.02,8.0,4.0,2.0,0.00308
2026-10-02 08:13:58+00:00,M03,RUNNING,0.0,0.0,0.0,1495.2,51.88,53.67,0.213,96.2,0.05,8.0,4.0,2.0,0.00451
2026-10-02 08:13:58+00:00,M04,RUNNING,0.0,0.0,0.0,2798.0,19.44,45.13,0.136,96.9,0.02,8.0,4.0,2.0,0.00317
2026-10-02 08:13:58+00:00,M02,RUNNING,0.0,0.0,0.0,1198.9,53.96,49.13,0.158,96.5,0.02,8.0,4.0,2.0,0.00377
2026-10-02 08:13:58+00:00,M01,IDLE,0.0,0.0,0.0,16.154910324416427,3.75,34.84,0.027,97.0,0.02,8.0,4.0,2.0,0.00076
2026-10-02 08:14:00+00:00,M03,RUNNING,0.0,0.0,0.0,1495.5,52.27,53.68,0.196,96.2,0.05,8.0,4.0,2.0,0.00455
2026-10-02 08:14:00+00:00,M02,RUNNING,0.0,0.0,0.0,1196.1,57.16,49.11,0.153,96.5,0.02,8.0,4.0,2.0,0.00397
2026-10-02 08:14:00+00:00,M04,RUNNING,1.0,1800.0,1800.0,2804.2,19.66,45.14,0.161,96.8,0.02,8.0,4.0,2.0,0.0032
2026-10-02 08:14:00+00:00,M01,IDLE,0.0,0.0,0.0,12.797996467395498,3.75,34.72,0.025,97.0,0.02,8.0,4.0,2.0,0.00072
2026-10-02 08:14:02+00:00,M04,RUNNING,0.0,0.0,0.0,2796.9,19.32,45.12,0.154,96.8,0.02,8.0,4.0,2.0,0.00315
2026-10-02 08:14:02+00:00,M01,SLEEP,0.0,0.0,0.0,0.0,0.0,34.58,0.004,97.0,0.02,8.0,4.0,2.0,0.00019
2026-10-02 08:14:02+00:00,M02,RUNNING,0.0,0.0,0.0,1196.3,56.44,49.13,0.166,96.5,0.02,8.0,4.0,2.0,0.00393
2026-10-02 08:14:02+00:00,M03,RUNNING,0.0,0.0,0.0,1503.9,54.12,53.62,0.187,96.3,0.04,8.0,4.0,2.0,0.00473
2026-10-02 08:14:04+00:00,M01,SLEEP,0.0,0.0,0.0,0.0,0.0,34.51,0.006,97.0,0.02,8.0,4.0,2.0,0.0002
2026-10-02 08:14:04+00:00,M04,RUNNING,0.0,0.0,0.0,2796.4,18.97,45.08,0.159,96.8,0.02,8.0,4.0,2.0,0.00308
2026-10-02 08:14:04+00:00,M03,RUNNING,1.0,1800.0,1800.0,1498.1,51.59,53.64,0.207,96.2,0.04,8.0,4.0,2.0,0.0045
2026-10-02 08:14:04+00:00,M02,RUNNING,0.0,0.0,0.0,1196.1,56.54,49.14,0.176,96.4,0.03,8.0,4.0,2.0,0.00394
2026-10-02 08:14:06+00:00,M04,RUNNING,0.0,0.0,0.0,2799.1,19.71,45.08,0.155,96.8,0.02,8.0,4.0,2.0,0.00321
2026-10-02 08:14:06+00:00,M02,RUNNING,0.0,0.0,0.0,1204.8,55.25,49.12,0.164,96.4,0.03,8.0,4.0,2.0,0.00387
2026-10-02 08:14:06+00:00,M01,SLEEP,0.0,0.0,0.0,0.0,0.0,34.43,0.006,97.0,0.02,8.0,4.0,2.0,0.0002
2026-10-02 08:14:06+00:00,M03,RUNNING,0.0,0.0,0.0,1502.2,51.15,53.6,0.197,96.3,0.05,8.0,4.0,2.0,0.00447
2026-10-02 08:14:08+00:00,M02,RUNNING,0.0,0.0,0.0,1196.6,53.72,49.15,0.162,96.4,0.03,8.0,4.0,2.0,0.00374
2026-10-02 08:14:08+00:00,M04,RUNNING,0.0,0.0,0.0,2802.7,19.84,45.11,0.149,96.9,0.02,8.0,4.0,2.0,0.00324
2026-10-02 08:14:08+00:00,M01,SLEEP,0.0,0.0,0.0,0.0,0.0,34.35,0.004,97.0,0.02,8.0,4.0,2.0,0.00019
2026-10-02 08:14:08+00:00,M03,RUNNING,0.0,0.0,0.0,1498.6,51.54,53.61,0.195,96.3,0.05,8.0,4.0,2.0,0.00449
2026-10-02 08:14:10+00:00,M04,RUNNING,0.0,0.0,0.0,2800.2,18.55,45.13,0.164,96.8,0.02,8.0,4.0,2.0,0.00302
2026-10-02 08:14:10+00:00,M03,RUNNING,0.0,0.0,0.0,1501.2,55.26,53.57,0.207,96.3,0.05,8.0,4.0,2.0,0.00483
2026-10-02 08:14:10+00:00,M01,SLEEP,0.0,0.0,0.0,0.0,0.0,34.25,0.006,97.0,0.02,8.0,4.0,2.0,0.0002
2026-10-02 08:14:10+00:00,M02,RUNNING,0.0,0.0,0.0,1195.9,56.18,49.09,0.165,96.4,0.03,8.0,4.0,2.0,0.00391
2026-10-02 08:14:12+00:00,M03,RUNNING,0.0,0.0,0.0,1499.6,55.18,53.52,0.207,96.3,0.04,8.0,4.0,2.0,0.00481
2026-10-02 08:14:12+00:00,M01,SLEEP,0.0,0.0,0.0,0.0,0.0,34.12,0.006,97.0,0.02,8.0,4.0,2.0,0.00019
2026-10-02 08:14:12+00:00,M02,RUNNING,0.0,0.0,0.0,1195.9,56.23,49.08,0.168,96.4,0.03,8.0,4.0,2.0,0.00391
2026-10-02 08:14:12+00:00,M04,RUNNING,0.0,0.0,0.0,2803.6,18.49,45.1,0.162,96.7,0.03,8.0,4.0,2.0,0.00301
2026-10-02 08:14:14+00:00,M02,RUNNING,0.0,0.0,0.0,1196.3,54.28,49.01,0.156,96.5,0.03,8.0,4.0,2.0,0.00377
2026-10-02 08:14:14+00:00,M01,SLEEP,0.0,0.0,0.0,0.0,0.0,34.0,0.004,97.0,0.02,8.0,4.0,2.0,0.00018
2026-10-02 08:14:14+00:00,M03,RUNNING,0.0,0.0,0.0,1498.8,53.03,53.47,0.212,96.2,0.04,8.0,4.0,2.0,0.00462
2026-10-02 08:14:14+00:00,M04,RUNNING,0.0,0.0,0.0,2798.0,19.83,45.13,0.138,96.8,0.03,8.0,4.0,2.0,0.00323
2026-10-02 08:14:16+00:00,M03,RUNNING,0.0,0.0,0.0,1504.8,51.49,53.4,0.206,96.2,0.04,8.0,4.0,2.0,0.00451
2026-10-02 08:14:16+00:00,M04,RUNNING,0.0,0.0,0.0,2802.1,19.18,45.14,0.141,96.8,0.02,8.0,4.0,2.0,0.00313
2026-10-02 08:14:16+00:00,M02,RUNNING,0.0,0.0,0.0,1204.5,56.14,48.95,0.144,96.5,0.03,8.0,4.0,2.0,0.00394
2026-10-02 08:14:16+00:00,M01,SLEEP,0.0,0.0,0.0,0.0,0.0,33.9,0.006,97.0,0.02,8.0,4.0,2.0,0.0002
2026-10-02 08:14:18+00:00,M03,RUNNING,0.0,0.0,0.0,1502.7,52.21,53.43,0.202,96.3,0.03,8.0,4.0,2.0,0.00457
2026-10-02 08:14:18+00:00,M04,RUNNING,0.0,0.0,0.0,2798.8,19.7,45.17,0.144,96.9,0.02,8.0,4.0,2.0,0.0032
2026-10-02 08:14:18+00:00,M02,RUNNING,0.0,0.0,0.0,1197.2,55.26,48.95,0.145,96.5,0.03,8.0,4.0,2.0,0.00385
2026-10-02 08:14:18+00:00,M01,SLEEP,0.0,0.0,0.0,0.0,0.0,33.83,0.007,97.0,0.02,8.0,4.0,2.0,0.00019
2026-10-02 08:14:20+00:00,M03,RUNNING,0.0,0.0,0.0,1501.0,54.69,53.4,0.205,96.3,0.04,8.0,4.0,2.0,0.00477
2026-10-02 08:14:20+00:00,M01,SLEEP,0.0,0.0,0.0,0.0,0.0,33.7,0.005,97.0,0.02,8.0,4.0,2.0,0.00019
2026-10-02 08:14:20+00:00,M04,RUNNING,0.0,0.0,0.0,2800.9,18.47,45.15,0.143,96.9,0.02,8.0,4.0,2.0,0.00301
2026-10-02 08:14:20+00:00,M02,RUNNING,1.0,1800.0,1800.0,1199.7,56.29,48.91,0.149,96.6,0.02,8.0,4.0,2.0,0.00393
2026-10-02 08:14:22+00:00,M04,RUNNING,0.0,0.0,0.0,2800.3,19.77,45.14,0.152,96.9,0.02,8.0,4.0,2.0,0.00322
2026-10-02 08:14:22+00:00,M02,RUNNING,0.0,0.0,0.0,1199.1,53.23,48.89,0.172,96.5,0.03,8.0,4.0,2.0,0.00371
2026-10-02 08:14:22+00:00,M03,RUNNING,0.0,0.0,0.0,1495.2,55.13,53.42,0.215,96.2,0.05,8.0,4.0,2.0,0.0048
2026-10-02 08:14:22+00:00,M01,SLEEP,0.0,0.0,0.0,0.0,0.0,33.6,0.005,97.0,0.02,8.0,4.0,2.0,0.0002
2026-10-02 08:14:24+00:00,M03,RUNNING,0.0,0.0,0.0,1501.4,52.02,53.45,0.191,96.3,0.04,8.0,4.0,2.0,0.00454
2026-10-02 08:14:24+00:00,M01,SLEEP,0.0,0.0,0.0,0.0,0.0,33.56,0.004,97.0,0.02,8.0,4.0,2.0,0.00018
2026-10-02 08:14:24+00:00,M02,RUNNING,0.0,0.0,0.0,1196.6,57.46,48.88,0.177,96.4,0.04,8.0,4.0,2.0,0.004
2026-10-02 08:14:24+00:00,M04,RUNNING,0.0,0.0,0.0,2802.4,19.53,45.14,0.163,96.8,0.02,8.0,4.0,2.0,0.00319
2026-10-02 08:14:26+00:00,M04,RUNNING,0.0,0.0,0.0,2802.9,19.11,45.15,0.151,96.8,0.02,8.0,4.0,2.0,0.00311
2026-10-02 08:14:26+00:00,M03,RUNNING,0.0,0.0,0.0,1497.3,52.74,53.46,0.202,96.3,0.04,8.0,4.0,2.0,0.00459
2026-10-02 08:14:26+00:00,M01,SLEEP,0.0,0.0,0.0,0.0,0.0,33.46,0.007,97.0,0.02,8.0,4.0,2.0,0.0002
2026-10-02 08:14:26+00:00,M02,RUNNING,0.0,0.0,0.0,1195.8,54.06,48.91,0.158,96.5,0.03,8.0,4.0,2.0,0.00376
2026-10-02 08:14:28+00:00,M04,RUNNING,0.0,0.0,0.0,2803.2,18.41,45.15,0.136,96.9,0.02,8.0,4.0,2.0,0.00301
2026-10-02 08:14:28+00:00,M03,RUNNING,0.0,0.0,0.0,1499.0,52.31,53.44,0.207,96.3,0.03,8.0,4.0,2.0,0.00456
2026-10-02 08:14:28+00:00,M01,SLEEP,0.0,0.0,0.0,0.0,0.0,33.36,0.006,97.0,0.02,8.0,4.0,2.0,0.00019
2026-10-02 08:14:28+00:00,M02,RUNNING,0.0,0.0,0.0,1203.5,55.09,48.88,0.17,96.5,0.03,8.0,4.0,2.0,0.00386
2026-10-02 08:14:30+00:00,M04,RUNNING,0.0,0.0,0.0,2800.5,18.5,45.12,0.145,96.9,0.02,8.0,4.0,2.0,0.00301
2026-10-02 08:14:30+00:00,M03,RUNNING,1.0,1800.0,1800.0,1499.0,54.73,53.43,0.201,96.3,0.03,8.0,4.0,2.0,0.00478
2026-10-02 08:14:30+00:00,M01,SLEEP,0.0,0.0,0.0,0.0,0.0,33.23,0.006,97.0,0.02,8.0,4.0,2.0,0.00019
2026-10-02 08:14:30+00:00,M02,RUNNING,0.0,0.0,0.0,1201.4,57.19,48.87,0.168,96.5,0.03,8.0,4.0,2.0,0.00399
2026-10-02 08:14:32+00:00,M01,SLEEP,0.0,0.0,0.0,0.0,0.0,33.12,0.005,97.0,0.02,8.0,4.0,2.0,0.00019
2026-10-02 08:14:32+00:00,M03,RUNNING,0.0,0.0,0.0,1502.1,54.5,53.42,0.196,96.4,0.03,8.0,4.0,2.0,0.00476
2026-10-02 08:14:32+00:00,M04,RUNNING,0.0,0.0,0.0,2801.4,18.8,45.16,0.156,96.9,0.02,8.0,4.0,2.0,0.00306
2026-10-02 08:14:32+00:00,M02,RUNNING,0.0,0.0,0.0,1195.1,55.19,48.86,0.154,96.5,0.03,8.0,4.0,2.0,0.00384
2026-10-02 08:14:34+00:00,M03,RUNNING,0.0,0.0,0.0,1503.4,54.14,53.39,0.211,96.3,0.04,8.0,4.0,2.0,0.00473
2026-10-02 08:14:34+00:00,M02,RUNNING,0.0,0.0,0.0,1198.5,53.93,48.87,0.173,96.5,0.03,8.0,4.0,2.0,0.00376
2026-10-02 08:14:34+00:00,M01,SLEEP,0.0,0.0,0.0,0.0,0.0,33.03,0.005,97.0,0.02,8.0,4.0,2.0,0.00019
2026-10-02 08:14:34+00:00,M04,RUNNING,0.0,0.0,0.0,2797.6,19.05,45.19,0.156,96.8,0.02,8.0,4.0,2.0,0.0031
2026-10-02 08:14:36+00:00,M02,RUNNING,0.0,0.0,0.0,1204.5,57.13,48.82,0.159,96.5,0.03,8.0,4.0,2.0,0.004
2026-10-02 08:14:36+00:00,M04,RUNNING,0.0,0.0,0.0,2801.4,19.18,45.14,0.159,96.8,0.02,8.0,4.0,2.0,0.00313
2026-10-02 08:14:36+00:00,M03,RUNNING,0.0,0.0,0.0,1500.4,53.51,53.33,0.208,96.3,0.04,8.0,4.0,2.0,0.00467
2026-10-02 08:14:36+00:00,M01,SLEEP,0.0,0.0,0.0,0.0,0.0,32.92,0.007,97.0,0.02,8.0,4.0,2.0,0.00019
2026-10-02 08:14:38+00:00,M04,RUNNING,0.0,0.0,0.0,2796.6,19.25,45.11,0.165,96.7,0.02,8.0,4.0,2.0,0.00313
2026-10-02 08:14:38+00:00,M01,SLEEP,0.0,0.0,0.0,0.0,0.0,32.84,0.005,97.0,0.02,8.0,4.0,2.0,0.00019
2026-10-02 08:14:38+00:00,M02,RUNNING,0.0,0.0,0.0,1196.1,55.82,48.78,0.16,96.6,0.03,8.0,4.0,2.0,0.00389
2026-10-02 08:14:38+00:00,M03,RUNNING,0.0,0.0,0.0,1499.3,52.83,53.32,0.215,96.2,0.04,8.0,4.0,2.0,0.00461
2026-10-02 08:14:40+00:00,M04,RUNNING,1.0,1800.0,1800.0,2804.2,18.41,45.12,0.143,96.8,0.02,8.0,4.0,2.0,0.00301
2026-10-02 08:14:40+00:00,M01,SLEEP,0.0,0.0,0.0,0.0,0.0,32.77,0.007,97.0,0.02,8.0,4.0,2.0,0.00019
2026-10-02 08:14:40+00:00,M03,RUNNING,0.0,0.0,0.0,1496.3,51.95,53.29,0.201,96.3,0.04,8.0,4.0,2.0,0.00452
2026-10-02 08:14:40+00:00,M02,RUNNING,0.0,0.0,0.0,1196.0,56.42,48.8,0.16,96.6,0.03,8.0,4.0,2.0,0.00392
2026-10-02 08:14:42+00:00,M02,RUNNING,0.0,0.0,0.0,1203.0,55.48,48.82,0.165,96.6,0.03,8.0,4.0,2.0,0.00389
2026-10-02 08:14:42+00:00,M01,SLEEP,0.0,0.0,0.0,0.0,0.0,32.73,0.005,97.0,0.02,8.0,4.0,2.0,0.0002
2026-10-02 08:14:42+00:00,M03,RUNNING,0.0,0.0,0.0,1499.4,54.04,53.23,0.189,96.4,0.03,8.0,4.0,2.0,0.00472
2026-10-02 08:14:42+00:00,M04,RUNNING,0.0,0.0,0.0,2799.3,18.99,45.11,0.148,96.8,0.02,8.0,4.0,2.0,0.00309
2026-10-02 08:14:44+00:00,M01,SLEEP,0.0,0.0,0.0,0.0,0.0,32.67,0.007,97.0,0.02,8.0,4.0,2.0,0.0002
2026-10-02 08:14:44+00:00,M04,RUNNING,0.0,0.0,0.0,2802.9,18.98,45.06,0.151,96.9,0.02,8.0,4.0,2.0,0.00309
2026-10-02 08:14:44+00:00,M03,RUNNING,0.0,0.0,0.0,1504.4,51.59,53.18,0.189,96.4,0.03,8.0,4.0,2.0,0.00451
2026-10-02 08:14:44+00:00,M02,RUNNING,0.0,0.0,0.0,1202.2,53.56,48.77,0.16,96.6,0.03,8.0,4.0,2.0,0.00374
2026-10-02 08:14:46+00:00,M03,RUNNING,0.0,0.0,0.0,1495.5,55.11,53.11,0.212,96.4,0.03,8.0,4.0,2.0,0.0048
2026-10-02 08:14:46+00:00,M04,RUNNING,0.0,0.0,0.0,2796.2,19.52,45.02,0.137,96.9,0.02,8.0,4.0,2.0,0.00318
2026-10-02 08:14:46+00:00,M02,RUNNING,0.0,0.0,0.0,1199.6,54.92,48.74,0.164,96.6,0.03,8.0,4.0,2.0,0.00383
2026-10-02 08:14:46+00:00,M01,SLEEP,0.0,0.0,0.0,0.0,0.0,32.6,0.005,97.0,0.02,8.0,4.0,2.0,0.00019
2026-10-02 08:14:48+00:00,M04,RUNNING,0.0,0.0,0.0,2802.6,19.46,45.02,0.143,96.9,0.02,8.0,4.0,2.0,0.00317
2026-10-02 08:14:48+00:00,M03,RUNNING,0.0,0.0,0.0,1501.0,51.45,53.05,0.19,96.4,0.03,8.0,4.0,2.0,0.00449
2026-10-02 08:14:48+00:00,M01,SLEEP,0.0,0.0,0.0,0.0,0.0,32.55,0.006,97.0,0.02,8.0,4.0,2.0,0.0002
2026-10-02 08:14:48+00:00,M02,RUNNING,0.0,0.0,0.0,1198.9,54.64,48.76,0.152,96.6,0.02,8.0,4.0,2.0,0.00381
2026-10-02 08:14:50+00:00,M02,RUNNING,0.0,0.0,0.0,1197.0,54.16,48.76,0.152,96.7,0.02,8.0,4.0,2.0,0.00378
2026-10-02 08:14:50+00:00,M04,RUNNING,0.0,0.0,0.0,2799.8,19.43,44.97,0.159,96.9,0.02,8.0,4.0,2.0,0.00317
2026-10-02 08:14:50+00:00,M01,SLEEP,0.0,0.0,0.0,0.0,0.0,32.48,0.005,97.0,0.02,8.0,4.0,2.0,0.00019
2026-10-02 08:14:50+00:00,M03,RUNNING,0.0,0.0,0.0,1500.4,54.86,53.03,0.199,96.5,0.03,8.0,4.0,2.0,0.00479
2026-10-02 08:14:52+00:00,M04,RUNNING,0.0,0.0,0.0,2796.9,18.85,44.94,0.148,96.9,0.02,8.0,4.0,2.0,0.00306
2026-10-02 08:14:52+00:00,M03,RUNNING,0.0,0.0,0.0,1495.6,54.03,53.03,0.203,96.5,0.03,8.0,4.0,2.0,0.0047
2026-10-02 08:14:52+00:00,M01,SLEEP,0.0,0.0,0.0,0.0,0.0,32.41,0.007,97.0,0.02,8.0,4.0,2.0,0.0002
2026-10-02 08:14:52+00:00,M02,RUNNING,0.0,0.0,0.0,1199.4,54.04,48.74,0.158,96.7,0.02,8.0,4.0,2.0,0.00377
2026-10-02 08:14:54+00:00,M02,RUNNING,0.0,0.0,0.0,1196.8,56.02,48.72,0.165,96.6,0.02,8.0,4.0,2.0,0.0039
2026-10-02 08:14:54+00:00,M01,SLEEP,0.0,0.0,0.0,0.0,0.0,32.38,0.005,97.0,0.02,8.0,4.0,2.0,0.00019
2026-10-02 08:14:54+00:00,M03,RUNNING,0.0,0.0,0.0,1502.2,54.8,53.03,0.211,96.4,0.03,8.0,4.0,2.0,0.00479
2026-10-02 08:14:54+00:00,M04,RUNNING,0.0,0.0,0.0,2801.7,19.62,44.93,0.144,96.9,0.02,8.0,4.0,2.0,0.0032
2026-10-02 08:14:56+00:00,M04,RUNNING,0.0,0.0,0.0,2799.1,19.37,44.92,0.151,97.0,0.02,8.0,4.0,2.0,0.00315
2026-10-02 08:14:56+00:00,M03,RUNNING,0.0,0.0,0.0,1499.7,53.64,52.98,0.208,96.4,0.04,8.0,4.0,2.0,0.00468
2026-10-02 08:14:56+00:00,M01,SLEEP,0.0,0.0,0.0,0.0,0.0,32.3,0.007,97.0,0.02,8.0,4.0,2.0,0.00019
2026-10-02 08:14:56+00:00,M02,RUNNING,1.0,1800.0,1800.0,1198.0,56.48,48.72,0.161,96.7,0.02,8.0,4.0,2.0,0.00393
2026-10-02 08:14:58+00:00,M03,RUNNING,1.0,1800.0,1800.0,1498.5,52.92,52.92,0.199,96.5,0.03,8.0,4.0,2.0,0.00461
2026-10-02 08:14:58+00:00,M01,SLEEP,0.0,0.0,0.0,0.0,0.0,32.22,0.006,97.0,0.02,8.0,4.0,2.0,0.00019
2026-10-02 08:14:58+00:00,M02,RUNNING,0.0,0.0,0.0,1201.7,52.99,48.7,0.153,96.7,0.02,8.0,4.0,2.0,0.00371
2026-10-02 08:14:58+00:00,M04,RUNNING,0.0,0.0,0.0,2796.2,18.69,44.94,0.141,97.0,0.02,8.0,4.0,2.0,0.00304
2026-10-02 08:15:00+00:00,M01,SLEEP,0.0,0.0,0.0,0.0,0.0,32.13,0.005,97.0,0.02,8.0,4.0,2.0,0.00018
2026-10-02 08:15:00+00:00,M02,RUNNING,0.0,0.0,0.0,1199.3,54.32,48.7,0.161,96.7,0.02,8.0,4.0,2.0,0.00379
2026-10-02 08:15:00+00:00,M04,RUNNING,0.0,0.0,0.0,2799.6,19.23,44.95,0.142,97.0,0.02,8.0,4.0,2.0,0.00314
2026-10-02 08:15:00+00:00,M03,RUNNING,0.0,0.0,0.0,1502.9,54.8,52.86,0.2,96.5,0.03,8.0,4.0,2.0,0.00479
2026-10-02 08:15:02+00:00,M03,DEGRADED,0.0,0.0,0.0,1432.5,69.86,52.92,0.53,90.4,0.23,8.0,4.0,2.0,0.00582
2026-10-02 08:15:02+00:00,M01,SLEEP,0.0,0.0,0.0,0.0,0.0,32.05,0.006,97.0,0.02,8.0,4.0,2.0,0.0002
2026-10-02 08:15:02+00:00,M04,RUNNING,0.0,0.0,0.0,2800.9,19.48,44.93,0.159,96.9,0.02,8.0,4.0,2.0,0.00317
2026-10-02 08:15:02+00:00,M02,RUNNING,0.0,0.0,0.0,1199.6,53.7,48.67,0.173,96.6,0.02,8.0,4.0,2.0,0.00374
2026-10-02 08:15:04+00:00,M02,RUNNING,0.0,0.0,0.0,1199.8,55.88,48.65,0.162,96.6,0.02,8.0,4.0,2.0,0.0039
2026-10-02 08:15:04+00:00,M01,SLEEP,0.0,0.0,0.0,0.0,0.0,31.95,0.005,97.0,0.02,8.0,4.0,2.0,0.00019
2026-10-02 08:15:04+00:00,M04,RUNNING,0.0,0.0,0.0,2797.1,19.68,44.95,0.163,96.8,0.03,8.0,4.0,2.0,0.0032
2026-10-02 08:15:04+00:00,M03,DEGRADED,0.0,0.0,0.0,1414.5,69.61,53.01,0.61,85.4,0.35,8.0,4.0,2.0,0.00573
2026-10-02 08:15:06+00:00,M04,RUNNING,0.0,0.0,0.0,2800.4,18.91,44.93,0.157,96.8,0.02,8.0,4.0,2.0,0.00308
2026-10-02 08:15:06+00:00,M03,DEGRADED,0.0,0.0,0.0,1422.7,67.48,53.14,0.601,81.9,0.41,8.0,4.0,2.0,0.00559
2026-10-02 08:15:06+00:00,M02,RUNNING,0.0,0.0,0.0,1197.2,56.38,48.67,0.158,96.7,0.02,8.0,4.0,2.0,0.00393
2026-10-02 08:15:06+00:00,M01,SLEEP,0.0,0.0,0.0,0.0,0.0,31.94,0.007,97.0,0.02,8.0,4.0,2.0,0.00019
2026-10-02 08:15:08+00:00,M03,DEGRADED,0.0,0.0,0.0,1421.3,69.66,53.23,0.611,79.4,0.46,8.0,4.0,2.0,0.00576
2026-10-02 08:15:08+00:00,M01,SLEEP,0.0,0.0,0.0,0.0,0.0,31.91,0.005,97.0,0.02,8.0,4.0,2.0,0.0002
2026-10-02 08:15:08+00:00,M04,RUNNING,0.0,0.0,0.0,2797.5,19.15,44.96,0.159,96.8,0.02,8.0,4.0,2.0,0.00312
2026-10-02 08:15:08+00:00,M02,RUNNING,0.0,0.0,0.0,1197.9,56.46,48.68,0.169,96.6,0.02,8.0,4.0,2.0,0.00394
2026-10-02 08:15:10+00:00,M03,DEGRADED,0.0,0.0,0.0,1415.3,67.36,53.33,0.601,77.6,0.48,8.0,4.0,2.0,0.00554
2026-10-02 08:15:10+00:00,M04,RUNNING,0.0,0.0,0.0,2802.4,19.28,44.97,0.156,96.8,0.02,8.0,4.0,2.0,0.00314
2026-10-02 08:15:10+00:00,M02,RUNNING,0.0,0.0,0.0,1197.3,56.26,48.67,0.153,96.6,0.02,8.0,4.0,2.0,0.00391
2026-10-02 08:15:10+00:00,M01,SLEEP,0.0,0.0,0.0,0.0,0.0,31.8,0.005,97.0,0.02,8.0,4.0,2.0,0.00019
2026-10-02 08:15:12+00:00,M02,RUNNING,0.0,0.0,0.0,1202.6,55.96,48.67,0.148,96.7,0.02,8.0,4.0,2.0,0.00392
2026-10-02 08:15:12+00:00,M03,DEGRADED,0.0,0.0,0.0,1428.7,67.64,53.37,0.618,76.2,0.5,8.0,4.0,2.0,0.00562
2026-10-02 08:15:12+00:00,M01,SLEEP,0.0,0.0,0.0,0.0,0.0,31.7,0.007,97.0,0.02,8.0,4.0,2.0,0.00019
2026-10-02 08:15:12+00:00,M04,RUNNING,0.0,0.0,0.0,2804.7,19.11,44.93,0.136,96.9,0.02,8.0,4.0,2.0,0.00312
2026-10-02 08:15:14+00:00,M01,SLEEP,0.0,0.0,0.0,0.0,0.0,31.67,0.006,97.0,0.02,8.0,4.0,2.0,0.00021
2026-10-02 08:15:14+00:00,M04,RUNNING,0.0,0.0,0.0,2803.5,19.24,44.91,0.139,96.9,0.02,8.0,4.0,2.0,0.00314
2026-10-02 08:15:14+00:00,M02,RUNNING,0.0,0.0,0.0,1202.7,55.5,48.63,0.164,96.7,0.02,8.0,4.0,2.0,0.00388
2026-10-02 08:15:14+00:00,M03,DEGRADED,0.0,0.0,0.0,1428.3,68.82,53.46,0.621,75.1,0.51,8.0,4.0,2.0,0.00572
2026-10-02 08:15:16+00:00,M03,DEGRADED,0.0,0.0,0.0,1428.5,69.42,53.55,0.611,74.4,0.53,8.0,4.0,2.0,0.00577
2026-10-02 08:15:16+00:00,M04,RUNNING,0.0,0.0,0.0,2798.9,18.41,44.86,0.146,96.9,0.02,8.0,4.0,2.0,0.00299
2026-10-02 08:15:16+00:00,M02,RUNNING,0.0,0.0,0.0,1195.3,56.79,48.63,0.169,96.6,0.02,8.0,4.0,2.0,0.00395
2026-10-02 08:15:16+00:00,M01,SLEEP,0.0,0.0,0.0,0.0,0.0,31.63,0.006,97.0,0.02,8.0,4.0,2.0,0.00018
2026-10-02 08:15:18+00:00,M04,RUNNING,0.0,0.0,0.0,2803.3,19.46,44.88,0.137,97.0,0.02,8.0,4.0,2.0,0.00318
2026-10-02 08:15:18+00:00,M01,SLEEP,0.0,0.0,0.0,0.0,0.0,31.6,0.005,97.0,0.02,8.0,4.0,2.0,0.0002
2026-10-02 08:15:18+00:00,M03,DEGRADED,0.0,0.0,0.0,1417.9,69.53,53.68,0.619,73.8,0.53,8.0,4.0,2.0,0.00574
2026-10-02 08:15:18+00:00,M02,RUNNING,0.0,0.0,0.0,1195.4,55.52,48.66,0.172,96.6,0.03,8.0,4.0,2.0,0.00386
2026-10-02 08:15:20+00:00,M02,RUNNING,0.0,0.0,0.0,1201.0,55.68,48.6,0.168,96.6,0.03,8.0,4.0,2.0,0.00389
2026-10-02 08:15:20+00:00,M01,SLEEP,0.0,0.0,0.0,0.0,0.0,31.51,0.006,97.0,0.02,8.0,4.0,2.0,0.0002
2026-10-02 08:15:20+00:00,M03,DEGRADED,0.0,0.0,0.0,1428.9,70.41,53.73,0.631,73.2,0.53,8.0,4.0,2.0,0.00585
2026-10-02 08:15:20+00:00,M04,RUNNING,1.0,1800.0,1800.0,2800.1,19.35,44.89,0.153,96.9,0.02,8.0,4.0,2.0,0.00315
2026-10-02 08:15:22+00:00,M02,RUNNING,0.0,0.0,0.0,1202.2,56.74,48.58,0.148,96.6,0.02,8.0,4.0,2.0,0.00397
2026-10-02 08:15:22+00:00,M01,SLEEP,0.0,0.0,0.0,0.0,0.0,31.45,0.004,97.0,0.02,8.0,4.0,2.0,0.0002
2026-10-02 08:15:22+00:00,M03,DEGRADED,0.0,0.0,0.0,1414.2,67.79,53.85,0.637,72.7,0.55,8.0,4.0,2.0,0.00558
2026-10-02 08:15:22+00:00,M04,RUNNING,0.0,0.0,0.0,2797.5,19.55,44.88,0.163,96.9,0.02,8.0,4.0,2.0,0.00318
2026-10-02 08:15:24+00:00,M03,DEGRADED,0.0,0.0,0.0,1410.8,67.64,53.95,0.645,72.3,0.55,8.0,4.0,2.0,0.00555
2026-10-02 08:15:24+00:00,M04,RUNNING,0.0,0.0,0.0,2802.2,19.04,44.88,0.163,96.8,0.02,8.0,4.0,2.0,0.00311
2026-10-02 08:15:24+00:00,M01,SLEEP,0.0,0.0,0.0,0.0,0.0,31.38,0.005,97.0,0.02,8.0,4.0,2.0,0.00019
2026-10-02 08:15:24+00:00,M02,RUNNING,0.0,0.0,0.0,1196.5,56.13,48.55,0.16,96.7,0.02,8.0,4.0,2.0,0.00391
2026-10-02 08:15:26+00:00,M02,RUNNING,0.0,0.0,0.0,1201.7,53.59,48.57,0.161,96.7,0.02,8.0,4.0,2.0,0.00374
2026-10-02 08:15:26+00:00,M01,SLEEP,0.0,0.0,0.0,0.0,0.0,31.35,0.006,97.0,0.02,8.0,4.0,2.0,0.00021
2026-10-02 08:15:26+00:00,M04,RUNNING,0.0,0.0,0.0,2799.1,19.23,44.87,0.164,96.8,0.02,8.0,4.0,2.0,0.00313
2026-10-02 08:15:26+00:00,M03,DEGRADED,0.0,0.0,0.0,1412.6,67.68,54.07,0.647,71.9,0.55,8.0,4.0,2.0,0.00556
2026-10-02 08:15:28+00:00,M02,RUNNING,0.0,0.0,0.0,1203.0,55.27,48.55,0.155,96.7,0.02,8.0,4.0,2.0,0.00387
2026-10-02 08:15:28+00:00,M01,SLEEP,0.0,0.0,0.0,0.0,0.0,31.34,0.007,97.0,0.02,8.0,4.0,2.0,0.00018
2026-10-02 08:15:28+00:00,M04,RUNNING,0.0,0.0,0.0,2803.6,19.29,44.86,0.144,96.8,0.02,8.0,4.0,2.0,0.00314
2026-10-02 08:15:28+00:00,M03,DEGRADED,0.0,0.0,0.0,1411.6,69.19,54.18,0.65,71.5,0.56,8.0,4.0,2.0,0.00568
2026-10-02 08:15:30+00:00,M03,DEGRADED,0.0,0.0,0.0,1424.6,69.76,54.22,0.64,71.3,0.57,8.0,4.0,2.0,0.00578
2026-10-02 08:15:30+00:00,M01,SLEEP,0.0,0.0,0.0,0.0,0.0,31.33,0.005,97.0,0.02,8.0,4.0,2.0,0.0002
2026-10-02 08:15:30+00:00,M02,RUNNING,0.0,0.0,0.0,1200.0,54.65,48.5,0.155,96.7,0.02,8.0,4.0,2.0,0.00382
2026-10-02 08:15:30+00:00,M04,RUNNING,0.0,0.0,0.0,2796.1,18.65,44.91,0.141,96.9,0.02,8.0,4.0,2.0,0.00303
2026-10-02 08:15:32+00:00,M03,DEGRADED,0.0,0.0,0.0,1422.3,68.11,54.33,0.647,71.0,0.57,8.0,4.0,2.0,0.00564
2026-10-02 08:15:32+00:00,M01,SLEEP,0.0,0.0,0.0,0.0,0.0,31.29,0.005,97.0,0.02,8.0,4.0,2.0,0.00019
2026-10-02 08:15:32+00:00,M04,RUNNING,0.0,0.0,0.0,2804.4,18.38,44.94,0.159,96.9,0.02,8.0,4.0,2.0,0.003
2026-10-02 08:15:32+00:00,M02,RUNNING,1.0,1800.0,1800.0,1198.0,54.8,48.53,0.156,96.8,0.02,8.0,4.0,2.0,0.00382
2026-10-02 08:15:34+00:00,M04,RUNNING,0.0,0.0,0.0,2797.4,19.84,44.97,0.148,96.9,0.02,8.0,4.0,2.0,0.00323
2026-10-02 08:15:34+00:00,M02,RUNNING,0.0,0.0,0.0,1203.1,56.95,48.52,0.161,96.8,0.02,8.0,4.0,2.0,0.00398
2026-10-02 08:15:34+00:00,M01,SLEEP,0.0,0.0,0.0,0.0,0.0,31.2,0.006,97.0,0.02,8.0,4.0,2.0,0.00019
2026-10-02 08:15:34+00:00,M03,DEGRADED,1.0,1800.0,1800.0,1425.7,67.26,54.44,0.642,70.8,0.58,8.0,4.0,2.0,0.00558
2026-10-02 08:15:36+00:00,M03,DEGRADED,0.0,0.0,0.0,1421.5,68.82,54.52,0.63,70.7,0.57,8.0,4.0,2.0,0.00569
2026-10-02 08:15:36+00:00,M04,RUNNING,0.0,0.0,0.0,2795.5,18.48,44.93,0.155,96.9,0.02,8.0,4.0,2.0,0.00301
2026-10-02 08:15:36+00:00,M02,RUNNING,0.0,0.0,0.0,1204.1,57.16,48.52,0.169,96.7,0.03,8.0,4.0,2.0,0.00401
2026-10-02 08:15:36+00:00,M01,SLEEP,0.0,0.0,0.0,0.0,0.0,31.15,0.005,97.0,0.02,8.0,4.0,2.0,0.00019
2026-10-02 08:15:38+00:00,M03,DEGRADED,0.0,0.0,0.0,1422.4,71.27,54.6,0.655,70.4,0.58,8.0,4.0,2.0,0.00589
2026-10-02 08:15:38+00:00,M01,SLEEP,0.0,0.0,0.0,0.0,0.0,31.14,0.007,97.0,0.02,8.0,4.0,2.0,0.0002
2026-10-02 08:15:38+00:00,M04,RUNNING,0.0,0.0,0.0,2800.1,19.8,44.9,0.158,96.9,0.02,8.0,4.0,2.0,0.00322
2026-10-02 08:15:38+00:00,M02,RUNNING,0.0,0.0,0.0,1196.9,53.66,48.53,0.15,96.7,0.02,8.0,4.0,2.0,0.00373
2026-10-02 08:15:40+00:00,M03,DEGRADED,0.0,0.0,0.0,1411.5,69.96,54.65,0.64,70.2,0.59,8.0,4.0,2.0,0.00575
2026-10-02 08:15:40+00:00,M04,RUNNING,0.0,0.0,0.0,2796.1,18.41,44.87,0.154,96.9,0.02,8.0,4.0,2.0,0.003
2026-10-02 08:15:40+00:00,M02,RUNNING,0.0,0.0,0.0,1201.9,53.76,48.56,0.157,96.7,0.02,8.0,4.0,2.0,0.00376
2026-10-02 08:15:40+00:00,M01,SLEEP,0.0,0.0,0.0,0.0,0.0,31.11,0.005,97.0,0.02,8.0,4.0,2.0,0.0002
2026-10-02 08:15:42+00:00,M03,DEGRADED,0.0,0.0,0.0,1413.6,69.92,54.79,0.647,70.0,0.58,8.0,4.0,2.0,0.00575
2026-10-02 08:15:42+00:00,M04,RUNNING,0.0,0.0,0.0,2803.6,19.79,44.86,0.14,96.9,0.02,8.0,4.0,2.0,0.00322
2026-10-02 08:15:42+00:00,M02,RUNNING,0.0,0.0,0.0,1202.0,53.8,48.58,0.158,96.7,0.02,8.0,4.0,2.0,0.00376
2026-10-02 08:15:42+00:00,M01,SLEEP,0.0,0.0,0.0,0.0,0.0,31.06,0.005,97.0,0.02,8.0,4.0,2.0,0.00019
2026-10-02 08:15:44+00:00,M01,SLEEP,0.0,0.0,0.0,0.0,0.0,31.04,0.004,97.0,0.02,8.0,4.0,2.0,0.00019
2026-10-02 08:15:44+00:00,M03,DEGRADED,0.0,0.0,0.0,1415.4,68.89,54.9,0.649,69.8,0.58,8.0,4.0,2.0,0.00567
2026-10-02 08:15:44+00:00,M04,RUNNING,0.0,0.0,0.0,2799.7,18.7,44.91,0.137,96.9,0.02,8.0,4.0,2.0,0.00305
2026-10-02 08:15:44+00:00,M02,RUNNING,0.0,0.0,0.0,1197.8,56.47,48.59,0.148,96.8,0.02,8.0,4.0,2.0,0.00394
2026-10-02 08:15:46+00:00,M01,SLEEP,0.0,0.0,0.0,0.0,0.0,31.03,0.005,97.0,0.02,8.0,4.0,2.0,0.0002
2026-10-02 08:15:46+00:00,M04,RUNNING,0.0,0.0,0.0,2803.3,19.69,44.93,0.134,97.0,0.02,8.0,4.0,2.0,0.00321
2026-10-02 08:15:46+00:00,M03,DEGRADED,0.0,0.0,0.0,1410.9,68.98,55.01,0.652,69.6,0.59,8.0,4.0,2.0,0.00566
2026-10-02 08:15:46+00:00,M02,RUNNING,0.0,0.0,0.0,1204.0,55.96,48.57,0.148,96.8,0.02,8.0,4.0,2.0,0.00392
2026-10-02 08:15:48+00:00,M02,RUNNING,0.0,0.0,0.0,1197.0,53.41,48.59,0.172,96.7,0.03,8.0,4.0,2.0,0.00372
2026-10-02 08:15:48+00:00,M04,RUNNING,0.0,0.0,0.0,2799.7,18.54,44.94,0.156,96.9,0.02,8.0,4.0,2.0,0.00302
2026-10-02 08:15:48+00:00,M03,DEGRADED,0.0,0.0,0.0,1406.1,68.14,55.12,0.662,69.3,0.6,8.0,4.0,2.0,0.00558
2026-10-02 08:15:48+00:00,M01,SLEEP,0.0,0.0,0.0,0.0,0.0,30.98,0.004,97.0,0.02,8.0,4.0,2.0,0.0002
2026-10-02 08:15:50+00:00,M03,DEGRADED,0.0,0.0,0.0,1406.1,71.87,55.19,0.66,69.0,0.6,8.0,4.0,2.0,0.00587
2026-10-02 08:15:50+00:00,M02,RUNNING,0.0,0.0,0.0,1196.4,55.43,48.56,0.163,96.7,0.02,8.0,4.0,2.0,0.00385
2026-10-02 08:15:50+00:00,M04,RUNNING,0.0,0.0,0.0,2800.2,18.55,44.92,0.152,96.9,0.02,8.0,4.0,2.0,0.00302
2026-10-02 08:15:50+00:00,M01,SLEEP,0.0,0.0,0.0,0.0,0.0,30.89,0.007,97.0,0.02,8.0,4.0,2.0,0.0002
2026-10-02 08:15:52+00:00,M03,DEGRADED,0.0,0.0,0.0,1414.9,68.1,55.23,0.655,68.9,0.6,8.0,4.0,2.0,0.00561
2026-10-02 08:15:52+00:00,M02,RUNNING,0.0,0.0,0.0,1199.6,54.83,48.54,0.162,96.7,0.02,8.0,4.0,2.0,0.00383
2026-10-02 08:15:52+00:00,M04,RUNNING,0.0,0.0,0.0,2799.6,19.1,44.94,0.153,96.9,0.02,8.0,4.0,2.0,0.00311
2026-10-02 08:15:52+00:00,M01,SLEEP,0.0,0.0,0.0,0.0,0.0,30.83,0.006,97.0,0.02,8.0,4.0,2.0,0.00019
2026-10-02 08:15:54+00:00,M04,RUNNING,0.0,0.0,0.0,2800.4,18.67,44.96,0.136,97.0,0.02,8.0,4.0,2.0,0.00304
2026-10-02 08:15:54+00:00,M01,SLEEP,0.0,0.0,0.0,0.0,0.0,30.78,0.007,97.0,0.02,8.0,4.0,2.0,0.0002
2026-10-02 08:15:54+00:00,M02,RUNNING,0.0,0.0,0.0,1204.7,53.27,48.57,0.148,96.7,0.02,8.0,4.0,2.0,0.00373
2026-10-02 08:15:54+00:00,M03,DEGRADED,0.0,0.0,0.0,1415.3,70.59,55.35,0.647,68.7,0.62,8.0,4.0,2.0,0.00581
2026-10-02 08:15:56+00:00,M01,SLEEP,0.0,0.0,0.0,0.0,0.0,30.77,0.005,97.0,0.02,8.0,4.0,2.0,0.0002
2026-10-02 08:15:56+00:00,M03,DEGRADED,0.0,0.0,0.0,1420.8,69.13,55.41,0.654,68.6,0.62,8.0,4.0,2.0,0.00572
2026-10-02 08:15:56+00:00,M02,RUNNING,0.0,0.0,0.0,1195.4,57.23,48.57,0.152,96.7,0.02,8.0,4.0,2.0,0.00398
2026-10-02 08:15:56+00:00,M04,RUNNING,0.0,0.0,0.0,2799.5,19.77,44.97,0.151,97.0,0.02,8.0,4.0,2.0,0.00322
2026-10-02 08:15:58+00:00,M01,SLEEP,0.0,0.0,0.0,0.0,0.0,30.7,0.007,97.0,0.02,8.0,4.0,2.0,0.0002
2026-10-02 08:15:58+00:00,M03,DEGRADED,0.0,0.0,0.0,1403.5,70.09,55.49,0.66,68.3,0.63,8.0,4.0,2.0,0.00572
2026-10-02 08:15:58+00:00,M02,RUNNING,0.0,0.0,0.0,1200.4,54.26,48.56,0.151,96.7,0.02,8.0,4.0,2.0,0.00379
2026-10-02 08:15:58+00:00,M04,RUNNING,0.0,0.0,0.0,2801.5,18.78,44.92,0.14,97.0,0.02,8.0,4.0,2.0,0.00306
2026-10-02 08:16:00+00:00,M01,SLEEP,0.0,0.0,0.0,0.0,0.0,30.71,0.006,97.0,0.02,8.0,4.0,2.0,0.00019
2026-10-02 08:16:00+00:00,M02,RUNNING,0.0,0.0,0.0,1200.3,56.37,48.59,0.162,96.7,0.02,8.0,4.0,2.0,0.00394
2026-10-02 08:16:00+00:00,M04,RUNNING,1.0,1800.0,1800.0,2802.6,19.29,44.97,0.159,96.9,0.02,8.0,4.0,2.0,0.00315
2026-10-02 08:16:00+00:00,M03,DEGRADED,0.0,0.0,0.0,1419.0,67.95,55.53,0.676,68.0,0.63,8.0,4.0,2.0,0.00561
2026-10-02 08:16:02+00:00,M04,RUNNING,0.0,0.0,0.0,2799.9,18.95,44.99,0.146,96.9,0.02,8.0,4.0,2.0,0.00308
2026-10-02 08:16:02+00:00,M01,SLEEP,0.0,0.0,0.0,0.0,0.0,30.7,0.004,97.0,0.02,8.0,4.0,2.0,0.00019
2026-10-02 08:16:02+00:00,M03,DEGRADED,0.0,0.0,0.0,1411.0,72.16,55.62,0.67,67.8,0.63,8.0,4.0,2.0,0.00592
2026-10-02 08:16:02+00:00,M02,OVERLOAD,0.0,0.0,0.0,1131.1,104.04,48.75,0.384,91.9,0.21,8.0,4.0,2.0,0.00684
2026-10-02 08:16:04+00:00,M04,RUNNING,0.0,0.0,0.0,2798.6,19.55,45.01,0.14,97.0,0.02,8.0,4.0,2.0,0.00319
2026-10-02 08:16:04+00:00,M01,SLEEP,0.0,0.0,0.0,0.0,0.0,30.7,0.004,97.0,0.02,8.0,4.0,2.0,0.0002
2026-10-02 08:16:04+00:00,M03,DEGRADED,0.0,0.0,0.0,1411.2,70.75,55.73,0.659,67.6,0.63,8.0,4.0,2.0,0.00581
2026-10-02 08:16:04+00:00,M02,OVERLOAD,0.0,0.0,0.0,1139.8,102.66,48.93,0.424,88.2,0.33,8.0,4.0,2.0,0.00681
2026-10-02 08:16:06+00:00,M02,OVERLOAD,0.0,0.0,0.0,1139.4,103.07,49.07,0.432,85.3,0.41,8.0,4.0,2.0,0.00683
2026-10-02 08:16:06+00:00,M01,SLEEP,0.0,0.0,0.0,0.0,0.0,30.66,0.006,97.0,0.02,8.0,4.0,2.0,0.00019
2026-10-02 08:16:06+00:00,M03,DEGRADED,0.0,0.0,0.0,1411.7,68.58,55.83,0.663,67.4,0.64,8.0,4.0,2.0,0.00563
2026-10-02 08:16:06+00:00,M04,RUNNING,0.0,0.0,0.0,2801.0,18.97,45.01,0.143,97.0,0.02,8.0,4.0,2.0,0.00309
2026-10-02 08:16:08+00:00,M04,RUNNING,0.0,0.0,0.0,2803.9,19.53,45.0,0.143,97.0,0.02,8.0,4.0,2.0,0.00318
2026-10-02 08:16:08+00:00,M02,OVERLOAD,1.0,1800.0,1800.0,1133.2,105.08,49.27,0.431,83.2,0.46,8.0,4.0,2.0,0.00693
2026-10-02 08:16:08+00:00,M03,DEGRADED,0.0,0.0,0.0,1414.9,69.11,55.95,0.66,67.3,0.65,8.0,4.0,2.0,0.00569
2026-10-02 08:16:08+00:00,M01,SLEEP,0.0,0.0,0.0,0.0,0.0,30.65,0.006,97.0,0.02,8.0,4.0,2.0,0.0002
2026-10-02 08:16:10+00:00,M03,DEGRADED,0.0,0.0,0.0,1401.7,71.07,56.06,0.673,67.0,0.65,8.0,4.0,2.0,0.00579
2026-10-02 08:16:10+00:00,M01,SLEEP,0.0,0.0,0.0,0.0,0.0,30.6,0.005,97.0,0.02,8.0,4.0,2.0,0.00021
2026-10-02 08:16:10+00:00,M02,OVERLOAD,0.0,0.0,0.0,1154.3,96.96,49.48,0.449,81.5,0.49,8.0,4.0,2.0,0.00651
2026-10-02 08:16:10+00:00,M04,RUNNING,0.0,0.0,0.0,2802.5,19.16,45.04,0.152,97.0,0.02,8.0,4.0,2.0,0.00313
2026-10-02 08:16:12+00:00,M01,SLEEP,0.0,0.0,0.0,0.0,0.0,30.56,0.006,97.0,0.02,8.0,4.0,2.0,0.00019
2026-10-02 08:16:12+00:00,M04,RUNNING,0.0,0.0,0.0,2801.8,18.44,45.05,0.164,96.9,0.03,8.0,4.0,2.0,0.003
2026-10-02 08:16:12+00:00,M02,OVERLOAD,0.0,0.0,0.0,1127.3,104.33,49.66,0.439,80.2,0.51,8.0,4.0,2.0,0.00684
2026-10-02 08:16:12+00:00,M03,DEGRADED,1.0,1800.0,1800.0,1402.5,69.11,56.14,0.683,66.7,0.66,8.0,4.0,2.0,0.00564
2026-10-02 08:16:14+00:00,M04,RUNNING,0.0,0.0,0.0,2804.9,18.76,45.09,0.146,96.9,0.03,8.0,4.0,2.0,0.00307
2026-10-02 08:16:14+00:00,M02,OVERLOAD,0.0,0.0,0.0,1129.3,104.68,49.86,0.433,79.2,0.53,8.0,4.0,2.0,0.00688
2026-10-02 08:16:14+00:00,M03,DEGRADED,0.0,0.0,0.0,1403.6,70.71,56.24,0.679,66.5,0.66,8.0,4.0,2.0,0.00578
2026-10-02 08:16:14+00:00,M01,SLEEP,0.0,0.0,0.0,0.0,0.0,30.5,0.006,97.0,0.02,8.0,4.0,2.0,0.0002
2026-10-02 08:16:16+00:00,M04,RUNNING,0.0,0.0,0.0,2797.2,19.65,45.07,0.135,96.9,0.02,8.0,4.0,2.0,0.00319
2026-10-02 08:16:16+00:00,M03,DEGRADED,0.0,0.0,0.0,1409.8,72.34,56.28,0.692,66.2,0.67,8.0,4.0,2.0,0.00593
2026-10-02 08:16:16+00:00,M01,SLEEP,0.0,0.0,0.0,0.0,0.0,30.5,0.006,97.0,0.02,8.0,4.0,2.0,0.00019
2026-10-02 08:16:16+00:00,M02,OVERLOAD,0.0,0.0,0.0,1135.9,98.37,50.03,0.438,78.4,0.55,8.0,4.0,2.0,0.0065
2026-10-02 08:16:18+00:00,M02,OVERLOAD,0.0,0.0,0.0,1144.9,103.28,50.16,0.457,77.6,0.56,8.0,4.0,2.0,0.00688
2026-10-02 08:16:18+00:00,M04,RUNNING,0.0,0.0,0.0,2803.3,19.65,45.09,0.134,96.9,0.02,8.0,4.0,2.0,0.00321
2026-10-02 08:16:18+00:00,M01,SLEEP,0.0,0.0,0.0,0.0,0.0,30.47,0.004,97.0,0.02,8.0,4.0,2.0,0.0002
2026-10-02 08:16:18+00:00,M03,DEGRADED,0.0,0.0,0.0,1403.6,69.7,56.38,0.678,66.0,0.67,8.0,4.0,2.0,0.00569
2026-10-02 08:16:20+00:00,M04,RUNNING,0.0,0.0,0.0,2803.9,19.31,45.11,0.132,96.9,0.02,8.0,4.0,2.0,0.00315
2026-10-02 08:16:20+00:00,M03,DEGRADED,0.0,0.0,0.0,1402.0,72.82,56.48,0.674,65.8,0.67,8.0,4.0,2.0,0.00594
2026-10-02 08:16:20+00:00,M01,SLEEP,0.0,0.0,0.0,0.0,0.0,30.44,0.006,97.0,0.02,8.0,4.0,2.0,0.00019
2026-10-02 08:16:20+00:00,M02,OVERLOAD,0.0,0.0,0.0,1126.5,100.43,50.31,0.451,76.9,0.57,8.0,4.0,2.0,0.00658
2026-10-02 08:16:22+00:00,M04,RUNNING,0.0,0.0,0.0,2804.0,18.95,45.15,0.14,96.9,0.02,8.0,4.0,2.0,0.00309
2026-10-02 08:16:22+00:00,M01,SLEEP,0.0,0.0,0.0,0.0,0.0,30.42,0.006,97.0,0.02,8.0,4.0,2.0,0.0002
2026-10-02 08:16:22+00:00,M02,OVERLOAD,0.0,0.0,0.0,1148.4,102.68,50.51,0.437,76.4,0.59,8.0,4.0,2.0,0.00686
2026-10-02 08:16:22+00:00,M03,DEGRADED,0.0,0.0,0.0,1406.6,70.76,56.56,0.699,65.5,0.68,8.0,4.0,2.0,0.00579
2026-10-02 08:16:24+00:00,M03,DEGRADED,0.0,0.0,0.0,1400.0,73.36,56.65,0.694,65.2,0.68,8.0,4.0,2.0,0.00597
2026-10-02 08:16:24+00:00,M01,SLEEP,0.0,0.0,0.0,0.0,0.0,30.37,0.005,97.0,0.02,8.0,4.0,2.0,0.0002
2026-10-02 08:16:24+00:00,M02,OVERLOAD,0.0,0.0,0.0,1149.9,102.99,50.63,0.459,75.7,0.59,8.0,4.0,2.0,0.00689
2026-10-02 08:16:24+00:00,M04,RUNNING,0.0,0.0,0.0,2802.3,18.51,45.12,0.145,96.9,0.02,8.0,4.0,2.0,0.00302
2026-10-02 08:16:26+00:00,M01,SLEEP,0.0,0.0,0.0,0.0,0.0,30.31,0.005,97.0,0.02,8.0,4.0,2.0,0.0002
2026-10-02 08:16:26+00:00,M03,DEGRADED,0.0,0.0,0.0,1402.5,73.44,56.74,0.693,65.0,0.68,8.0,4.0,2.0,0.006
2026-10-02 08:16:26+00:00,M02,OVERLOAD,0.0,0.0,0.0,1152.7,102.91,50.8,0.437,75.3,0.6,8.0,4.0,2.0,0.0069
2026-10-02 08:16:26+00:00,M04,RUNNING,0.0,0.0,0.0,2797.7,18.49,45.1,0.14,96.9,0.02,8.0,4.0,2.0,0.003
2026-10-02 08:16:28+00:00,M03,DEGRADED,0.0,0.0,0.0,1411.8,72.4,56.81,0.699,64.8,0.68,8.0,4.0,2.0,0.00594
2026-10-02 08:16:28+00:00,M04,RUNNING,0.0,0.0,0.0,2795.8,19.57,45.12,0.152,96.9,0.02,8.0,4.0,2.0,0.00319
2026-10-02 08:16:28+00:00,M01,SLEEP,0.0,0.0,0.0,0.0,0.0,30.25,0.004,97.0,0.02,8.0,4.0,2.0,0.0002
2026-10-02 08:16:28+00:00,M02,OVERLOAD,0.0,0.0,0.0,1136.3,103.96,50.96,0.446,74.9,0.61,8.0,4.0,2.0,0.00687
2026-10-02 08:16:30+00:00,M02,OVERLOAD,0.0,0.0,0.0,1139.3,104.45,51.09,0.461,74.3,0.61,8.0,4.0,2.0,0.00692
2026-10-02 08:16:30+00:00,M04,RUNNING,0.0,0.0,0.0,2803.0,19.23,45.12,0.154,96.9,0.02,8.0,4.0,2.0,0.00313
2026-10-02 08:16:30+00:00,M03,DEGRADED,0.0,0.0,0.0,1412.4,72.27,56.89,0.688,64.6,0.69,8.0,4.0,2.0,0.00594
2026-10-02 08:16:30+00:00,M01,SLEEP,0.0,0.0,0.0,0.0,0.0,30.25,0.005,97.0,0.02,8.0,4.0,2.0,0.00019
2026-10-02 08:16:32+00:00,M04,RUNNING,0.0,0.0,0.0,2801.2,19.11,45.09,0.149,96.9,0.02,8.0,4.0,2.0,0.00312
2026-10-02 08:16:32+00:00,M02,OVERLOAD,0.0,0.0,0.0,1140.7,99.33,51.29,0.437,74.0,0.62,8.0,4.0,2.0,0.00659
2026-10-02 08:16:32+00:00,M03,DEGRADED,0.0,0.0,0.0,1403.6,71.11,56.94,0.684,64.5,0.68,8.0,4.0,2.0,0.00581
2026-10-02 08:16:32+00:00,M01,SLEEP,0.0,0.0,0.0,0.0,0.0,30.2,0.005,97.0,0.02,8.0,4.0,2.0,0.00019
2026-10-02 08:16:34+00:00,M02,OVERLOAD,0.0,0.0,0.0,1130.0,104.7,51.42,0.442,73.6,0.63,8.0,4.0,2.0,0.00689
2026-10-02 08:16:34+00:00,M03,DEGRADED,0.0,0.0,0.0,1399.7,72.4,57.03,0.694,64.3,0.68,8.0,4.0,2.0,0.00589
2026-10-02 08:16:34+00:00,M04,RUNNING,0.0,0.0,0.0,2800.1,19.25,45.1,0.151,96.9,0.02,8.0,4.0,2.0,0.00313
2026-10-02 08:16:34+00:00,M01,SLEEP,0.0,0.0,0.0,0.0,0.0,30.14,0.007,97.0,0.02,8.0,4.0,2.0,0.00019
2026-10-02 08:16:36+00:00,M03,DEGRADED,0.0,0.0,0.0,1397.4,70.24,57.1,0.692,64.1,0.69,8.0,4.0,2.0,0.00571
2026-10-02 08:16:36+00:00,M02,OVERLOAD,0.0,0.0,0.0,1144.0,103.05,51.63,0.461,73.0,0.64,8.0,4.0,2.0,0.00686
2026-10-02 08:16:36+00:00,M01,SLEEP,0.0,0.0,0.0,0.0,0.0,30.13,0.006,97.0,0.02,8.0,4.0,2.0,0.00019
2026-10-02 08:16:36+00:00,M04,RUNNING,0.0,0.0,0.0,2804.4,18.6,45.08,0.154,96.9,0.02,8.0,4.0,2.0,0.00304
2026-10-02 08:16:38+00:00,M04,RUNNING,0.0,0.0,0.0,2801.9,18.95,45.09,0.142,96.9,0.02,8.0,4.0,2.0,0.00309
2026-10-02 08:16:38+00:00,M01,SLEEP,0.0,0.0,0.0,0.0,0.0,30.08,0.005,97.0,0.02,8.0,4.0,2.0,0.0002
2026-10-02 08:16:38+00:00,M03,DEGRADED,0.0,0.0,0.0,1410.1,69.75,57.13,0.709,63.8,0.69,8.0,4.0,2.0,0.00572
2026-10-02 08:16:38+00:00,M02,OVERLOAD,0.0,0.0,0.0,1141.5,98.17,51.81,0.45,72.6,0.64,8.0,4.0,2.0,0.00651
2026-10-02 08:16:40+00:00,M04,RUNNING,1.0,1800.0,1800.0,2796.2,19.41,45.13,0.138,96.9,0.02,8.0,4.0,2.0,0.00315
2026-10-02 08:16:40+00:00,M02,OVERLOAD,0.0,0.0,0.0,1149.5,99.65,51.98,0.439,72.2,0.65,8.0,4.0,2.0,0.00667
2026-10-02 08:16:40+00:00,M03,DEGRADED,0.0,0.0,0.0,1403.7,71.61,57.23,0.716,63.5,0.69,8.0,4.0,2.0,0.00585
2026-10-02 08:16:40+00:00,M01,SLEEP,0.0,0.0,0.0,0.0,0.0,30.05,0.004,97.0,0.02,8.0,4.0,2.0,0.00019
2026-10-02 08:16:42+00:00,M01,SLEEP,0.0,0.0,0.0,0.0,0.0,30.03,0.005,97.0,0.02,8.0,4.0,2.0,0.0002
2026-10-02 08:16:42+00:00,M04,RUNNING,0.0,0.0,0.0,2802.9,19.32,45.11,0.149,96.9,0.02,8.0,4.0,2.0,0.00315
2026-10-02 08:16:42+00:00,M03,DEGRADED,0.0,0.0,0.0,1403.7,72.56,57.32,0.694,63.4,0.71,8.0,4.0,2.0,0.00593
2026-10-02 08:16:42+00:00,M02,OVERLOAD,0.0,0.0,0.0,1153.6,98.39,52.17,0.434,71.9,0.66,8.0,4.0,2.0,0.0066
2026-10-02 08:16:44+00:00,M03,DEGRADED,0.0,0.0,0.0,1405.6,73.86,57.41,0.692,63.3,0.72,8.0,4.0,2.0,0.00604
2026-10-02 08:16:44+00:00,M02,OVERLOAD,1.0,1800.0,1800.0,1129.1,102.96,52.31,0.445,71.5,0.67,8.0,4.0,2.0,0.00676
2026-10-02 08:16:44+00:00,M01,SLEEP,0.0,0.0,0.0,0.0,0.0,30.02,0.004,97.0,0.02,8.0,4.0,2.0,0.0002
2026-10-02 08:16:44+00:00,M04,RUNNING,0.0,0.0,0.0,2801.6,18.52,45.06,0.154,96.9,0.02,8.0,4.0,2.0,0.00302
2026-10-02 08:16:46+00:00,M01,SLEEP,0.0,0.0,0.0,0.0,0.0,30.0,0.006,97.0,0.02,8.0,4.0,2.0,0.0002
2026-10-02 08:16:46+00:00,M03,DEGRADED,0.0,0.0,0.0,1412.9,69.74,57.45,0.717,63.0,0.72,8.0,4.0,2.0,0.00573
2026-10-02 08:16:46+00:00,M04,RUNNING,0.0,0.0,0.0,2795.7,19.15,45.04,0.157,96.9,0.02,8.0,4.0,2.0,0.00312
2026-10-02 08:16:46+00:00,M02,OVERLOAD,0.0,0.0,0.0,1125.9,102.25,52.53,0.453,71.0,0.69,8.0,4.0,2.0,0.0067
2026-10-02 08:16:48+00:00,M01,SLEEP,0.0,0.0,0.0,0.0,0.0,29.96,0.006,97.0,0.02,8.0,4.0,2.0,0.00019
2026-10-02 08:16:48+00:00,M03,DEGRADED,0.0,0.0,0.0,1401.2,72.22,57.55,0.725,62.6,0.73,8.0,4.0,2.0,0.00588
2026-10-02 08:16:48+00:00,M02,OVERLOAD,0.0,0.0,0.0,1149.6,98.27,52.67,0.436,70.6,0.7,8.0,4.0,2.0,0.00657
2026-10-02 08:16:48+00:00,M04,RUNNING,0.0,0.0,0.0,2800.3,19.49,44.99,0.14,96.9,0.02,8.0,4.0,2.0,0.00317
2026-10-02 08:16:50+00:00,M03,DEGRADED,1.0,1800.0,1800.0,1401.0,73.33,57.63,0.707,62.5,0.73,8.0,4.0,2.0,0.00598
2026-10-02 08:16:50+00:00,M02,OVERLOAD,0.0,0.0,0.0,1154.5,98.35,52.8,0.453,70.1,0.71,8.0,4.0,2.0,0.00661
2026-10-02 08:16:50+00:00,M04,RUNNING,0.0,0.0,0.0,2803.6,18.97,45.02,0.151,96.9,0.02,8.0,4.0,2.0,0.0031
2026-10-02 08:16:50+00:00,M01,SLEEP,0.0,0.0,0.0,0.0,0.0,29.89,0.005,97.0,0.02,8.0,4.0,2.0,0.0002
2026-10-02 08:16:52+00:00,M01,SLEEP,0.0,0.0,0.0,0.0,0.0,29.91,0.007,97.0,0.02,8.0,4.0,2.0,0.00019
2026-10-02 08:16:52+00:00,M03,DEGRADED,0.0,0.0,0.0,1396.9,70.92,57.71,0.713,62.3,0.73,8.0,4.0,2.0,0.00576
2026-10-02 08:16:52+00:00,M02,OVERLOAD,0.0,0.0,0.0,1151.3,98.46,52.95,0.453,69.7,0.72,8.0,4.0,2.0,0.00659
2026-10-02 08:16:52+00:00,M04,RUNNING,0.0,0.0,0.0,2802.7,19.36,45.04,0.136,97.0,0.02,8.0,4.0,2.0,0.00315
2026-10-02 08:16:54+00:00,M04,RUNNING,0.0,0.0,0.0,2797.9,19.63,45.05,0.142,97.0,0.02,8.0,4.0,2.0,0.0032
2026-10-02 08:16:54+00:00,M01,SLEEP,0.0,0.0,0.0,0.0,0.0,29.86,0.005,97.0,0.02,8.0,4.0,2.0,0.0002
2026-10-02 08:16:54+00:00,M02,OVERLOAD,0.0,0.0,0.0,1126.5,99.47,53.08,0.454,69.2,0.72,8.0,4.0,2.0,0.00652
2026-10-02 08:16:54+00:00,M03,DEGRADED,0.0,0.0,0.0,1412.3,70.4,57.77,0.706,62.1,0.73,8.0,4.0,2.0,0.00579
2026-10-02 08:16:56+00:00,M01,SLEEP,0.0,0.0,0.0,0.0,0.0,29.88,0.007,97.0,0.02,8.0,4.0,2.0,0.0002
2026-10-02 08:16:56+00:00,M04,RUNNING,0.0,0.0,0.0,2800.3,18.6,45.1,0.15,97.0,0.02,8.0,4.0,2.0,0.00303
2026-10-02 08:16:56+00:00,M03,DEGRADED,0.0,0.0,0.0,1406.0,73.13,57.83,0.707,62.0,0.74,8.0,4.0,2.0,0.00598
2026-10-02 08:16:56+00:00,M02,OVERLOAD,0.0,0.0,0.0,1135.1,98.6,53.21,0.461,68.7,0.72,8.0,4.0,2.0,0.00651
2026-10-02 08:16:58+00:00,M01,SLEEP,0.0,0.0,0.0,0.0,0.0,29.83,0.005,97.0,0.02,8.0,4.0,2.0,0.00019
2026-10-02 08:16:58+00:00,M03,DEGRADED,0.0,0.0,0.0,1401.5,73.14,57.89,0.704,61.8,0.74,8.0,4.0,2.0,0.00596
2026-10-02 08:16:58+00:00,M02,OVERLOAD,0.0,0.0,0.0,1133.9,105.17,53.41,0.458,68.3,0.73,8.0,4.0,2.0,0.00694
2026-10-02 08:16:58+00:00,M04,RUNNING,0.0,0.0,0.0,2803.3,18.41,45.12,0.157,96.9,0.02,8.0,4.0,2.0,0.003
2026-10-02 08:17:00+00:00,M03,DEGRADED,0.0,0.0,0.0,1393.5,73.8,57.92,0.731,61.5,0.73,8.0,4.0,2.0,0.00598
2026-10-02 08:17:00+00:00,M02,OVERLOAD,0.0,0.0,0.0,1144.1,98.05,53.58,0.442,68.0,0.73,8.0,4.0,2.0,0.00652
2026-10-02 08:17:00+00:00,M04,RUNNING,0.0,0.0,0.0,2796.4,18.78,45.15,0.146,96.9,0.02,8.0,4.0,2.0,0.00306
2026-10-02 08:17:00+00:00,M01,SLEEP,0.0,0.0,0.0,0.0,0.0,29.77,0.006,97.0,0.02,8.0,4.0,2.0,0.00019
2026-10-02 08:17:02+00:00,M03,RUNNING,0.0,0.0,0.0,1499.0,61.52,58.0,0.361,64.5,0.71,8.0,4.0,2.0,0.00537
2026-10-02 08:17:02+00:00,M01,SLEEP,0.0,0.0,0.0,0.0,0.0,29.73,0.007,97.0,0.02,8.0,4.0,2.0,0.0002
2026-10-02 08:17:02+00:00,M02,RUNNING,0.0,0.0,0.0,1202.1,57.57,53.59,0.225,72.8,0.59,8.0,4.0,2.0,0.00403
2026-10-02 08:17:02+00:00,M04,RUNNING,0.0,0.0,0.0,2797.0,18.55,45.15,0.151,96.9,0.02,8.0,4.0,2.0,0.00301
2026-10-02 08:17:04+00:00,M04,RUNNING,0.0,0.0,0.0,2798.8,18.58,45.14,0.155,96.9,0.02,8.0,4.0,2.0,0.00303
2026-10-02 08:17:04+00:00,M01,SLEEP,0.0,0.0,0.0,0.0,0.0,29.71,0.007,97.0,0.02,8.0,4.0,2.0,0.00021
2026-10-02 08:17:04+00:00,M02,RUNNING,0.0,0.0,0.0,1202.1,59.66,53.56,0.177,76.9,0.45,8.0,4.0,2.0,0.00417
2026-10-02 08:17:04+00:00,M03,RUNNING,0.0,0.0,0.0,1504.9,58.64,58.05,0.266,67.6,0.62,8.0,4.0,2.0,0.00513
2026-10-02 08:17:06+00:00,M04,RUNNING,0.0,0.0,0.0,2802.8,19.82,45.13,0.141,96.9,0.02,8.0,4.0,2.0,0.00323
2026-10-02 08:17:06+00:00,M03,RUNNING,0.0,0.0,0.0,1501.0,56.96,58.06,0.26,70.3,0.56,8.0,4.0,2.0,0.00498
2026-10-02 08:17:06+00:00,M01,SLEEP,0.0,0.0,0.0,0.0,0.0,29.71,0.004,97.0,0.02,8.0,4.0,2.0,0.00019
2026-10-02 08:17:06+00:00,M02,RUNNING,0.0,0.0,0.0,1199.0,59.07,53.51,0.163,80.4,0.36,8.0,4.0,2.0,0.00412
2026-10-02 08:17:08+00:00,M02,RUNNING,0.0,0.0,0.0,1200.6,58.81,53.43,0.175,83.1,0.3,8.0,4.0,2.0,0.00411
2026-10-02 08:17:08+00:00,M01,SLEEP,0.0,0.0,0.0,0.0,0.0,29.66,0.005,97.0,0.02,8.0,4.0,2.0,0.00019
2026-10-02 08:17:08+00:00,M03,RUNNING,0.0,0.0,0.0,1500.2,56.67,58.08,0.233,72.8,0.49,8.0,4.0,2.0,0.00494
2026-10-02 08:17:08+00:00,M04,RUNNING,0.0,0.0,0.0,2799.7,19.6,45.08,0.145,96.9,0.02,8.0,4.0,2.0,0.00319
2026-10-02 08:17:10+00:00,M01,SLEEP,0.0,0.0,0.0,0.0,0.0,29.68,0.007,97.0,0.02,8.0,4.0,2.0,0.00019
2026-10-02 08:17:10+00:00,M04,RUNNING,0.0,0.0,0.0,2802.7,18.68,45.12,0.142,96.9,0.02,8.0,4.0,2.0,0.00305
2026-10-02 08:17:10+00:00,M03,RUNNING,0.0,0.0,0.0,1496.1,56.86,58.11,0.24,75.0,0.45,8.0,4.0,2.0,0.00495
2026-10-02 08:17:10+00:00,M02,RUNNING,0.0,0.0,0.0,1200.5,55.49,53.33,0.168,85.5,0.25,8.0,4.0,2.0,0.00387
2026-10-02 08:17:12+00:00,M01,SLEEP,0.0,0.0,0.0,0.0,0.0,29.64,0.007,97.0,0.02,8.0,4.0,2.0,0.0002
2026-10-02 08:17:12+00:00,M02,RUNNING,0.0,0.0,0.0,1195.6,56.12,53.3,0.164,87.7,0.21,8.0,4.0,2.0,0.00391
2026-10-02 08:17:12+00:00,M04,RUNNING,0.0,0.0,0.0,2796.8,18.72,45.1,0.163,96.8,0.03,8.0,4.0,2.0,0.00304
2026-10-02 08:17:12+00:00,M03,RUNNING,0.0,0.0,0.0,1502.4,58.11,58.11,0.231,76.9,0.41,8.0,4.0,2.0,0.00508
2026-10-02 08:17:14+00:00,M02,RUNNING,0.0,0.0,0.0,1200.9,56.29,53.23,0.149,89.6,0.17,8.0,4.0,2.0,0.00393
2026-10-02 08:17:14+00:00,M03,RUNNING,0.0,0.0,0.0,1503.7,57.68,58.15,0.227,78.8,0.37,8.0,4.0,2.0,0.00504
2026-10-02 08:17:14+00:00,M04,RUNNING,0.0,0.0,0.0,2796.5,19.14,45.06,0.158,96.8,0.02,8.0,4.0,2.0,0.00312
2026-10-02 08:17:14+00:00,M01,SLEEP,0.0,0.0,0.0,0.0,0.0,29.63,0.007,97.0,0.02,8.0,4.0,2.0,0.00019
2026-10-02 08:17:16+00:00,M03,RUNNING,0.0,0.0,0.0,1495.7,55.36,58.14,0.241,80.4,0.35,8.0,4.0,2.0,0.00482
2026-10-02 08:17:16+00:00,M01,SLEEP,0.0,0.0,0.0,0.0,0.0,29.65,0.006,97.0,0.02,8.0,4.0,2.0,0.00018
2026-10-02 08:17:16+00:00,M04,RUNNING,0.0,0.0,0.0,2796.0,18.49,45.05,0.153,96.8,0.02,8.0,4.0,2.0,0.003
2026-10-02 08:17:16+00:00,M02,RUNNING,0.0,0.0,0.0,1197.1,55.39,53.16,0.163,91.2,0.14,8.0,4.0,2.0,0.00386
2026-10-02 08:17:18+00:00,M02,RUNNING,1.0,1800.0,1800.0,1198.4,55.46,53.1,0.172,92.2,0.14,8.0,4.0,2.0,0.00386
2026-10-02 08:17:18+00:00,M03,RUNNING,0.0,0.0,0.0,1499.4,55.43,58.09,0.238,81.9,0.33,8.0,4.0,2.0,0.00484
2026-10-02 08:17:18+00:00,M04,RUNNING,0.0,0.0,0.0,2795.2,18.45,45.06,0.16,96.8,0.02,8.0,4.0,2.0,0.003
2026-10-02 08:17:18+00:00,M01,SLEEP,0.0,0.0,0.0,0.0,0.0,29.62,0.006,97.0,0.02,8.0,4.0,2.0,0.0002
2026-10-02 08:17:20+00:00,M04,RUNNING,1.0,1800.0,1800.0,2796.1,19.41,45.1,0.139,96.9,0.02,8.0,4.0,2.0,0.00316
2026-10-02 08:17:20+00:00,M03,RUNNING,0.0,0.0,0.0,1501.6,56.19,58.04,0.217,83.6,0.29,8.0,4.0,2.0,0.0049
2026-10-02 08:17:20+00:00,M01,SLEEP,0.0,0.0,0.0,0.0,0.0,29.57,0.005,97.0,0.02,8.0,4.0,2.0,0.0002
2026-10-02 08:17:20+00:00,M02,RUNNING,0.0,0.0,0.0,1199.8,53.93,52.98,0.151,93.1,0.11,8.0,4.0,2.0,0.00377
2026-10-02 08:17:22+00:00,M02,RUNNING,0.0,0.0,0.0,1204.1,53.75,52.92,0.173,93.6,0.11,8.0,4.0,2.0,0.00376
2026-10-02 08:17:22+00:00,M04,RUNNING,0.0,0.0,0.0,2802.8,19.56,45.1,0.144,96.9,0.02,8.0,4.0,2.0,0.00319
2026-10-02 08:17:22+00:00,M03,RUNNING,1.0,1800.0,1800.0,1496.2,54.39,58.02,0.212,85.2,0.26,8.0,4.0,2.0,0.00474
2026-10-02 08:17:22+00:00,M01,SLEEP,0.0,0.0,0.0,0.0,0.0,29.51,0.006,97.0,0.02,8.0,4.0,2.0,0.0002
2026-10-02 08:17:24+00:00,M01,SLEEP,0.0,0.0,0.0,0.0,0.0,29.5,0.004,97.0,0.02,8.0,4.0,2.0,0.0002
2026-10-02 08:17:24+00:00,M04,RUNNING,0.0,0.0,0.0,2801.3,19.72,45.05,0.135,96.9,0.02,8.0,4.0,2.0,0.00321
2026-10-02 08:17:24+00:00,M02,RUNNING,0.0,0.0,0.0,1201.1,55.4,52.84,0.156,94.0,0.11,8.0,4.0,2.0,0.00387
2026-10-02 08:17:24+00:00,M03,RUNNING,0.0,0.0,0.0,1496.5,53.31,57.96,0.213,86.8,0.23,8.0,4.0,2.0,0.00464
2026-10-02 08:17:26+00:00,M01,SLEEP,0.0,0.0,0.0,0.0,0.0,29.49,0.005,97.0,0.02,8.0,4.0,2.0,0.00019
2026-10-02 08:17:26+00:00,M04,RUNNING,0.0,0.0,0.0,2799.8,18.5,45.1,0.154,96.9,0.02,8.0,4.0,2.0,0.00302
2026-10-02 08:17:26+00:00,M03,RUNNING,0.0,0.0,0.0,1504.6,53.61,57.83,0.208,88.4,0.21,8.0,4.0,2.0,0.00469
2026-10-02 08:17:26+00:00,M02,RUNNING,0.0,0.0,0.0,1199.7,53.99,52.74,0.167,94.3,0.11,8.0,4.0,2.0,0.00377
2026-10-02 08:17:28+00:00,M03,RUNNING,0.0,0.0,0.0,1496.5,54.95,57.78,0.202,89.9,0.19,8.0,4.0,2.0,0.00479
2026-10-02 08:17:28+00:00,M01,SLEEP,0.0,0.0,0.0,0.0,0.0,29.48,0.005,97.0,0.02,8.0,4.0,2.0,0.00018
2026-10-02 08:17:28+00:00,M04,RUNNING,0.0,0.0,0.0,2802.5,19.1,45.12,0.139,96.9,0.02,8.0,4.0,2.0,0.00311
2026-10-02 08:17:28+00:00,M02,RUNNING,0.0,0.0,0.0,1196.8,53.91,52.69,0.176,94.4,0.11,8.0,4.0,2.0,0.00375
2026-10-02 08:17:30+00:00,M02,RUNNING,0.0,0.0,0.0,1195.6,54.43,52.58,0.17,94.6,0.11,8.0,4.0,2.0,0.00379
2026-10-02 08:17:30+00:00,M01,SLEEP,0.0,0.0,0.0,0.0,0.0,29.45,0.005,97.0,0.02,8.0,4.0,2.0,0.0002
2026-10-02 08:17:30+00:00,M03,RUNNING,0.0,0.0,0.0,1502.9,53.1,57.71,0.198,91.4,0.15,8.0,4.0,2.0,0.00464
2026-10-02 08:17:30+00:00,M04,RUNNING,0.0,0.0,0.0,2798.6,19.24,45.16,0.157,96.9,0.02,8.0,4.0,2.0,0.00313
2026-10-02 08:17:32+00:00,M02,RUNNING,0.0,0.0,0.0,1196.3,55.31,52.53,0.153,94.8,0.1,8.0,4.0,2.0,0.00385
2026-10-02 08:17:32+00:00,M04,RUNNING,0.0,0.0,0.0,2802.2,18.8,45.16,0.148,96.9,0.02,8.0,4.0,2.0,0.00307
2026-10-02 08:17:32+00:00,M03,RUNNING,0.0,0.0,0.0,1495.4,52.63,57.59,0.2,92.4,0.14,8.0,4.0,2.0,0.00458
2026-10-02 08:17:32+00:00,M01,SLEEP,0.0,0.0,0.0,0.0,0.0,29.45,0.005,97.0,0.02,8.0,4.0,2.0,0.00019
2026-10-02 08:17:34+00:00,M02,RUNNING,0.0,0.0,0.0,1204.2,56.79,52.47,0.152,94.9,0.1,8.0,4.0,2.0,0.00398
2026-10-02 08:17:34+00:00,M01,SLEEP,0.0,0.0,0.0,0.0,0.0,29.41,0.006,97.0,0.02,8.0,4.0,2.0,0.0002
2026-10-02 08:17:34+00:00,M04,RUNNING,0.0,0.0,0.0,2804.4,19.46,45.11,0.147,96.9,0.02,8.0,4.0,2.0,0.00317
2026-10-02 08:17:34+00:00,M03,RUNNING,0.0,0.0,0.0,1503.2,54.66,57.54,0.214,93.0,0.14,8.0,4.0,2.0,0.00478
2026-10-02 08:17:36+00:00,M03,RUNNING,0.0,0.0,0.0,1502.4,52.95,57.49,0.202,93.5,0.13,8.0,4.0,2.0,0.00462
2026-10-02 08:17:36+00:00,M01,SLEEP,0.0,0.0,0.0,0.0,0.0,29.4,0.005,97.0,0.02,8.0,4.0,2.0,0.0002
2026-10-02 08:17:36+00:00,M04,RUNNING,0.0,0.0,0.0,2802.4,18.6,45.1,0.138,96.9,0.02,8.0,4.0,2.0,0.00303
2026-10-02 08:17:36+00:00,M02,RUNNING,0.0,0.0,0.0,1202.9,53.88,52.4,0.151,95.0,0.09,8.0,4.0,2.0,0.00377
2026-10-02 08:17:38+00:00,M03,RUNNING,0.0,0.0,0.0,1501.2,52.76,57.39,0.189,93.9,0.12,8.0,4.0,2.0,0.00461
2026-10-02 08:17:38+00:00,M04,RUNNING,0.0,0.0,0.0,2799.4,19.27,45.08,0.134,96.9,0.02,8.0,4.0,2.0,0.00314
2026-10-02 08:17:38+00:00,M01,SLEEP,0.0,0.0,0.0,0.0,0.0,29.4,0.005,97.0,0.02,8.0,4.0,2.0,0.0002
2026-10-02 08:17:38+00:00,M02,RUNNING,0.0,0.0,0.0,1197.4,55.6,52.29,0.165,95.0,0.09,8.0,4.0,2.0,0.00387
2026-10-02 08:17:40+00:00,M02,RUNNING,0.0,0.0,0.0,1200.8,54.69,52.19,0.158,95.1,0.09,8.0,4.0,2.0,0.00382
2026-10-02 08:17:40+00:00,M01,SLEEP,0.0,0.0,0.0,0.0,0.0,29.38,0.005,97.0,0.02,8.0,4.0,2.0,0.0002
2026-10-02 08:17:40+00:00,M03,RUNNING,0.0,0.0,0.0,1503.9,54.01,57.31,0.183,94.2,0.1,8.0,4.0,2.0,0.00473
2026-10-02 08:17:40+00:00,M04,RUNNING,0.0,0.0,0.0,2799.1,19.56,45.05,0.153,96.9,0.02,8.0,4.0,2.0,0.00319
2026-10-02 08:17:42+00:00,M04,RUNNING,0.0,0.0,0.0,2803.5,19.72,45.0,0.162,96.9,0.02,8.0,4.0,2.0,0.00321
2026-10-02 08:17:42+00:00,M02,RUNNING,0.0,0.0,0.0,1195.6,53.96,52.17,0.169,95.1,0.09,8.0,4.0,2.0,0.00375
2026-10-02 08:17:42+00:00,M01,SLEEP,0.0,0.0,0.0,0.0,0.0,29.37,0.007,97.0,0.02,8.0,4.0,2.0,0.00019
2026-10-02 08:17:42+00:00,M03,RUNNING,0.0,0.0,0.0,1496.1,55.29,57.18,0.199,94.4,0.11,8.0,4.0,2.0,0.00481
2026-10-02 08:17:44+00:00,M03,RUNNING,0.0,0.0,0.0,1501.0,52.76,57.05,0.21,94.5,0.12,8.0,4.0,2.0,0.00461
2026-10-02 08:17:44+00:00,M04,RUNNING,0.0,0.0,0.0,2796.9,18.52,45.02,0.157,96.8,0.02,8.0,4.0,2.0,0.00302
2026-10-02 08:17:44+00:00,M02,RUNNING,0.0,0.0,0.0,1201.0,53.0,52.05,0.152,95.2,0.09,8.0,4.0,2.0,0.00371
2026-10-02 08:17:44+00:00,M01,SLEEP,0.0,0.0,0.0,0.0,0.0,29.39,0.004,97.0,0.02,8.0,4.0,2.0,0.0002
2026-10-02 08:17:46+00:00,M04,RUNNING,0.0,0.0,0.0,2797.1,18.73,45.0,0.158,96.8,0.02,8.0,4.0,2.0,0.00304
2026-10-02 08:17:46+00:00,M02,RUNNING,0.0,0.0,0.0,1197.6,54.23,52.03,0.149,95.3,0.08,8.0,4.0,2.0,0.00378
2026-10-02 08:17:46+00:00,M01,SLEEP,0.0,0.0,0.0,0.0,0.0,29.33,0.004,97.0,0.02,8.0,4.0,2.0,0.0002
2026-10-02 08:17:46+00:00,M03,RUNNING,0.0,0.0,0.0,1503.9,51.58,56.97,0.203,94.6,0.12,8.0,4.0,2.0,0.00451
2026-10-02 08:17:48+00:00,M02,RUNNING,0.0,0.0,0.0,1197.4,54.44,51.92,0.152,95.3,0.07,8.0,4.0,2.0,0.00379
2026-10-02 08:17:48+00:00,M01,SLEEP,0.0,0.0,0.0,0.0,0.0,29.33,0.005,97.0,0.02,8.0,4.0,2.0,0.00019
2026-10-02 08:17:48+00:00,M03,RUNNING,0.0,0.0,0.0,1496.8,55.2,56.9,0.188,94.8,0.11,8.0,4.0,2.0,0.00481
2026-10-02 08:17:48+00:00,M04,RUNNING,0.0,0.0,0.0,2802.1,18.97,45.05,0.166,96.8,0.03,8.0,4.0,2.0,0.0031
2026-10-02 08:17:50+00:00,M01,SLEEP,0.0,0.0,0.0,0.0,0.0,29.28,0.007,97.0,0.02,8.0,4.0,2.0,0.00019
2026-10-02 08:17:50+00:00,M04,RUNNING,0.0,0.0,0.0,2802.3,18.58,45.02,0.164,96.7,0.03,8.0,4.0,2.0,0.00303
2026-10-02 08:17:50+00:00,M03,RUNNING,1.0,1800.0,1800.0,1501.1,53.1,56.83,0.19,94.9,0.1,8.0,4.0,2.0,0.00463
2026-10-02 08:17:50+00:00,M02,RUNNING,0.0,0.0,0.0,1199.7,57.25,51.84,0.169,95.3,0.08,8.0,4.0,2.0,0.00399
2026-10-02 08:17:52+00:00,M02,RUNNING,0.0,0.0,0.0,1203.1,54.78,51.77,0.156,95.3,0.08,8.0,4.0,2.0,0.00384
2026-10-02 08:17:52+00:00,M04,RUNNING,0.0,0.0,0.0,2798.3,18.79,45.0,0.143,96.8,0.03,8.0,4.0,2.0,0.00305
2026-10-02 08:17:52+00:00,M03,RUNNING,0.0,0.0,0.0,1497.7,51.41,56.78,0.202,94.9,0.1,8.0,4.0,2.0,0.00448
2026-10-02 08:17:52+00:00,M01,SLEEP,0.0,0.0,0.0,0.0,0.0,29.3,0.006,97.0,0.02,8.0,4.0,2.0,0.00019
2026-10-02 08:17:54+00:00,M03,RUNNING,0.0,0.0,0.0,1498.4,52.89,56.74,0.211,94.9,0.1,8.0,4.0,2.0,0.00461
2026-10-02 08:17:54+00:00,M02,RUNNING,1.0,1800.0,1800.0,1199.5,54.48,51.73,0.17,95.3,0.08,8.0,4.0,2.0,0.0038
2026-10-02 08:17:54+00:00,M04,RUNNING,0.0,0.0,0.0,2799.9,19.05,45.04,0.156,96.8,0.02,8.0,4.0,2.0,0.00311
2026-10-02 08:17:54+00:00,M01,SLEEP,0.0,0.0,0.0,0.0,0.0,29.29,0.006,97.0,0.02,8.0,4.0,2.0,0.00019
2026-10-02 08:17:56+00:00,M01,SLEEP,0.0,0.0,0.0,0.0,0.0,29.25,0.004,97.0,0.02,8.0,4.0,2.0,0.0002
2026-10-02 08:17:56+00:00,M03,RUNNING,0.0,0.0,0.0,1495.6,54.2,56.69,0.204,94.9,0.11,8.0,4.0,2.0,0.00472
2026-10-02 08:17:56+00:00,M04,RUNNING,0.0,0.0,0.0,2804.3,18.96,45.04,0.161,96.8,0.03,8.0,4.0,2.0,0.00309
2026-10-02 08:17:56+00:00,M02,RUNNING,0.0,0.0,0.0,1197.5,56.61,51.66,0.167,95.3,0.09,8.0,4.0,2.0,0.00394
2026-10-02 08:17:58+00:00,M04,RUNNING,0.0,0.0,0.0,2799.6,18.56,45.08,0.148,96.8,0.02,8.0,4.0,2.0,0.00302
2026-10-02 08:17:58+00:00,M03,RUNNING,0.0,0.0,0.0,1502.8,52.17,56.6,0.19,95.0,0.11,8.0,4.0,2.0,0.00456
2026-10-02 08:17:58+00:00,M02,RUNNING,0.0,0.0,0.0,1199.1,55.07,51.55,0.158,95.4,0.07,8.0,4.0,2.0,0.00384
2026-10-02 08:17:58+00:00,M01,SLEEP,0.0,0.0,0.0,0.0,0.0,29.25,0.004,97.0,0.02,8.0,4.0,2.0,0.0002
2026-10-02 08:18:00+00:00,M02,RUNNING,0.0,0.0,0.0,1201.0,55.11,51.51,0.16,95.5,0.07,8.0,4.0,2.0,0.00385
2026-10-02 08:18:00+00:00,M04,RUNNING,1.0,1800.0,1800.0,2801.1,19.18,45.05,0.153,96.9,0.02,8.0,4.0,2.0,0.00313
2026-10-02 08:18:00+00:00,M03,RUNNING,0.0,0.0,0.0,1502.8,52.21,56.53,0.204,95.0,0.1,8.0,4.0,2.0,0.00456
2026-10-02 08:18:00+00:00,M01,SLEEP,0.0,0.0,0.0,0.0,0.0,29.19,0.004,97.0,0.02,8.0,4.0,2.0,0.00018
2026-10-02 08:18:02+00:00,M04,RUNNING,0.0,0.0,0.0,2803.5,19.36,45.09,0.159,96.8,0.02,8.0,4.0,2.0,0.00315
2026-10-02 08:18:02+00:00,M03,RUNNING,0.0,0.0,0.0,1501.9,52.35,56.46,0.197,95.1,0.1,8.0,4.0,2.0,0.00458
2026-10-02 08:18:02+00:00,M02,RUNNING,0.0,0.0,0.0,1204.2,55.31,51.45,0.152,95.5,0.07,8.0,4.0,2.0,0.00388
2026-10-02 08:18:02+00:00,M01,RUNNING,1.0,1800.0,1800.0,1447.7,49.7,29.56,0.142,97.0,0.02,8.0,4.0,2.0,0.00419
2026-10-02 08:18:04+00:00,M01,RUNNING,0.0,0.0,0.0,1447.7,49.61,29.86,0.187,96.9,0.02,8.0,4.0,2.0,0.00418
2026-10-02 08:18:04+00:00,M04,RUNNING,0.0,0.0,0.0,2800.3,18.62,45.08,0.155,96.8,0.02,8.0,4.0,2.0,0.00304
2026-10-02 08:18:04+00:00,M02,RUNNING,0.0,0.0,0.0,1196.3,54.12,51.38,0.161,95.5,0.07,8.0,4.0,2.0,0.00377
2026-10-02 08:18:04+00:00,M03,RUNNING,0.0,0.0,0.0,1499.4,51.58,56.35,0.187,95.1,0.1,8.0,4.0,2.0,0.0045
2026-10-02 08:18:06+00:00,M04,RUNNING,0.0,0.0,0.0,2802.7,19.53,45.07,0.143,96.9,0.02,8.0,4.0,2.0,0.00318
2026-10-02 08:18:06+00:00,M03,RUNNING,0.0,0.0,0.0,1503.5,51.29,56.32,0.188,95.2,0.09,8.0,4.0,2.0,0.00448
2026-10-02 08:18:06+00:00,M02,RUNNING,0.0,0.0,0.0,1198.4,54.99,51.34,0.174,95.5,0.08,8.0,4.0,2.0,0.00383
2026-10-02 08:18:06+00:00,M01,RUNNING,0.0,0.0,0.0,1449.8,49.12,30.24,0.177,97.0,0.02,8.0,4.0,2.0,0.00414
2026-10-02 08:18:08+00:00,M04,RUNNING,0.0,0.0,0.0,2799.6,18.61,45.03,0.155,96.9,0.02,8.0,4.0,2.0,0.00303
2026-10-02 08:18:08+00:00,M01,RUNNING,0.0,0.0,0.0,1453.7,51.87,30.6,0.169,97.0,0.02,8.0,4.0,2.0,0.00439
2026-10-02 08:18:08+00:00,M03,RUNNING,0.0,0.0,0.0,1504.6,53.02,56.24,0.201,95.2,0.09,8.0,4.0,2.0,0.00464
2026-10-02 08:18:08+00:00,M02,RUNNING,0.0,0.0,0.0,1195.3,54.88,51.3,0.168,95.5,0.08,8.0,4.0,2.0,0.00381
2026-10-02 08:18:10+00:00,M04,RUNNING,0.0,0.0,0.0,2804.5,19.02,45.06,0.146,96.9,0.02,8.0,4.0,2.0,0.00311
2026-10-02 08:18:10+00:00,M01,RUNNING,0.0,0.0,0.0,1451.1,51.14,30.96,0.179,97.0,0.02,8.0,4.0,2.0,0.00431
2026-10-02 08:18:10+00:00,M02,RUNNING,0.0,0.0,0.0,1197.4,56.56,51.26,0.173,95.4,0.09,8.0,4.0,2.0,0.00394
2026-10-02 08:18:10+00:00,M03,RUNNING,0.0,0.0,0.0,1499.7,51.22,56.17,0.195,95.2,0.09,8.0,4.0,2.0,0.00447
2026-10-02 08:18:12+00:00,M03,RUNNING,0.0,0.0,0.0,1499.1,52.03,56.14,0.193,95.3,0.08,8.0,4.0,2.0,0.00454
2026-10-02 08:18:12+00:00,M01,RUNNING,0.0,0.0,0.0,1447.1,50.47,31.27,0.173,97.0,0.02,8.0,4.0,2.0,0.00425
2026-10-02 08:18:12+00:00,M02,RUNNING,0.0,0.0,0.0,1203.0,55.8,51.23,0.171,95.4,0.08,8.0,4.0,2.0,0.00391
2026-10-02 08:18:12+00:00,M04,RUNNING,0.0,0.0,0.0,2803.6,19.49,45.08,0.159,96.9,0.02,8.0,4.0,2.0,0.00317
2026-10-02 08:18:14+00:00,M04,RUNNING,0.0,0.0,0.0,2800.0,18.44,45.04,0.137,96.9,0.02,8.0,4.0,2.0,0.00301
2026-10-02 08:18:14+00:00,M01,RUNNING,0.0,0.0,0.0,1452.1,50.64,31.62,0.18,97.0,0.02,8.0,4.0,2.0,0.00428
2026-10-02 08:18:14+00:00,M03,RUNNING,0.0,0.0,0.0,1501.3,54.61,56.03,0.202,95.3,0.08,8.0,4.0,2.0,0.00477
2026-10-02 08:18:14+00:00,M02,RUNNING,0.0,0.0,0.0,1195.4,54.07,51.14,0.167,95.5,0.08,8.0,4.0,2.0,0.00376
2026-10-02 08:18:16+00:00,M01,RUNNING,0.0,0.0,0.0,1450.7,51.7,31.96,0.18,97.0,0.02,8.0,4.0,2.0,0.00436
2026-10-02 08:18:16+00:00,M03,RUNNING,0.0,0.0,0.0,1496.2,52.56,56.0,0.213,95.2,0.09,8.0,4.0,2.0,0.00457
2026-10-02 08:18:16+00:00,M02,RUNNING,0.0,0.0,0.0,1202.6,53.28,51.06,0.149,95.6,0.07,8.0,4.0,2.0,0.00373
2026-10-02 08:18:16+00:00,M04,RUNNING,0.0,0.0,0.0,2795.4,19.85,45.03,0.15,96.9,0.02,8.0,4.0,2.0,0.00323
2026-10-02 08:18:18+00:00,M04,RUNNING,0.0,0.0,0.0,2801.4,19.65,45.02,0.156,96.9,0.02,8.0,4.0,2.0,0.0032
2026-10-02 08:18:18+00:00,M01,RUNNING,0.0,0.0,0.0,1446.3,50.02,32.28,0.178,97.0,0.02,8.0,4.0,2.0,0.00421
2026-10-02 08:18:18+00:00,M03,RUNNING,1.0,1800.0,1800.0,1502.1,51.44,55.91,0.205,95.3,0.09,8.0,4.0,2.0,0.0045
2026-10-02 08:18:18+00:00,M02,RUNNING,0.0,0.0,0.0,1195.4,55.83,50.99,0.146,95.6,0.06,8.0,4.0,2.0,0.00388
2026-10-02 08:18:20+00:00,M02,RUNNING,0.0,0.0,0.0,1201.4,54.72,50.96,0.163,95.7,0.07,8.0,4.0,2.0,0.00382
2026-10-02 08:18:20+00:00,M04,RUNNING,0.0,0.0,0.0,2803.9,18.97,45.02,0.151,96.9,0.02,8.0,4.0,2.0,0.00309
2026-10-02 08:18:20+00:00,M01,RUNNING,0.0,0.0,0.0,1452.5,50.63,32.6,0.188,96.9,0.02,8.0,4.0,2.0,0.00428
2026-10-02 08:18:20+00:00,M03,RUNNING,0.0,0.0,0.0,1495.2,51.81,55.83,0.206,95.3,0.08,8.0,4.0,2.0,0.0045
2026-10-02 08:18:22+00:00,M02,RUNNING,0.0,0.0,0.0,1201.7,54.85,50.92,0.171,95.6,0.07,8.0,4.0,2.0,0.00384
2026-10-02 08:18:22+00:00,M03,RUNNING,0.0,0.0,0.0,1495.4,53.29,55.72,0.212,95.3,0.09,8.0,4.0,2.0,0.00464
2026-10-02 08:18:22+00:00,M04,RUNNING,0.0,0.0,0.0,2795.3,19.48,44.99,0.144,96.9,0.02,8.0,4.0,2.0,0.00317
2026-10-02 08:18:22+00:00,M01,RUNNING,0.0,0.0,0.0,1453.3,48.37,32.86,0.181,96.9,0.02,8.0,4.0,2.0,0.00409
2026-10-02 08:18:24+00:00,M02,RUNNING,0.0,0.0,0.0,1195.6,55.59,50.88,0.159,95.7,0.06,8.0,4.0,2.0,0.00387
2026-10-02 08:18:24+00:00,M03,RUNNING,0.0,0.0,0.0,1502.8,53.27,55.7,0.196,95.3,0.08,8.0,4.0,2.0,0.00466
2026-10-02 08:18:24+00:00,M04,RUNNING,0.0,0.0,0.0,2803.9,18.44,44.99,0.146,97.0,0.02,8.0,4.0,2.0,0.00301
2026-10-02 08:18:24+00:00,M01,RUNNING,0.0,0.0,0.0,1447.8,48.71,33.1,0.179,97.0,0.02,8.0,4.0,2.0,0.0041
2026-10-02 08:18:26+00:00,M01,RUNNING,0.0,0.0,0.0,1448.2,50.89,33.42,0.17,97.0,0.02,8.0,4.0,2.0,0.00429
2026-10-02 08:18:26+00:00,M02,RUNNING,0.0,0.0,0.0,1198.1,55.39,50.81,0.158,95.8,0.07,8.0,4.0,2.0,0.00386
2026-10-02 08:18:26+00:00,M04,RUNNING,0.0,0.0,0.0,2798.6,18.42,44.96,0.156,96.9,0.02,8.0,4.0,2.0,0.003
2026-10-02 08:18:26+00:00,M03,RUNNING,0.0,0.0,0.0,1503.8,54.65,55.64,0.206,95.4,0.08,8.0,4.0,2.0,0.00478
2026-10-02 08:18:28+00:00,M03,RUNNING,0.0,0.0,0.0,1503.3,54.02,55.57,0.189,95.4,0.07,8.0,4.0,2.0,0.00472
2026-10-02 08:18:28+00:00,M02,RUNNING,0.0,0.0,0.0,1196.9,53.28,50.77,0.173,95.7,0.07,8.0,4.0,2.0,0.00371
2026-10-02 08:18:28+00:00,M04,RUNNING,0.0,0.0,0.0,2804.8,18.7,44.95,0.163,96.9,0.02,8.0,4.0,2.0,0.00305
2026-10-02 08:18:28+00:00,M01,RUNNING,0.0,0.0,0.0,1453.0,48.74,33.66,0.192,96.9,0.02,8.0,4.0,2.0,0.00412
2026-10-02 08:18:30+00:00,M03,RUNNING,0.0,0.0,0.0,1501.2,52.9,55.5,0.19,95.5,0.07,8.0,4.0,2.0,0.00462
2026-10-02 08:18:30+00:00,M02,RUNNING,1.0,1800.0,1800.0,1200.4,56.53,50.74,0.176,95.6,0.08,8.0,4.0,2.0,0.00394
2026-10-02 08:18:30+00:00,M04,RUNNING,0.0,0.0,0.0,2801.6,19.01,44.93,0.138,96.9,0.02,8.0,4.0,2.0,0.0031
2026-10-02 08:18:30+00:00,M01,RUNNING,0.0,0.0,0.0,1446.1,50.06,33.89,0.191,96.8,0.02,8.0,4.0,2.0,0.00421
2026-10-02 08:18:32+00:00,M03,RUNNING,0.0,0.0,0.0,1498.0,52.95,55.4,0.209,95.5,0.07,8.0,4.0,2.0,0.00462
2026-10-02 08:18:32+00:00,M02,RUNNING,0.0,0.0,0.0,1195.1,54.09,50.64,0.157,95.7,0.06,8.0,4.0,2.0,0.00376
2026-10-02 08:18:32+00:00,M04,RUNNING,0.0,0.0,0.0,2802.7,19.36,44.94,0.161,96.8,0.02,8.0,4.0,2.0,0.00315
2026-10-02 08:18:32+00:00,M01,RUNNING,1.0,1800.0,1800.0,1454.1,49.44,34.16,0.169,96.9,0.02,8.0,4.0,2.0,0.00418
2026-10-02 08:18:34+00:00,M04,RUNNING,0.0,0.0,0.0,2803.5,19.24,44.93,0.164,96.8,0.02,8.0,4.0,2.0,0.00314
2026-10-02 08:18:34+00:00,M01,RUNNING,0.0,0.0,0.0,1451.9,49.37,34.46,0.181,96.9,0.02,8.0,4.0,2.0,0.00417
2026-10-02 08:18:34+00:00,M03,RUNNING,0.0,0.0,0.0,1497.2,55.38,55.33,0.2,95.5,0.06,8.0,4.0,2.0,0.00482
2026-10-02 08:18:34+00:00,M02,RUNNING,0.0,0.0,0.0,1200.6,54.68,50.6,0.162,95.8,0.05,8.0,4.0,2.0,0.00382
2026-10-02 08:18:36+00:00,M02,RUNNING,0.0,0.0,0.0,1199.2,55.11,50.56,0.175,95.7,0.06,8.0,4.0,2.0,0.00385
2026-10-02 08:18:36+00:00,M04,RUNNING,0.0,0.0,0.0,2795.3,18.45,44.93,0.145,96.9,0.02,8.0,4.0,2.0,0.003
2026-10-02 08:18:36+00:00,M03,RUNNING,0.0,0.0,0.0,1501.5,51.3,55.23,0.201,95.6,0.07,8.0,4.0,2.0,0.00448
2026-10-02 08:18:36+00:00,M01,RUNNING,0.0,0.0,0.0,1448.4,50.03,34.7,0.177,96.9,0.02,8.0,4.0,2.0,0.00422
2026-10-02 08:18:38+00:00,M02,RUNNING,0.0,0.0,0.0,1202.1,54.59,50.5,0.159,95.8,0.06,8.0,4.0,2.0,0.00381
2026-10-02 08:18:38+00:00,M01,RUNNING,0.0,0.0,0.0,1448.5,51.54,34.93,0.173,97.0,0.02,8.0,4.0,2.0,0.00434
2026-10-02 08:18:38+00:00,M04,RUNNING,0.0,0.0,0.0,2804.1,19.3,44.94,0.141,96.9,0.02,8.0,4.0,2.0,0.00315
2026-10-02 08:18:38+00:00,M03,RUNNING,0.0,0.0,0.0,1501.6,55.24,55.17,0.189,95.6,0.06,8.0,4.0,2.0,0.00483
2026-10-02 08:18:40+00:00,M03,RUNNING,0.0,0.0,0.0,1503.8,52.18,55.12,0.196,95.7,0.06,8.0,4.0,2.0,0.00456
2026-10-02 08:18:40+00:00,M04,RUNNING,1.0,1800.0,1800.0,2799.8,19.27,44.91,0.149,96.9,0.02,8.0,4.0,2.0,0.00314
2026-10-02 08:18:40+00:00,M01,RUNNING,0.0,0.0,0.0,1447.9,49.84,35.16,0.184,96.9,0.02,8.0,4.0,2.0,0.0042
2026-10-02 08:18:40+00:00,M02,RUNNING,0.0,0.0,0.0,1203.0,54.26,50.47,0.155,95.9,0.07,8.0,4.0,2.0,0.0038
2026-10-02 08:18:42+00:00,M03,RUNNING,0.0,0.0,0.0,1504.0,51.91,55.09,0.188,95.7,0.05,8.0,4.0,2.0,0.00454
2026-10-02 08:18:42+00:00,M04,RUNNING,0.0,0.0,0.0,2797.5,19.4,44.94,0.153,96.9,0.02,8.0,4.0,2.0,0.00316
2026-10-02 08:18:42+00:00,M01,RUNNING,0.0,0.0,0.0,1449.1,50.11,35.42,0.184,96.9,0.02,8.0,4.0,2.0,0.00422
2026-10-02 08:18:42+00:00,M02,RUNNING,0.0,0.0,0.0,1197.3,56.26,50.46,0.16,95.9,0.06,8.0,4.0,2.0,0.00392
2026-10-02 08:18:44+00:00,M02,RUNNING,0.0,0.0,0.0,1197.0,56.14,50.39,0.155,96.0,0.05,8.0,4.0,2.0,0.00391
2026-10-02 08:18:44+00:00,M03,RUNNING,0.0,0.0,0.0,1504.9,52.47,55.08,0.197,95.7,0.05,8.0,4.0,2.0,0.0046
2026-10-02 08:18:44+00:00,M04,RUNNING,0.0,0.0,0.0,2795.4,19.59,44.98,0.157,96.9,0.02,8.0,4.0,2.0,0.00318
2026-10-02 08:18:44+00:00,M01,RUNNING,0.0,0.0,0.0,1448.0,51.71,35.69,0.179,97.0,0.02,8.0,4.0,2.0,0.00436
2026-10-02 08:18:46+00:00,M03,RUNNING,1.0,1800.0,1800.0,1497.5,51.49,55.04,0.188,95.7,0.05,8.0,4.0,2.0,0.00448
2026-10-02 08:18:46+00:00,M01,RUNNING,0.0,0.0,0.0,1452.4,49.31,35.95,0.187,96.9,0.02,8.0,4.0,2.0,0.00416
2026-10-02 08:18:46+00:00,M04,RUNNING,0.0,0.0,0.0,2797.5,19.13,44.93,0.148,96.9,0.02,8.0,4.0,2.0,0.00311
2026-10-02 08:18:46+00:00,M02,RUNNING,0.0,0.0,0.0,1204.4,54.14,50.37,0.145,96.0,0.05,8.0,4.0,2.0,0.00379
2026-10-02 08:18:48+00:00,M04,RUNNING,0.0,0.0,0.0,2798.0,18.95,44.93,0.149,96.9,0.02,8.0,4.0,2.0,0.00309
2026-10-02 08:18:48+00:00,M01,RUNNING,0.0,0.0,0.0,1452.0,52.07,36.16,0.17,96.9,0.02,8.0,4.0,2.0,0.0044
2026-10-02 08:18:48+00:00,M03,RUNNING,0.0,0.0,0.0,1504.7,54.16,55.0,0.195,95.8,0.05,8.0,4.0,2.0,0.00474
2026-10-02 08:18:48+00:00,M02,RUNNING,0.0,0.0,0.0,1195.1,54.18,50.3,0.148,96.0,0.04,8.0,4.0,2.0,0.00377
2026-10-02 08:18:50+00:00,M04,RUNNING,0.0,0.0,0.0,2801.5,19.01,44.92,0.161,96.9,0.02,8.0,4.0,2.0,0.0031
2026-10-02 08:18:50+00:00,M01,RUNNING,0.0,0.0,0.0,1449.5,49.18,36.44,0.169,97.0,0.02,8.0,4.0,2.0,0.00415
2026-10-02 08:18:50+00:00,M03,RUNNING,0.0,0.0,0.0,1497.8,53.48,54.94,0.208,95.7,0.06,8.0,4.0,2.0,0.00466
2026-10-02 08:18:50+00:00,M02,RUNNING,0.0,0.0,0.0,1199.6,56.08,50.22,0.162,96.0,0.04,8.0,4.0,2.0,0.00391
2026-10-02 08:18:52+00:00,M01,RUNNING,0.0,0.0,0.0,1454.5,51.14,36.65,0.186,96.9,0.02,8.0,4.0,2.0,0.00433
2026-10-02 08:18:52+00:00,M02,RUNNING,0.0,0.0,0.0,1195.1,53.52,50.22,0.158,96.1,0.05,8.0,4.0,2.0,0.00372
2026-10-02 08:18:52+00:00,M04,RUNNING,0.0,0.0,0.0,2796.5,18.59,44.9,0.156,96.9,0.02,8.0,4.0,2.0,0.00302
2026-10-02 08:18:52+00:00,M03,RUNNING,0.0,0.0,0.0,1495.1,54.95,54.94,0.192,95.7,0.06,8.0,4.0,2.0,0.00478
2026-10-02 08:18:54+00:00,M01,RUNNING,0.0,0.0,0.0,1449.2,52.05,36.87,0.175,96.9,0.02,8.0,4.0,2.0,0.00439
2026-10-02 08:18:54+00:00,M02,RUNNING,0.0,0.0,0.0,1196.2,57.27,50.2,0.163,96.0,0.05,8.0,4.0,2.0,0.00399
2026-10-02 08:18:54+00:00,M03,RUNNING,0.0,0.0,0.0,1500.0,54.35,54.94,0.212,95.7,0.06,8.0,4.0,2.0,0.00474
2026-10-02 08:18:54+00:00,M04,RUNNING,0.0,0.0,0.0,2804.1,19.66,44.88,0.158,96.9,0.02,8.0,4.0,2.0,0.00321
2026-10-02 08:18:56+00:00,M03,RUNNING,0.0,0.0,0.0,1501.9,52.03,54.85,0.202,95.7,0.07,8.0,4.0,2.0,0.00455
2026-10-02 08:18:56+00:00,M04,RUNNING,0.0,0.0,0.0,2800.1,19.18,44.91,0.144,96.9,0.02,8.0,4.0,2.0,0.00312
2026-10-02 08:18:56+00:00,M01,RUNNING,0.0,0.0,0.0,1448.2,52.27,37.05,0.182,96.9,0.02,8.0,4.0,2.0,0.0044
2026-10-02 08:18:56+00:00,M02,RUNNING,0.0,0.0,0.0,1201.7,55.76,50.2,0.17,96.0,0.05,8.0,4.0,2.0,0.0039
2026-10-02 08:18:58+00:00,M01,RUNNING,0.0,0.0,0.0,1446.0,51.88,37.25,0.183,96.9,0.02,8.0,4.0,2.0,0.00436
2026-10-02 08:18:58+00:00,M03,RUNNING,0.0,0.0,0.0,1504.3,54.11,54.84,0.197,95.8,0.07,8.0,4.0,2.0,0.00474
2026-10-02 08:18:58+00:00,M04,RUNNING,0.0,0.0,0.0,2796.0,19.09,44.93,0.16,96.9,0.02,8.0,4.0,2.0,0.00311
2026-10-02 08:18:58+00:00,M02,RUNNING,0.0,0.0,0.0,1201.8,55.35,50.15,0.165,96.0,0.05,8.0,4.0,2.0,0.00387
2026-10-02 08:19:00+00:00,M03,RUNNING,0.0,0.0,0.0,1497.2,54.06,54.83,0.201,95.8,0.07,8.0,4.0,2.0,0.0047
2026-10-02 08:19:00+00:00,M04,RUNNING,0.0,0.0,0.0,2801.4,19.61,44.89,0.148,96.9,0.02,8.0,4.0,2.0,0.00319
2026-10-02 08:19:00+00:00,M01,RUNNING,0.0,0.0,0.0,1450.4,51.34,37.46,0.174,97.0,0.02,8.0,4.0,2.0,0.00433
2026-10-02 08:19:00+00:00,M02,RUNNING,0.0,0.0,0.0,1203.6,56.36,50.14,0.173,95.9,0.05,8.0,4.0,2.0,0.00394
2026-10-02 08:19:02+00:00,M03,RUNNING,0.0,0.0,0.0,1502.1,54.32,54.74,0.19,95.8,0.07,8.0,4.0,2.0,0.00475
2026-10-02 08:19:02+00:00,M02,RUNNING,0.0,0.0,0.0,1204.6,53.1,50.08,0.162,96.0,0.05,8.0,4.0,2.0,0.00372
2026-10-02 08:19:02+00:00,M04,RUNNING,0.0,0.0,0.0,2802.9,19.82,44.89,0.163,96.8,0.02,8.0,4.0,2.0,0.00323
2026-10-02 08:19:02+00:00,M01,IDLE,0.0,0.0,0.0,16.445102766718513,3.75,37.35,0.074,97.0,0.02,8.0,4.0,2.0,0.00074
2026-10-02 08:19:04+00:00,M04,RUNNING,0.0,0.0,0.0,2795.5,19.36,44.86,0.156,96.8,0.02,8.0,4.0,2.0,0.00315
2026-10-02 08:19:04+00:00,M01,IDLE,0.0,0.0,0.0,11.109999089911373,3.75,37.27,0.049,97.0,0.02,8.0,4.0,2.0,0.00074
2026-10-02 08:19:04+00:00,M03,RUNNING,0.0,0.0,0.0,1498.6,52.4,54.67,0.209,95.8,0.07,8.0,4.0,2.0,0.00457
2026-10-02 08:19:04+00:00,M02,RUNNING,0.0,0.0,0.0,1196.5,55.03,50.06,0.149,96.1,0.04,8.0,4.0,2.0,0.00383
2026-10-02 08:19:06+00:00,M03,RUNNING,0.0,0.0,0.0,1497.8,53.35,54.65,0.207,95.8,0.07,8.0,4.0,2.0,0.00465
2026-10-02 08:19:06+00:00,M01,IDLE,0.0,0.0,0.0,11.734769375085694,3.75,37.17,0.044,97.0,0.02,8.0,4.0,2.0,0.00078
2026-10-02 08:19:06+00:00,M02,RUNNING,1.0,1800.0,1800.0,1200.6,54.19,50.01,0.148,96.1,0.04,8.0,4.0,2.0,0.00379
2026-10-02 08:19:06+00:00,M04,RUNNING,0.0,0.0,0.0,2803.0,19.13,44.9,0.162,96.8,0.03,8.0,4.0,2.0,0.00312
2026-10-02 08:19:08+00:00,M03,RUNNING,0.0,0.0,0.0,1501.7,53.25,54.59,0.186,95.8,0.06,8.0,4.0,2.0,0.00465
2026-10-02 08:19:08+00:00,M01,IDLE,0.0,0.0,0.0,14.276846718408166,3.75,37.05,0.049,97.0,0.02,8.0,4.0,2.0,0.00075
2026-10-02 08:19:08+00:00,M02,RUNNING,0.0,0.0,0.0,1195.7,54.53,49.96,0.156,96.1,0.04,8.0,4.0,2.0,0.00379
2026-10-02 08:19:08+00:00,M04,RUNNING,0.0,0.0,0.0,2799.9,19.68,44.94,0.148,96.9,0.02,8.0,4.0,2.0,0.0032
2026-10-02 08:19:10+00:00,M04,RUNNING,0.0,0.0,0.0,2798.6,18.65,44.92,0.156,96.9,0.03,8.0,4.0,2.0,0.00304
2026-10-02 08:19:10+00:00,M03,RUNNING,0.0,0.0,0.0,1495.0,53.02,54.58,0.193,95.9,0.05,8.0,4.0,2.0,0.00461
2026-10-02 08:19:10+00:00,M01,IDLE,0.0,0.0,0.0,19.193895370871758,3.75,36.91,0.031,97.0,0.02,8.0,4.0,2.0,0.00078
2026-10-02 08:19:10+00:00,M02,RUNNING,0.0,0.0,0.0,1204.3,54.86,49.96,0.159,96.2,0.04,8.0,4.0,2.0,0.00384
2026-10-02 08:19:12+00:00,M01,IDLE,0.0,0.0,0.0,10.394169862665702,3.75,36.84,0.041,97.0,0.02,8.0,4.0,2.0,0.00073
2026-10-02 08:19:12+00:00,M02,RUNNING,0.0,0.0,0.0,1203.4,53.23,49.92,0.17,96.1,0.05,8.0,4.0,2.0,0.00373
2026-10-02 08:19:12+00:00,M04,RUNNING,0.0,0.0,0.0,2799.8,19.25,44.9,0.154,96.9,0.02,8.0,4.0,2.0,0.00314
2026-10-02 08:19:12+00:00,M03,RUNNING,0.0,0.0,0.0,1497.1,53.36,54.56,0.207,95.9,0.06,8.0,4.0,2.0,0.00465
2026-10-02 08:19:14+00:00,M03,RUNNING,1.0,1800.0,1800.0,1501.3,53.64,54.57,0.216,95.8,0.06,8.0,4.0,2.0,0.00468
2026-10-02 08:19:14+00:00,M04,RUNNING,0.0,0.0,0.0,2798.0,19.64,44.86,0.147,96.9,0.02,8.0,4.0,2.0,0.00319
2026-10-02 08:19:14+00:00,M01,IDLE,0.0,0.0,0.0,17.990154975530928,3.75,36.73,0.029,97.0,0.02,8.0,4.0,2.0,0.00073
2026-10-02 08:19:14+00:00,M02,RUNNING,0.0,0.0,0.0,1200.5,54.32,49.88,0.158,96.1,0.05,8.0,4.0,2.0,0.0038
2026-10-02 08:19:16+00:00,M04,RUNNING,0.0,0.0,0.0,2801.4,18.82,44.82,0.149,96.9,0.02,8.0,4.0,2.0,0.00307
2026-10-02 08:19:16+00:00,M03,RUNNING,0.0,0.0,0.0,1495.0,52.48,54.56,0.204,95.8,0.06,8.0,4.0,2.0,0.00457
2026-10-02 08:19:16+00:00,M01,IDLE,0.0,0.0,0.0,13.843018585538836,3.75,36.64,0.026,97.0,0.02,8.0,4.0,2.0,0.00075
2026-10-02 08:19:16+00:00,M02,RUNNING,0.0,0.0,0.0,1204.3,56.99,49.82,0.166,96.1,0.04,8.0,4.0,2.0,0.00399
2026-10-02 08:19:18+00:00,M01,IDLE,0.0,0.0,0.0,11.46201080889035,3.75,36.55,0.037,97.0,0.02,8.0,4.0,2.0,0.00071
2026-10-02 08:19:18+00:00,M03,RUNNING,0.0,0.0,0.0,1504.9,51.44,54.52,0.191,95.9,0.06,8.0,4.0,2.0,0.0045
2026-10-02 08:19:18+00:00,M02,RUNNING,0.0,0.0,0.0,1196.6,55.32,49.83,0.162,96.2,0.04,8.0,4.0,2.0,0.00385
2026-10-02 08:19:18+00:00,M04,RUNNING,0.0,0.0,0.0,2802.2,19.0,44.84,0.137,97.0,0.02,8.0,4.0,2.0,0.0031
2026-10-02 08:19:20+00:00,M03,RUNNING,0.0,0.0,0.0,1501.2,52.04,54.51,0.194,95.9,0.05,8.0,4.0,2.0,0.00454
2026-10-02 08:19:20+00:00,M01,IDLE,0.0,0.0,0.0,13.488417942191191,3.75,36.41,0.024,97.0,0.02,8.0,4.0,2.0,0.00076
2026-10-02 08:19:20+00:00,M02,RUNNING,0.0,0.0,0.0,1197.8,54.12,49.8,0.147,96.2,0.04,8.0,4.0,2.0,0.00377
2026-10-02 08:19:20+00:00,M04,RUNNING,1.0,1800.0,1800.0,2795.3,18.67,44.86,0.149,97.0,0.02,8.0,4.0,2.0,0.00303
2026-10-02 08:19:22+00:00,M01,IDLE,0.0,0.0,0.0,12.618292287730148,3.75,36.27,0.027,97.0,0.02,8.0,4.0,2.0,0.00079
2026-10-02 08:19:22+00:00,M03,RUNNING,0.0,0.0,0.0,1497.5,51.75,54.48,0.203,95.9,0.05,8.0,4.0,2.0,0.00451
2026-10-02 08:19:22+00:00,M02,RUNNING,0.0,0.0,0.0,1203.4,54.1,49.81,0.155,96.2,0.04,8.0,4.0,2.0,0.00379
2026-10-02 08:19:22+00:00,M04,RUNNING,0.0,0.0,0.0,2800.2,19.86,44.82,0.148,97.0,0.02,8.0,4.0,2.0,0.00324
2026-10-02 08:19:24+00:00,M03,RUNNING,0.0,0.0,0.0,1497.6,53.82,54.46,0.189,95.9,0.05,8.0,4.0,2.0,0.00469
2026-10-02 08:19:24+00:00,M02,RUNNING,0.0,0.0,0.0,1196.9,54.46,49.76,0.146,96.2,0.04,8.0,4.0,2.0,0.00379
2026-10-02 08:19:24+00:00,M04,RUNNING,0.0,0.0,0.0,2798.4,18.61,44.85,0.145,97.0,0.02,8.0,4.0,2.0,0.00303
2026-10-02 08:19:24+00:00,M01,IDLE,0.0,0.0,0.0,17.658700668556932,3.75,36.15,0.044,97.0,0.02,8.0,4.0,2.0,0.00076
2026-10-02 08:19:26+00:00,M01,IDLE,0.0,0.0,0.0,19.14491076877308,3.75,36.02,0.034,97.0,0.02,8.0,4.0,2.0,0.00076
2026-10-02 08:19:26+00:00,M02,RUNNING,0.0,0.0,0.0,1204.4,52.91,49.78,0.146,96.3,0.03,8.0,4.0,2.0,0.00371
2026-10-02 08:19:26+00:00,M03,RUNNING,0.0,0.0,0.0,1495.9,54.87,54.39,0.192,96.0,0.06,8.0,4.0,2.0,0.00478
2026-10-02 08:19:26+00:00,M04,RUNNING,0.0,0.0,0.0,2801.7,19.86,44.84,0.142,97.0,0.02,8.0,4.0,2.0,0.00324
2026-10-02 08:19:28+00:00,M02,RUNNING,0.0,0.0,0.0,1196.5,53.32,49.76,0.146,96.3,0.04,8.0,4.0,2.0,0.00371
2026-10-02 08:19:28+00:00,M01,IDLE,0.0,0.0,0.0,13.137388893495842,3.75,35.89,0.047,97.0,0.02,8.0,4.0,2.0,0.00077
2026-10-02 08:19:28+00:00,M04,RUNNING,0.0,0.0,0.0,2795.5,19.42,44.82,0.152,97.0,0.02,8.0,4.0,2.0,0.00315
2026-10-02 08:19:28+00:00,M03,RUNNING,0.0,0.0,0.0,1503.1,54.48,54.36,0.188,96.0,0.05,8.0,4.0,2.0,0.00476
2026-10-02 08:19:30+00:00,M02,RUNNING,0.0,0.0,0.0,1200.3,53.83,49.71,0.17,96.2,0.05,8.0,4.0,2.0,0.00376
2026-10-02 08:19:30+00:00,M03,RUNNING,0.0,0.0,0.0,1502.4,54.65,54.33,0.184,96.0,0.05,8.0,4.0,2.0,0.00478
2026-10-02 08:19:30+00:00,M01,IDLE,0.0,0.0,0.0,18.039109865037616,3.75,35.79,0.035,97.0,0.02,8.0,4.0,2.0,0.00079
2026-10-02 08:19:30+00:00,M04,RUNNING,0.0,0.0,0.0,2800.2,18.44,44.82,0.136,97.0,0.02,8.0,4.0,2.0,0.00301
2026-10-02 08:19:32+00:00,M02,RUNNING,0.0,0.0,0.0,1195.0,56.14,49.69,0.174,96.1,0.05,8.0,4.0,2.0,0.0039
2026-10-02 08:19:32+00:00,M03,RUNNING,0.0,0.0,0.0,1501.3,54.86,54.29,0.183,96.0,0.06,8.0,4.0,2.0,0.00479
2026-10-02 08:19:32+00:00,M04,RUNNING,0.0,0.0,0.0,2798.9,19.23,44.8,0.146,97.0,0.02,8.0,4.0,2.0,0.00313
2026-10-02 08:19:32+00:00,M01,IDLE,0.0,0.0,0.0,16.932264618079696,3.75,35.69,0.046,97.0,0.02,8.0,4.0,2.0,0.00075
2026-10-02 08:19:34+00:00,M03,RUNNING,0.0,0.0,0.0,1501.0,51.6,54.24,0.203,96.0,0.06,8.0,4.0,2.0,0.0045
2026-10-02 08:19:34+00:00,M02,RUNNING,0.0,0.0,0.0,1202.2,55.93,49.71,0.151,96.2,0.05,8.0,4.0,2.0,0.00391
2026-10-02 08:19:34+00:00,M04,RUNNING,0.0,0.0,0.0,2795.4,19.3,44.82,0.137,97.0,0.02,8.0,4.0,2.0,0.00314
2026-10-02 08:19:34+00:00,M01,IDLE,0.0,0.0,0.0,12.892398849963815,3.75,35.62,0.038,97.0,0.02,8.0,4.0,2.0,0.00077
2026-10-02 08:19:36+00:00,M01,IDLE,0.0,0.0,0.0,11.41296535592216,3.75,35.54,0.046,97.0,0.02,8.0,4.0,2.0,0.00076
2026-10-02 08:19:36+00:00,M02,RUNNING,0.0,0.0,0.0,1200.7,54.05,49.65,0.167,96.2,0.05,8.0,4.0,2.0,0.00378
2026-10-02 08:19:36+00:00,M03,RUNNING,0.0,0.0,0.0,1499.9,52.5,54.18,0.191,96.1,0.06,8.0,4.0,2.0,0.00458
2026-10-02 08:19:36+00:00,M04,RUNNING,0.0,0.0,0.0,2797.7,19.7,44.83,0.146,97.0,0.02,8.0,4.0,2.0,0.0032
2026-10-02 08:19:38+00:00,M04,RUNNING,0.0,0.0,0.0,2801.7,19.09,44.78,0.156,97.0,0.02,8.0,4.0,2.0,0.00311
2026-10-02 08:19:38+00:00,M03,RUNNING,0.0,0.0,0.0,1498.7,54.83,54.14,0.195,96.1,0.05,8.0,4.0,2.0,0.00479
2026-10-02 08:19:38+00:00,M01,IDLE,0.0,0.0,0.0,19.256529593323076,3.75,35.44,0.033,97.0,0.02,8.0,4.0,2.0,0.00072
2026-10-02 08:19:38+00:00,M02,RUNNING,0.0,0.0,0.0,1200.1,55.39,49.64,0.152,96.2,0.04,8.0,4.0,2.0,0.00386
2026-10-02 08:19:40+00:00,M04,RUNNING,0.0,0.0,0.0,2800.6,19.64,44.82,0.146,97.0,0.02,8.0,4.0,2.0,0.0032
2026-10-02 08:19:40+00:00,M01,IDLE,0.0,0.0,0.0,18.040641479603664,3.75,35.35,0.045,97.0,0.02,8.0,4.0,2.0,0.00074
2026-10-02 08:19:40+00:00,M02,RUNNING,0.0,0.0,0.0,1199.3,53.54,49.6,0.159,96.3,0.04,8.0,4.0,2.0,0.00374
2026-10-02 08:19:40+00:00,M03,RUNNING,0.0,0.0,0.0,1503.6,54.99,54.1,0.206,96.1,0.05,8.0,4.0,2.0,0.00481
2026-10-02 08:19:42+00:00,M01,IDLE,0.0,0.0,0.0,16.75388209383354,3.75,35.29,0.031,97.0,0.02,8.0,4.0,2.0,0.00076
2026-10-02 08:19:42+00:00,M03,RUNNING,1.0,1800.0,1800.0,1498.0,52.67,54.03,0.207,96.0,0.05,8.0,4.0,2.0,0.00459
2026-10-02 08:19:42+00:00,M04,RUNNING,0.0,0.0,0.0,2798.2,19.75,44.85,0.139,97.0,0.02,8.0,4.0,2.0,0.00322
2026-10-02 08:19:42+00:00,M02,RUNNING,1.0,1800.0,1800.0,1200.6,55.15,49.54,0.159,96.3,0.03,8.0,4.0,2.0,0.00385
2026-10-02 08:19:44+00:00,M02,RUNNING,0.0,0.0,0.0,1198.7,54.31,49.51,0.172,96.2,0.04,8.0,4.0,2.0,0.00379
2026-10-02 08:19:44+00:00,M03,RUNNING,0.0,0.0,0.0,1500.5,51.38,54.0,0.207,96.0,0.05,8.0,4.0,2.0,0.00448
2026-10-02 08:19:44+00:00,M01,IDLE,0.0,0.0,0.0,17.527291287762107,3.75,35.23,0.044,97.0,0.02,8.0,4.0,2.0,0.00071
2026-10-02 08:19:44+00:00,M04,RUNNING,0.0,0.0,0.0,2798.6,18.46,44.83,0.151,97.0,0.02,8.0,4.0,2.0,0.003
2026-10-02 08:19:46+00:00,M02,RUNNING,0.0,0.0,0.0,1204.5,53.88,49.44,0.16,96.3,0.04,8.0,4.0,2.0,0.00377
2026-10-02 08:19:46+00:00,M03,RUNNING,0.0,0.0,0.0,1499.4,52.21,53.97,0.211,96.0,0.06,8.0,4.0,2.0,0.00455
2026-10-02 08:19:46+00:00,M01,IDLE,0.0,0.0,0.0,12.618526575138066,3.75,35.17,0.036,97.0,0.02,8.0,4.0,2.0,0.00078
2026-10-02 08:19:46+00:00,M04,RUNNING,0.0,0.0,0.0,2799.4,19.19,44.82,0.136,97.0,0.02,8.0,4.0,2.0,0.00313
2026-10-02 08:19:48+00:00,M01,IDLE,0.0,0.0,0.0,15.722297543293351,3.75,35.08,0.024,97.0,0.02,8.0,4.0,2.0,0.00072
2026-10-02 08:19:48+00:00,M03,RUNNING,0.0,0.0,0.0,1500.4,51.93,53.97,0.214,96.0,0.05,8.0,4.0,2.0,0.00454
2026-10-02 08:19:48+00:00,M04,RUNNING,0.0,0.0,0.0,2804.9,19.4,44.87,0.146,97.0,0.02,8.0,4.0,2.0,0.00316
2026-10-02 08:19:48+00:00,M02,RUNNING,0.0,0.0,0.0,1201.2,56.2,49.43,0.171,96.3,0.04,8.0,4.0,2.0,0.00393
2026-10-02 08:19:50+00:00,M04,RUNNING,0.0,0.0,0.0,2800.4,18.42,44.86,0.154,97.0,0.02,8.0,4.0,2.0,0.003
2026-10-02 08:19:50+00:00,M01,IDLE,0.0,0.0,0.0,13.578493748533814,3.75,34.98,0.022,97.0,0.02,8.0,4.0,2.0,0.00075
2026-10-02 08:19:50+00:00,M03,RUNNING,0.0,0.0,0.0,1499.1,52.58,53.97,0.2,96.0,0.05,8.0,4.0,2.0,0.00458
2026-10-02 08:19:50+00:00,M02,RUNNING,0.0,0.0,0.0,1197.4,55.47,49.45,0.153,96.3,0.03,8.0,4.0,2.0,0.00386
2026-10-02 08:19:52+00:00,M02,RUNNING,0.0,0.0,0.0,1200.8,53.8,49.47,0.154,96.3,0.03,8.0,4.0,2.0,0.00376
2026-10-02 08:19:52+00:00,M01,IDLE,0.0,0.0,0.0,12.779481018225454,3.75,34.87,0.037,97.0,0.02,8.0,4.0,2.0,0.00077
2026-10-02 08:19:52+00:00,M03,RUNNING,0.0,0.0,0.0,1496.7,52.12,53.99,0.202,96.1,0.05,8.0,4.0,2.0,0.00454
2026-10-02 08:19:52+00:00,M04,RUNNING,0.0,0.0,0.0,2800.1,18.53,44.88,0.164,96.9,0.03,8.0,4.0,2.0,0.00302
2026-10-02 08:19:54+00:00,M03,RUNNING,0.0,0.0,0.0,1500.5,51.43,53.99,0.207,96.1,0.04,8.0,4.0,2.0,0.00449
2026-10-02 08:19:54+00:00,M01,IDLE,0.0,0.0,0.0,10.221080238652032,3.75,34.79,0.028,97.0,0.02,8.0,4.0,2.0,0.00079
2026-10-02 08:19:54+00:00,M02,RUNNING,0.0,0.0,0.0,1204.5,56.73,49.46,0.169,96.3,0.04,8.0,4.0,2.0,0.00398
2026-10-02 08:19:54+00:00,M04,RUNNING,0.0,0.0,0.0,2799.4,19.72,44.89,0.161,96.8,0.03,8.0,4.0,2.0,0.00321
2026-10-02 08:19:56+00:00,M01,IDLE,0.0,0.0,0.0,14.67687624751731,3.75,34.69,0.027,97.0,0.02,8.0,4.0,2.0,0.00077
2026-10-02 08:19:56+00:00,M02,RUNNING,0.0,0.0,0.0,1197.3,53.53,49.44,0.158,96.3,0.04,8.0,4.0,2.0,0.00373
2026-10-02 08:19:56+00:00,M04,RUNNING,0.0,0.0,0.0,2797.6,19.8,44.93,0.149,96.9,0.02,8.0,4.0,2.0,0.00323
2026-10-02 08:19:56+00:00,M03,RUNNING,0.0,0.0,0.0,1496.8,53.71,54.0,0.204,96.1,0.05,8.0,4.0,2.0,0.00468
2026-10-02 08:19:58+00:00,M01,IDLE,0.0,0.0,0.0,19.140146930032948,3.75,34.65,0.038,97.0,0.02,8.0,4.0,2.0,0.00075
2026-10-02 08:19:58+00:00,M02,RUNNING,0.0,0.0,0.0,1203.8,55.27,49.41,0.147,96.4,0.03,8.0,4.0,2.0,0.00387
2026-10-02 08:19:58+00:00,M03,RUNNING,0.0,0.0,0.0,1496.7,54.8,53.99,0.194,96.1,0.05,8.0,4.0,2.0,0.00477
2026-10-02 08:19:58+00:00,M04,RUNNING,0.0,0.0,0.0,2797.8,19.37,44.95,0.163,96.8,0.02,8.0,4.0,2.0,0.00315
2026-10-02 08:20:00+00:00,M01,IDLE,0.0,0.0,0.0,15.339772140375956,3.75,34.59,0.046,97.0,0.02,8.0,4.0,2.0,0.00077
2026-10-02 08:20:00+00:00,M03,RUNNING,0.0,0.0,0.0,1499.5,54.35,53.95,0.189,96.1,0.05,8.0,4.0,2.0,0.00474
2026-10-02 08:20:00+00:00,M04,RUNNING,1.0,1800.0,1800.0,2795.5,19.53,44.97,0.164,96.8,0.02,8.0,4.0,2.0,0.00318
2026-10-02 08:20:00+00:00,M02,RUNNING,0.0,0.0,0.0,1202.3,55.9,49.41,0.147,96.4,0.04,8.0,4.0,2.0,0.00391
2026-10-02 08:20:02+00:00,M03,RUNNING,0.0,0.0,0.0,1503.9,53.51,53.89,0.208,96.1,0.05,8.0,4.0,2.0,0.00468
2026-10-02 08:20:02+00:00,M02,RUNNING,0.0,0.0,0.0,1202.5,54.5,49.38,0.172,96.3,0.04,8.0,4.0,2.0,0.00381
2026-10-02 08:20:02+00:00,M01,SLEEP,0.0,0.0,0.0,0.0,0.0,34.53,0.006,97.0,0.02,8.0,4.0,2.0,0.00019
2026-10-02 08:20:02+00:00,M04,RUNNING,0.0,0.0,0.0,2800.2,18.49,44.93,0.143,96.8,0.02,8.0,4.0,2.0,0.00301
2026-10-02 08:20:04+00:00,M02,RUNNING,0.0,0.0,0.0,1197.2,55.49,49.36,0.154,96.4,0.03,8.0,4.0,2.0,0.00386
2026-10-02 08:20:04+00:00,M03,RUNNING,0.0,0.0,0.0,1495.1,54.72,53.89,0.214,96.0,0.05,8.0,4.0,2.0,0.00476
2026-10-02 08:20:04+00:00,M01,SLEEP,0.0,0.0,0.0,0.0,0.0,34.45,0.005,97.0,0.02,8.0,4.0,2.0,0.0002
2026-10-02 08:20:04+00:00,M04,RUNNING,0.0,0.0,0.0,2797.1,19.52,44.94,0.163,96.8,0.02,8.0,4.0,2.0,0.00317
2026-10-02 08:20:06+00:00,M01,SLEEP,0.0,0.0,0.0,0.0,0.0,34.32,0.005,97.0,0.02,8.0,4.0,2.0,0.00021
2026-10-02 08:20:06+00:00,M04,RUNNING,0.0,0.0,0.0,2801.0,19.02,44.93,0.139,96.9,0.02,8.0,4.0,2.0,0.0031
2026-10-02 08:20:06+00:00,M02,RUNNING,0.0,0.0,0.0,1200.2,53.13,49.29,0.166,96.3,0.04,8.0,4.0,2.0,0.00371
2026-10-02 08:20:06+00:00,M03,RUNNING,0.0,0.0,0.0,1498.6,53.08,53.91,0.212,96.0,0.05,8.0,4.0,2.0,0.00463
2026-10-02 08:20:08+00:00,M02,RUNNING,0.0,0.0,0.0,1204.2,56.42,49.3,0.167,96.3,0.04,8.0,4.0,2.0,0.00396
2026-10-02 08:20:08+00:00,M04,RUNNING,0.0,0.0,0.0,2797.5,19.58,44.91,0.162,96.8,0.02,8.0,4.0,2.0,0.00319
2026-10-02 08:20:08+00:00,M01,SLEEP,0.0,0.0,0.0,0.0,0.0,34.21,0.006,97.0,0.02,8.0,4.0,2.0,0.00019
2026-10-02 08:20:08+00:00,M03,RUNNING,1.0,1800.0,1800.0,1499.8,52.61,53.85,0.207,96.0,0.05,8.0,4.0,2.0,0.00459
2026-10-02 08:20:10+00:00,M02,RUNNING,0.0,0.0,0.0,1203.4,55.37,49.32,0.158,96.4,0.03,8.0,4.0,2.0,0.00387
2026-10-02 08:20:10+00:00,M03,RUNNING,0.0,0.0,0.0,1502.2,54.67,53.84,0.197,96.1,0.05,8.0,4.0,2.0,0.00478
2026-10-02 08:20:10+00:00,M01,SLEEP,0.0,0.0,0.0,0.0,0.0,34.09,0.006,97.0,0.02,8.0,4.0,2.0,0.00019
2026-10-02 08:20:10+00:00,M04,RUNNING,0.0,0.0,0.0,2798.7,18.91,44.94,0.149,96.9,0.02,8.0,4.0,2.0,0.00308
2026-10-02 08:20:12+00:00,M03,RUNNING,0.0,0.0,0.0,1498.7,54.36,53.79,0.186,96.2,0.04,8.0,4.0,2.0,0.00473
2026-10-02 08:20:12+00:00,M04,RUNNING,0.0,0.0,0.0,2803.5,18.5,44.97,0.148,96.9,0.02,8.0,4.0,2.0,0.00302
2026-10-02 08:20:12+00:00,M01,SLEEP,0.0,0.0,0.0,0.0,0.0,34.04,0.006,97.0,0.02,8.0,4.0,2.0,0.0002
2026-10-02 08:20:12+00:00,M02,RUNNING,0.0,0.0,0.0,1201.9,53.21,49.25,0.159,96.4,0.04,8.0,4.0,2.0,0.00372
2026-10-02 08:20:14+00:00,M01,SLEEP,0.0,0.0,0.0,0.0,0.0,33.91,0.006,97.0,0.02,8.0,4.0,2.0,0.00019
2026-10-02 08:20:14+00:00,M03,RUNNING,0.0,0.0,0.0,1501.7,53.25,53.74,0.203,96.2,0.04,8.0,4.0,2.0,0.00466
2026-10-02 08:20:14+00:00,M04,RUNNING,0.0,0.0,0.0,2803.2,19.83,44.96,0.147,96.9,0.02,8.0,4.0,2.0,0.00323
2026-10-02 08:20:14+00:00,M02,RUNNING,0.0,0.0,0.0,1199.1,56.36,49.22,0.165,96.4,0.04,8.0,4.0,2.0,0.00393
2026-10-02 08:20:16+00:00,M04,RUNNING,0.0,0.0,0.0,2800.9,18.61,44.97,0.137,97.0,0.02,8.0,4.0,2.0,0.00303
2026-10-02 08:20:16+00:00,M02,RUNNING,0.0,0.0,0.0,1198.4,55.58,49.2,0.15,96.4,0.04,8.0,4.0,2.0,0.00388
2026-10-02 08:20:16+00:00,M01,SLEEP,0.0,0.0,0.0,0.0,0.0,33.8,0.004,97.0,0.02,8.0,4.0,2.0,0.00019
2026-10-02 08:20:16+00:00,M03,RUNNING,0.0,0.0,0.0,1499.6,53.65,53.7,0.192,96.2,0.04,8.0,4.0,2.0,0.00468
2026-10-02 08:20:18+00:00,M02,RUNNING,1.0,1800.0,1800.0,1200.3,56.41,49.18,0.169,96.4,0.04,8.0,4.0,2.0,0.00394
2026-10-02 08:20:18+00:00,M03,RUNNING,0.0,0.0,0.0,1498.5,53.92,53.66,0.195,96.3,0.04,8.0,4.0,2.0,0.0047
2026-10-02 08:20:18+00:00,M01,SLEEP,0.0,0.0,0.0,0.0,0.0,33.69,0.006,97.0,0.02,8.0,4.0,2.0,0.00018
2026-10-02 08:20:18+00:00,M04,RUNNING,0.0,0.0,0.0,2795.5,18.9,45.01,0.153,96.9,0.02,8.0,4.0,2.0,0.00307
2026-10-02 08:20:20+00:00,M01,SLEEP,0.0,0.0,0.0,0.0,0.0,33.56,0.004,97.0,0.02,8.0,4.0,2.0,0.00019
2026-10-02 08:20:20+00:00,M04,RUNNING,0.0,0.0,0.0,2801.5,18.56,44.99,0.16,96.9,0.02,8.0,4.0,2.0,0.00303
2026-10-02 08:20:20+00:00,M02,RUNNING,0.0,0.0,0.0,1201.2,54.17,49.14,0.17,96.4,0.04,8.0,4.0,2.0,0.00378
2026-10-02 08:20:20+00:00,M03,RUNNING,0.0,0.0,0.0,1502.3,55.09,53.58,0.214,96.2,0.05,8.0,4.0,2.0,0.00481
2026-10-02 08:20:22+00:00,M01,SLEEP,0.0,0.0,0.0,0.0,0.0,33.46,0.005,97.0,0.02,8.0,4.0,2.0,0.0002
2026-10-02 08:20:22+00:00,M04,RUNNING,0.0,0.0,0.0,2797.6,18.44,45.0,0.143,96.9,0.02,8.0,4.0,2.0,0.003
2026-10-02 08:20:22+00:00,M03,RUNNING,0.0,0.0,0.0,1501.3,53.73,53.56,0.208,96.2,0.04,8.0,4.0,2.0,0.00469
2026-10-02 08:20:22+00:00,M02,RUNNING,0.0,0.0,0.0,1201.6,54.82,49.09,0.16,96.4,0.03,8.0,4.0,2.0,0.00383
2026-10-02 08:20:24+00:00,M03,RUNNING,0.0,0.0,0.0,1504.4,54.71,53.55,0.203,96.2,0.05,8.0,4.0,2.0,0.00479
2026-10-02 08:20:24+00:00,M02,RUNNING,0.0,0.0,0.0,1203.7,55.66,49.04,0.155,96.5,0.03,8.0,4.0,2.0,0.0039
2026-10-02 08:20:24+00:00,M01,SLEEP,0.0,0.0,0.0,0.0,0.0,33.4,0.006,97.0,0.02,8.0,4.0,2.0,0.00021
2026-10-02 08:20:24+00:00,M04,RUNNING,0.0,0.0,0.0,2800.2,18.57,45.03,0.136,96.9,0.02,8.0,4.0,2.0,0.00303
2026-10-02 08:20:26+00:00,M01,SLEEP,0.0,0.0,0.0,0.0,0.0,33.31,0.007,97.0,0.02,8.0,4.0,2.0,0.0002
2026-10-02 08:20:26+00:00,M03,RUNNING,0.0,0.0,0.0,1500.6,54.87,53.55,0.209,96.2,0.04,8.0,4.0,2.0,0.00479
2026-10-02 08:20:26+00:00,M02,RUNNING,0.0,0.0,0.0,1202.3,56.21,49.06,0.171,96.4,0.03,8.0,4.0,2.0,0.00393
2026-10-02 08:20:26+00:00,M04,RUNNING,0.0,0.0,0.0,2795.5,18.89,45.04,0.133,97.0,0.02,8.0,4.0,2.0,0.00307
2026-10-02 08:20:28+00:00,M01,SLEEP,0.0,0.0,0.0,0.0,0.0,33.22,0.006,97.0,0.02,8.0,4.0,2.0,0.00019
2026-10-02 08:20:28+00:00,M02,RUNNING,0.0,0.0,0.0,1200.6,54.54,49.03,0.166,96.4,0.04,8.0,4.0,2.0,0.00381
2026-10-02 08:20:28+00:00,M04,RUNNING,0.0,0.0,0.0,2796.0,18.98,45.02,0.159,96.9,0.02,8.0,4.0,2.0,0.00309
2026-10-02 08:20:28+00:00,M03,RUNNING,0.0,0.0,0.0,1498.2,51.29,53.51,0.196,96.3,0.04,8.0,4.0,2.0,0.00447
2026-10-02 08:20:30+00:00,M01,SLEEP,0.0,0.0,0.0,0.0,0.0,33.1,0.005,97.0,0.02,8.0,4.0,2.0,0.00019
2026-10-02 08:20:30+00:00,M02,RUNNING,0.0,0.0,0.0,1198.2,55.3,49.01,0.159,96.5,0.03,8.0,4.0,2.0,0.00386
2026-10-02 08:20:30+00:00,M03,RUNNING,0.0,0.0,0.0,1504.8,53.35,53.48,0.206,96.3,0.04,8.0,4.0,2.0,0.00467
2026-10-02 08:20:30+00:00,M04,RUNNING,0.0,0.0,0.0,2795.1,18.92,44.99,0.148,96.9,0.02,8.0,4.0,2.0,0.00307
2026-10-02 08:20:32+00:00,M01,SLEEP,0.0,0.0,0.0,0.0,0.0,33.06,0.006,97.0,0.02,8.0,4.0,2.0,0.00019
2026-10-02 08:20:32+00:00,M03,RUNNING,0.0,0.0,0.0,1501.6,52.69,53.46,0.188,96.3,0.04,8.0,4.0,2.0,0.00461
2026-10-02 08:20:32+00:00,M02,RUNNING,0.0,0.0,0.0,1200.1,56.46,49.0,0.164,96.5,0.03,8.0,4.0,2.0,0.00394
2026-10-02 08:20:32+00:00,M04,RUNNING,0.0,0.0,0.0,2796.2,19.54,45.0,0.154,96.9,0.02,8.0,4.0,2.0,0.00318
2026-10-02 08:20:34+00:00,M03,RUNNING,0.0,0.0,0.0,1504.1,51.83,53.42,0.197,96.3,0.04,8.0,4.0,2.0,0.00453
2026-10-02 08:20:34+00:00,M01,SLEEP,0.0,0.0,0.0,0.0,0.0,32.96,0.005,97.0,0.02,8.0,4.0,2.0,0.0002
2026-10-02 08:20:34+00:00,M02,RUNNING,0.0,0.0,0.0,1200.1,56.12,48.97,0.174,96.4,0.04,8.0,4.0,2.0,0.00391
2026-10-02 08:20:34+00:00,M04,RUNNING,0.0,0.0,0.0,2802.8,19.21,45.01,0.143,96.9,0.02,8.0,4.0,2.0,0.00313
2026-10-02 08:20:36+00:00,M04,RUNNING,0.0,0.0,0.0,2796.2,19.43,44.96,0.151,97.0,0.02,8.0,4.0,2.0,0.00316
2026-10-02 08:20:36+00:00,M03,RUNNING,1.0,1800.0,1800.0,1503.5,51.63,53.37,0.212,96.3,0.04,8.0,4.0,2.0,0.00452
2026-10-02 08:20:36+00:00,M01,SLEEP,0.0,0.0,0.0,0.0,0.0,32.92,0.006,97.0,0.02,8.0,4.0,2.0,0.00019
2026-10-02 08:20:36+00:00,M02,RUNNING,0.0,0.0,0.0,1202.1,54.82,48.97,0.167,96.4,0.03,8.0,4.0,2.0,0.00384
2026-10-02 08:20:38+00:00,M04,RUNNING,0.0,0.0,0.0,2796.6,18.88,45.01,0.163,96.9,0.03,8.0,4.0,2.0,0.00308
2026-10-02 08:20:38+00:00,M01,SLEEP,0.0,0.0,0.0,0.0,0.0,32.87,0.004,97.0,0.02,8.0,4.0,2.0,0.0002
2026-10-02 08:20:38+00:00,M03,RUNNING,0.0,0.0,0.0,1502.7,52.98,53.39,0.204,96.3,0.03,8.0,4.0,2.0,0.00463
2026-10-02 08:20:38+00:00,M02,RUNNING,0.0,0.0,0.0,1201.4,56.24,48.96,0.147,96.5,0.03,8.0,4.0,2.0,0.00393
2026-10-02 08:20:40+00:00,M02,RUNNING,0.0,0.0,0.0,1202.3,56.9,48.97,0.163,96.5,0.02,8.0,4.0,2.0,0.00398
2026-10-02 08:20:40+00:00,M01,SLEEP,0.0,0.0,0.0,0.0,0.0,32.82,0.005,97.0,0.02,8.0,4.0,2.0,0.00019
2026-10-02 08:20:40+00:00,M04,RUNNING,1.0,1800.0,1800.0,2798.8,18.46,45.01,0.152,96.9,0.02,8.0,4.0,2.0,0.003
2026-10-02 08:20:40+00:00,M03,RUNNING,0.0,0.0,0.0,1500.8,54.6,53.4,0.214,96.2,0.04,8.0,4.0,2.0,0.00477
2026-10-02 08:20:42+00:00,M04,RUNNING,0.0,0.0,0.0,2804.0,18.46,44.97,0.141,96.9,0.02,8.0,4.0,2.0,0.00301
2026-10-02 08:20:42+00:00,M01,SLEEP,0.0,0.0,0.0,0.0,0.0,32.77,0.006,97.0,0.02,8.0,4.0,2.0,0.00019
2026-10-02 08:20:42+00:00,M03,RUNNING,0.0,0.0,0.0,1505.0,53.96,53.36,0.201,96.3,0.04,8.0,4.0,2.0,0.00472
2026-10-02 08:20:42+00:00,M02,RUNNING,0.0,0.0,0.0,1201.5,54.01,48.98,0.159,96.5,0.03,8.0,4.0,2.0,0.00377
2026-10-02 08:20:44+00:00,M01,SLEEP,0.0,0.0,0.0,0.0,0.0,32.71,0.004,97.0,0.02,8.0,4.0,2.0,0.00019
2026-10-02 08:20:44+00:00,M04,RUNNING,0.0,0.0,0.0,2796.0,19.74,45.0,0.154,96.9,0.02,8.0,4.0,2.0,0.00321
2026-10-02 08:20:44+00:00,M03,RUNNING,0.0,0.0,0.0,1503.0,51.78,53.37,0.185,96.3,0.03,8.0,4.0,2.0,0.00453
2026-10-02 08:20:44+00:00,M02,RUNNING,0.0,0.0,0.0,1195.4,57.21,48.96,0.162,96.5,0.02,8.0,4.0,2.0,0.00398
2026-10-02 08:20:46+00:00,M01,SLEEP,0.0,0.0,0.0,0.0,0.0,32.67,0.006,97.0,0.02,8.0,4.0,2.0,0.00018
2026-10-02 08:20:46+00:00,M03,RUNNING,0.0,0.0,0.0,1497.4,54.93,53.39,0.187,96.4,0.03,8.0,4.0,2.0,0.00478
2026-10-02 08:20:46+00:00,M02,RUNNING,0.0,0.0,0.0,1197.0,54.8,48.96,0.162,96.5,0.02,8.0,4.0,2.0,0.00382
2026-10-02 08:20:46+00:00,M04,RUNNING,0.0,0.0,0.0,2796.3,19.43,45.0,0.157,96.9,0.03,8.0,4.0,2.0,0.00316
2026-10-02 08:20:48+00:00,M03,RUNNING,0.0,0.0,0.0,1498.4,52.65,53.35,0.193,96.4,0.02,8.0,4.0,2.0,0.00459
2026-10-02 08:20:48+00:00,M02,RUNNING,0.0,0.0,0.0,1199.7,55.37,48.99,0.166,96.5,0.02,8.0,4.0,2.0,0.00386
2026-10-02 08:20:48+00:00,M04,RUNNING,0.0,0.0,0.0,2802.2,18.58,44.96,0.147,96.9,0.02,8.0,4.0,2.0,0.00303
2026-10-02 08:20:48+00:00,M01,SLEEP,0.0,0.0,0.0,0.0,0.0,32.58,0.007,97.0,0.02,8.0,4.0,2.0,0.0002
2026-10-02 08:20:50+00:00,M01,SLEEP,0.0,0.0,0.0,0.0,0.0,32.54,0.007,97.0,0.02,8.0,4.0,2.0,0.00019
2026-10-02 08:20:50+00:00,M02,RUNNING,0.0,0.0,0.0,1202.3,56.76,49.02,0.158,96.5,0.02,8.0,4.0,2.0,0.00397
2026-10-02 08:20:50+00:00,M04,RUNNING,0.0,0.0,0.0,2804.8,18.93,44.95,0.156,96.9,0.02,8.0,4.0,2.0,0.00309
2026-10-02 08:20:50+00:00,M03,RUNNING,0.0,0.0,0.0,1503.5,55.08,53.29,0.198,96.4,0.02,8.0,4.0,2.0,0.00482
2026-10-02 08:20:52+00:00,M04,RUNNING,0.0,0.0,0.0,2795.5,18.54,44.98,0.15,96.9,0.02,8.0,4.0,2.0,0.00301
2026-10-02 08:20:52+00:00,M02,RUNNING,0.0,0.0,0.0,1202.2,55.3,49.05,0.162,96.5,0.02,8.0,4.0,2.0,0.00387
2026-10-02 08:20:52+00:00,M01,SLEEP,0.0,0.0,0.0,0.0,0.0,32.47,0.004,97.0,0.02,8.0,4.0,2.0,0.00019
2026-10-02 08:20:52+00:00,M03,RUNNING,0.0,0.0,0.0,1503.0,54.04,53.23,0.199,96.5,0.03,8.0,4.0,2.0,0.00472
2026-10-02 08:20:54+00:00,M04,RUNNING,0.0,0.0,0.0,2803.9,19.0,44.96,0.153,96.9,0.02,8.0,4.0,2.0,0.0031
2026-10-02 08:20:54+00:00,M02,RUNNING,1.0,1800.0,1800.0,1202.6,53.79,48.99,0.157,96.6,0.02,8.0,4.0,2.0,0.00376
2026-10-02 08:20:54+00:00,M03,RUNNING,0.0,0.0,0.0,1504.7,53.68,53.2,0.198,96.5,0.03,8.0,4.0,2.0,0.0047
2026-10-02 08:20:54+00:00,M01,SLEEP,0.0,0.0,0.0,0.0,0.0,32.38,0.006,97.0,0.02,8.0,4.0,2.0,0.00019
2026-10-02 08:20:56+00:00,M01,SLEEP,0.0,0.0,0.0,0.0,0.0,32.27,0.006,97.0,0.02,8.0,4.0,2.0,0.0002
2026-10-02 08:20:56+00:00,M02,RUNNING,0.0,0.0,0.0,1204.9,55.16,48.95,0.154,96.6,0.02,8.0,4.0,2.0,0.00387
2026-10-02 08:20:56+00:00,M04,RUNNING,0.0,0.0,0.0,2798.3,19.85,45.01,0.141,96.9,0.02,8.0,4.0,2.0,0.00323
2026-10-02 08:20:56+00:00,M03,RUNNING,0.0,0.0,0.0,1498.9,54.99,53.14,0.187,96.5,0.03,8.0,4.0,2.0,0.0048
2026-10-02 08:20:58+00:00,M04,RUNNING,0.0,0.0,0.0,2803.7,18.52,44.96,0.142,97.0,0.02,8.0,4.0,2.0,0.00303
2026-10-02 08:20:58+00:00,M02,RUNNING,0.0,0.0,0.0,1203.8,56.28,48.93,0.145,96.6,0.02,8.0,4.0,2.0,0.00394
2026-10-02 08:20:58+00:00,M01,SLEEP,0.0,0.0,0.0,0.0,0.0,32.16,0.005,97.0,0.02,8.0,4.0,2.0,0.00019
2026-10-02 08:20:58+00:00,M03,RUNNING,0.0,0.0,0.0,1503.2,54.24,53.13,0.195,96.5,0.03,8.0,4.0,2.0,0.00474
2026-10-02 08:21:00+00:00,M03,RUNNING,0.0,0.0,0.0,1498.5,51.91,53.07,0.202,96.5,0.03,8.0,4.0,2.0,0.00453
2026-10-02 08:21:00+00:00,M01,SLEEP,0.0,0.0,0.0,0.0,0.0,32.11,0.006,97.0,0.02,8.0,4.0,2.0,0.00019
2026-10-02 08:21:00+00:00,M04,RUNNING,0.0,0.0,0.0,2804.8,18.85,44.97,0.162,96.9,0.02,8.0,4.0,2.0,0.00307
2026-10-02 08:21:00+00:00,M02,RUNNING,0.0,0.0,0.0,1201.0,53.28,48.91,0.161,96.6,0.02,8.0,4.0,2.0,0.00372
2026-10-02 08:21:02+00:00,M04,RUNNING,0.0,0.0,0.0,2803.7,18.5,44.99,0.141,96.9,0.02,8.0,4.0,2.0,0.00302
2026-10-02 08:21:02+00:00,M03,DEGRADED,0.0,0.0,0.0,1416.7,69.96,53.11,0.523,90.4,0.22,8.0,4.0,2.0,0.00576
2026-10-02 08:21:02+00:00,M01,SLEEP,0.0,0.0,0.0,0.0,0.0,32.0,0.007,97.0,0.02,8.0,4.0,2.0,0.00019
2026-10-02 08:21:02+00:00,M02,RUNNING,0.0,0.0,0.0,1198.8,56.94,48.95,0.161,96.6,0.02,8.0,4.0,2.0,0.00397
2026-10-02 08:21:04+00:00,M02,RUNNING,0.0,0.0,0.0,1198.5,54.66,48.93,0.158,96.6,0.02,8.0,4.0,2.0,0.00382
2026-10-02 08:21:04+00:00,M04,RUNNING,0.0,0.0,0.0,2796.0,19.03,45.03,0.163,96.8,0.02,8.0,4.0,2.0,0.00309
2026-10-02 08:21:04+00:00,M03,DEGRADED,0.0,0.0,0.0,1425.4,68.18,53.16,0.609,85.4,0.34,8.0,4.0,2.0,0.00565
2026-10-02 08:21:04+00:00,M01,SLEEP,0.0,0.0,0.0,0.0,0.0,31.97,0.006,97.0,0.02,8.0,4.0,2.0,0.00019
2026-10-02 08:21:06+00:00,M01,SLEEP,0.0,0.0,0.0,0.0,0.0,31.87,0.004,97.0,0.02,8.0,4.0,2.0,0.0002
2026-10-02 08:21:06+00:00,M02,RUNNING,0.0,0.0,0.0,1198.2,53.51,48.95,0.156,96.6,0.02,8.0,4.0,2.0,0.00373
2026-10-02 08:21:06+00:00,M03,DEGRADED,1.0,1800.0,1800.0,1426.9,69.34,53.28,0.6,81.9,0.42,8.0,4.0,2.0,0.00576
2026-10-02 08:21:06+00:00,M04,RUNNING,0.0,0.0,0.0,2802.3,19.39,45.0,0.149,96.9,0.02,8.0,4.0,2.0,0.00316
2026-10-02 08:21:08+00:00,M01,SLEEP,0.0,0.0,0.0,0.0,0.0,31.82,0.006,97.0,0.02,8.0,4.0,2.0,0.0002
2026-10-02 08:21:08+00:00,M04,RUNNING,0.0,0.0,0.0,2795.9,18.95,45.04,0.14,96.9,0.02,8.0,4.0,2.0,0.00309
2026-10-02 08:21:08+00:00,M02,RUNNING,0.0,0.0,0.0,1200.5,56.38,48.88,0.147,96.6,0.02,8.0,4.0,2.0,0.00393
2026-10-02 08:21:08+00:00,M03,DEGRADED,0.0,0.0,0.0,1426.0,69.84,53.33,0.615,79.3,0.47,8.0,4.0,2.0,0.00579
2026-10-02 08:21:10+00:00,M02,RUNNING,0.0,0.0,0.0,1197.6,53.18,48.87,0.146,96.6,0.02,8.0,4.0,2.0,0.00371
2026-10-02 08:21:10+00:00,M03,DEGRADED,0.0,0.0,0.0,1421.1,68.56,53.38,0.632,77.3,0.5,8.0,4.0,2.0,0.00567
2026-10-02 08:21:10+00:00,M01,SLEEP,0.0,0.0,0.0,0.0,0.0,31.72,0.006,97.0,0.02,8.0,4.0,2.0,0.00019
2026-10-02 08:21:10+00:00,M04,RUNNING,0.0,0.0,0.0,2796.2,18.75,45.01,0.145,96.9,0.02,8.0,4.0,2.0,0.00305
2026-10-02 08:21:12+00:00,M03,DEGRADED,0.0,0.0,0.0,1427.3,67.99,53.45,0.615,76.0,0.52,8.0,4.0,2.0,0.00565
2026-10-02 08:21:12+00:00,M02,RUNNING,0.0,0.0,0.0,1204.7,55.86,48.9,0.17,96.6,0.03,8.0,4.0,2.0,0.00391
2026-10-02 08:21:12+00:00,M01,SLEEP,0.0,0.0,0.0,0.0,0.0,31.69,0.004,97.0,0.02,8.0,4.0,2.0,0.00019
2026-10-02 08:21:12+00:00,M04,RUNNING,0.0,0.0,0.0,2798.2,19.13,45.0,0.134,97.0,0.02,8.0,4.0,2.0,0.00311
2026-10-02 08:21:14+00:00,M04,RUNNING,0.0,0.0,0.0,2797.1,19.64,45.01,0.145,97.0,0.02,8.0,4.0,2.0,0.0032
2026-10-02 08:21:14+00:00,M02,RUNNING,0.0,0.0,0.0,1198.8,53.78,48.92,0.173,96.5,0.04,8.0,4.0,2.0,0.00375
2026-10-02 08:21:14+00:00,M01,SLEEP,0.0,0.0,0.0,0.0,0.0,31.6,0.006,97.0,0.02,8.0,4.0,2.0,0.0002
2026-10-02 08:21:14+00:00,M03,DEGRADED,0.0,0.0,0.0,1415.2,69.35,53.55,0.617,75.0,0.54,8.0,4.0,2.0,0.00571
2026-10-02 08:21:16+00:00,M01,SLEEP,0.0,0.0,0.0,0.0,0.0,31.53,0.005,97.0,0.02,8.0,4.0,2.0,0.0002
2026-10-02 08:21:16+00:00,M04,RUNNING,0.0,0.0,0.0,2796.0,19.02,45.03,0.135,97.0,0.02,8.0,4.0,2.0,0.00309
2026-10-02 08:21:16+00:00,M02,RUNNING,0.0,0.0,0.0,1198.3,56.6,48.93,0.165,96.5,0.04,8.0,4.0,2.0,0.00395
2026-10-02 08:21:16+00:00,M03,DEGRADED,0.0,0.0,0.0,1424.4,69.24,53.61,0.608,74.4,0.54,8.0,4.0,2.0,0.00573
2026-10-02 08:21:18+00:00,M03,DEGRADED,0.0,0.0,0.0,1422.4,67.32,53.65,0.631,73.7,0.54,8.0,4.0,2.0,0.00558
2026-10-02 08:21:18+00:00,M04,RUNNING,0.0,0.0,0.0,2797.8,18.72,44.99,0.14,97.0,0.02,8.0,4.0,2.0,0.00305
2026-10-02 08:21:18+00:00,M01,SLEEP,0.0,0.0,0.0,0.0,0.0,31.49,0.005,97.0,0.02,8.0,4.0,2.0,0.00018
2026-10-02 08:21:18+00:00,M02,RUNNING,0.0,0.0,0.0,1197.3,53.99,48.91,0.172,96.4,0.04,8.0,4.0,2.0,0.00376
2026-10-02 08:21:20+00:00,M03,DEGRADED,0.0,0.0,0.0,1415.4,67.99,53.79,0.629,73.1,0.55,8.0,4.0,2.0,0.00559
2026-10-02 08:21:20+00:00,M01,SLEEP,0.0,0.0,0.0,0.0,0.0,31.41,0.005,97.0,0.02,8.0,4.0,2.0,0.00021
2026-10-02 08:21:20+00:00,M02,RUNNING,0.0,0.0,0.0,1202.2,54.49,48.87,0.149,96.5,0.03,8.0,4.0,2.0,0.00381
2026-10-02 08:21:20+00:00,M04,RUNNING,1.0,1800.0,1800.0,2796.7,18.49,45.01,0.139,97.0,0.02,8.0,4.0,2.0,0.00301
2026-10-02 08:21:22+00:00,M04,RUNNING,0.0,0.0,0.0,2795.8,19.66,45.02,0.137,97.0,0.02,8.0,4.0,2.0,0.00319
2026-10-02 08:21:22+00:00,M03,DEGRADED,0.0,0.0,0.0,1423.3,70.02,53.89,0.619,72.8,0.55,8.0,4.0,2.0,0.0058
2026-10-02 08:21:22+00:00,M01,SLEEP,0.0,0.0,0.0,0.0,0.0,31.41,0.006,97.0,0.02,8.0,4.0,2.0,0.00018
2026-10-02 08:21:22+00:00,M02,RUNNING,0.0,0.0,0.0,1203.8,53.63,48.89,0.156,96.5,0.03,8.0,4.0,2.0,0.00376
2026-10-02 08:21:24+00:00,M04,RUNNING,0.0,0.0,0.0,2795.8,19.29,45.06,0.137,97.0,0.02,8.0,4.0,2.0,0.00314
2026-10-02 08:21:24+00:00,M03,DEGRADED,0.0,0.0,0.0,1419.2,70.54,53.95,0.623,72.5,0.55,8.0,4.0,2.0,0.00583
2026-10-02 08:21:24+00:00,M02,RUNNING,0.0,0.0,0.0,1202.1,53.34,48.9,0.149,96.6,0.03,8.0,4.0,2.0,0.00373
2026-10-02 08:21:24+00:00,M01,SLEEP,0.0,0.0,0.0,0.0,0.0,31.39,0.006,97.0,0.02,8.0,4.0,2.0,0.0002
2026-10-02 08:21:26+00:00,M04,RUNNING,0.0,0.0,0.0,2796.7,19.52,45.09,0.15,97.0,0.02,8.0,4.0,2.0,0.00318
2026-10-02 08:21:26+00:00,M03,DEGRADED,0.0,0.0,0.0,1419.4,70.4,54.07,0.636,72.1,0.55,8.0,4.0,2.0,0.00581
2026-10-02 08:21:26+00:00,M02,RUNNING,0.0,0.0,0.0,1201.4,56.98,48.86,0.164,96.6,0.03,8.0,4.0,2.0,0.00398
2026-10-02 08:21:26+00:00,M01,SLEEP,0.0,0.0,0.0,0.0,0.0,31.29,0.005,97.0,0.02,8.0,4.0,2.0,0.00019
2026-10-02 08:21:28+00:00,M01,SLEEP,0.0,0.0,0.0,0.0,0.0,31.27,0.005,97.0,0.02,8.0,4.0,2.0,0.0002
2026-10-02 08:21:28+00:00,M02,RUNNING,0.0,0.0,0.0,1199.3,53.11,48.85,0.168,96.5,0.03,8.0,4.0,2.0,0.0037
2026-10-02 08:21:28+00:00,M04,RUNNING,0.0,0.0,0.0,2802.0,19.56,45.07,0.151,97.0,0.02,8.0,4.0,2.0,0.00319
2026-10-02 08:21:28+00:00,M03,DEGRADED,0.0,0.0,0.0,1421.0,68.35,54.19,0.647,71.7,0.56,8.0,4.0,2.0,0.00565
2026-10-02 08:21:30+00:00,M01,SLEEP,0.0,0.0,0.0,0.0,0.0,31.21,0.005,97.0,0.02,8.0,4.0,2.0,0.0002
2026-10-02 08:21:30+00:00,M02,RUNNING,1.0,1800.0,1800.0,1195.0,53.32,48.78,0.165,96.5,0.03,8.0,4.0,2.0,0.00371
2026-10-02 08:21:30+00:00,M03,DEGRADED,0.0,0.0,0.0,1425.6,70.04,54.32,0.631,71.5,0.57,8.0,4.0,2.0,0.00581
2026-10-02 08:21:30+00:00,M04,RUNNING,0.0,0.0,0.0,2804.9,18.7,45.06,0.149,97.0,0.02,8.0,4.0,2.0,0.00305
2026-10-02 08:21:32+00:00,M01,SLEEP,0.0,0.0,0.0,0.0,0.0,31.12,0.004,97.0,0.02,8.0,4.0,2.0,0.00019
2026-10-02 08:21:32+00:00,M02,RUNNING,0.0,0.0,0.0,1203.1,55.16,48.81,0.155,96.6,0.03,8.0,4.0,2.0,0.00386
2026-10-02 08:21:32+00:00,M04,RUNNING,0.0,0.0,0.0,2801.2,18.99,45.11,0.137,97.0,0.02,8.0,4.0,2.0,0.00309
2026-10-02 08:21:32+00:00,M03,DEGRADED,0.0,0.0,0.0,1418.9,67.42,54.39,0.642,71.2,0.57,8.0,4.0,2.0,0.00556
2026-10-02 08:21:34+00:00,M02,RUNNING,0.0,0.0,0.0,1203.7,56.42,48.77,0.173,96.5,0.03,8.0,4.0,2.0,0.00395
2026-10-02 08:21:34+00:00,M04,RUNNING,0.0,0.0,0.0,2795.2,19.53,45.13,0.148,97.0,0.02,8.0,4.0,2.0,0.00318
2026-10-02 08:21:34+00:00,M01,SLEEP,0.0,0.0,0.0,0.0,0.0,31.11,0.006,97.0,0.02,8.0,4.0,2.0,0.00019
2026-10-02 08:21:34+00:00,M03,DEGRADED,0.0,0.0,0.0,1407.8,67.95,54.44,0.645,70.9,0.57,8.0,4.0,2.0,0.00557
2026-10-02 08:21:36+00:00,M04,RUNNING,0.0,0.0,0.0,2799.7,19.43,45.16,0.146,97.0,0.02,8.0,4.0,2.0,0.00316
2026-10-02 08:21:36+00:00,M03,DEGRADED,0.0,0.0,0.0,1418.1,70.5,54.52,0.653,70.6,0.58,8.0,4.0,2.0,0.00581
2026-10-02 08:21:36+00:00,M01,SLEEP,0.0,0.0,0.0,0.0,0.0,31.1,0.007,97.0,0.02,8.0,4.0,2.0,0.00019
2026-10-02 08:21:36+00:00,M02,RUNNING,0.0,0.0,0.0,1198.7,53.42,48.77,0.171,96.5,0.03,8.0,4.0,2.0,0.00373
2026-10-02 08:21:38+00:00,M04,RUNNING,0.0,0.0,0.0,2796.1,18.6,45.13,0.161,96.9,0.02,8.0,4.0,2.0,0.00303
2026-10-02 08:21:38+00:00,M01,SLEEP,0.0,0.0,0.0,0.0,0.0,31.02,0.006,97.0,0.02,8.0,4.0,2.0,0.00019
2026-10-02 08:21:38+00:00,M03,DEGRADED,0.0,0.0,0.0,1417.5,67.86,54.64,0.634,70.5,0.58,8.0,4.0,2.0,0.0056
2026-10-02 08:21:38+00:00,M02,RUNNING,0.0,0.0,0.0,1202.4,53.6,48.73,0.172,96.5,0.03,8.0,4.0,2.0,0.00374
2026-10-02 08:21:40+00:00,M04,RUNNING,0.0,0.0,0.0,2800.8,19.73,45.08,0.165,96.8,0.03,8.0,4.0,2.0,0.00321
2026-10-02 08:21:40+00:00,M01,SLEEP,0.0,0.0,0.0,0.0,0.0,31.01,0.004,97.0,0.02,8.0,4.0,2.0,0.00018
2026-10-02 08:21:40+00:00,M03,DEGRADED,0.0,0.0,0.0,1418.2,71.15,54.77,0.639,70.3,0.58,8.0,4.0,2.0,0.00587
2026-10-02 08:21:40+00:00,M02,RUNNING,0.0,0.0,0.0,1197.3,55.65,48.67,0.17,96.5,0.03,8.0,4.0,2.0,0.00388
2026-10-02 08:21:42+00:00,M03,DEGRADED,1.0,1800.0,1800.0,1409.9,70.35,54.81,0.655,70.0,0.59,8.0,4.0,2.0,0.00577
2026-10-02 08:21:42+00:00,M02,RUNNING,0.0,0.0,0.0,1199.9,55.15,48.67,0.161,96.5,0.03,8.0,4.0,2.0,0.00385
2026-10-02 08:21:42+00:00,M01,SLEEP,0.0,0.0,0.0,0.0,0.0,30.99,0.006,97.0,0.02,8.0,4.0,2.0,0.00021
2026-10-02 08:21:42+00:00,M04,RUNNING,0.0,0.0,0.0,2800.2,19.18,45.04,0.167,96.7,0.03,8.0,4.0,2.0,0.00312
2026-10-02 08:21:44+00:00,M02,RUNNING,0.0,0.0,0.0,1198.5,55.24,48.63,0.166,96.6,0.03,8.0,4.0,2.0,0.00385
2026-10-02 08:21:44+00:00,M01,SLEEP,0.0,0.0,0.0,0.0,0.0,30.91,0.007,97.0,0.02,8.0,4.0,2.0,0.0002
2026-10-02 08:21:44+00:00,M04,RUNNING,0.0,0.0,0.0,2796.0,18.61,45.0,0.158,96.7,0.03,8.0,4.0,2.0,0.00303
2026-10-02 08:21:44+00:00,M03,DEGRADED,0.0,0.0,0.0,1416.6,69.75,54.9,0.658,69.7,0.6,8.0,4.0,2.0,0.00575
2026-10-02 08:21:46+00:00,M01,SLEEP,0.0,0.0,0.0,0.0,0.0,30.9,0.005,97.0,0.02,8.0,4.0,2.0,0.00019
2026-10-02 08:21:46+00:00,M04,RUNNING,0.0,0.0,0.0,2800.1,18.54,44.98,0.15,96.8,0.03,8.0,4.0,2.0,0.00302
2026-10-02 08:21:46+00:00,M03,DEGRADED,0.0,0.0,0.0,1418.0,67.43,54.96,0.642,69.6,0.6,8.0,4.0,2.0,0.00556
2026-10-02 08:21:46+00:00,M02,RUNNING,0.0,0.0,0.0,1195.1,53.32,48.6,0.147,96.6,0.03,8.0,4.0,2.0,0.00371
2026-10-02 08:21:48+00:00,M03,DEGRADED,0.0,0.0,0.0,1419.7,69.74,55.09,0.645,69.4,0.6,8.0,4.0,2.0,0.00576
2026-10-02 08:21:48+00:00,M04,RUNNING,0.0,0.0,0.0,2796.1,19.06,45.03,0.161,96.8,0.03,8.0,4.0,2.0,0.0031
2026-10-02 08:21:48+00:00,M02,RUNNING,0.0,0.0,0.0,1198.0,55.68,48.62,0.168,96.6,0.03,8.0,4.0,2.0,0.00388
2026-10-02 08:21:48+00:00,M01,SLEEP,0.0,0.0,0.0,0.0,0.0,30.88,0.005,97.0,0.02,8.0,4.0,2.0,0.00019
2026-10-02 08:21:50+00:00,M03,DEGRADED,0.0,0.0,0.0,1424.5,68.29,55.13,0.663,69.1,0.6,8.0,4.0,2.0,0.00566
2026-10-02 08:21:50+00:00,M02,RUNNING,0.0,0.0,0.0,1202.0,55.89,48.64,0.171,96.6,0.03,8.0,4.0,2.0,0.00391
2026-10-02 08:21:50+00:00,M01,SLEEP,0.0,0.0,0.0,0.0,0.0,30.87,0.006,97.0,0.02,8.0,4.0,2.0,0.00019
2026-10-02 08:21:50+00:00,M04,RUNNING,0.0,0.0,0.0,2799.3,18.63,45.01,0.146,96.9,0.02,8.0,4.0,2.0,0.00304
2026-10-02 08:21:52+00:00,M04,RUNNING,0.0,0.0,0.0,2804.1,19.77,45.02,0.137,96.9,0.02,8.0,4.0,2.0,0.00322
2026-10-02 08:21:52+00:00,M02,RUNNING,0.0,0.0,0.0,1201.1,55.86,48.62,0.158,96.6,0.03,8.0,4.0,2.0,0.0039
2026-10-02 08:21:52+00:00,M01,SLEEP,0.0,0.0,0.0,0.0,0.0,30.79,0.004,97.0,0.02,8.0,4.0,2.0,0.0002
2026-10-02 08:21:52+00:00,M03,DEGRADED,0.0,0.0,0.0,1422.0,69.52,55.26,0.663,68.9,0.6,8.0,4.0,2.0,0.00575
2026-10-02 08:21:54+00:00,M03,DEGRADED,0.0,0.0,0.0,1416.5,69.08,55.39,0.652,68.7,0.61,8.0,4.0,2.0,0.00569
2026-10-02 08:21:54+00:00,M02,RUNNING,0.0,0.0,0.0,1203.1,54.69,48.62,0.168,96.6,0.03,8.0,4.0,2.0,0.00383
2026-10-02 08:21:54+00:00,M04,RUNNING,0.0,0.0,0.0,2800.4,19.5,45.04,0.148,96.9,0.02,8.0,4.0,2.0,0.00318
2026-10-02 08:21:54+00:00,M01,SLEEP,0.0,0.0,0.0,0.0,0.0,30.78,0.007,97.0,0.02,8.0,4.0,2.0,0.00019
2026-10-02 08:21:56+00:00,M01,SLEEP,0.0,0.0,0.0,0.0,0.0,30.75,0.006,97.0,0.02,8.0,4.0,2.0,0.0002
2026-10-02 08:21:56+00:00,M03,DEGRADED,0.0,0.0,0.0,1406.1,70.57,55.5,0.655,68.5,0.61,8.0,4.0,2.0,0.00577
2026-10-02 08:21:56+00:00,M04,RUNNING,0.0,0.0,0.0,2802.4,19.57,45.08,0.147,96.9,0.02,8.0,4.0,2.0,0.00319
2026-10-02 08:21:56+00:00,M02,RUNNING,0.0,0.0,0.0,1201.9,55.03,48.63,0.157,96.6,0.03,8.0,4.0,2.0,0.00385
2026-10-02 08:21:58+00:00,M01,SLEEP,0.0,0.0,0.0,0.0,0.0,30.68,0.006,97.0,0.02,8.0,4.0,2.0,0.0002
2026-10-02 08:21:58+00:00,M03,DEGRADED,0.0,0.0,0.0,1411.3,70.15,55.54,0.653,68.3,0.61,8.0,4.0,2.0,0.00576
2026-10-02 08:21:58+00:00,M02,RUNNING,0.0,0.0,0.0,1203.6,52.88,48.61,0.159,96.7,0.02,8.0,4.0,2.0,0.0037
2026-10-02 08:21:58+00:00,M04,RUNNING,0.0,0.0,0.0,2795.8,18.42,45.08,0.135,96.9,0.02,8.0,4.0,2.0,0.00299
2026-10-02 08:22:00+00:00,M02,RUNNING,0.0,0.0,0.0,1199.4,56.4,48.55,0.157,96.7,0.02,8.0,4.0,2.0,0.00393
2026-10-02 08:22:00+00:00,M04,RUNNING,1.0,1800.0,1800.0,2802.1,19.16,45.05,0.147,97.0,0.02,8.0,4.0,2.0,0.00313
2026-10-02 08:22:00+00:00,M03,DEGRADED,0.0,0.0,0.0,1413.6,71.07,55.6,0.655,68.2,0.62,8.0,4.0,2.0,0.00585
2026-10-02 08:22:00+00:00,M01,SLEEP,0.0,0.0,0.0,0.0,0.0,30.63,0.006,97.0,0.02,8.0,4.0,2.0,0.0002
2026-10-02 08:22:02+00:00,M03,DEGRADED,0.0,0.0,0.0,1406.3,71.53,55.72,0.661,67.9,0.63,8.0,4.0,2.0,0.00585
2026-10-02 08:22:02+00:00,M01,SLEEP,0.0,0.0,0.0,0.0,0.0,30.55,0.006,97.0,0.02,8.0,4.0,2.0,0.00019
2026-10-02 08:22:02+00:00,M02,OVERLOAD,0.0,0.0,0.0,1133.8,104.85,48.73,0.378,92.0,0.22,8.0,4.0,2.0,0.00692
2026-10-02 08:22:02+00:00,M04,RUNNING,0.0,0.0,0.0,2803.3,18.75,45.06,0.147,97.0,0.02,8.0,4.0,2.0,0.00305
2026-10-02 08:22:04+00:00,M02,OVERLOAD,0.0,0.0,0.0,1127.9,99.26,48.86,0.429,88.1,0.33,8.0,4.0,2.0,0.00651
2026-10-02 08:22:04+00:00,M03,DEGRADED,0.0,0.0,0.0,1407.9,70.35,55.78,0.658,67.7,0.63,8.0,4.0,2.0,0.00576
2026-10-02 08:22:04+00:00,M01,SLEEP,0.0,0.0,0.0,0.0,0.0,30.52,0.004,97.0,0.02,8.0,4.0,2.0,0.00018
2026-10-02 08:22:04+00:00,M04,RUNNING,0.0,0.0,0.0,2799.7,19.72,45.09,0.138,97.0,0.02,8.0,4.0,2.0,0.00322
2026-10-02 08:22:06+00:00,M04,RUNNING,0.0,0.0,0.0,2803.6,19.18,45.05,0.148,97.0,0.02,8.0,4.0,2.0,0.00312
2026-10-02 08:22:06+00:00,M03,DEGRADED,0.0,0.0,0.0,1405.5,72.81,55.86,0.656,67.6,0.64,8.0,4.0,2.0,0.00595
2026-10-02 08:22:06+00:00,M01,SLEEP,0.0,0.0,0.0,0.0,0.0,30.48,0.006,97.0,0.02,8.0,4.0,2.0,0.0002
2026-10-02 08:22:06+00:00,M02,OVERLOAD,1.0,1800.0,1800.0,1129.6,102.31,49.0,0.453,85.2,0.4,8.0,4.0,2.0,0.00672
2026-10-02 08:22:08+00:00,M04,RUNNING,0.0,0.0,0.0,2804.2,18.86,45.03,0.156,96.9,0.02,8.0,4.0,2.0,0.00308
2026-10-02 08:22:08+00:00,M02,OVERLOAD,0.0,0.0,0.0,1148.2,98.39,49.18,0.461,82.9,0.45,8.0,4.0,2.0,0.00658
2026-10-02 08:22:08+00:00,M03,DEGRADED,0.0,0.0,0.0,1406.2,71.36,55.96,0.671,67.3,0.63,8.0,4.0,2.0,0.00584
2026-10-02 08:22:08+00:00,M01,SLEEP,0.0,0.0,0.0,0.0,0.0,30.42,0.007,97.0,0.02,8.0,4.0,2.0,0.00018
2026-10-02 08:22:10+00:00,M01,SLEEP,0.0,0.0,0.0,0.0,0.0,30.41,0.005,97.0,0.02,8.0,4.0,2.0,0.0002
2026-10-02 08:22:10+00:00,M03,DEGRADED,0.0,0.0,0.0,1408.4,72.53,56.05,0.675,67.0,0.63,8.0,4.0,2.0,0.00594
2026-10-02 08:22:10+00:00,M02,OVERLOAD,0.0,0.0,0.0,1136.0,99.33,49.4,0.46,81.2,0.48,8.0,4.0,2.0,0.00656
2026-10-02 08:22:10+00:00,M04,RUNNING,0.0,0.0,0.0,2799.9,19.3,45.06,0.148,96.9,0.02,8.0,4.0,2.0,0.00314
2026-10-02 08:22:12+00:00,M04,RUNNING,0.0,0.0,0.0,2796.6,18.73,45.06,0.156,96.9,0.02,8.0,4.0,2.0,0.00305
2026-10-02 08:22:12+00:00,M03,DEGRADED,0.0,0.0,0.0,1402.4,72.05,56.1,0.675,66.8,0.64,8.0,4.0,2.0,0.00588
2026-10-02 08:22:12+00:00,M01,SLEEP,0.0,0.0,0.0,0.0,0.0,30.38,0.007,97.0,0.02,8.0,4.0,2.0,0.00019
2026-10-02 08:22:12+00:00,M02,OVERLOAD,0.0,0.0,0.0,1133.5,99.06,49.56,0.45,79.9,0.51,8.0,4.0,2.0,0.00653
2026-10-02 08:22:14+00:00,M02,OVERLOAD,0.0,0.0,0.0,1136.8,101.0,49.68,0.436,79.0,0.52,8.0,4.0,2.0,0.00668
2026-10-02 08:22:14+00:00,M04,RUNNING,0.0,0.0,0.0,2804.5,18.87,45.07,0.143,96.9,0.02,8.0,4.0,2.0,0.00308
2026-10-02 08:22:14+00:00,M01,SLEEP,0.0,0.0,0.0,0.0,0.0,30.31,0.004,97.0,0.02,8.0,4.0,2.0,0.00019
2026-10-02 08:22:14+00:00,M03,DEGRADED,0.0,0.0,0.0,1412.5,69.61,56.21,0.682,66.5,0.65,8.0,4.0,2.0,0.00572
2026-10-02 08:22:16+00:00,M02,OVERLOAD,0.0,0.0,0.0,1138.5,102.67,49.85,0.433,78.3,0.54,8.0,4.0,2.0,0.0068
2026-10-02 08:22:16+00:00,M01,SLEEP,0.0,0.0,0.0,0.0,0.0,30.27,0.005,97.0,0.02,8.0,4.0,2.0,0.00019
2026-10-02 08:22:16+00:00,M03,DEGRADED,0.0,0.0,0.0,1414.6,70.97,56.26,0.681,66.3,0.66,8.0,4.0,2.0,0.00584
2026-10-02 08:22:16+00:00,M04,RUNNING,0.0,0.0,0.0,2800.5,19.12,45.11,0.143,96.9,0.02,8.0,4.0,2.0,0.00311
2026-10-02 08:22:18+00:00,M04,RUNNING,0.0,0.0,0.0,2803.4,18.51,45.15,0.16,96.9,0.02,8.0,4.0,2.0,0.00302
2026-10-02 08:22:18+00:00,M02,OVERLOAD,0.0,0.0,0.0,1152.6,101.19,50.0,0.451,77.6,0.55,8.0,4.0,2.0,0.00679
2026-10-02 08:22:18+00:00,M01,SLEEP,0.0,0.0,0.0,0.0,0.0,30.27,0.006,97.0,0.02,8.0,4.0,2.0,0.00019
2026-10-02 08:22:18+00:00,M03,DEGRADED,0.0,0.0,0.0,1414.7,70.84,56.37,0.696,65.9,0.66,8.0,4.0,2.0,0.00583
2026-10-02 08:22:20+00:00,M03,DEGRADED,1.0,1800.0,1800.0,1406.6,72.93,56.43,0.698,65.6,0.67,8.0,4.0,2.0,0.00597
2026-10-02 08:22:20+00:00,M04,RUNNING,0.0,0.0,0.0,2804.9,19.81,45.11,0.155,96.9,0.02,8.0,4.0,2.0,0.00323
2026-10-02 08:22:20+00:00,M02,OVERLOAD,0.0,0.0,0.0,1151.0,97.53,50.21,0.439,77.0,0.57,8.0,4.0,2.0,0.00653
2026-10-02 08:22:20+00:00,M01,SLEEP,0.0,0.0,0.0,0.0,0.0,30.21,0.007,97.0,0.02,8.0,4.0,2.0,0.00019
2026-10-02 08:22:22+00:00,M04,RUNNING,0.0,0.0,0.0,2796.8,19.37,45.14,0.157,96.8,0.02,8.0,4.0,2.0,0.00316
2026-10-02 08:22:22+00:00,M03,DEGRADED,0.0,0.0,0.0,1408.8,73.05,56.55,0.694,65.4,0.67,8.0,4.0,2.0,0.00599
2026-10-02 08:22:22+00:00,M02,OVERLOAD,0.0,0.0,0.0,1151.2,102.19,50.42,0.444,76.4,0.58,8.0,4.0,2.0,0.00684
2026-10-02 08:22:22+00:00,M01,SLEEP,0.0,0.0,0.0,0.0,0.0,30.16,0.007,97.0,0.02,8.0,4.0,2.0,0.00019
2026-10-02 08:22:24+00:00,M04,RUNNING,0.0,0.0,0.0,2796.3,19.87,45.13,0.155,96.8,0.02,8.0,4.0,2.0,0.00323
2026-10-02 08:22:24+00:00,M02,OVERLOAD,0.0,0.0,0.0,1129.3,102.07,50.6,0.459,75.8,0.59,8.0,4.0,2.0,0.00671
2026-10-02 08:22:24+00:00,M01,SLEEP,0.0,0.0,0.0,0.0,0.0,30.13,0.006,97.0,0.02,8.0,4.0,2.0,0.0002
2026-10-02 08:22:24+00:00,M03,DEGRADED,0.0,0.0,0.0,1414.3,71.05,56.65,0.699,65.1,0.68,8.0,4.0,2.0,0.00584
2026-10-02 08:22:26+00:00,M01,SLEEP,0.0,0.0,0.0,0.0,0.0,30.09,0.006,97.0,0.02,8.0,4.0,2.0,0.0002
2026-10-02 08:22:26+00:00,M02,OVERLOAD,0.0,0.0,0.0,1143.2,101.97,50.81,0.448,75.3,0.59,8.0,4.0,2.0,0.00678
2026-10-02 08:22:26+00:00,M04,RUNNING,0.0,0.0,0.0,2803.4,18.46,45.08,0.164,96.8,0.02,8.0,4.0,2.0,0.00301
2026-10-02 08:22:26+00:00,M03,DEGRADED,0.0,0.0,0.0,1400.2,70.19,56.76,0.692,65.0,0.68,8.0,4.0,2.0,0.00572
2026-10-02 08:22:28+00:00,M02,OVERLOAD,0.0,0.0,0.0,1133.1,99.11,50.98,0.445,74.8,0.61,8.0,4.0,2.0,0.00653
2026-10-02 08:22:28+00:00,M04,RUNNING,0.0,0.0,0.0,2804.0,18.5,45.05,0.149,96.8,0.02,8.0,4.0,2.0,0.00302
2026-10-02 08:22:28+00:00,M01,SLEEP,0.0,0.0,0.0,0.0,0.0,30.04,0.006,97.0,0.02,8.0,4.0,2.0,0.00019
2026-10-02 08:22:28+00:00,M03,DEGRADED,0.0,0.0,0.0,1406.5,69.58,56.87,0.702,64.7,0.68,8.0,4.0,2.0,0.00569
2026-10-02 08:22:30+00:00,M02,OVERLOAD,0.0,0.0,0.0,1151.2,100.92,51.17,0.461,74.3,0.61,8.0,4.0,2.0,0.00676
2026-10-02 08:22:30+00:00,M04,RUNNING,0.0,0.0,0.0,2802.3,18.86,45.01,0.144,96.9,0.02,8.0,4.0,2.0,0.00307
2026-10-02 08:22:30+00:00,M01,SLEEP,0.0,0.0,0.0,0.0,0.0,29.96,0.004,97.0,0.02,8.0,4.0,2.0,0.00019
2026-10-02 08:22:30+00:00,M03,DEGRADED,0.0,0.0,0.0,1401.8,70.8,56.9,0.705,64.4,0.68,8.0,4.0,2.0,0.00578
2026-10-02 08:22:32+00:00,M02,OVERLOAD,0.0,0.0,0.0,1129.7,103.36,51.29,0.457,73.8,0.62,8.0,4.0,2.0,0.00679
2026-10-02 08:22:32+00:00,M04,RUNNING,0.0,0.0,0.0,2799.0,18.78,45.02,0.15,96.9,0.02,8.0,4.0,2.0,0.00306
2026-10-02 08:22:32+00:00,M03,DEGRADED,0.0,0.0,0.0,1402.0,71.69,56.95,0.695,64.3,0.69,8.0,4.0,2.0,0.00584
2026-10-02 08:22:32+00:00,M01,SLEEP,0.0,0.0,0.0,0.0,0.0,29.96,0.006,97.0,0.02,8.0,4.0,2.0,0.00021
2026-10-02 08:22:34+00:00,M02,OVERLOAD,0.0,0.0,0.0,1152.4,103.5,51.44,0.442,73.4,0.64,8.0,4.0,2.0,0.00694
2026-10-02 08:22:34+00:00,M01,SLEEP,0.0,0.0,0.0,0.0,0.0,29.93,0.006,97.0,0.02,8.0,4.0,2.0,0.00019
2026-10-02 08:22:34+00:00,M03,DEGRADED,0.0,0.0,0.0,1403.9,71.07,57.07,0.707,64.0,0.69,8.0,4.0,2.0,0.00581
2026-10-02 08:22:34+00:00,M04,RUNNING,0.0,0.0,0.0,2803.9,18.9,45.04,0.161,96.9,0.02,8.0,4.0,2.0,0.00308
2026-10-02 08:22:36+00:00,M01,SLEEP,0.0,0.0,0.0,0.0,0.0,29.86,0.005,97.0,0.02,8.0,4.0,2.0,0.0002
2026-10-02 08:22:36+00:00,M03,DEGRADED,0.0,0.0,0.0,1415.3,71.38,57.16,0.71,63.8,0.7,8.0,4.0,2.0,0.00587
2026-10-02 08:22:36+00:00,M02,OVERLOAD,0.0,0.0,0.0,1127.0,102.95,51.62,0.441,73.1,0.65,8.0,4.0,2.0,0.00675
2026-10-02 08:22:36+00:00,M04,RUNNING,0.0,0.0,0.0,2801.3,19.67,45.06,0.148,96.9,0.02,8.0,4.0,2.0,0.00321
2026-10-02 08:22:38+00:00,M01,SLEEP,0.0,0.0,0.0,0.0,0.0,29.88,0.005,97.0,0.02,8.0,4.0,2.0,0.0002
2026-10-02 08:22:38+00:00,M02,OVERLOAD,0.0,0.0,0.0,1141.2,99.16,51.82,0.433,72.8,0.66,8.0,4.0,2.0,0.00658
2026-10-02 08:22:38+00:00,M04,RUNNING,0.0,0.0,0.0,2796.1,19.74,45.04,0.135,96.9,0.02,8.0,4.0,2.0,0.00321
2026-10-02 08:22:38+00:00,M03,DEGRADED,0.0,0.0,0.0,1410.2,73.08,57.2,0.71,63.6,0.69,8.0,4.0,2.0,0.006
2026-10-02 08:22:40+00:00,M01,SLEEP,0.0,0.0,0.0,0.0,0.0,29.83,0.004,97.0,0.02,8.0,4.0,2.0,0.0002
2026-10-02 08:22:40+00:00,M02,OVERLOAD,0.0,0.0,0.0,1154.3,98.45,51.98,0.432,72.4,0.66,8.0,4.0,2.0,0.00661
2026-10-02 08:22:40+00:00,M04,RUNNING,1.0,1800.0,1800.0,2795.2,18.65,45.05,0.159,96.9,0.02,8.0,4.0,2.0,0.00303
2026-10-02 08:22:40+00:00,M03,DEGRADED,0.0,0.0,0.0,1397.0,74.26,57.26,0.694,63.5,0.7,8.0,4.0,2.0,0.00603
2026-10-02 08:22:42+00:00,M01,SLEEP,0.0,0.0,0.0,0.0,0.0,29.82,0.007,97.0,0.02,8.0,4.0,2.0,0.0002
2026-10-02 08:22:42+00:00,M04,RUNNING,0.0,0.0,0.0,2797.1,19.24,45.06,0.15,96.9,0.02,8.0,4.0,2.0,0.00313
2026-10-02 08:22:42+00:00,M03,DEGRADED,0.0,0.0,0.0,1414.7,72.76,57.31,0.69,63.4,0.7,8.0,4.0,2.0,0.00599
2026-10-02 08:22:42+00:00,M02,OVERLOAD,1.0,1800.0,1800.0,1153.5,101.53,52.14,0.453,71.9,0.67,8.0,4.0,2.0,0.00681
2026-10-02 08:22:44+00:00,M02,OVERLOAD,0.0,0.0,0.0,1147.5,103.26,52.31,0.436,71.5,0.67,8.0,4.0,2.0,0.0069
2026-10-02 08:22:44+00:00,M01,SLEEP,0.0,0.0,0.0,0.0,0.0,29.78,0.006,97.0,0.02,8.0,4.0,2.0,0.00019
2026-10-02 08:22:44+00:00,M04,RUNNING,0.0,0.0,0.0,2798.5,18.97,45.03,0.164,96.8,0.02,8.0,4.0,2.0,0.00309
2026-10-02 08:22:44+00:00,M03,DEGRADED,0.0,0.0,0.0,1406.8,71.3,57.38,0.699,63.2,0.71,8.0,4.0,2.0,0.00584
2026-10-02 08:22:46+00:00,M04,RUNNING,0.0,0.0,0.0,2798.2,18.57,45.06,0.162,96.8,0.03,8.0,4.0,2.0,0.00302
2026-10-02 08:22:46+00:00,M02,OVERLOAD,0.0,0.0,0.0,1134.3,104.99,52.48,0.436,71.1,0.69,8.0,4.0,2.0,0.00693
2026-10-02 08:22:46+00:00,M01,SLEEP,0.0,0.0,0.0,0.0,0.0,29.8,0.005,97.0,0.02,8.0,4.0,2.0,0.00019
2026-10-02 08:22:46+00:00,M03,DEGRADED,0.0,0.0,0.0,1411.2,73.66,57.49,0.697,63.1,0.71,8.0,4.0,2.0,0.00604
2026-10-02 08:22:48+00:00,M01,SLEEP,0.0,0.0,0.0,0.0,0.0,29.79,0.005,97.0,0.02,8.0,4.0,2.0,0.00019
2026-10-02 08:22:48+00:00,M03,DEGRADED,0.0,0.0,0.0,1402.0,71.19,57.58,0.707,62.8,0.72,8.0,4.0,2.0,0.00581
2026-10-02 08:22:48+00:00,M04,RUNNING,0.0,0.0,0.0,2804.6,19.25,45.03,0.15,96.8,0.02,8.0,4.0,2.0,0.00314
2026-10-02 08:22:48+00:00,M02,OVERLOAD,0.0,0.0,0.0,1144.5,103.7,52.67,0.46,70.6,0.69,8.0,4.0,2.0,0.0069
2026-10-02 08:22:50+00:00,M02,OVERLOAD,0.0,0.0,0.0,1154.7,101.95,52.83,0.449,70.1,0.7,8.0,4.0,2.0,0.00685
2026-10-02 08:22:50+00:00,M03,DEGRADED,0.0,0.0,0.0,1396.4,71.43,57.64,0.719,62.5,0.73,8.0,4.0,2.0,0.0058
2026-10-02 08:22:50+00:00,M01,SLEEP,0.0,0.0,0.0,0.0,0.0,29.74,0.006,97.0,0.02,8.0,4.0,2.0,0.00019
2026-10-02 08:22:50+00:00,M04,RUNNING,0.0,0.0,0.0,2802.5,19.22,45.03,0.164,96.8,0.03,8.0,4.0,2.0,0.00314
2026-10-02 08:22:52+00:00,M03,DEGRADED,0.0,0.0,0.0,1410.9,73.33,57.7,0.727,62.2,0.73,8.0,4.0,2.0,0.00602
2026-10-02 08:22:52+00:00,M01,SLEEP,0.0,0.0,0.0,0.0,0.0,29.73,0.004,97.0,0.02,8.0,4.0,2.0,0.0002
2026-10-02 08:22:52+00:00,M02,OVERLOAD,0.0,0.0,0.0,1128.7,103.5,52.96,0.438,69.8,0.71,8.0,4.0,2.0,0.00679
2026-10-02 08:22:52+00:00,M04,RUNNING,0.0,0.0,0.0,2798.4,19.69,45.04,0.138,96.8,0.03,8.0,4.0,2.0,0.0032
2026-10-02 08:22:54+00:00,M04,RUNNING,0.0,0.0,0.0,2803.4,19.13,45.09,0.151,96.9,0.02,8.0,4.0,2.0,0.00312
2026-10-02 08:22:54+00:00,M01,SLEEP,0.0,0.0,0.0,0.0,0.0,29.73,0.006,97.0,0.02,8.0,4.0,2.0,0.00019
2026-10-02 08:22:54+00:00,M03,DEGRADED,0.0,0.0,0.0,1397.9,73.67,57.83,0.71,62.1,0.74,8.0,4.0,2.0,0.00599
2026-10-02 08:22:54+00:00,M02,OVERLOAD,0.0,0.0,0.0,1133.4,105.0,53.14,0.446,69.3,0.72,8.0,4.0,2.0,0.00693
2026-10-02 08:22:56+00:00,M04,RUNNING,0.0,0.0,0.0,2800.5,18.68,45.1,0.141,96.9,0.02,8.0,4.0,2.0,0.00305
2026-10-02 08:22:56+00:00,M01,SLEEP,0.0,0.0,0.0,0.0,0.0,29.71,0.005,97.0,0.02,8.0,4.0,2.0,0.00019
2026-10-02 08:22:56+00:00,M02,OVERLOAD,0.0,0.0,0.0,1149.5,103.35,53.32,0.436,69.0,0.73,8.0,4.0,2.0,0.00691
2026-10-02 08:22:56+00:00,M03,DEGRADED,0.0,0.0,0.0,1409.1,69.91,57.94,0.725,61.8,0.74,8.0,4.0,2.0,0.00573
2026-10-02 08:22:58+00:00,M04,RUNNING,0.0,0.0,0.0,2801.0,18.96,45.09,0.146,96.9,0.02,8.0,4.0,2.0,0.00309
2026-10-02 08:22:58+00:00,M02,OVERLOAD,0.0,0.0,0.0,1127.0,105.74,53.5,0.434,68.6,0.74,8.0,4.0,2.0,0.00693
2026-10-02 08:22:58+00:00,M01,SLEEP,0.0,0.0,0.0,0.0,0.0,29.67,0.007,97.0,0.02,8.0,4.0,2.0,0.0002
2026-10-02 08:22:58+00:00,M03,DEGRADED,1.0,1800.0,1800.0,1399.4,71.66,58.01,0.712,61.6,0.74,8.0,4.0,2.0,0.00584
2026-10-02 08:23:00+00:00,M03,DEGRADED,0.0,0.0,0.0,1407.5,72.57,58.09,0.723,61.4,0.74,8.0,4.0,2.0,0.00594
2026-10-02 08:23:00+00:00,M01,SLEEP,0.0,0.0,0.0,0.0,0.0,29.65,0.004,97.0,0.02,8.0,4.0,2.0,0.00019
2026-10-02 08:23:00+00:00,M02,OVERLOAD,0.0,0.0,0.0,1135.9,98.7,53.73,0.442,68.2,0.74,8.0,4.0,2.0,0.00652
2026-10-02 08:23:00+00:00,M04,RUNNING,0.0,0.0,0.0,2802.0,18.84,45.05,0.157,96.9,0.02,8.0,4.0,2.0,0.00307
2026-10-02 08:23:02+00:00,M03,RUNNING,0.0,0.0,0.0,1501.5,61.56,58.16,0.347,64.5,0.7,8.0,4.0,2.0,0.00538
2026-10-02 08:23:02+00:00,M04,RUNNING,0.0,0.0,0.0,2799.8,18.41,45.02,0.148,96.9,0.02,8.0,4.0,2.0,0.003
2026-10-02 08:23:02+00:00,M02,RUNNING,0.0,0.0,0.0,1201.4,60.08,53.71,0.221,73.0,0.58,8.0,4.0,2.0,0.0042
2026-10-02 08:23:02+00:00,M01,SLEEP,0.0,0.0,0.0,0.0,0.0,29.62,0.007,97.0,0.02,8.0,4.0,2.0,0.00019
2026-10-02 08:23:04+00:00,M01,SLEEP,0.0,0.0,0.0,0.0,0.0,29.59,0.005,97.0,0.02,8.0,4.0,2.0,0.00019
2026-10-02 08:23:04+00:00,M03,RUNNING,0.0,0.0,0.0,1502.9,58.65,58.25,0.265,67.6,0.62,8.0,4.0,2.0,0.00512
2026-10-02 08:23:04+00:00,M04,RUNNING,0.0,0.0,0.0,2798.3,19.66,45.01,0.143,96.9,0.02,8.0,4.0,2.0,0.0032
2026-10-02 08:23:04+00:00,M02,RUNNING,0.0,0.0,0.0,1200.1,59.83,53.64,0.201,76.9,0.46,8.0,4.0,2.0,0.00418
2026-10-02 08:23:06+00:00,M02,RUNNING,0.0,0.0,0.0,1199.8,59.47,53.56,0.182,80.2,0.38,8.0,4.0,2.0,0.00415
2026-10-02 08:23:06+00:00,M04,RUNNING,0.0,0.0,0.0,2802.4,19.18,45.04,0.142,97.0,0.02,8.0,4.0,2.0,0.00312
2026-10-02 08:23:06+00:00,M01,SLEEP,0.0,0.0,0.0,0.0,0.0,29.56,0.004,97.0,0.02,8.0,4.0,2.0,0.0002
2026-10-02 08:23:06+00:00,M03,RUNNING,0.0,0.0,0.0,1504.9,59.65,58.28,0.26,70.3,0.56,8.0,4.0,2.0,0.00523
2026-10-02 08:23:08+00:00,M01,SLEEP,0.0,0.0,0.0,0.0,0.0,29.53,0.005,97.0,0.02,8.0,4.0,2.0,0.0002
2026-10-02 08:23:08+00:00,M02,RUNNING,0.0,0.0,0.0,1200.6,56.01,53.49,0.186,82.9,0.32,8.0,4.0,2.0,0.00391
2026-10-02 08:23:08+00:00,M03,RUNNING,0.0,0.0,0.0,1504.7,56.84,58.32,0.26,72.6,0.52,8.0,4.0,2.0,0.00497
2026-10-02 08:23:08+00:00,M04,RUNNING,0.0,0.0,0.0,2800.9,18.53,45.06,0.135,97.0,0.02,8.0,4.0,2.0,0.00302
2026-10-02 08:23:10+00:00,M01,SLEEP,0.0,0.0,0.0,0.0,0.0,29.47,0.006,97.0,0.02,8.0,4.0,2.0,0.00019
2026-10-02 08:23:10+00:00,M03,RUNNING,0.0,0.0,0.0,1502.8,56.66,58.29,0.245,74.7,0.48,8.0,4.0,2.0,0.00495
2026-10-02 08:23:10+00:00,M02,RUNNING,0.0,0.0,0.0,1204.2,56.41,53.46,0.168,85.4,0.27,8.0,4.0,2.0,0.00395
2026-10-02 08:23:10+00:00,M04,RUNNING,0.0,0.0,0.0,2802.0,19.38,45.08,0.149,97.0,0.02,8.0,4.0,2.0,0.00316
2026-10-02 08:23:12+00:00,M04,RUNNING,0.0,0.0,0.0,2795.8,19.06,45.07,0.142,97.0,0.02,8.0,4.0,2.0,0.0031
2026-10-02 08:23:12+00:00,M01,SLEEP,0.0,0.0,0.0,0.0,0.0,29.44,0.007,97.0,0.02,8.0,4.0,2.0,0.00019
2026-10-02 08:23:12+00:00,M03,RUNNING,0.0,0.0,0.0,1504.0,56.26,58.33,0.24,76.7,0.45,8.0,4.0,2.0,0.00493
2026-10-02 08:23:12+00:00,M02,RUNNING,0.0,0.0,0.0,1197.2,54.99,53.34,0.151,87.6,0.21,8.0,4.0,2.0,0.00383
2026-10-02 08:23:14+00:00,M04,RUNNING,0.0,0.0,0.0,2795.0,19.04,45.05,0.143,97.0,0.02,8.0,4.0,2.0,0.0031
2026-10-02 08:23:14+00:00,M01,SLEEP,0.0,0.0,0.0,0.0,0.0,29.42,0.005,97.0,0.02,8.0,4.0,2.0,0.00019
2026-10-02 08:23:14+00:00,M02,RUNNING,0.0,0.0,0.0,1195.4,55.12,53.24,0.161,89.6,0.17,8.0,4.0,2.0,0.00384
2026-10-02 08:23:14+00:00,M03,RUNNING,0.0,0.0,0.0,1503.4,56.33,58.36,0.227,78.5,0.41,8.0,4.0,2.0,0.00492
2026-10-02 08:23:16+00:00,M01,SLEEP,0.0,0.0,0.0,0.0,0.0,29.37,0.006,97.0,0.02,8.0,4.0,2.0,0.0002
2026-10-02 08:23:16+00:00,M04,RUNNING,0.0,0.0,0.0,2803.9,18.56,45.07,0.153,96.9,0.02,8.0,4.0,2.0,0.00303
2026-10-02 08:23:16+00:00,M03,RUNNING,0.0,0.0,0.0,1501.9,57.76,58.32,0.236,80.2,0.37,8.0,4.0,2.0,0.00505
2026-10-02 08:23:16+00:00,M02,RUNNING,1.0,1800.0,1800.0,1195.9,56.01,53.15,0.174,91.1,0.16,8.0,4.0,2.0,0.00389
2026-10-02 08:23:18+00:00,M04,RUNNING,0.0,0.0,0.0,2803.5,18.84,45.06,0.158,96.9,0.02,8.0,4.0,2.0,0.00307
2026-10-02 08:23:18+00:00,M03,RUNNING,0.0,0.0,0.0,1503.2,57.23,58.32,0.219,81.9,0.33,8.0,4.0,2.0,0.005
2026-10-02 08:23:18+00:00,M02,RUNNING,0.0,0.0,0.0,1199.1,55.69,53.06,0.173,92.1,0.15,8.0,4.0,2.0,0.00389
2026-10-02 08:23:18+00:00,M01,SLEEP,0.0,0.0,0.0,0.0,0.0,29.32,0.006,97.0,0.02,8.0,4.0,2.0,0.00019
2026-10-02 08:23:20+00:00,M01,SLEEP,0.0,0.0,0.0,0.0,0.0,29.34,0.005,97.0,0.02,8.0,4.0,2.0,0.00019
2026-10-02 08:23:20+00:00,M02,RUNNING,0.0,0.0,0.0,1200.7,55.02,52.96,0.152,93.0,0.13,8.0,4.0,2.0,0.00384
2026-10-02 08:23:20+00:00,M04,RUNNING,1.0,1800.0,1800.0,2797.5,19.76,45.08,0.139,96.9,0.02,8.0,4.0,2.0,0.00321
2026-10-02 08:23:20+00:00,M03,RUNNING,0.0,0.0,0.0,1496.8,55.21,58.25,0.227,83.5,0.31,8.0,4.0,2.0,0.00481
2026-10-02 08:23:22+00:00,M02,RUNNING,0.0,0.0,0.0,1200.7,54.82,52.92,0.146,93.6,0.11,8.0,4.0,2.0,0.00383
2026-10-02 08:23:22+00:00,M01,SLEEP,0.0,0.0,0.0,0.0,0.0,29.36,0.006,97.0,0.02,8.0,4.0,2.0,0.00019
2026-10-02 08:23:22+00:00,M04,RUNNING,0.0,0.0,0.0,2803.7,19.7,45.05,0.161,96.9,0.02,8.0,4.0,2.0,0.00322
2026-10-02 08:23:22+00:00,M03,RUNNING,0.0,0.0,0.0,1504.2,56.89,58.16,0.221,85.1,0.29,8.0,4.0,2.0,0.00498
2026-10-02 08:23:24+00:00,M04,RUNNING,0.0,0.0,0.0,2800.6,18.68,45.07,0.15,96.9,0.02,8.0,4.0,2.0,0.00304
2026-10-02 08:23:24+00:00,M02,RUNNING,0.0,0.0,0.0,1202.1,57.13,52.87,0.148,94.0,0.1,8.0,4.0,2.0,0.00399
2026-10-02 08:23:24+00:00,M01,SLEEP,0.0,0.0,0.0,0.0,0.0,29.33,0.005,97.0,0.02,8.0,4.0,2.0,0.00019
2026-10-02 08:23:24+00:00,M03,RUNNING,0.0,0.0,0.0,1500.9,53.84,58.12,0.22,86.6,0.25,8.0,4.0,2.0,0.0047
2026-10-02 08:23:26+00:00,M03,RUNNING,0.0,0.0,0.0,1497.8,52.71,58.07,0.217,88.1,0.23,8.0,4.0,2.0,0.00459
2026-10-02 08:23:26+00:00,M02,RUNNING,0.0,0.0,0.0,1204.2,53.25,52.79,0.162,94.3,0.1,8.0,4.0,2.0,0.00373
2026-10-02 08:23:26+00:00,M01,SLEEP,0.0,0.0,0.0,0.0,0.0,29.29,0.004,97.0,0.02,8.0,4.0,2.0,0.00019
2026-10-02 08:23:26+00:00,M04,RUNNING,0.0,0.0,0.0,2796.4,18.52,45.08,0.15,96.9,0.02,8.0,4.0,2.0,0.00301
2026-10-02 08:23:28+00:00,M03,RUNNING,1.0,1800.0,1800.0,1504.4,52.71,57.95,0.199,89.8,0.19,8.0,4.0,2.0,0.00462
2026-10-02 08:23:28+00:00,M01,SLEEP,0.0,0.0,0.0,0.0,0.0,29.29,0.006,97.0,0.02,8.0,4.0,2.0,0.00019
2026-10-02 08:23:28+00:00,M04,RUNNING,0.0,0.0,0.0,2804.2,18.45,45.12,0.136,96.9,0.02,8.0,4.0,2.0,0.00301
2026-10-02 08:23:28+00:00,M02,RUNNING,0.0,0.0,0.0,1203.5,56.49,52.69,0.15,94.6,0.1,8.0,4.0,2.0,0.00396
2026-10-02 08:23:30+00:00,M04,RUNNING,0.0,0.0,0.0,2800.5,18.96,45.11,0.147,96.9,0.02,8.0,4.0,2.0,0.00309
2026-10-02 08:23:30+00:00,M01,SLEEP,0.0,0.0,0.0,0.0,0.0,29.28,0.006,97.0,0.02,8.0,4.0,2.0,0.00019
2026-10-02 08:23:30+00:00,M02,RUNNING,0.0,0.0,0.0,1198.5,53.36,52.57,0.16,94.8,0.1,8.0,4.0,2.0,0.00372
2026-10-02 08:23:30+00:00,M03,RUNNING,0.0,0.0,0.0,1496.7,54.14,57.86,0.201,91.2,0.16,8.0,4.0,2.0,0.00471
2026-10-02 08:23:32+00:00,M03,RUNNING,0.0,0.0,0.0,1495.4,54.05,57.75,0.208,92.2,0.14,8.0,4.0,2.0,0.0047
2026-10-02 08:23:32+00:00,M04,RUNNING,0.0,0.0,0.0,2796.5,18.61,45.09,0.148,96.9,0.02,8.0,4.0,2.0,0.00303
2026-10-02 08:23:32+00:00,M01,SLEEP,0.0,0.0,0.0,0.0,0.0,29.27,0.005,97.0,0.02,8.0,4.0,2.0,0.0002
2026-10-02 08:23:32+00:00,M02,RUNNING,0.0,0.0,0.0,1204.7,55.85,52.51,0.15,94.9,0.1,8.0,4.0,2.0,0.00391
2026-10-02 08:23:34+00:00,M04,RUNNING,0.0,0.0,0.0,2799.2,18.9,45.12,0.136,96.9,0.02,8.0,4.0,2.0,0.00308
2026-10-02 08:23:34+00:00,M03,RUNNING,0.0,0.0,0.0,1499.3,54.67,57.68,0.191,93.0,0.14,8.0,4.0,2.0,0.00477
2026-10-02 08:23:34+00:00,M01,SLEEP,0.0,0.0,0.0,0.0,0.0,29.24,0.005,97.0,0.02,8.0,4.0,2.0,0.0002
2026-10-02 08:23:34+00:00,M02,RUNNING,0.0,0.0,0.0,1203.5,55.37,52.43,0.16,95.0,0.1,8.0,4.0,2.0,0.00388
2026-10-02 08:23:36+00:00,M04,RUNNING,0.0,0.0,0.0,2796.8,19.36,45.08,0.146,97.0,0.02,8.0,4.0,2.0,0.00315
2026-10-02 08:23:36+00:00,M01,SLEEP,0.0,0.0,0.0,0.0,0.0,29.23,0.004,97.0,0.02,8.0,4.0,2.0,0.00019
2026-10-02 08:23:36+00:00,M03,RUNNING,0.0,0.0,0.0,1496.4,54.88,57.54,0.191,93.5,0.12,8.0,4.0,2.0,0.00478
2026-10-02 08:23:36+00:00,M02,RUNNING,0.0,0.0,0.0,1204.1,52.96,52.36,0.15,95.1,0.1,8.0,4.0,2.0,0.00371
2026-10-02 08:23:38+00:00,M04,RUNNING,0.0,0.0,0.0,2798.6,19.37,45.06,0.153,96.9,0.02,8.0,4.0,2.0,0.00315
2026-10-02 08:23:38+00:00,M01,SLEEP,0.0,0.0,0.0,0.0,0.0,29.22,0.005,97.0,0.02,8.0,4.0,2.0,0.0002
2026-10-02 08:23:38+00:00,M02,RUNNING,0.0,0.0,0.0,1198.1,55.73,52.31,0.159,95.1,0.1,8.0,4.0,2.0,0.00388
2026-10-02 08:23:38+00:00,M03,RUNNING,0.0,0.0,0.0,1499.8,53.15,57.42,0.212,93.8,0.13,8.0,4.0,2.0,0.00463
2026-10-02 08:23:40+00:00,M04,RUNNING,0.0,0.0,0.0,2804.2,18.64,45.09,0.154,96.9,0.02,8.0,4.0,2.0,0.00304
2026-10-02 08:23:40+00:00,M02,RUNNING,0.0,0.0,0.0,1197.1,53.94,52.25,0.15,95.2,0.1,8.0,4.0,2.0,0.00376
2026-10-02 08:23:40+00:00,M01,SLEEP,0.0,0.0,0.0,0.0,0.0,29.23,0.005,97.0,0.02,8.0,4.0,2.0,0.0002
2026-10-02 08:23:40+00:00,M03,RUNNING,0.0,0.0,0.0,1497.3,51.25,57.29,0.201,94.1,0.12,8.0,4.0,2.0,0.00447
2026-10-02 08:23:42+00:00,M03,RUNNING,0.0,0.0,0.0,1501.5,54.5,57.22,0.19,94.4,0.11,8.0,4.0,2.0,0.00476
2026-10-02 08:23:42+00:00,M04,RUNNING,0.0,0.0,0.0,2801.9,19.44,45.12,0.158,96.9,0.02,8.0,4.0,2.0,0.00317
2026-10-02 08:23:42+00:00,M02,RUNNING,0.0,0.0,0.0,1202.7,53.44,52.17,0.171,95.1,0.1,8.0,4.0,2.0,0.00374
2026-10-02 08:23:42+00:00,M01,SLEEP,0.0,0.0,0.0,0.0,0.0,29.19,0.006,97.0,0.02,8.0,4.0,2.0,0.00019
2026-10-02 08:23:44+00:00,M03,RUNNING,0.0,0.0,0.0,1502.4,53.99,57.11,0.21,94.5,0.12,8.0,4.0,2.0,0.00472
2026-10-02 08:23:44+00:00,M04,RUNNING,0.0,0.0,0.0,2804.6,18.98,45.07,0.164,96.8,0.02,8.0,4.0,2.0,0.0031
2026-10-02 08:23:44+00:00,M01,SLEEP,0.0,0.0,0.0,0.0,0.0,29.18,0.006,97.0,0.02,8.0,4.0,2.0,0.0002
2026-10-02 08:23:44+00:00,M02,RUNNING,0.0,0.0,0.0,1195.1,53.87,52.09,0.158,95.2,0.1,8.0,4.0,2.0,0.00374
2026-10-02 08:23:46+00:00,M03,RUNNING,0.0,0.0,0.0,1500.9,54.94,57.02,0.207,94.6,0.12,8.0,4.0,2.0,0.00479
2026-10-02 08:23:46+00:00,M04,RUNNING,0.0,0.0,0.0,2798.4,19.6,45.09,0.152,96.8,0.02,8.0,4.0,2.0,0.00319
2026-10-02 08:23:46+00:00,M02,RUNNING,0.0,0.0,0.0,1196.7,56.51,52.01,0.173,95.2,0.1,8.0,4.0,2.0,0.00394
2026-10-02 08:23:46+00:00,M01,SLEEP,0.0,0.0,0.0,0.0,0.0,29.12,0.005,97.0,0.02,8.0,4.0,2.0,0.0002
2026-10-02 08:23:48+00:00,M03,RUNNING,0.0,0.0,0.0,1496.1,52.06,56.9,0.216,94.6,0.12,8.0,4.0,2.0,0.00453
2026-10-02 08:23:48+00:00,M01,SLEEP,0.0,0.0,0.0,0.0,0.0,29.1,0.004,97.0,0.02,8.0,4.0,2.0,0.0002
2026-10-02 08:23:48+00:00,M04,RUNNING,0.0,0.0,0.0,2803.9,19.56,45.07,0.149,96.9,0.02,8.0,4.0,2.0,0.00319
2026-10-02 08:23:48+00:00,M02,RUNNING,0.0,0.0,0.0,1204.9,52.87,51.92,0.159,95.2,0.1,8.0,4.0,2.0,0.0037
2026-10-02 08:23:50+00:00,M04,RUNNING,0.0,0.0,0.0,2799.8,18.66,45.09,0.141,96.9,0.02,8.0,4.0,2.0,0.00304
2026-10-02 08:23:50+00:00,M01,SLEEP,0.0,0.0,0.0,0.0,0.0,29.05,0.004,97.0,0.02,8.0,4.0,2.0,0.00019
2026-10-02 08:23:50+00:00,M02,RUNNING,0.0,0.0,0.0,1200.3,56.35,51.89,0.174,95.2,0.1,8.0,4.0,2.0,0.00394
2026-10-02 08:23:50+00:00,M03,RUNNING,0.0,0.0,0.0,1498.7,53.82,56.8,0.199,94.7,0.11,8.0,4.0,2.0,0.0047
2026-10-02 08:23:52+00:00,M01,SLEEP,0.0,0.0,0.0,0.0,0.0,29.02,0.004,97.0,0.02,8.0,4.0,2.0,0.0002
2026-10-02 08:23:52+00:00,M02,RUNNING,1.0,1800.0,1800.0,1195.8,57.45,51.86,0.157,95.3,0.09,8.0,4.0,2.0,0.004
2026-10-02 08:23:52+00:00,M03,RUNNING,0.0,0.0,0.0,1503.5,52.23,56.72,0.193,94.8,0.11,8.0,4.0,2.0,0.00457
2026-10-02 08:23:52+00:00,M04,RUNNING,0.0,0.0,0.0,2804.8,18.97,45.13,0.135,96.9,0.02,8.0,4.0,2.0,0.00309
2026-10-02 08:23:54+00:00,M03,RUNNING,0.0,0.0,0.0,1497.3,53.76,56.63,0.187,94.9,0.11,8.0,4.0,2.0,0.00468
2026-10-02 08:23:54+00:00,M02,RUNNING,0.0,0.0,0.0,1201.1,54.06,51.83,0.145,95.3,0.09,8.0,4.0,2.0,0.00377
2026-10-02 08:23:54+00:00,M01,SLEEP,0.0,0.0,0.0,0.0,0.0,28.98,0.006,97.0,0.02,8.0,4.0,2.0,0.0002
2026-10-02 08:23:54+00:00,M04,RUNNING,0.0,0.0,0.0,2799.4,19.25,45.18,0.149,96.9,0.02,8.0,4.0,2.0,0.00314
2026-10-02 08:23:56+00:00,M03,RUNNING,1.0,1800.0,1800.0,1498.2,55.21,56.57,0.195,95.0,0.11,8.0,4.0,2.0,0.00481
2026-10-02 08:23:56+00:00,M01,SLEEP,0.0,0.0,0.0,0.0,0.0,28.94,0.006,97.0,0.02,8.0,4.0,2.0,0.00019
2026-10-02 08:23:56+00:00,M02,RUNNING,0.0,0.0,0.0,1199.7,54.12,51.8,0.163,95.4,0.08,8.0,4.0,2.0,0.00378
2026-10-02 08:23:56+00:00,M04,RUNNING,0.0,0.0,0.0,2796.5,18.69,45.14,0.142,96.9,0.02,8.0,4.0,2.0,0.00304
2026-10-02 08:23:58+00:00,M01,SLEEP,0.0,0.0,0.0,0.0,0.0,28.97,0.005,97.0,0.02,8.0,4.0,2.0,0.00019
2026-10-02 08:23:58+00:00,M04,RUNNING,0.0,0.0,0.0,2802.2,19.22,45.18,0.151,96.9,0.02,8.0,4.0,2.0,0.00313
2026-10-02 08:23:58+00:00,M03,RUNNING,0.0,0.0,0.0,1500.9,51.8,56.5,0.193,95.1,0.11,8.0,4.0,2.0,0.00452
2026-10-02 08:23:58+00:00,M02,RUNNING,0.0,0.0,0.0,1204.1,56.3,51.76,0.172,95.3,0.09,8.0,4.0,2.0,0.00394
2026-10-02 08:24:00+00:00,M04,RUNNING,1.0,1800.0,1800.0,2803.8,19.69,45.2,0.161,96.8,0.03,8.0,4.0,2.0,0.00321
2026-10-02 08:24:00+00:00,M01,SLEEP,0.0,0.0,0.0,0.0,0.0,28.99,0.007,97.0,0.02,8.0,4.0,2.0,0.0002
2026-10-02 08:24:00+00:00,M03,RUNNING,0.0,0.0,0.0,1504.2,51.33,56.43,0.204,95.1,0.11,8.0,4.0,2.0,0.00449
2026-10-02 08:24:00+00:00,M02,RUNNING,0.0,0.0,0.0,1197.4,55.37,51.7,0.173,95.3,0.09,8.0,4.0,2.0,0.00386
2026-10-02 08:24:02+00:00,M01,RUNNING,1.0,1800.0,1800.0,1450.6,49.39,29.37,0.143,97.0,0.02,8.0,4.0,2.0,0.00417
2026-10-02 08:24:02+00:00,M04,RUNNING,0.0,0.0,0.0,2804.6,18.48,45.18,0.146,96.9,0.02,8.0,4.0,2.0,0.00302
2026-10-02 08:24:02+00:00,M03,RUNNING,0.0,0.0,0.0,1504.3,54.32,56.32,0.208,95.1,0.11,8.0,4.0,2.0,0.00476
2026-10-02 08:24:02+00:00,M02,RUNNING,0.0,0.0,0.0,1196.8,54.05,51.67,0.148,95.4,0.09,8.0,4.0,2.0,0.00376
2026-10-02 08:24:04+00:00,M02,RUNNING,0.0,0.0,0.0,1201.7,56.49,51.64,0.165,95.4,0.09,8.0,4.0,2.0,0.00395
2026-10-02 08:24:04+00:00,M04,RUNNING,0.0,0.0,0.0,2798.9,19.06,45.23,0.159,96.8,0.03,8.0,4.0,2.0,0.0031
2026-10-02 08:24:04+00:00,M03,RUNNING,0.0,0.0,0.0,1497.4,51.89,56.26,0.194,95.1,0.1,8.0,4.0,2.0,0.00452
2026-10-02 08:24:04+00:00,M01,RUNNING,0.0,0.0,0.0,1447.5,49.05,29.74,0.164,97.0,0.02,8.0,4.0,2.0,0.00413
2026-10-02 08:24:06+00:00,M02,RUNNING,0.0,0.0,0.0,1197.1,55.8,51.55,0.173,95.3,0.08,8.0,4.0,2.0,0.00389
2026-10-02 08:24:06+00:00,M03,RUNNING,0.0,0.0,0.0,1501.9,53.81,56.18,0.2,95.2,0.1,8.0,4.0,2.0,0.0047
2026-10-02 08:24:06+00:00,M04,RUNNING,0.0,0.0,0.0,2799.8,18.69,45.27,0.138,96.8,0.03,8.0,4.0,2.0,0.00305
2026-10-02 08:24:06+00:00,M01,RUNNING,0.0,0.0,0.0,1445.6,51.54,30.04,0.173,97.0,0.02,8.0,4.0,2.0,0.00433
2026-10-02 08:24:08+00:00,M03,RUNNING,0.0,0.0,0.0,1502.2,52.95,56.11,0.202,95.2,0.08,8.0,4.0,2.0,0.00463
2026-10-02 08:24:08+00:00,M04,RUNNING,0.0,0.0,0.0,2800.6,18.42,45.21,0.137,96.9,0.02,8.0,4.0,2.0,0.003
2026-10-02 08:24:08+00:00,M02,RUNNING,0.0,0.0,0.0,1198.1,54.4,51.54,0.155,95.4,0.09,8.0,4.0,2.0,0.00379
2026-10-02 08:24:08+00:00,M01,RUNNING,0.0,0.0,0.0,1448.8,52.17,30.42,0.164,97.0,0.02,8.0,4.0,2.0,0.0044
2026-10-02 08:24:10+00:00,M01,RUNNING,0.0,0.0,0.0,1454.4,51.4,30.78,0.173,97.0,0.02,8.0,4.0,2.0,0.00434
2026-10-02 08:24:10+00:00,M03,RUNNING,0.0,0.0,0.0,1502.1,52.86,56.01,0.209,95.2,0.09,8.0,4.0,2.0,0.00462
2026-10-02 08:24:10+00:00,M02,RUNNING,0.0,0.0,0.0,1200.8,55.66,51.44,0.174,95.4,0.09,8.0,4.0,2.0,0.00389
2026-10-02 08:24:10+00:00,M04,RUNNING,0.0,0.0,0.0,2797.6,18.87,45.25,0.14,96.9,0.02,8.0,4.0,2.0,0.00307
2026-10-02 08:24:12+00:00,M01,RUNNING,0.0,0.0,0.0,1448.0,49.8,31.08,0.172,97.0,0.02,8.0,4.0,2.0,0.0042
2026-10-02 08:24:12+00:00,M03,RUNNING,0.0,0.0,0.0,1503.9,53.54,55.97,0.196,95.3,0.09,8.0,4.0,2.0,0.00468
2026-10-02 08:24:12+00:00,M04,RUNNING,0.0,0.0,0.0,2798.8,19.02,45.29,0.134,96.9,0.02,8.0,4.0,2.0,0.00309
2026-10-02 08:24:12+00:00,M02,RUNNING,0.0,0.0,0.0,1203.2,55.09,51.41,0.163,95.4,0.08,8.0,4.0,2.0,0.00385
2026-10-02 08:24:14+00:00,M03,RUNNING,0.0,0.0,0.0,1504.6,52.09,55.9,0.209,95.3,0.1,8.0,4.0,2.0,0.00456
2026-10-02 08:24:14+00:00,M02,RUNNING,0.0,0.0,0.0,1203.5,56.78,51.37,0.162,95.5,0.07,8.0,4.0,2.0,0.00398
2026-10-02 08:24:14+00:00,M01,RUNNING,0.0,0.0,0.0,1454.7,50.66,31.35,0.187,96.9,0.02,8.0,4.0,2.0,0.00429
2026-10-02 08:24:14+00:00,M04,RUNNING,0.0,0.0,0.0,2803.1,19.65,45.34,0.136,96.9,0.02,8.0,4.0,2.0,0.00321
2026-10-02 08:24:16+00:00,M01,RUNNING,0.0,0.0,0.0,1449.6,48.71,31.64,0.194,96.9,0.02,8.0,4.0,2.0,0.0041
2026-10-02 08:24:16+00:00,M02,RUNNING,0.0,0.0,0.0,1201.9,54.08,51.27,0.149,95.5,0.07,8.0,4.0,2.0,0.00378
2026-10-02 08:24:16+00:00,M04,RUNNING,0.0,0.0,0.0,2799.0,19.28,45.35,0.148,96.9,0.02,8.0,4.0,2.0,0.00314
2026-10-02 08:24:16+00:00,M03,RUNNING,0.0,0.0,0.0,1495.0,52.3,55.83,0.204,95.3,0.1,8.0,4.0,2.0,0.00455
2026-10-02 08:24:18+00:00,M04,RUNNING,0.0,0.0,0.0,2798.1,19.51,45.38,0.153,96.8,0.02,8.0,4.0,2.0,0.00317
2026-10-02 08:24:18+00:00,M03,RUNNING,0.0,0.0,0.0,1502.1,52.81,55.75,0.191,95.4,0.09,8.0,4.0,2.0,0.00461
2026-10-02 08:24:18+00:00,M01,RUNNING,0.0,0.0,0.0,1445.5,51.97,31.91,0.186,96.9,0.02,8.0,4.0,2.0,0.00438
2026-10-02 08:24:18+00:00,M02,RUNNING,0.0,0.0,0.0,1198.7,56.76,51.21,0.152,95.6,0.06,8.0,4.0,2.0,0.00396
2026-10-02 08:24:20+00:00,M02,RUNNING,0.0,0.0,0.0,1202.6,54.29,51.18,0.155,95.6,0.06,8.0,4.0,2.0,0.0038
2026-10-02 08:24:20+00:00,M03,RUNNING,0.0,0.0,0.0,1495.5,54.36,55.72,0.204,95.4,0.09,8.0,4.0,2.0,0.00473
2026-10-02 08:24:20+00:00,M04,RUNNING,0.0,0.0,0.0,2796.1,18.72,45.35,0.153,96.8,0.02,8.0,4.0,2.0,0.00305
2026-10-02 08:24:20+00:00,M01,RUNNING,0.0,0.0,0.0,1453.9,50.1,32.22,0.194,96.8,0.02,8.0,4.0,2.0,0.00423
2026-10-02 08:24:22+00:00,M03,RUNNING,0.0,0.0,0.0,1497.9,53.4,55.71,0.211,95.3,0.09,8.0,4.0,2.0,0.00465
2026-10-02 08:24:22+00:00,M01,RUNNING,0.0,0.0,0.0,1452.5,50.34,32.48,0.179,96.9,0.02,8.0,4.0,2.0,0.00426
2026-10-02 08:24:22+00:00,M02,RUNNING,0.0,0.0,0.0,1198.4,53.26,51.09,0.156,95.7,0.07,8.0,4.0,2.0,0.00371
2026-10-02 08:24:22+00:00,M04,RUNNING,0.0,0.0,0.0,2801.7,18.9,45.3,0.145,96.8,0.02,8.0,4.0,2.0,0.00308
2026-10-02 08:24:24+00:00,M02,RUNNING,0.0,0.0,0.0,1202.3,55.47,51.03,0.165,95.7,0.07,8.0,4.0,2.0,0.00388
2026-10-02 08:24:24+00:00,M03,RUNNING,1.0,1800.0,1800.0,1498.3,53.77,55.62,0.214,95.3,0.1,8.0,4.0,2.0,0.00469
2026-10-02 08:24:24+00:00,M01,RUNNING,0.0,0.0,0.0,1450.1,48.78,32.78,0.19,96.8,0.02,8.0,4.0,2.0,0.00411
2026-10-02 08:24:24+00:00,M04,RUNNING,0.0,0.0,0.0,2803.5,19.26,45.27,0.149,96.9,0.02,8.0,4.0,2.0,0.00314
2026-10-02 08:24:26+00:00,M01,RUNNING,0.0,0.0,0.0,1451.7,50.08,33.05,0.195,96.8,0.02,8.0,4.0,2.0,0.00423
2026-10-02 08:24:26+00:00,M02,RUNNING,0.0,0.0,0.0,1200.4,55.29,51.02,0.149,95.7,0.07,8.0,4.0,2.0,0.00386
2026-10-02 08:24:26+00:00,M03,RUNNING,0.0,0.0,0.0,1495.4,54.37,55.56,0.19,95.4,0.08,8.0,4.0,2.0,0.00473
2026-10-02 08:24:26+00:00,M04,RUNNING,0.0,0.0,0.0,2797.7,19.01,45.3,0.142,96.9,0.02,8.0,4.0,2.0,0.00309
2026-10-02 08:24:28+00:00,M02,RUNNING,1.0,1800.0,1800.0,1203.2,55.87,50.97,0.163,95.7,0.06,8.0,4.0,2.0,0.00391
2026-10-02 08:24:28+00:00,M01,RUNNING,0.0,0.0,0.0,1449.7,51.14,33.37,0.175,96.8,0.02,8.0,4.0,2.0,0.00431
2026-10-02 08:24:28+00:00,M04,RUNNING,0.0,0.0,0.0,2803.1,19.83,45.26,0.137,96.9,0.02,8.0,4.0,2.0,0.00324
2026-10-02 08:24:28+00:00,M03,RUNNING,0.0,0.0,0.0,1495.5,52.47,55.52,0.21,95.4,0.09,8.0,4.0,2.0,0.00457
2026-10-02 08:24:30+00:00,M03,RUNNING,0.0,0.0,0.0,1504.3,53.75,55.44,0.192,95.4,0.08,8.0,4.0,2.0,0.0047
2026-10-02 08:24:30+00:00,M01,RUNNING,0.0,0.0,0.0,1445.2,52.5,33.59,0.169,96.9,0.02,8.0,4.0,2.0,0.00442
2026-10-02 08:24:30+00:00,M02,RUNNING,0.0,0.0,0.0,1203.3,55.75,50.95,0.16,95.7,0.06,8.0,4.0,2.0,0.0039
2026-10-02 08:24:30+00:00,M04,RUNNING,0.0,0.0,0.0,2795.5,19.45,45.28,0.15,96.9,0.02,8.0,4.0,2.0,0.00316
2026-10-02 08:24:32+00:00,M03,RUNNING,0.0,0.0,0.0,1500.2,52.38,55.35,0.208,95.4,0.08,8.0,4.0,2.0,0.00457
2026-10-02 08:24:32+00:00,M02,RUNNING,0.0,0.0,0.0,1202.5,53.37,50.91,0.159,95.8,0.06,8.0,4.0,2.0,0.00374
2026-10-02 08:24:32+00:00,M01,RUNNING,1.0,1800.0,1800.0,1445.0,49.53,33.91,0.192,96.8,0.02,8.0,4.0,2.0,0.00416
2026-10-02 08:24:32+00:00,M04,RUNNING,0.0,0.0,0.0,2796.9,19.87,45.3,0.144,96.9,0.02,8.0,4.0,2.0,0.00323
2026-10-02 08:24:34+00:00,M04,RUNNING,0.0,0.0,0.0,2796.0,19.01,45.3,0.163,96.8,0.02,8.0,4.0,2.0,0.0031
2026-10-02 08:24:34+00:00,M01,RUNNING,0.0,0.0,0.0,1447.4,49.49,34.2,0.184,96.9,0.02,8.0,4.0,2.0,0.00417
2026-10-02 08:24:34+00:00,M02,RUNNING,0.0,0.0,0.0,1196.0,53.83,50.81,0.149,95.8,0.06,8.0,4.0,2.0,0.00374
2026-10-02 08:24:34+00:00,M03,RUNNING,0.0,0.0,0.0,1502.4,54.41,55.33,0.196,95.5,0.08,8.0,4.0,2.0,0.00476
2026-10-02 08:24:36+00:00,M04,RUNNING,0.0,0.0,0.0,2799.2,18.47,45.3,0.149,96.8,0.02,8.0,4.0,2.0,0.003
2026-10-02 08:24:36+00:00,M01,RUNNING,0.0,0.0,0.0,1453.1,50.91,34.45,0.178,96.9,0.02,8.0,4.0,2.0,0.0043
2026-10-02 08:24:36+00:00,M02,RUNNING,0.0,0.0,0.0,1198.6,57.24,50.78,0.164,95.8,0.06,8.0,4.0,2.0,0.00399
2026-10-02 08:24:36+00:00,M03,RUNNING,0.0,0.0,0.0,1498.9,52.61,55.25,0.186,95.6,0.08,8.0,4.0,2.0,0.00458
2026-10-02 08:24:38+00:00,M04,RUNNING,0.0,0.0,0.0,2797.4,19.67,45.28,0.147,96.8,0.02,8.0,4.0,2.0,0.00321
2026-10-02 08:24:38+00:00,M02,RUNNING,0.0,0.0,0.0,1204.3,55.33,50.76,0.167,95.8,0.07,8.0,4.0,2.0,0.00388
2026-10-02 08:24:38+00:00,M01,RUNNING,0.0,0.0,0.0,1450.3,51.43,34.71,0.179,96.9,0.02,8.0,4.0,2.0,0.00434
2026-10-02 08:24:38+00:00,M03,RUNNING,0.0,0.0,0.0,1504.9,54.96,55.21,0.197,95.6,0.08,8.0,4.0,2.0,0.00481
2026-10-02 08:24:40+00:00,M02,RUNNING,0.0,0.0,0.0,1199.6,55.54,50.7,0.168,95.8,0.07,8.0,4.0,2.0,0.00388
2026-10-02 08:24:40+00:00,M03,RUNNING,0.0,0.0,0.0,1501.6,52.47,55.11,0.207,95.6,0.08,8.0,4.0,2.0,0.00459
2026-10-02 08:24:40+00:00,M01,RUNNING,0.0,0.0,0.0,1450.5,51.2,35.0,0.188,96.9,0.02,8.0,4.0,2.0,0.00432
2026-10-02 08:24:40+00:00,M04,RUNNING,1.0,1800.0,1800.0,2796.0,19.9,45.24,0.139,96.9,0.02,8.0,4.0,2.0,0.00323
2026-10-02 08:24:42+00:00,M03,RUNNING,0.0,0.0,0.0,1502.2,54.75,55.07,0.195,95.7,0.08,8.0,4.0,2.0,0.00478
2026-10-02 08:24:42+00:00,M04,RUNNING,0.0,0.0,0.0,2795.3,18.53,45.29,0.162,96.8,0.02,8.0,4.0,2.0,0.00302
2026-10-02 08:24:42+00:00,M01,RUNNING,0.0,0.0,0.0,1445.5,51.66,35.25,0.194,96.8,0.02,8.0,4.0,2.0,0.00434
2026-10-02 08:24:42+00:00,M02,RUNNING,0.0,0.0,0.0,1195.2,56.64,50.69,0.153,95.8,0.06,8.0,4.0,2.0,0.00393
2026-10-02 08:24:44+00:00,M01,RUNNING,0.0,0.0,0.0,1449.2,48.89,35.46,0.169,96.9,0.02,8.0,4.0,2.0,0.00413
2026-10-02 08:24:44+00:00,M03,RUNNING,0.0,0.0,0.0,1500.2,54.92,55.03,0.194,95.7,0.07,8.0,4.0,2.0,0.0048
2026-10-02 08:24:44+00:00,M02,RUNNING,0.0,0.0,0.0,1202.3,54.89,50.63,0.145,95.9,0.06,8.0,4.0,2.0,0.00384
2026-10-02 08:24:44+00:00,M04,RUNNING,0.0,0.0,0.0,2799.3,19.17,45.25,0.165,96.7,0.03,8.0,4.0,2.0,0.00312
2026-10-02 08:24:46+00:00,M02,RUNNING,0.0,0.0,0.0,1197.0,55.5,50.56,0.142,95.9,0.06,8.0,4.0,2.0,0.00387
2026-10-02 08:24:46+00:00,M01,RUNNING,0.0,0.0,0.0,1450.5,51.72,35.69,0.187,96.9,0.02,8.0,4.0,2.0,0.00436
2026-10-02 08:24:46+00:00,M04,RUNNING,0.0,0.0,0.0,2801.2,19.8,45.23,0.149,96.8,0.03,8.0,4.0,2.0,0.00322
2026-10-02 08:24:46+00:00,M03,RUNNING,0.0,0.0,0.0,1495.1,54.43,54.95,0.193,95.7,0.07,8.0,4.0,2.0,0.00473
2026-10-02 08:24:48+00:00,M01,RUNNING,0.0,0.0,0.0,1447.2,50.86,35.89,0.185,96.9,0.02,8.0,4.0,2.0,0.00428
2026-10-02 08:24:48+00:00,M04,RUNNING,0.0,0.0,0.0,2798.7,18.93,45.24,0.157,96.8,0.03,8.0,4.0,2.0,0.00309
2026-10-02 08:24:48+00:00,M02,RUNNING,0.0,0.0,0.0,1195.5,54.94,50.54,0.146,95.9,0.06,8.0,4.0,2.0,0.00382
2026-10-02 08:24:48+00:00,M03,RUNNING,0.0,0.0,0.0,1504.0,53.01,54.9,0.212,95.7,0.08,8.0,4.0,2.0,0.00464
2026-10-02 08:24:50+00:00,M03,RUNNING,0.0,0.0,0.0,1503.4,52.47,54.84,0.208,95.7,0.07,8.0,4.0,2.0,0.00459
2026-10-02 08:24:50+00:00,M02,RUNNING,0.0,0.0,0.0,1200.8,53.25,50.52,0.171,95.9,0.06,8.0,4.0,2.0,0.00372
2026-10-02 08:24:50+00:00,M01,RUNNING,0.0,0.0,0.0,1449.5,48.89,36.1,0.173,96.9,0.02,8.0,4.0,2.0,0.00413
2026-10-02 08:24:50+00:00,M04,RUNNING,0.0,0.0,0.0,2801.9,19.64,45.26,0.163,96.7,0.03,8.0,4.0,2.0,0.0032
2026-10-02 08:24:52+00:00,M02,RUNNING,0.0,0.0,0.0,1198.8,55.94,50.52,0.147,95.9,0.06,8.0,4.0,2.0,0.0039
2026-10-02 08:24:52+00:00,M04,RUNNING,0.0,0.0,0.0,2804.1,18.91,45.29,0.142,96.8,0.02,8.0,4.0,2.0,0.00308
2026-10-02 08:24:52+00:00,M01,RUNNING,0.0,0.0,0.0,1452.0,49.29,36.32,0.184,96.9,0.02,8.0,4.0,2.0,0.00416
2026-10-02 08:24:52+00:00,M03,RUNNING,1.0,1800.0,1800.0,1501.8,54.47,54.75,0.195,95.7,0.06,8.0,4.0,2.0,0.00476
2026-10-02 08:24:54+00:00,M02,RUNNING,0.0,0.0,0.0,1195.9,56.77,50.53,0.151,95.9,0.05,8.0,4.0,2.0,0.00395
2026-10-02 08:24:54+00:00,M01,RUNNING,0.0,0.0,0.0,1453.4,51.43,36.56,0.177,96.9,0.02,8.0,4.0,2.0,0.00435
2026-10-02 08:24:54+00:00,M04,RUNNING,0.0,0.0,0.0,2797.7,18.73,45.29,0.153,96.8,0.02,8.0,4.0,2.0,0.00305
2026-10-02 08:24:54+00:00,M03,RUNNING,0.0,0.0,0.0,1499.2,53.71,54.67,0.209,95.7,0.05,8.0,4.0,2.0,0.00468
2026-10-02 08:24:56+00:00,M01,RUNNING,0.0,0.0,0.0,1448.6,49.78,36.81,0.189,96.9,0.02,8.0,4.0,2.0,0.00419
2026-10-02 08:24:56+00:00,M02,RUNNING,0.0,0.0,0.0,1203.5,54.08,50.47,0.144,96.0,0.05,8.0,4.0,2.0,0.00379
2026-10-02 08:24:56+00:00,M04,RUNNING,0.0,0.0,0.0,2796.6,19.82,45.27,0.164,96.7,0.03,8.0,4.0,2.0,0.00322
2026-10-02 08:24:56+00:00,M03,RUNNING,0.0,0.0,0.0,1500.4,52.93,54.61,0.2,95.8,0.06,8.0,4.0,2.0,0.00462
2026-10-02 08:24:58+00:00,M04,RUNNING,0.0,0.0,0.0,2796.3,19.52,45.26,0.16,96.7,0.03,8.0,4.0,2.0,0.00318
2026-10-02 08:24:58+00:00,M01,RUNNING,0.0,0.0,0.0,1447.7,49.58,37.08,0.167,96.9,0.02,8.0,4.0,2.0,0.00418
2026-10-02 08:24:58+00:00,M02,RUNNING,0.0,0.0,0.0,1203.6,56.82,50.45,0.159,96.0,0.05,8.0,4.0,2.0,0.00397
2026-10-02 08:24:58+00:00,M03,RUNNING,0.0,0.0,0.0,1499.6,53.15,54.52,0.194,95.9,0.06,8.0,4.0,2.0,0.00464
2026-10-02 08:25:00+00:00,M03,RUNNING,0.0,0.0,0.0,1498.0,51.25,54.46,0.209,95.8,0.06,8.0,4.0,2.0,0.00446
2026-10-02 08:25:00+00:00,M04,RUNNING,0.0,0.0,0.0,2795.0,19.88,45.24,0.159,96.7,0.02,8.0,4.0,2.0,0.00323
2026-10-02 08:25:00+00:00,M01,RUNNING,0.0,0.0,0.0,1453.4,49.07,37.32,0.186,96.9,0.02,8.0,4.0,2.0,0.00415
2026-10-02 08:25:00+00:00,M02,RUNNING,0.0,0.0,0.0,1204.5,53.99,50.46,0.154,96.0,0.05,8.0,4.0,2.0,0.00379
2026-10-02 08:25:02+00:00,M01,IDLE,0.0,0.0,0.0,19.825300870226137,3.75,37.15,0.062,96.9,0.02,8.0,4.0,2.0,0.00077
2026-10-02 08:25:02+00:00,M03,RUNNING,0.0,0.0,0.0,1498.6,51.47,54.4,0.192,95.9,0.05,8.0,4.0,2.0,0.00449
2026-10-02 08:25:02+00:00,M04,RUNNING,0.0,0.0,0.0,2801.6,18.5,45.2,0.142,96.8,0.02,8.0,4.0,2.0,0.00302
2026-10-02 08:25:02+00:00,M02,RUNNING,0.0,0.0,0.0,1204.3,55.03,50.45,0.168,95.9,0.06,8.0,4.0,2.0,0.00385
2026-10-02 08:25:04+00:00,M04,RUNNING,0.0,0.0,0.0,2795.6,18.46,45.24,0.142,96.8,0.02,8.0,4.0,2.0,0.003
2026-10-02 08:25:04+00:00,M03,RUNNING,0.0,0.0,0.0,1500.7,51.99,54.33,0.183,95.9,0.05,8.0,4.0,2.0,0.00454
2026-10-02 08:25:04+00:00,M02,RUNNING,1.0,1800.0,1800.0,1195.1,53.8,50.43,0.149,96.0,0.06,8.0,4.0,2.0,0.00374
2026-10-02 08:25:04+00:00,M01,IDLE,0.0,0.0,0.0,14.942301856114943,3.75,37.06,0.027,97.0,0.02,8.0,4.0,2.0,0.00077
2026-10-02 08:25:06+00:00,M03,RUNNING,0.0,0.0,0.0,1495.9,54.51,54.3,0.208,95.9,0.05,8.0,4.0,2.0,0.00474
2026-10-02 08:25:06+00:00,M02,RUNNING,0.0,0.0,0.0,1202.1,53.33,50.39,0.17,95.9,0.07,8.0,4.0,2.0,0.00373
2026-10-02 08:25:06+00:00,M01,IDLE,0.0,0.0,0.0,10.21541799480229,3.75,36.94,0.036,97.0,0.02,8.0,4.0,2.0,0.00074
2026-10-02 08:25:06+00:00,M04,RUNNING,0.0,0.0,0.0,2802.2,19.78,45.22,0.156,96.8,0.02,8.0,4.0,2.0,0.00322
2026-10-02 08:25:08+00:00,M02,RUNNING,0.0,0.0,0.0,1197.6,53.81,50.38,0.162,95.9,0.06,8.0,4.0,2.0,0.00375
2026-10-02 08:25:08+00:00,M01,IDLE,0.0,0.0,0.0,15.95464467201555,3.75,36.78,0.047,97.0,0.02,8.0,4.0,2.0,0.00072
2026-10-02 08:25:08+00:00,M04,RUNNING,0.0,0.0,0.0,2801.3,19.45,45.23,0.146,96.8,0.02,8.0,4.0,2.0,0.00317
2026-10-02 08:25:08+00:00,M03,RUNNING,0.0,0.0,0.0,1497.1,52.31,54.26,0.202,96.0,0.04,8.0,4.0,2.0,0.00456
2026-10-02 08:25:10+00:00,M02,RUNNING,0.0,0.0,0.0,1203.4,53.97,50.32,0.173,95.9,0.06,8.0,4.0,2.0,0.00378
2026-10-02 08:25:10+00:00,M01,IDLE,0.0,0.0,0.0,17.390354699211837,3.75,36.69,0.039,97.0,0.02,8.0,4.0,2.0,0.00075
2026-10-02 08:25:10+00:00,M04,RUNNING,0.0,0.0,0.0,2796.6,19.42,45.26,0.14,96.8,0.02,8.0,4.0,2.0,0.00316
2026-10-02 08:25:10+00:00,M03,RUNNING,0.0,0.0,0.0,1497.3,52.96,54.23,0.211,95.9,0.06,8.0,4.0,2.0,0.00461
2026-10-02 08:25:12+00:00,M03,RUNNING,0.0,0.0,0.0,1503.4,53.0,54.21,0.209,95.9,0.05,8.0,4.0,2.0,0.00464
2026-10-02 08:25:12+00:00,M01,IDLE,0.0,0.0,0.0,17.639409409275366,3.75,36.53,0.047,97.0,0.02,8.0,4.0,2.0,0.00077
2026-10-02 08:25:12+00:00,M02,RUNNING,0.0,0.0,0.0,1200.4,55.98,50.26,0.176,95.8,0.07,8.0,4.0,2.0,0.00391
2026-10-02 08:25:12+00:00,M04,RUNNING,0.0,0.0,0.0,2797.1,19.47,45.22,0.163,96.8,0.02,8.0,4.0,2.0,0.00317
2026-10-02 08:25:14+00:00,M02,RUNNING,0.0,0.0,0.0,1195.5,55.94,50.22,0.178,95.8,0.07,8.0,4.0,2.0,0.00389
2026-10-02 08:25:14+00:00,M01,IDLE,0.0,0.0,0.0,19.909240005782983,3.75,36.46,0.023,97.0,0.02,8.0,4.0,2.0,0.00078
2026-10-02 08:25:14+00:00,M04,RUNNING,0.0,0.0,0.0,2801.2,18.5,45.2,0.161,96.7,0.03,8.0,4.0,2.0,0.00302
2026-10-02 08:25:14+00:00,M03,RUNNING,0.0,0.0,0.0,1496.8,51.74,54.19,0.192,96.0,0.05,8.0,4.0,2.0,0.0045
2026-10-02 08:25:16+00:00,M04,RUNNING,0.0,0.0,0.0,2804.4,18.79,45.23,0.145,96.8,0.02,8.0,4.0,2.0,0.00306
2026-10-02 08:25:16+00:00,M02,RUNNING,0.0,0.0,0.0,1199.4,53.77,50.16,0.17,95.8,0.07,8.0,4.0,2.0,0.00375
2026-10-02 08:25:16+00:00,M03,RUNNING,0.0,0.0,0.0,1501.8,51.25,54.13,0.211,95.9,0.06,8.0,4.0,2.0,0.00448
2026-10-02 08:25:16+00:00,M01,IDLE,0.0,0.0,0.0,14.20482007461939,3.75,36.35,0.037,97.0,0.02,8.0,4.0,2.0,0.00079
2026-10-02 08:25:18+00:00,M01,IDLE,0.0,0.0,0.0,13.167504837125332,3.75,36.23,0.038,97.0,0.02,8.0,4.0,2.0,0.00074
2026-10-02 08:25:18+00:00,M04,RUNNING,0.0,0.0,0.0,2800.6,19.84,45.21,0.141,96.8,0.02,8.0,4.0,2.0,0.00323
2026-10-02 08:25:18+00:00,M02,RUNNING,0.0,0.0,0.0,1195.1,55.63,50.09,0.163,95.9,0.05,8.0,4.0,2.0,0.00387
2026-10-02 08:25:18+00:00,M03,RUNNING,0.0,0.0,0.0,1504.8,52.79,54.13,0.207,96.0,0.06,8.0,4.0,2.0,0.00462
2026-10-02 08:25:20+00:00,M04,RUNNING,1.0,1800.0,1800.0,2795.8,18.93,45.17,0.136,96.9,0.02,8.0,4.0,2.0,0.00308
2026-10-02 08:25:20+00:00,M02,RUNNING,0.0,0.0,0.0,1198.6,55.48,50.05,0.157,96.0,0.04,8.0,4.0,2.0,0.00387
2026-10-02 08:25:20+00:00,M03,RUNNING,1.0,1800.0,1800.0,1499.7,54.9,54.09,0.19,96.0,0.06,8.0,4.0,2.0,0.00479
2026-10-02 08:25:20+00:00,M01,IDLE,0.0,0.0,0.0,11.040881589688768,3.75,36.13,0.043,97.0,0.02,8.0,4.0,2.0,0.00076
2026-10-02 08:25:22+00:00,M04,RUNNING,0.0,0.0,0.0,2804.7,18.65,45.13,0.152,96.9,0.02,8.0,4.0,2.0,0.00305
2026-10-02 08:25:22+00:00,M02,RUNNING,0.0,0.0,0.0,1199.0,55.46,49.98,0.164,96.0,0.04,8.0,4.0,2.0,0.00386
2026-10-02 08:25:22+00:00,M01,IDLE,0.0,0.0,0.0,16.874477746982038,3.75,35.99,0.05,97.0,0.02,8.0,4.0,2.0,0.00076
2026-10-02 08:25:22+00:00,M03,RUNNING,0.0,0.0,0.0,1497.4,54.91,54.04,0.194,96.1,0.05,8.0,4.0,2.0,0.00478
2026-10-02 08:25:24+00:00,M02,RUNNING,0.0,0.0,0.0,1195.4,55.99,49.94,0.172,96.0,0.04,8.0,4.0,2.0,0.0039
2026-10-02 08:25:24+00:00,M03,RUNNING,0.0,0.0,0.0,1499.7,51.36,54.0,0.193,96.1,0.04,8.0,4.0,2.0,0.00448
2026-10-02 08:25:24+00:00,M04,RUNNING,0.0,0.0,0.0,2795.9,19.89,45.18,0.144,96.9,0.02,8.0,4.0,2.0,0.00323
2026-10-02 08:25:24+00:00,M01,IDLE,0.0,0.0,0.0,17.98608645003876,3.75,35.89,0.051,97.0,0.02,8.0,4.0,2.0,0.00077
2026-10-02 08:25:26+00:00,M03,RUNNING,0.0,0.0,0.0,1503.6,52.74,53.94,0.213,96.0,0.05,8.0,4.0,2.0,0.00462
2026-10-02 08:25:26+00:00,M02,RUNNING,0.0,0.0,0.0,1203.8,53.8,49.95,0.161,96.1,0.04,8.0,4.0,2.0,0.00377
2026-10-02 08:25:26+00:00,M04,RUNNING,0.0,0.0,0.0,2798.7,19.56,45.2,0.158,96.8,0.02,8.0,4.0,2.0,0.00319
2026-10-02 08:25:26+00:00,M01,IDLE,0.0,0.0,0.0,18.890749647647286,3.75,35.83,0.046,97.0,0.02,8.0,4.0,2.0,0.00072
2026-10-02 08:25:28+00:00,M02,RUNNING,0.0,0.0,0.0,1202.5,53.96,49.94,0.147,96.1,0.04,8.0,4.0,2.0,0.00377
2026-10-02 08:25:28+00:00,M04,RUNNING,0.0,0.0,0.0,2797.7,18.87,45.18,0.143,96.9,0.02,8.0,4.0,2.0,0.00307
2026-10-02 08:25:28+00:00,M03,RUNNING,0.0,0.0,0.0,1495.8,52.56,53.9,0.203,96.1,0.04,8.0,4.0,2.0,0.00457
2026-10-02 08:25:28+00:00,M01,IDLE,0.0,0.0,0.0,15.123070523467955,3.75,35.72,0.029,97.0,0.02,8.0,4.0,2.0,0.00075
2026-10-02 08:25:30+00:00,M01,IDLE,0.0,0.0,0.0,11.185045633207295,3.75,35.61,0.02,97.0,0.02,8.0,4.0,2.0,0.00077
2026-10-02 08:25:30+00:00,M02,RUNNING,0.0,0.0,0.0,1199.2,57.35,49.9,0.164,96.1,0.04,8.0,4.0,2.0,0.004
2026-10-02 08:25:30+00:00,M03,RUNNING,0.0,0.0,0.0,1502.8,54.24,53.88,0.186,96.1,0.04,8.0,4.0,2.0,0.00474
2026-10-02 08:25:30+00:00,M04,RUNNING,0.0,0.0,0.0,2798.9,19.2,45.15,0.15,96.9,0.02,8.0,4.0,2.0,0.00312
2026-10-02 08:25:32+00:00,M02,RUNNING,0.0,0.0,0.0,1201.6,53.94,49.85,0.153,96.2,0.04,8.0,4.0,2.0,0.00377
2026-10-02 08:25:32+00:00,M03,RUNNING,0.0,0.0,0.0,1496.3,53.39,53.81,0.184,96.2,0.04,8.0,4.0,2.0,0.00465
2026-10-02 08:25:32+00:00,M04,RUNNING,0.0,0.0,0.0,2798.0,18.73,45.19,0.153,96.9,0.02,8.0,4.0,2.0,0.00305
2026-10-02 08:25:32+00:00,M01,IDLE,0.0,0.0,0.0,13.983869425454051,3.75,35.49,0.022,97.0,0.02,8.0,4.0,2.0,0.00073
2026-10-02 08:25:34+00:00,M03,RUNNING,0.0,0.0,0.0,1499.0,54.11,53.75,0.206,96.2,0.04,8.0,4.0,2.0,0.00472
2026-10-02 08:25:34+00:00,M02,RUNNING,0.0,0.0,0.0,1201.4,53.47,49.86,0.149,96.2,0.03,8.0,4.0,2.0,0.00374
2026-10-02 08:25:34+00:00,M01,IDLE,0.0,0.0,0.0,15.742979481235773,3.75,35.39,0.029,97.0,0.02,8.0,4.0,2.0,0.00074
2026-10-02 08:25:34+00:00,M04,RUNNING,0.0,0.0,0.0,2804.7,18.47,45.14,0.148,96.9,0.02,8.0,4.0,2.0,0.00301
2026-10-02 08:25:36+00:00,M04,RUNNING,0.0,0.0,0.0,2803.8,18.41,45.15,0.147,96.9,0.02,8.0,4.0,2.0,0.00301
2026-10-02 08:25:36+00:00,M03,RUNNING,0.0,0.0,0.0,1502.1,51.44,53.74,0.19,96.2,0.04,8.0,4.0,2.0,0.00449
2026-10-02 08:25:36+00:00,M01,IDLE,0.0,0.0,0.0,14.217791491013044,3.75,35.26,0.04,97.0,0.02,8.0,4.0,2.0,0.00078
2026-10-02 08:25:36+00:00,M02,RUNNING,0.0,0.0,0.0,1199.4,56.89,49.81,0.169,96.1,0.03,8.0,4.0,2.0,0.00397
2026-10-02 08:25:38+00:00,M03,RUNNING,0.0,0.0,0.0,1497.4,52.62,53.76,0.21,96.2,0.04,8.0,4.0,2.0,0.00459
2026-10-02 08:25:38+00:00,M04,RUNNING,0.0,0.0,0.0,2797.1,19.03,45.18,0.14,96.9,0.02,8.0,4.0,2.0,0.00309
2026-10-02 08:25:38+00:00,M01,IDLE,0.0,0.0,0.0,16.046538261798624,3.75,35.15,0.027,97.0,0.02,8.0,4.0,2.0,0.00076
2026-10-02 08:25:38+00:00,M02,RUNNING,0.0,0.0,0.0,1199.4,54.25,49.82,0.162,96.2,0.03,8.0,4.0,2.0,0.00378
2026-10-02 08:25:40+00:00,M04,RUNNING,0.0,0.0,0.0,2801.6,19.84,45.22,0.15,96.9,0.02,8.0,4.0,2.0,0.00324
2026-10-02 08:25:40+00:00,M03,RUNNING,0.0,0.0,0.0,1497.0,51.93,53.72,0.214,96.1,0.04,8.0,4.0,2.0,0.00452
2026-10-02 08:25:40+00:00,M01,IDLE,0.0,0.0,0.0,12.906719737778726,3.75,35.12,0.044,97.0,0.02,8.0,4.0,2.0,0.00077
2026-10-02 08:25:40+00:00,M02,RUNNING,1.0,1800.0,1800.0,1198.1,53.46,49.83,0.165,96.2,0.04,8.0,4.0,2.0,0.00373
2026-10-02 08:25:42+00:00,M04,RUNNING,0.0,0.0,0.0,2804.6,19.42,45.19,0.151,96.9,0.02,8.0,4.0,2.0,0.00317
2026-10-02 08:25:42+00:00,M03,RUNNING,0.0,0.0,0.0,1501.9,54.0,53.65,0.217,96.0,0.05,8.0,4.0,2.0,0.00472
2026-10-02 08:25:42+00:00,M02,RUNNING,0.0,0.0,0.0,1204.4,53.23,49.81,0.154,96.2,0.04,8.0,4.0,2.0,0.00373
2026-10-02 08:25:42+00:00,M01,IDLE,0.0,0.0,0.0,12.638378787665157,3.75,35.07,0.036,97.0,0.02,8.0,4.0,2.0,0.00073
2026-10-02 08:25:44+00:00,M04,RUNNING,0.0,0.0,0.0,2801.2,19.11,45.16,0.153,96.9,0.02,8.0,4.0,2.0,0.00311
2026-10-02 08:25:44+00:00,M03,RUNNING,0.0,0.0,0.0,1497.7,54.26,53.59,0.204,96.1,0.05,8.0,4.0,2.0,0.00473
2026-10-02 08:25:44+00:00,M02,RUNNING,0.0,0.0,0.0,1204.0,53.81,49.8,0.155,96.2,0.03,8.0,4.0,2.0,0.00377
2026-10-02 08:25:44+00:00,M01,IDLE,0.0,0.0,0.0,17.151950692034845,3.75,34.98,0.047,97.0,0.02,8.0,4.0,2.0,0.00075
2026-10-02 08:25:46+00:00,M04,RUNNING,0.0,0.0,0.0,2803.1,18.51,45.12,0.159,96.8,0.02,8.0,4.0,2.0,0.00302
2026-10-02 08:25:46+00:00,M03,RUNNING,1.0,1800.0,1800.0,1495.2,52.54,53.55,0.199,96.2,0.04,8.0,4.0,2.0,0.00457
2026-10-02 08:25:46+00:00,M02,RUNNING,0.0,0.0,0.0,1197.6,56.82,49.76,0.154,96.2,0.03,8.0,4.0,2.0,0.00396
2026-10-02 08:25:46+00:00,M01,IDLE,0.0,0.0,0.0,19.537203154390983,3.75,34.85,0.03,97.0,0.02,8.0,4.0,2.0,0.00077
2026-10-02 08:25:48+00:00,M03,RUNNING,0.0,0.0,0.0,1495.7,54.3,53.49,0.188,96.3,0.04,8.0,4.0,2.0,0.00472
2026-10-02 08:25:48+00:00,M02,RUNNING,0.0,0.0,0.0,1196.5,56.19,49.78,0.167,96.2,0.04,8.0,4.0,2.0,0.00391
2026-10-02 08:25:48+00:00,M01,IDLE,0.0,0.0,0.0,14.245627707539283,3.75,34.72,0.048,97.0,0.02,8.0,4.0,2.0,0.00079
2026-10-02 08:25:48+00:00,M04,RUNNING,0.0,0.0,0.0,2804.8,19.77,45.17,0.139,96.9,0.02,8.0,4.0,2.0,0.00322
2026-10-02 08:25:50+00:00,M03,RUNNING,0.0,0.0,0.0,1502.6,54.77,53.45,0.187,96.3,0.04,8.0,4.0,2.0,0.00479
2026-10-02 08:25:50+00:00,M02,RUNNING,0.0,0.0,0.0,1195.7,53.64,49.77,0.158,96.2,0.03,8.0,4.0,2.0,0.00373
2026-10-02 08:25:50+00:00,M01,IDLE,0.0,0.0,0.0,15.217429906262808,3.75,34.61,0.045,97.0,0.02,8.0,4.0,2.0,0.00074
2026-10-02 08:25:50+00:00,M04,RUNNING,0.0,0.0,0.0,2799.9,19.7,45.13,0.138,96.9,0.02,8.0,4.0,2.0,0.00321
2026-10-02 08:25:52+00:00,M03,RUNNING,0.0,0.0,0.0,1495.6,54.33,53.43,0.208,96.3,0.05,8.0,4.0,2.0,0.00472
2026-10-02 08:25:52+00:00,M02,RUNNING,0.0,0.0,0.0,1199.4,53.84,49.77,0.167,96.2,0.04,8.0,4.0,2.0,0.00376
2026-10-02 08:25:52+00:00,M04,RUNNING,0.0,0.0,0.0,2798.9,19.88,45.13,0.141,96.9,0.02,8.0,4.0,2.0,0.00324
2026-10-02 08:25:52+00:00,M01,IDLE,0.0,0.0,0.0,10.639850547710543,3.75,34.53,0.045,97.0,0.02,8.0,4.0,2.0,0.00077
2026-10-02 08:25:54+00:00,M03,RUNNING,0.0,0.0,0.0,1502.1,54.59,53.44,0.213,96.2,0.05,8.0,4.0,2.0,0.00477
2026-10-02 08:25:54+00:00,M01,IDLE,0.0,0.0,0.0,18.370552086772484,3.75,34.45,0.049,97.0,0.02,8.0,4.0,2.0,0.00075
2026-10-02 08:25:54+00:00,M02,RUNNING,0.0,0.0,0.0,1198.5,56.32,49.75,0.174,96.1,0.04,8.0,4.0,2.0,0.00392
2026-10-02 08:25:54+00:00,M04,RUNNING,0.0,0.0,0.0,2798.1,18.47,45.17,0.148,96.9,0.02,8.0,4.0,2.0,0.003
2026-10-02 08:25:56+00:00,M03,RUNNING,0.0,0.0,0.0,1498.5,53.79,53.4,0.207,96.2,0.04,8.0,4.0,2.0,0.00469
2026-10-02 08:25:56+00:00,M01,IDLE,0.0,0.0,0.0,12.581748122046807,3.75,34.37,0.037,97.0,0.02,8.0,4.0,2.0,0.00077
2026-10-02 08:25:56+00:00,M04,RUNNING,0.0,0.0,0.0,2801.1,18.93,45.16,0.153,96.9,0.02,8.0,4.0,2.0,0.00309
2026-10-02 08:25:56+00:00,M02,RUNNING,0.0,0.0,0.0,1198.6,56.98,49.69,0.161,96.2,0.03,8.0,4.0,2.0,0.00398
2026-10-02 08:25:58+00:00,M01,IDLE,0.0,0.0,0.0,18.17127797184585,3.75,34.25,0.034,97.0,0.02,8.0,4.0,2.0,0.00073
2026-10-02 08:25:58+00:00,M04,RUNNING,0.0,0.0,0.0,2798.5,19.52,45.12,0.137,96.9,0.02,8.0,4.0,2.0,0.00318
2026-10-02 08:25:58+00:00,M03,RUNNING,0.0,0.0,0.0,1498.7,54.17,53.35,0.2,96.3,0.03,8.0,4.0,2.0,0.00473
2026-10-02 08:25:58+00:00,M02,RUNNING,0.0,0.0,0.0,1201.6,57.06,49.71,0.147,96.2,0.04,8.0,4.0,2.0,0.00398
2026-10-02 08:26:00+00:00,M02,RUNNING,0.0,0.0,0.0,1199.2,54.73,49.73,0.159,96.2,0.04,8.0,4.0,2.0,0.00382
2026-10-02 08:26:00+00:00,M03,RUNNING,0.0,0.0,0.0,1501.9,53.71,53.28,0.211,96.3,0.03,8.0,4.0,2.0,0.00469
2026-10-02 08:26:00+00:00,M04,RUNNING,1.0,1800.0,1800.0,2797.0,19.28,45.13,0.16,96.9,0.02,8.0,4.0,2.0,0.00314
2026-10-02 08:26:00+00:00,M01,IDLE,0.0,0.0,0.0,10.254709487278166,3.75,34.16,0.049,97.0,0.02,8.0,4.0,2.0,0.00078
2026-10-02 08:26:02+00:00,M03,RUNNING,0.0,0.0,0.0,1500.5,51.69,53.3,0.215,96.2,0.04,8.0,4.0,2.0,0.00451
2026-10-02 08:26:02+00:00,M01,SLEEP,0.0,0.0,0.0,0.0,0.0,34.08,0.006,97.0,0.02,8.0,4.0,2.0,0.0002
2026-10-02 08:26:02+00:00,M04,RUNNING,0.0,0.0,0.0,2796.8,19.35,45.12,0.165,96.8,0.02,8.0,4.0,2.0,0.00314
2026-10-02 08:26:02+00:00,M02,RUNNING,0.0,0.0,0.0,1201.9,54.59,49.69,0.152,96.3,0.03,8.0,4.0,2.0,0.00382
2026-10-02 08:26:04+00:00,M04,RUNNING,0.0,0.0,0.0,2801.7,18.38,45.08,0.145,96.8,0.02,8.0,4.0,2.0,0.003
2026-10-02 08:26:04+00:00,M02,RUNNING,0.0,0.0,0.0,1201.8,56.67,49.66,0.17,96.2,0.03,8.0,4.0,2.0,0.00396
2026-10-02 08:26:04+00:00,M01,SLEEP,0.0,0.0,0.0,0.0,0.0,33.99,0.004,97.0,0.02,8.0,4.0,2.0,0.00019
2026-10-02 08:26:04+00:00,M03,RUNNING,0.0,0.0,0.0,1497.8,52.6,53.29,0.213,96.2,0.04,8.0,4.0,2.0,0.00458
2026-10-02 08:26:06+00:00,M01,SLEEP,0.0,0.0,0.0,0.0,0.0,33.87,0.005,97.0,0.02,8.0,4.0,2.0,0.0002
2026-10-02 08:26:06+00:00,M04,RUNNING,0.0,0.0,0.0,2795.3,19.68,45.03,0.162,96.8,0.02,8.0,4.0,2.0,0.0032
2026-10-02 08:26:06+00:00,M03,RUNNING,0.0,0.0,0.0,1496.4,52.87,53.28,0.21,96.2,0.04,8.0,4.0,2.0,0.00461
2026-10-02 08:26:06+00:00,M02,RUNNING,0.0,0.0,0.0,1198.3,54.02,49.66,0.166,96.2,0.04,8.0,4.0,2.0,0.00377
2026-10-02 08:26:08+00:00,M01,SLEEP,0.0,0.0,0.0,0.0,0.0,33.82,0.005,97.0,0.02,8.0,4.0,2.0,0.00019
2026-10-02 08:26:08+00:00,M03,RUNNING,0.0,0.0,0.0,1496.2,51.34,53.26,0.215,96.2,0.04,8.0,4.0,2.0,0.00447
2026-10-02 08:26:08+00:00,M02,RUNNING,0.0,0.0,0.0,1200.1,54.33,49.65,0.168,96.2,0.03,8.0,4.0,2.0,0.00379
2026-10-02 08:26:08+00:00,M04,RUNNING,0.0,0.0,0.0,2796.2,19.48,45.03,0.147,96.8,0.02,8.0,4.0,2.0,0.00317
2026-10-02 08:26:10+00:00,M03,RUNNING,0.0,0.0,0.0,1500.8,51.77,53.19,0.208,96.2,0.04,8.0,4.0,2.0,0.00452
2026-10-02 08:26:10+00:00,M01,SLEEP,0.0,0.0,0.0,0.0,0.0,33.72,0.006,97.0,0.02,8.0,4.0,2.0,0.0002
2026-10-02 08:26:10+00:00,M02,RUNNING,0.0,0.0,0.0,1198.0,56.1,49.67,0.15,96.2,0.03,8.0,4.0,2.0,0.00391
2026-10-02 08:26:10+00:00,M04,RUNNING,0.0,0.0,0.0,2796.4,18.58,45.07,0.14,96.9,0.02,8.0,4.0,2.0,0.00302
2026-10-02 08:26:12+00:00,M04,RUNNING,0.0,0.0,0.0,2802.7,19.11,45.08,0.158,96.8,0.02,8.0,4.0,2.0,0.00312
2026-10-02 08:26:12+00:00,M01,SLEEP,0.0,0.0,0.0,0.0,0.0,33.6,0.004,97.0,0.02,8.0,4.0,2.0,0.0002
2026-10-02 08:26:12+00:00,M03,RUNNING,0.0,0.0,0.0,1504.7,53.99,53.14,0.212,96.2,0.04,8.0,4.0,2.0,0.00472
2026-10-02 08:26:12+00:00,M02,RUNNING,0.0,0.0,0.0,1202.5,55.62,49.6,0.159,96.3,0.04,8.0,4.0,2.0,0.00389
2026-10-02 08:26:14+00:00,M04,RUNNING,0.0,0.0,0.0,2795.0,18.86,45.09,0.144,96.9,0.02,8.0,4.0,2.0,0.00306
2026-10-02 08:26:14+00:00,M01,SLEEP,0.0,0.0,0.0,0.0,0.0,33.5,0.004,97.0,0.02,8.0,4.0,2.0,0.00019
2026-10-02 08:26:14+00:00,M02,RUNNING,0.0,0.0,0.0,1197.0,55.96,49.59,0.156,96.3,0.03,8.0,4.0,2.0,0.0039
2026-10-02 08:26:14+00:00,M03,RUNNING,1.0,1800.0,1800.0,1501.5,54.39,53.09,0.193,96.3,0.03,8.0,4.0,2.0,0.00475
2026-10-02 08:26:16+00:00,M02,RUNNING,1.0,1800.0,1800.0,1202.0,54.39,49.56,0.154,96.3,0.04,8.0,4.0,2.0,0.0038
2026-10-02 08:26:16+00:00,M03,RUNNING,0.0,0.0,0.0,1503.2,52.71,53.08,0.205,96.4,0.03,8.0,4.0,2.0,0.00461
2026-10-02 08:26:16+00:00,M01,SLEEP,0.0,0.0,0.0,0.0,0.0,33.41,0.006,97.0,0.02,8.0,4.0,2.0,0.0002
2026-10-02 08:26:16+00:00,M04,RUNNING,0.0,0.0,0.0,2801.2,18.46,45.08,0.158,96.8,0.02,8.0,4.0,2.0,0.00301
2026-10-02 08:26:18+00:00,M04,RUNNING,0.0,0.0,0.0,2798.0,18.79,45.07,0.159,96.8,0.02,8.0,4.0,2.0,0.00306
2026-10-02 08:26:18+00:00,M02,RUNNING,0.0,0.0,0.0,1197.8,53.85,49.5,0.164,96.3,0.04,8.0,4.0,2.0,0.00375
2026-10-02 08:26:18+00:00,M01,SLEEP,0.0,0.0,0.0,0.0,0.0,33.28,0.004,97.0,0.02,8.0,4.0,2.0,0.00019
2026-10-02 08:26:18+00:00,M03,RUNNING,0.0,0.0,0.0,1501.6,53.62,53.1,0.192,96.4,0.03,8.0,4.0,2.0,0.00469
2026-10-02 08:26:20+00:00,M02,RUNNING,0.0,0.0,0.0,1196.2,53.21,49.52,0.151,96.3,0.04,8.0,4.0,2.0,0.0037
2026-10-02 08:26:20+00:00,M01,SLEEP,0.0,0.0,0.0,0.0,0.0,33.2,0.007,97.0,0.02,8.0,4.0,2.0,0.0002
2026-10-02 08:26:20+00:00,M04,RUNNING,0.0,0.0,0.0,2800.2,18.84,45.02,0.158,96.8,0.02,8.0,4.0,2.0,0.00307
2026-10-02 08:26:20+00:00,M03,RUNNING,0.0,0.0,0.0,1503.8,53.06,53.07,0.206,96.4,0.03,8.0,4.0,2.0,0.00464
2026-10-02 08:26:22+00:00,M02,RUNNING,0.0,0.0,0.0,1195.6,54.16,49.46,0.152,96.4,0.04,8.0,4.0,2.0,0.00377
2026-10-02 08:26:22+00:00,M04,RUNNING,0.0,0.0,0.0,2798.7,19.65,45.01,0.159,96.8,0.02,8.0,4.0,2.0,0.0032
2026-10-02 08:26:22+00:00,M01,SLEEP,0.0,0.0,0.0,0.0,0.0,33.08,0.005,97.0,0.02,8.0,4.0,2.0,0.00019
2026-10-02 08:26:22+00:00,M03,RUNNING,0.0,0.0,0.0,1504.8,51.25,53.01,0.207,96.4,0.03,8.0,4.0,2.0,0.00448
2026-10-02 08:26:24+00:00,M02,RUNNING,0.0,0.0,0.0,1200.2,55.96,49.48,0.144,96.4,0.04,8.0,4.0,2.0,0.00391
2026-10-02 08:26:24+00:00,M01,SLEEP,0.0,0.0,0.0,0.0,0.0,32.98,0.006,97.0,0.02,8.0,4.0,2.0,0.0002
2026-10-02 08:26:24+00:00,M04,RUNNING,0.0,0.0,0.0,2797.1,19.13,45.01,0.165,96.7,0.02,8.0,4.0,2.0,0.00311
2026-10-02 08:26:24+00:00,M03,RUNNING,0.0,0.0,0.0,1501.9,52.74,52.97,0.21,96.4,0.02,8.0,4.0,2.0,0.00461
2026-10-02 08:26:26+00:00,M02,RUNNING,0.0,0.0,0.0,1202.8,52.93,49.5,0.169,96.3,0.04,8.0,4.0,2.0,0.0037
2026-10-02 08:26:26+00:00,M03,RUNNING,0.0,0.0,0.0,1498.9,53.31,52.97,0.204,96.4,0.03,8.0,4.0,2.0,0.00465
2026-10-02 08:26:26+00:00,M01,SLEEP,0.0,0.0,0.0,0.0,0.0,32.95,0.007,97.0,0.02,8.0,4.0,2.0,0.00019
2026-10-02 08:26:26+00:00,M04,RUNNING,0.0,0.0,0.0,2796.9,19.08,45.01,0.146,96.8,0.02,8.0,4.0,2.0,0.00311
2026-10-02 08:26:28+00:00,M02,RUNNING,0.0,0.0,0.0,1196.1,53.82,49.5,0.156,96.3,0.03,8.0,4.0,2.0,0.00375
2026-10-02 08:26:28+00:00,M04,RUNNING,0.0,0.0,0.0,2798.3,19.5,45.06,0.153,96.8,0.02,8.0,4.0,2.0,0.00317
2026-10-02 08:26:28+00:00,M01,SLEEP,0.0,0.0,0.0,0.0,0.0,32.87,0.006,97.0,0.02,8.0,4.0,2.0,0.0002
2026-10-02 08:26:28+00:00,M03,RUNNING,0.0,0.0,0.0,1496.6,51.59,53.0,0.189,96.5,0.03,8.0,4.0,2.0,0.00449
2026-10-02 08:26:30+00:00,M02,RUNNING,0.0,0.0,0.0,1202.3,56.22,49.46,0.171,96.3,0.04,8.0,4.0,2.0,0.00393
2026-10-02 08:26:30+00:00,M04,RUNNING,0.0,0.0,0.0,2803.9,19.35,45.03,0.141,96.9,0.02,8.0,4.0,2.0,0.00316
2026-10-02 08:26:30+00:00,M03,RUNNING,0.0,0.0,0.0,1496.2,52.58,52.97,0.206,96.5,0.04,8.0,4.0,2.0,0.00458
2026-10-02 08:26:30+00:00,M01,SLEEP,0.0,0.0,0.0,0.0,0.0,32.78,0.005,97.0,0.02,8.0,4.0,2.0,0.00019
2026-10-02 08:26:32+00:00,M03,RUNNING,0.0,0.0,0.0,1499.8,52.75,52.95,0.208,96.5,0.04,8.0,4.0,2.0,0.0046
2026-10-02 08:26:32+00:00,M04,RUNNING,0.0,0.0,0.0,2797.5,19.11,45.04,0.162,96.8,0.02,8.0,4.0,2.0,0.00311
2026-10-02 08:26:32+00:00,M02,RUNNING,0.0,0.0,0.0,1199.8,56.7,49.4,0.152,96.3,0.03,8.0,4.0,2.0,0.00396
2026-10-02 08:26:32+00:00,M01,SLEEP,0.0,0.0,0.0,0.0,0.0,32.67,0.005,97.0,0.02,8.0,4.0,2.0,0.0002
2026-10-02 08:26:34+00:00,M04,RUNNING,0.0,0.0,0.0,2801.3,19.3,45.08,0.153,96.8,0.02,8.0,4.0,2.0,0.00314
2026-10-02 08:26:34+00:00,M03,RUNNING,0.0,0.0,0.0,1497.0,52.46,52.89,0.197,96.5,0.04,8.0,4.0,2.0,0.00457
2026-10-02 08:26:34+00:00,M02,RUNNING,0.0,0.0,0.0,1201.2,53.45,49.39,0.162,96.3,0.03,8.0,4.0,2.0,0.00373
2026-10-02 08:26:34+00:00,M01,SLEEP,0.0,0.0,0.0,0.0,0.0,32.57,0.006,97.0,0.02,8.0,4.0,2.0,0.0002
2026-10-02 08:26:36+00:00,M04,RUNNING,0.0,0.0,0.0,2796.6,18.83,45.07,0.15,96.9,0.02,8.0,4.0,2.0,0.00306
2026-10-02 08:26:36+00:00,M02,RUNNING,0.0,0.0,0.0,1200.6,55.23,49.35,0.163,96.4,0.03,8.0,4.0,2.0,0.00386
2026-10-02 08:26:36+00:00,M01,SLEEP,0.0,0.0,0.0,0.0,0.0,32.48,0.007,97.0,0.02,8.0,4.0,2.0,0.0002
2026-10-02 08:26:36+00:00,M03,RUNNING,0.0,0.0,0.0,1503.0,54.05,52.88,0.211,96.5,0.04,8.0,4.0,2.0,0.00472
2026-10-02 08:26:38+00:00,M02,RUNNING,0.0,0.0,0.0,1204.9,55.93,49.33,0.152,96.4,0.03,8.0,4.0,2.0,0.00392
2026-10-02 08:26:38+00:00,M01,SLEEP,0.0,0.0,0.0,0.0,0.0,32.4,0.006,97.0,0.02,8.0,4.0,2.0,0.0002
2026-10-02 08:26:38+00:00,M03,RUNNING,0.0,0.0,0.0,1500.7,51.22,52.86,0.204,96.5,0.03,8.0,4.0,2.0,0.00448
2026-10-02 08:26:38+00:00,M04,RUNNING,0.0,0.0,0.0,2800.5,18.74,45.07,0.163,96.8,0.02,8.0,4.0,2.0,0.00306
2026-10-02 08:26:40+00:00,M02,RUNNING,0.0,0.0,0.0,1198.7,54.67,49.32,0.164,96.4,0.04,8.0,4.0,2.0,0.00381
2026-10-02 08:26:40+00:00,M03,RUNNING,0.0,0.0,0.0,1498.8,52.2,52.89,0.211,96.5,0.04,8.0,4.0,2.0,0.00455
2026-10-02 08:26:40+00:00,M01,SLEEP,0.0,0.0,0.0,0.0,0.0,32.33,0.006,97.0,0.02,8.0,4.0,2.0,0.0002
2026-10-02 08:26:40+00:00,M04,RUNNING,1.0,1800.0,1800.0,2800.9,19.73,45.06,0.161,96.8,0.02,8.0,4.0,2.0,0.00321
2026-10-02 08:26:42+00:00,M02,RUNNING,0.0,0.0,0.0,1198.5,55.05,49.34,0.173,96.3,0.04,8.0,4.0,2.0,0.00384
2026-10-02 08:26:42+00:00,M04,RUNNING,0.0,0.0,0.0,2795.2,18.55,45.05,0.142,96.8,0.02,8.0,4.0,2.0,0.00302
2026-10-02 08:26:42+00:00,M03,RUNNING,1.0,1800.0,1800.0,1496.5,54.42,52.9,0.192,96.5,0.03,8.0,4.0,2.0,0.00473
2026-10-02 08:26:42+00:00,M01,SLEEP,0.0,0.0,0.0,0.0,0.0,32.29,0.005,97.0,0.02,8.0,4.0,2.0,0.00019
2026-10-02 08:26:44+00:00,M04,RUNNING,0.0,0.0,0.0,2795.9,18.98,45.02,0.162,96.8,0.02,8.0,4.0,2.0,0.00309
2026-10-02 08:26:44+00:00,M02,RUNNING,0.0,0.0,0.0,1199.9,56.87,49.27,0.168,96.3,0.03,8.0,4.0,2.0,0.00397
2026-10-02 08:26:44+00:00,M01,SLEEP,0.0,0.0,0.0,0.0,0.0,32.23,0.004,97.0,0.02,8.0,4.0,2.0,0.00019
2026-10-02 08:26:44+00:00,M03,RUNNING,0.0,0.0,0.0,1500.9,51.18,52.92,0.189,96.5,0.03,8.0,4.0,2.0,0.00447
2026-10-02 08:26:46+00:00,M01,SLEEP,0.0,0.0,0.0,0.0,0.0,32.21,0.004,97.0,0.02,8.0,4.0,2.0,0.0002
2026-10-02 08:26:46+00:00,M02,RUNNING,0.0,0.0,0.0,1203.0,55.09,49.22,0.166,96.3,0.03,8.0,4.0,2.0,0.00385
2026-10-02 08:26:46+00:00,M03,RUNNING,0.0,0.0,0.0,1502.1,54.32,52.95,0.191,96.6,0.03,8.0,4.0,2.0,0.00475
2026-10-02 08:26:46+00:00,M04,RUNNING,0.0,0.0,0.0,2795.3,18.73,45.06,0.162,96.8,0.03,8.0,4.0,2.0,0.00304
2026-10-02 08:26:48+00:00,M04,RUNNING,0.0,0.0,0.0,2796.8,19.31,45.09,0.159,96.8,0.03,8.0,4.0,2.0,0.00314
2026-10-02 08:26:48+00:00,M02,RUNNING,0.0,0.0,0.0,1202.8,54.0,49.16,0.159,96.4,0.03,8.0,4.0,2.0,0.00378
2026-10-02 08:26:48+00:00,M03,RUNNING,0.0,0.0,0.0,1503.7,51.23,52.89,0.213,96.5,0.04,8.0,4.0,2.0,0.00448
2026-10-02 08:26:48+00:00,M01,SLEEP,0.0,0.0,0.0,0.0,0.0,32.1,0.006,97.0,0.02,8.0,4.0,2.0,0.0002
2026-10-02 08:26:50+00:00,M01,SLEEP,0.0,0.0,0.0,0.0,0.0,32.08,0.005,97.0,0.02,8.0,4.0,2.0,0.00019
2026-10-02 08:26:50+00:00,M02,RUNNING,0.0,0.0,0.0,1203.6,53.66,49.11,0.166,96.4,0.03,8.0,4.0,2.0,0.00376
2026-10-02 08:26:50+00:00,M03,RUNNING,0.0,0.0,0.0,1497.7,54.35,52.85,0.189,96.5,0.03,8.0,4.0,2.0,0.00474
2026-10-02 08:26:50+00:00,M04,RUNNING,0.0,0.0,0.0,2795.2,19.27,45.11,0.15,96.8,0.03,8.0,4.0,2.0,0.00314
2026-10-02 08:26:52+00:00,M02,RUNNING,1.0,1800.0,1800.0,1203.4,55.23,49.06,0.15,96.4,0.03,8.0,4.0,2.0,0.00387
2026-10-02 08:26:52+00:00,M01,SLEEP,0.0,0.0,0.0,0.0,0.0,31.98,0.007,97.0,0.02,8.0,4.0,2.0,0.00019
2026-10-02 08:26:52+00:00,M03,RUNNING,0.0,0.0,0.0,1497.8,51.85,52.83,0.198,96.6,0.03,8.0,4.0,2.0,0.00451
2026-10-02 08:26:52+00:00,M04,RUNNING,0.0,0.0,0.0,2795.4,18.43,45.12,0.139,96.9,0.02,8.0,4.0,2.0,0.00299
2026-10-02 08:26:54+00:00,M04,RUNNING,0.0,0.0,0.0,2802.2,19.58,45.16,0.141,96.9,0.02,8.0,4.0,2.0,0.00319
2026-10-02 08:26:54+00:00,M02,RUNNING,0.0,0.0,0.0,1199.5,57.15,49.0,0.157,96.5,0.03,8.0,4.0,2.0,0.00398
2026-10-02 08:26:54+00:00,M03,RUNNING,0.0,0.0,0.0,1504.4,54.19,52.78,0.206,96.6,0.03,8.0,4.0,2.0,0.00475
2026-10-02 08:26:54+00:00,M01,SLEEP,0.0,0.0,0.0,0.0,0.0,31.95,0.004,97.0,0.02,8.0,4.0,2.0,0.0002
2026-10-02 08:26:56+00:00,M03,RUNNING,0.0,0.0,0.0,1499.8,54.27,52.73,0.212,96.5,0.03,8.0,4.0,2.0,0.00473
2026-10-02 08:26:56+00:00,M01,SLEEP,0.0,0.0,0.0,0.0,0.0,31.92,0.004,97.0,0.02,8.0,4.0,2.0,0.00019
2026-10-02 08:26:56+00:00,M02,RUNNING,0.0,0.0,0.0,1203.4,55.49,48.95,0.152,96.5,0.03,8.0,4.0,2.0,0.00389
2026-10-02 08:26:56+00:00,M04,RUNNING,0.0,0.0,0.0,2799.3,18.52,45.19,0.16,96.8,0.02,8.0,4.0,2.0,0.00302
2026-10-02 08:26:58+00:00,M02,RUNNING,0.0,0.0,0.0,1196.3,54.3,48.96,0.165,96.5,0.03,8.0,4.0,2.0,0.00378
2026-10-02 08:26:58+00:00,M04,RUNNING,0.0,0.0,0.0,2799.6,19.89,45.14,0.14,96.9,0.02,8.0,4.0,2.0,0.00324
2026-10-02 08:26:58+00:00,M03,RUNNING,0.0,0.0,0.0,1500.7,52.58,52.75,0.215,96.5,0.04,8.0,4.0,2.0,0.00459
2026-10-02 08:26:58+00:00,M01,SLEEP,0.0,0.0,0.0,0.0,0.0,31.83,0.005,97.0,0.02,8.0,4.0,2.0,0.00019
2026-10-02 08:27:00+00:00,M03,RUNNING,0.0,0.0,0.0,1502.4,51.25,52.72,0.196,96.5,0.03,8.0,4.0,2.0,0.00448
2026-10-02 08:27:00+00:00,M02,RUNNING,0.0,0.0,0.0,1196.2,56.8,48.96,0.169,96.5,0.03,8.0,4.0,2.0,0.00395
2026-10-02 08:27:00+00:00,M01,SLEEP,0.0,0.0,0.0,0.0,0.0,31.75,0.006,97.0,0.02,8.0,4.0,2.0,0.00019
2026-10-02 08:27:00+00:00,M04,RUNNING,0.0,0.0,0.0,2800.0,18.99,45.11,0.156,96.8,0.02,8.0,4.0,2.0,0.00309
2026-10-02 08:27:02+00:00,M02,RUNNING,0.0,0.0,0.0,1202.0,55.06,48.99,0.166,96.5,0.02,8.0,4.0,2.0,0.00385
2026-10-02 08:27:02+00:00,M03,DEGRADED,0.0,0.0,0.0,1420.7,69.68,52.86,0.517,90.5,0.23,8.0,4.0,2.0,0.00576
2026-10-02 08:27:02+00:00,M04,RUNNING,0.0,0.0,0.0,2798.1,19.54,45.12,0.143,96.9,0.02,8.0,4.0,2.0,0.00318
2026-10-02 08:27:02+00:00,M01,SLEEP,0.0,0.0,0.0,0.0,0.0,31.7,0.006,97.0,0.02,8.0,4.0,2.0,0.00019
2026-10-02 08:27:04+00:00,M01,SLEEP,0.0,0.0,0.0,0.0,0.0,31.69,0.006,97.0,0.02,8.0,4.0,2.0,0.0002
2026-10-02 08:27:04+00:00,M02,RUNNING,0.0,0.0,0.0,1197.0,53.57,48.95,0.169,96.4,0.03,8.0,4.0,2.0,0.00373
2026-10-02 08:27:04+00:00,M04,RUNNING,0.0,0.0,0.0,2801.5,19.25,45.17,0.155,96.9,0.02,8.0,4.0,2.0,0.00314
2026-10-02 08:27:04+00:00,M03,DEGRADED,0.0,0.0,0.0,1425.3,67.62,52.96,0.595,85.6,0.35,8.0,4.0,2.0,0.00561
2026-10-02 08:27:06+00:00,M02,RUNNING,0.0,0.0,0.0,1198.0,54.96,48.92,0.161,96.5,0.02,8.0,4.0,2.0,0.00383
2026-10-02 08:27:06+00:00,M04,RUNNING,0.0,0.0,0.0,2796.8,18.87,45.19,0.163,96.8,0.03,8.0,4.0,2.0,0.00307
2026-10-02 08:27:06+00:00,M01,SLEEP,0.0,0.0,0.0,0.0,0.0,31.62,0.005,97.0,0.02,8.0,4.0,2.0,0.00019
2026-10-02 08:27:06+00:00,M03,DEGRADED,0.0,0.0,0.0,1428.5,67.23,53.06,0.601,82.1,0.41,8.0,4.0,2.0,0.00558
2026-10-02 08:27:08+00:00,M01,SLEEP,0.0,0.0,0.0,0.0,0.0,31.54,0.005,97.0,0.02,8.0,4.0,2.0,0.00019
2026-10-02 08:27:08+00:00,M02,RUNNING,0.0,0.0,0.0,1197.4,53.87,48.9,0.166,96.5,0.02,8.0,4.0,2.0,0.00375
2026-10-02 08:27:08+00:00,M04,RUNNING,0.0,0.0,0.0,2798.6,18.71,45.19,0.151,96.8,0.02,8.0,4.0,2.0,0.00305
2026-10-02 08:27:08+00:00,M03,DEGRADED,0.0,0.0,0.0,1430.4,68.04,53.19,0.605,79.5,0.47,8.0,4.0,2.0,0.00567
2026-10-02 08:27:10+00:00,M03,DEGRADED,0.0,0.0,0.0,1417.4,70.56,53.24,0.603,77.7,0.48,8.0,4.0,2.0,0.00581
2026-10-02 08:27:10+00:00,M02,RUNNING,0.0,0.0,0.0,1197.7,55.05,48.89,0.15,96.5,0.03,8.0,4.0,2.0,0.00384
2026-10-02 08:27:10+00:00,M01,SLEEP,0.0,0.0,0.0,0.0,0.0,31.51,0.005,97.0,0.02,8.0,4.0,2.0,0.00019
2026-10-02 08:27:10+00:00,M04,RUNNING,0.0,0.0,0.0,2795.5,18.85,45.14,0.149,96.9,0.02,8.0,4.0,2.0,0.00306
2026-10-02 08:27:12+00:00,M04,RUNNING,0.0,0.0,0.0,2795.4,19.86,45.13,0.153,96.9,0.02,8.0,4.0,2.0,0.00323
2026-10-02 08:27:12+00:00,M03,DEGRADED,1.0,1800.0,1800.0,1416.8,69.1,53.36,0.619,76.3,0.5,8.0,4.0,2.0,0.0057
2026-10-02 08:27:12+00:00,M02,RUNNING,0.0,0.0,0.0,1201.8,54.86,48.84,0.161,96.6,0.03,8.0,4.0,2.0,0.00383
2026-10-02 08:27:12+00:00,M01,SLEEP,0.0,0.0,0.0,0.0,0.0,31.44,0.004,97.0,0.02,8.0,4.0,2.0,0.0002
2026-10-02 08:27:14+00:00,M02,RUNNING,0.0,0.0,0.0,1197.5,53.69,48.86,0.174,96.5,0.03,8.0,4.0,2.0,0.00374
2026-10-02 08:27:14+00:00,M01,SLEEP,0.0,0.0,0.0,0.0,0.0,31.43,0.007,97.0,0.02,8.0,4.0,2.0,0.00019
2026-10-02 08:27:14+00:00,M03,DEGRADED,0.0,0.0,0.0,1430.4,70.12,53.41,0.633,75.1,0.52,8.0,4.0,2.0,0.00583
2026-10-02 08:27:14+00:00,M04,RUNNING,0.0,0.0,0.0,2801.6,19.06,45.14,0.15,96.9,0.02,8.0,4.0,2.0,0.00311
2026-10-02 08:27:16+00:00,M02,RUNNING,0.0,0.0,0.0,1199.1,55.13,48.84,0.154,96.5,0.02,8.0,4.0,2.0,0.00385
2026-10-02 08:27:16+00:00,M03,DEGRADED,0.0,0.0,0.0,1425.3,68.16,53.52,0.63,74.3,0.52,8.0,4.0,2.0,0.00566
2026-10-02 08:27:16+00:00,M01,SLEEP,0.0,0.0,0.0,0.0,0.0,31.42,0.007,97.0,0.02,8.0,4.0,2.0,0.00019
2026-10-02 08:27:16+00:00,M04,RUNNING,0.0,0.0,0.0,2802.1,18.85,45.18,0.151,96.9,0.02,8.0,4.0,2.0,0.00307
2026-10-02 08:27:18+00:00,M02,RUNNING,0.0,0.0,0.0,1201.3,56.05,48.84,0.161,96.6,0.02,8.0,4.0,2.0,0.00392
2026-10-02 08:27:18+00:00,M04,RUNNING,0.0,0.0,0.0,2798.7,18.6,45.22,0.163,96.8,0.03,8.0,4.0,2.0,0.00303
2026-10-02 08:27:18+00:00,M03,DEGRADED,0.0,0.0,0.0,1416.2,69.96,53.64,0.634,73.6,0.53,8.0,4.0,2.0,0.00576
2026-10-02 08:27:18+00:00,M01,SLEEP,0.0,0.0,0.0,0.0,0.0,31.36,0.006,97.0,0.02,8.0,4.0,2.0,0.00019
2026-10-02 08:27:20+00:00,M02,RUNNING,0.0,0.0,0.0,1196.3,54.05,48.84,0.164,96.6,0.02,8.0,4.0,2.0,0.00376
2026-10-02 08:27:20+00:00,M01,SLEEP,0.0,0.0,0.0,0.0,0.0,31.31,0.006,97.0,0.02,8.0,4.0,2.0,0.0002
2026-10-02 08:27:20+00:00,M03,DEGRADED,0.0,0.0,0.0,1428.2,70.21,53.75,0.641,73.0,0.54,8.0,4.0,2.0,0.00583
2026-10-02 08:27:20+00:00,M04,RUNNING,1.0,1800.0,1800.0,2798.1,18.9,45.26,0.138,96.8,0.03,8.0,4.0,2.0,0.00308
2026-10-02 08:27:22+00:00,M03,DEGRADED,0.0,0.0,0.0,1411.1,71.14,53.83,0.62,72.7,0.55,8.0,4.0,2.0,0.00584
2026-10-02 08:27:22+00:00,M02,RUNNING,0.0,0.0,0.0,1204.7,54.18,48.82,0.146,96.6,0.02,8.0,4.0,2.0,0.00379
2026-10-02 08:27:22+00:00,M04,RUNNING,0.0,0.0,0.0,2798.4,19.61,45.25,0.158,96.8,0.02,8.0,4.0,2.0,0.00319
2026-10-02 08:27:22+00:00,M01,SLEEP,0.0,0.0,0.0,0.0,0.0,31.25,0.006,97.0,0.02,8.0,4.0,2.0,0.00019
2026-10-02 08:27:24+00:00,M03,DEGRADED,0.0,0.0,0.0,1427.2,66.51,53.97,0.619,72.4,0.56,8.0,4.0,2.0,0.00552
2026-10-02 08:27:24+00:00,M02,RUNNING,0.0,0.0,0.0,1195.1,56.42,48.84,0.162,96.6,0.03,8.0,4.0,2.0,0.00393
2026-10-02 08:27:24+00:00,M04,RUNNING,0.0,0.0,0.0,2802.7,18.71,45.2,0.149,96.8,0.02,8.0,4.0,2.0,0.00305
2026-10-02 08:27:24+00:00,M01,SLEEP,0.0,0.0,0.0,0.0,0.0,31.23,0.007,97.0,0.02,8.0,4.0,2.0,0.0002
2026-10-02 08:27:26+00:00,M02,RUNNING,0.0,0.0,0.0,1198.1,54.83,48.82,0.162,96.6,0.03,8.0,4.0,2.0,0.00382
2026-10-02 08:27:26+00:00,M04,RUNNING,0.0,0.0,0.0,2800.2,18.48,45.24,0.147,96.9,0.02,8.0,4.0,2.0,0.00301
2026-10-02 08:27:26+00:00,M01,SLEEP,0.0,0.0,0.0,0.0,0.0,31.22,0.007,97.0,0.02,8.0,4.0,2.0,0.0002
2026-10-02 08:27:26+00:00,M03,DEGRADED,0.0,0.0,0.0,1413.9,68.61,54.06,0.635,72.1,0.55,8.0,4.0,2.0,0.00565
2026-10-02 08:27:28+00:00,M04,RUNNING,0.0,0.0,0.0,2800.4,18.89,45.24,0.164,96.8,0.02,8.0,4.0,2.0,0.00308
2026-10-02 08:27:28+00:00,M03,DEGRADED,0.0,0.0,0.0,1416.7,68.86,54.17,0.627,71.8,0.56,8.0,4.0,2.0,0.00567
2026-10-02 08:27:28+00:00,M01,SLEEP,0.0,0.0,0.0,0.0,0.0,31.15,0.004,97.0,0.02,8.0,4.0,2.0,0.00019
2026-10-02 08:27:28+00:00,M02,RUNNING,1.0,1800.0,1800.0,1204.9,55.59,48.79,0.154,96.6,0.03,8.0,4.0,2.0,0.0039
2026-10-02 08:27:30+00:00,M04,RUNNING,0.0,0.0,0.0,2795.0,19.31,45.29,0.167,96.7,0.02,8.0,4.0,2.0,0.00313
2026-10-02 08:27:30+00:00,M03,DEGRADED,0.0,0.0,0.0,1426.0,67.33,54.24,0.64,71.5,0.56,8.0,4.0,2.0,0.00559
2026-10-02 08:27:30+00:00,M02,RUNNING,0.0,0.0,0.0,1200.7,53.62,48.79,0.158,96.6,0.02,8.0,4.0,2.0,0.00374
2026-10-02 08:27:30+00:00,M01,SLEEP,0.0,0.0,0.0,0.0,0.0,31.14,0.006,97.0,0.02,8.0,4.0,2.0,0.00019
2026-10-02 08:27:32+00:00,M02,RUNNING,0.0,0.0,0.0,1196.9,53.55,48.78,0.174,96.6,0.02,8.0,4.0,2.0,0.00373
2026-10-02 08:27:32+00:00,M03,DEGRADED,0.0,0.0,0.0,1425.1,69.12,54.35,0.633,71.3,0.56,8.0,4.0,2.0,0.00573
2026-10-02 08:27:32+00:00,M04,RUNNING,0.0,0.0,0.0,2800.9,18.92,45.28,0.149,96.7,0.02,8.0,4.0,2.0,0.00309
2026-10-02 08:27:32+00:00,M01,SLEEP,0.0,0.0,0.0,0.0,0.0,31.13,0.005,97.0,0.02,8.0,4.0,2.0,0.0002
2026-10-02 08:27:34+00:00,M01,SLEEP,0.0,0.0,0.0,0.0,0.0,31.12,0.005,97.0,0.02,8.0,4.0,2.0,0.00019
2026-10-02 08:27:34+00:00,M02,RUNNING,0.0,0.0,0.0,1197.4,53.87,48.81,0.154,96.6,0.03,8.0,4.0,2.0,0.00375
2026-10-02 08:27:34+00:00,M03,DEGRADED,0.0,0.0,0.0,1417.4,70.38,54.47,0.625,71.1,0.58,8.0,4.0,2.0,0.0058
2026-10-02 08:27:34+00:00,M04,RUNNING,0.0,0.0,0.0,2800.7,19.31,45.3,0.136,96.8,0.02,8.0,4.0,2.0,0.00314
2026-10-02 08:27:36+00:00,M04,RUNNING,0.0,0.0,0.0,2804.2,19.54,45.27,0.151,96.8,0.02,8.0,4.0,2.0,0.00319
2026-10-02 08:27:36+00:00,M01,SLEEP,0.0,0.0,0.0,0.0,0.0,31.12,0.006,97.0,0.02,8.0,4.0,2.0,0.0002
2026-10-02 08:27:36+00:00,M03,DEGRADED,0.0,0.0,0.0,1412.1,67.87,54.58,0.638,70.9,0.58,8.0,4.0,2.0,0.00558
2026-10-02 08:27:36+00:00,M02,RUNNING,0.0,0.0,0.0,1197.0,53.6,48.82,0.161,96.6,0.03,8.0,4.0,2.0,0.00373
2026-10-02 08:27:38+00:00,M01,SLEEP,0.0,0.0,0.0,0.0,0.0,31.05,0.006,97.0,0.02,8.0,4.0,2.0,0.00019
2026-10-02 08:27:38+00:00,M03,DEGRADED,0.0,0.0,0.0,1412.7,69.25,54.67,0.63,70.7,0.59,8.0,4.0,2.0,0.00569
2026-10-02 08:27:38+00:00,M02,RUNNING,0.0,0.0,0.0,1200.9,56.19,48.82,0.169,96.6,0.03,8.0,4.0,2.0,0.00393
2026-10-02 08:27:38+00:00,M04,RUNNING,0.0,0.0,0.0,2802.7,19.41,45.23,0.153,96.8,0.02,8.0,4.0,2.0,0.00317
2026-10-02 08:27:40+00:00,M01,SLEEP,0.0,0.0,0.0,0.0,0.0,31.05,0.007,97.0,0.02,8.0,4.0,2.0,0.0002
2026-10-02 08:27:40+00:00,M03,DEGRADED,0.0,0.0,0.0,1418.9,69.39,54.75,0.654,70.3,0.59,8.0,4.0,2.0,0.00573
2026-10-02 08:27:40+00:00,M04,RUNNING,0.0,0.0,0.0,2800.1,19.87,45.24,0.152,96.8,0.02,8.0,4.0,2.0,0.00323
2026-10-02 08:27:40+00:00,M02,RUNNING,0.0,0.0,0.0,1195.9,55.35,48.79,0.158,96.6,0.03,8.0,4.0,2.0,0.00385
2026-10-02 08:27:42+00:00,M01,SLEEP,0.0,0.0,0.0,0.0,0.0,30.99,0.006,97.0,0.02,8.0,4.0,2.0,0.0002
2026-10-02 08:27:42+00:00,M03,DEGRADED,0.0,0.0,0.0,1424.5,68.93,54.86,0.658,70.0,0.6,8.0,4.0,2.0,0.00571
2026-10-02 08:27:42+00:00,M04,RUNNING,0.0,0.0,0.0,2800.0,18.62,45.18,0.147,96.9,0.02,8.0,4.0,2.0,0.00303
2026-10-02 08:27:42+00:00,M02,RUNNING,0.0,0.0,0.0,1200.1,53.87,48.81,0.159,96.6,0.03,8.0,4.0,2.0,0.00376
2026-10-02 08:27:44+00:00,M04,RUNNING,0.0,0.0,0.0,2798.1,19.13,45.23,0.143,96.9,0.02,8.0,4.0,2.0,0.00312
2026-10-02 08:27:44+00:00,M03,DEGRADED,0.0,0.0,0.0,1421.9,69.03,54.97,0.665,69.7,0.59,8.0,4.0,2.0,0.00571
2026-10-02 08:27:44+00:00,M01,SLEEP,0.0,0.0,0.0,0.0,0.0,30.95,0.004,97.0,0.02,8.0,4.0,2.0,0.0002
2026-10-02 08:27:44+00:00,M02,RUNNING,0.0,0.0,0.0,1201.4,53.42,48.8,0.173,96.5,0.03,8.0,4.0,2.0,0.00374
2026-10-02 08:27:46+00:00,M04,RUNNING,0.0,0.0,0.0,2803.5,18.69,45.24,0.163,96.8,0.03,8.0,4.0,2.0,0.00305
2026-10-02 08:27:46+00:00,M01,SLEEP,0.0,0.0,0.0,0.0,0.0,30.92,0.006,97.0,0.02,8.0,4.0,2.0,0.0002
2026-10-02 08:27:46+00:00,M02,RUNNING,0.0,0.0,0.0,1197.6,55.54,48.81,0.148,96.6,0.03,8.0,4.0,2.0,0.00386
2026-10-02 08:27:46+00:00,M03,DEGRADED,0.0,0.0,0.0,1419.7,67.85,55.08,0.65,69.5,0.6,8.0,4.0,2.0,0.0056
2026-10-02 08:27:48+00:00,M04,RUNNING,0.0,0.0,0.0,2802.2,19.14,45.21,0.139,96.8,0.02,8.0,4.0,2.0,0.00312
2026-10-02 08:27:48+00:00,M01,SLEEP,0.0,0.0,0.0,0.0,0.0,30.87,0.005,97.0,0.02,8.0,4.0,2.0,0.0002
2026-10-02 08:27:48+00:00,M02,RUNNING,0.0,0.0,0.0,1202.1,53.26,48.81,0.153,96.6,0.03,8.0,4.0,2.0,0.00373
2026-10-02 08:27:48+00:00,M03,DEGRADED,0.0,0.0,0.0,1412.4,69.18,55.19,0.665,69.2,0.6,8.0,4.0,2.0,0.00569
2026-10-02 08:27:50+00:00,M03,DEGRADED,1.0,1800.0,1800.0,1417.2,71.45,55.32,0.658,69.0,0.61,8.0,4.0,2.0,0.00589
2026-10-02 08:27:50+00:00,M04,RUNNING,0.0,0.0,0.0,2804.2,19.17,45.17,0.134,96.9,0.02,8.0,4.0,2.0,0.00312
2026-10-02 08:27:50+00:00,M01,SLEEP,0.0,0.0,0.0,0.0,0.0,30.78,0.006,97.0,0.02,8.0,4.0,2.0,0.00019
2026-10-02 08:27:50+00:00,M02,RUNNING,0.0,0.0,0.0,1200.2,57.32,48.81,0.158,96.6,0.02,8.0,4.0,2.0,0.004
2026-10-02 08:27:52+00:00,M02,RUNNING,0.0,0.0,0.0,1198.3,53.99,48.79,0.16,96.6,0.03,8.0,4.0,2.0,0.00376
2026-10-02 08:27:52+00:00,M04,RUNNING,0.0,0.0,0.0,2800.2,18.83,45.14,0.152,96.9,0.02,8.0,4.0,2.0,0.00307
2026-10-02 08:27:52+00:00,M03,DEGRADED,0.0,0.0,0.0,1415.0,69.04,55.42,0.672,68.7,0.61,8.0,4.0,2.0,0.00568
2026-10-02 08:27:52+00:00,M01,SLEEP,0.0,0.0,0.0,0.0,0.0,30.73,0.005,97.0,0.02,8.0,4.0,2.0,0.00019
2026-10-02 08:27:54+00:00,M03,DEGRADED,0.0,0.0,0.0,1418.7,71.1,55.47,0.676,68.4,0.61,8.0,4.0,2.0,0.00587
2026-10-02 08:27:54+00:00,M02,RUNNING,0.0,0.0,0.0,1195.2,53.93,48.79,0.17,96.6,0.02,8.0,4.0,2.0,0.00375
2026-10-02 08:27:54+00:00,M01,SLEEP,0.0,0.0,0.0,0.0,0.0,30.7,0.007,97.0,0.02,8.0,4.0,2.0,0.0002
2026-10-02 08:27:54+00:00,M04,RUNNING,0.0,0.0,0.0,2801.7,18.64,45.15,0.143,96.9,0.02,8.0,4.0,2.0,0.00304
2026-10-02 08:27:56+00:00,M02,RUNNING,0.0,0.0,0.0,1199.8,55.54,48.81,0.172,96.5,0.02,8.0,4.0,2.0,0.00388
2026-10-02 08:27:56+00:00,M01,SLEEP,0.0,0.0,0.0,0.0,0.0,30.68,0.005,97.0,0.02,8.0,4.0,2.0,0.0002
2026-10-02 08:27:56+00:00,M04,RUNNING,0.0,0.0,0.0,2797.0,18.47,45.18,0.16,96.8,0.02,8.0,4.0,2.0,0.00301
2026-10-02 08:27:56+00:00,M03,DEGRADED,0.0,0.0,0.0,1409.4,71.53,55.59,0.659,68.2,0.61,8.0,4.0,2.0,0.00586
2026-10-02 08:27:58+00:00,M04,RUNNING,0.0,0.0,0.0,2801.7,19.58,45.15,0.141,96.9,0.02,8.0,4.0,2.0,0.00319
2026-10-02 08:27:58+00:00,M01,SLEEP,0.0,0.0,0.0,0.0,0.0,30.67,0.005,97.0,0.02,8.0,4.0,2.0,0.00018
2026-10-02 08:27:58+00:00,M03,DEGRADED,0.0,0.0,0.0,1415.7,70.2,55.63,0.662,68.1,0.62,8.0,4.0,2.0,0.00578
2026-10-02 08:27:58+00:00,M02,RUNNING,0.0,0.0,0.0,1200.2,53.33,48.83,0.155,96.6,0.02,8.0,4.0,2.0,0.00372
2026-10-02 08:28:00+00:00,M04,RUNNING,1.0,1800.0,1800.0,2804.5,19.25,45.14,0.141,96.9,0.02,8.0,4.0,2.0,0.00314
2026-10-02 08:28:00+00:00,M01,SLEEP,0.0,0.0,0.0,0.0,0.0,30.67,0.006,97.0,0.02,8.0,4.0,2.0,0.0002
2026-10-02 08:28:00+00:00,M02,RUNNING,0.0,0.0,0.0,1204.4,56.17,48.78,0.159,96.6,0.02,8.0,4.0,2.0,0.00394
2026-10-02 08:28:00+00:00,M03,DEGRADED,0.0,0.0,0.0,1405.3,72.63,55.68,0.672,67.8,0.63,8.0,4.0,2.0,0.00594
2026-10-02 08:28:02+00:00,M04,RUNNING,0.0,0.0,0.0,2802.2,19.58,45.18,0.141,96.9,0.02,8.0,4.0,2.0,0.00319
2026-10-02 08:28:02+00:00,M03,DEGRADED,0.0,0.0,0.0,1412.8,71.71,55.75,0.668,67.6,0.63,8.0,4.0,2.0,0.0059
2026-10-02 08:28:02+00:00,M02,OVERLOAD,0.0,0.0,0.0,1125.8,103.32,48.9,0.4,91.7,0.22,8.0,4.0,2.0,0.00677
2026-10-02 08:28:02+00:00,M01,SLEEP,0.0,0.0,0.0,0.0,0.0,30.65,0.006,97.0,0.02,8.0,4.0,2.0,0.00019
2026-10-02 08:28:04+00:00,M02,OVERLOAD,1.0,1800.0,1800.0,1135.6,99.51,49.05,0.442,87.8,0.33,8.0,4.0,2.0,0.00657
2026-10-02 08:28:04+00:00,M03,DEGRADED,0.0,0.0,0.0,1418.0,72.24,55.85,0.668,67.5,0.63,8.0,4.0,2.0,0.00595
2026-10-02 08:28:04+00:00,M04,RUNNING,0.0,0.0,0.0,2797.9,19.82,45.22,0.16,96.8,0.02,8.0,4.0,2.0,0.00323
2026-10-02 08:28:04+00:00,M01,SLEEP,0.0,0.0,0.0,0.0,0.0,30.62,0.006,97.0,0.02,8.0,4.0,2.0,0.00021
2026-10-02 08:28:06+00:00,M04,RUNNING,0.0,0.0,0.0,2801.1,19.63,45.24,0.159,96.8,0.02,8.0,4.0,2.0,0.0032
2026-10-02 08:28:06+00:00,M02,OVERLOAD,0.0,0.0,0.0,1146.7,103.51,49.18,0.444,85.0,0.41,8.0,4.0,2.0,0.00691
2026-10-02 08:28:06+00:00,M03,DEGRADED,0.0,0.0,0.0,1418.1,71.41,55.98,0.685,67.1,0.64,8.0,4.0,2.0,0.0059
2026-10-02 08:28:06+00:00,M01,SLEEP,0.0,0.0,0.0,0.0,0.0,30.6,0.006,97.0,0.02,8.0,4.0,2.0,0.00019
2026-10-02 08:28:08+00:00,M01,SLEEP,0.0,0.0,0.0,0.0,0.0,30.53,0.007,97.0,0.02,8.0,4.0,2.0,0.0002
2026-10-02 08:28:08+00:00,M04,RUNNING,0.0,0.0,0.0,2802.5,18.48,45.26,0.163,96.7,0.02,8.0,4.0,2.0,0.00301
2026-10-02 08:28:08+00:00,M02,OVERLOAD,0.0,0.0,0.0,1151.6,100.62,49.36,0.456,82.8,0.46,8.0,4.0,2.0,0.00674
2026-10-02 08:28:08+00:00,M03,DEGRADED,0.0,0.0,0.0,1412.1,72.47,56.01,0.664,67.0,0.63,8.0,4.0,2.0,0.00595
2026-10-02 08:28:10+00:00,M04,RUNNING,0.0,0.0,0.0,2796.3,19.66,45.29,0.141,96.8,0.02,8.0,4.0,2.0,0.0032
2026-10-02 08:28:10+00:00,M02,OVERLOAD,0.0,0.0,0.0,1148.5,98.85,49.57,0.456,81.1,0.49,8.0,4.0,2.0,0.0066
2026-10-02 08:28:10+00:00,M01,SLEEP,0.0,0.0,0.0,0.0,0.0,30.54,0.006,97.0,0.02,8.0,4.0,2.0,0.0002
2026-10-02 08:28:10+00:00,M03,DEGRADED,0.0,0.0,0.0,1412.5,70.82,56.09,0.669,66.9,0.64,8.0,4.0,2.0,0.00582
2026-10-02 08:28:12+00:00,M01,SLEEP,0.0,0.0,0.0,0.0,0.0,30.52,0.005,97.0,0.02,8.0,4.0,2.0,0.00019
2026-10-02 08:28:12+00:00,M04,RUNNING,0.0,0.0,0.0,2804.1,19.8,45.32,0.147,96.8,0.02,8.0,4.0,2.0,0.00323
2026-10-02 08:28:12+00:00,M02,OVERLOAD,0.0,0.0,0.0,1149.6,99.91,49.74,0.435,80.0,0.51,8.0,4.0,2.0,0.00668
2026-10-02 08:28:12+00:00,M03,DEGRADED,0.0,0.0,0.0,1420.5,70.28,56.14,0.683,66.6,0.64,8.0,4.0,2.0,0.00581
2026-10-02 08:28:14+00:00,M02,OVERLOAD,0.0,0.0,0.0,1126.9,100.14,49.93,0.457,78.9,0.53,8.0,4.0,2.0,0.00657
2026-10-02 08:28:14+00:00,M03,DEGRADED,0.0,0.0,0.0,1415.1,71.7,56.18,0.682,66.4,0.65,8.0,4.0,2.0,0.0059
2026-10-02 08:28:14+00:00,M01,SLEEP,0.0,0.0,0.0,0.0,0.0,30.44,0.006,97.0,0.02,8.0,4.0,2.0,0.00019
2026-10-02 08:28:14+00:00,M04,RUNNING,0.0,0.0,0.0,2802.4,19.67,45.32,0.139,96.8,0.02,8.0,4.0,2.0,0.0032
2026-10-02 08:28:16+00:00,M03,DEGRADED,0.0,0.0,0.0,1408.8,71.89,56.22,0.666,66.3,0.65,8.0,4.0,2.0,0.00589
2026-10-02 08:28:16+00:00,M04,RUNNING,0.0,0.0,0.0,2801.1,19.78,45.31,0.159,96.8,0.03,8.0,4.0,2.0,0.00323
2026-10-02 08:28:16+00:00,M01,SLEEP,0.0,0.0,0.0,0.0,0.0,30.4,0.007,97.0,0.02,8.0,4.0,2.0,0.00019
2026-10-02 08:28:16+00:00,M02,OVERLOAD,0.0,0.0,0.0,1133.8,104.96,50.1,0.463,78.0,0.54,8.0,4.0,2.0,0.00692
2026-10-02 08:28:18+00:00,M04,RUNNING,0.0,0.0,0.0,2804.2,18.66,45.31,0.143,96.8,0.03,8.0,4.0,2.0,0.00304
2026-10-02 08:28:18+00:00,M02,OVERLOAD,0.0,0.0,0.0,1135.6,100.94,50.25,0.44,77.4,0.56,8.0,4.0,2.0,0.00667
2026-10-02 08:28:18+00:00,M01,SLEEP,0.0,0.0,0.0,0.0,0.0,30.39,0.006,97.0,0.02,8.0,4.0,2.0,0.0002
2026-10-02 08:28:18+00:00,M03,DEGRADED,0.0,0.0,0.0,1413.0,71.86,56.32,0.694,66.0,0.66,8.0,4.0,2.0,0.00591
2026-10-02 08:28:20+00:00,M01,SLEEP,0.0,0.0,0.0,0.0,0.0,30.32,0.005,97.0,0.02,8.0,4.0,2.0,0.0002
2026-10-02 08:28:20+00:00,M03,DEGRADED,0.0,0.0,0.0,1412.3,70.24,56.39,0.681,65.8,0.66,8.0,4.0,2.0,0.00577
2026-10-02 08:28:20+00:00,M02,OVERLOAD,0.0,0.0,0.0,1150.5,101.96,50.39,0.438,76.8,0.57,8.0,4.0,2.0,0.00682
2026-10-02 08:28:20+00:00,M04,RUNNING,0.0,0.0,0.0,2797.0,19.04,45.28,0.154,96.8,0.02,8.0,4.0,2.0,0.0031
2026-10-02 08:28:22+00:00,M02,OVERLOAD,0.0,0.0,0.0,1152.7,99.55,50.59,0.44,76.3,0.59,8.0,4.0,2.0,0.00668
2026-10-02 08:28:22+00:00,M01,SLEEP,0.0,0.0,0.0,0.0,0.0,30.28,0.007,97.0,0.02,8.0,4.0,2.0,0.00019
2026-10-02 08:28:22+00:00,M03,DEGRADED,0.0,0.0,0.0,1415.9,70.61,56.42,0.681,65.6,0.67,8.0,4.0,2.0,0.00582
2026-10-02 08:28:22+00:00,M04,RUNNING,0.0,0.0,0.0,2798.4,19.36,45.24,0.159,96.8,0.02,8.0,4.0,2.0,0.00315
2026-10-02 08:28:24+00:00,M01,SLEEP,0.0,0.0,0.0,0.0,0.0,30.27,0.005,97.0,0.02,8.0,4.0,2.0,0.0002
2026-10-02 08:28:24+00:00,M03,DEGRADED,0.0,0.0,0.0,1404.1,69.72,56.45,0.678,65.5,0.67,8.0,4.0,2.0,0.00569
2026-10-02 08:28:24+00:00,M02,OVERLOAD,0.0,0.0,0.0,1140.0,104.46,50.79,0.455,75.7,0.59,8.0,4.0,2.0,0.00692
2026-10-02 08:28:24+00:00,M04,RUNNING,0.0,0.0,0.0,2795.1,18.84,45.23,0.161,96.7,0.03,8.0,4.0,2.0,0.00306
2026-10-02 08:28:26+00:00,M04,RUNNING,0.0,0.0,0.0,2800.2,19.29,45.26,0.145,96.8,0.03,8.0,4.0,2.0,0.00314
2026-10-02 08:28:26+00:00,M03,DEGRADED,0.0,0.0,0.0,1413.5,71.22,56.58,0.677,65.3,0.68,8.0,4.0,2.0,0.00586
2026-10-02 08:28:26+00:00,M01,SLEEP,0.0,0.0,0.0,0.0,0.0,30.23,0.004,97.0,0.02,8.0,4.0,2.0,0.0002
2026-10-02 08:28:26+00:00,M02,OVERLOAD,0.0,0.0,0.0,1133.1,103.11,50.97,0.441,75.3,0.6,8.0,4.0,2.0,0.0068
2026-10-02 08:28:28+00:00,M04,RUNNING,0.0,0.0,0.0,2796.3,18.61,45.23,0.136,96.8,0.02,8.0,4.0,2.0,0.00303
2026-10-02 08:28:28+00:00,M03,DEGRADED,1.0,1800.0,1800.0,1412.8,70.06,56.71,0.701,65.0,0.68,8.0,4.0,2.0,0.00575
2026-10-02 08:28:28+00:00,M01,SLEEP,0.0,0.0,0.0,0.0,0.0,30.15,0.005,97.0,0.02,8.0,4.0,2.0,0.00018
2026-10-02 08:28:28+00:00,M02,OVERLOAD,0.0,0.0,0.0,1141.1,98.44,51.18,0.436,74.9,0.61,8.0,4.0,2.0,0.00654
2026-10-02 08:28:30+00:00,M04,RUNNING,0.0,0.0,0.0,2801.2,19.34,45.25,0.15,96.8,0.02,8.0,4.0,2.0,0.00315
2026-10-02 08:28:30+00:00,M03,DEGRADED,0.0,0.0,0.0,1416.7,71.81,56.82,0.698,64.7,0.69,8.0,4.0,2.0,0.00592
2026-10-02 08:28:30+00:00,M02,OVERLOAD,0.0,0.0,0.0,1152.5,101.8,51.35,0.459,74.3,0.62,8.0,4.0,2.0,0.00682
2026-10-02 08:28:30+00:00,M01,SLEEP,0.0,0.0,0.0,0.0,0.0,30.08,0.004,97.0,0.02,8.0,4.0,2.0,0.0002
2026-10-02 08:28:32+00:00,M01,SLEEP,0.0,0.0,0.0,0.0,0.0,30.1,0.006,97.0,0.02,8.0,4.0,2.0,0.0002
2026-10-02 08:28:32+00:00,M02,OVERLOAD,0.0,0.0,0.0,1125.4,102.75,51.53,0.438,73.9,0.63,8.0,4.0,2.0,0.00673
2026-10-02 08:28:32+00:00,M03,DEGRADED,0.0,0.0,0.0,1398.5,71.77,56.9,0.694,64.5,0.69,8.0,4.0,2.0,0.00584
2026-10-02 08:28:32+00:00,M04,RUNNING,0.0,0.0,0.0,2799.5,18.57,45.29,0.14,96.9,0.02,8.0,4.0,2.0,0.00303
2026-10-02 08:28:34+00:00,M03,DEGRADED,0.0,0.0,0.0,1406.8,70.65,56.98,0.688,64.3,0.69,8.0,4.0,2.0,0.00578
2026-10-02 08:28:34+00:00,M04,RUNNING,0.0,0.0,0.0,2797.7,18.53,45.3,0.139,96.9,0.02,8.0,4.0,2.0,0.00301
2026-10-02 08:28:34+00:00,M01,SLEEP,0.0,0.0,0.0,0.0,0.0,30.02,0.004,97.0,0.02,8.0,4.0,2.0,0.0002
2026-10-02 08:28:34+00:00,M02,OVERLOAD,0.0,0.0,0.0,1140.5,102.48,51.7,0.436,73.5,0.64,8.0,4.0,2.0,0.0068
2026-10-02 08:28:36+00:00,M02,OVERLOAD,0.0,0.0,0.0,1137.4,104.68,51.83,0.433,73.2,0.64,8.0,4.0,2.0,0.00692
2026-10-02 08:28:36+00:00,M03,DEGRADED,0.0,0.0,0.0,1415.5,71.02,57.05,0.711,64.0,0.7,8.0,4.0,2.0,0.00585
2026-10-02 08:28:36+00:00,M04,RUNNING,0.0,0.0,0.0,2804.3,18.53,45.3,0.157,96.8,0.02,8.0,4.0,2.0,0.00303
2026-10-02 08:28:36+00:00,M01,SLEEP,0.0,0.0,0.0,0.0,0.0,29.96,0.007,97.0,0.02,8.0,4.0,2.0,0.00019
2026-10-02 08:28:38+00:00,M03,DEGRADED,0.0,0.0,0.0,1398.7,72.9,57.11,0.713,63.7,0.7,8.0,4.0,2.0,0.00593
2026-10-02 08:28:38+00:00,M01,SLEEP,0.0,0.0,0.0,0.0,0.0,29.97,0.005,97.0,0.02,8.0,4.0,2.0,0.00019
2026-10-02 08:28:38+00:00,M02,OVERLOAD,0.0,0.0,0.0,1132.0,100.1,51.96,0.449,72.7,0.65,8.0,4.0,2.0,0.00659
2026-10-02 08:28:38+00:00,M04,RUNNING,0.0,0.0,0.0,2803.1,19.65,45.29,0.165,96.7,0.03,8.0,4.0,2.0,0.0032
2026-10-02 08:28:40+00:00,M03,DEGRADED,0.0,0.0,0.0,1406.1,73.37,57.2,0.708,63.5,0.7,8.0,4.0,2.0,0.006
2026-10-02 08:28:40+00:00,M02,OVERLOAD,1.0,1800.0,1800.0,1150.4,99.74,52.14,0.437,72.3,0.66,8.0,4.0,2.0,0.00668
2026-10-02 08:28:40+00:00,M01,SLEEP,0.0,0.0,0.0,0.0,0.0,29.94,0.005,97.0,0.02,8.0,4.0,2.0,0.0002
2026-10-02 08:28:40+00:00,M04,RUNNING,1.0,1800.0,1800.0,2798.1,18.89,45.27,0.153,96.8,0.03,8.0,4.0,2.0,0.00307
2026-10-02 08:28:42+00:00,M01,SLEEP,0.0,0.0,0.0,0.0,0.0,29.89,0.005,97.0,0.02,8.0,4.0,2.0,0.0002
2026-10-02 08:28:42+00:00,M03,DEGRADED,0.0,0.0,0.0,1413.0,69.46,57.31,0.702,63.3,0.71,8.0,4.0,2.0,0.00571
2026-10-02 08:28:42+00:00,M02,OVERLOAD,0.0,0.0,0.0,1144.6,99.61,52.31,0.453,71.8,0.66,8.0,4.0,2.0,0.00663
2026-10-02 08:28:42+00:00,M04,RUNNING,0.0,0.0,0.0,2802.3,19.3,45.3,0.145,96.8,0.02,8.0,4.0,2.0,0.00315
2026-10-02 08:28:44+00:00,M01,SLEEP,0.0,0.0,0.0,0.0,0.0,29.85,0.005,97.0,0.02,8.0,4.0,2.0,0.00019
2026-10-02 08:28:44+00:00,M04,RUNNING,0.0,0.0,0.0,2803.4,19.4,45.33,0.14,96.8,0.02,8.0,4.0,2.0,0.00316
2026-10-02 08:28:44+00:00,M03,DEGRADED,0.0,0.0,0.0,1394.9,71.73,57.42,0.709,63.1,0.72,8.0,4.0,2.0,0.00582
2026-10-02 08:28:44+00:00,M02,OVERLOAD,0.0,0.0,0.0,1131.8,99.96,52.48,0.456,71.3,0.67,8.0,4.0,2.0,0.00658
2026-10-02 08:28:46+00:00,M02,OVERLOAD,0.0,0.0,0.0,1131.3,100.74,52.6,0.439,70.9,0.68,8.0,4.0,2.0,0.00663
2026-10-02 08:28:46+00:00,M01,SLEEP,0.0,0.0,0.0,0.0,0.0,29.83,0.006,97.0,0.02,8.0,4.0,2.0,0.0002
2026-10-02 08:28:46+00:00,M03,DEGRADED,0.0,0.0,0.0,1412.6,72.8,57.48,0.723,62.8,0.71,8.0,4.0,2.0,0.00599
2026-10-02 08:28:46+00:00,M04,RUNNING,0.0,0.0,0.0,2801.3,19.52,45.32,0.141,96.8,0.02,8.0,4.0,2.0,0.00318
2026-10-02 08:28:48+00:00,M02,OVERLOAD,0.0,0.0,0.0,1146.7,102.35,52.8,0.46,70.4,0.69,8.0,4.0,2.0,0.00683
2026-10-02 08:28:48+00:00,M03,DEGRADED,0.0,0.0,0.0,1409.6,71.97,57.57,0.728,62.5,0.71,8.0,4.0,2.0,0.0059
2026-10-02 08:28:48+00:00,M01,SLEEP,0.0,0.0,0.0,0.0,0.0,29.81,0.007,97.0,0.02,8.0,4.0,2.0,0.00019
2026-10-02 08:28:48+00:00,M04,RUNNING,0.0,0.0,0.0,2802.1,18.55,45.27,0.144,96.8,0.02,8.0,4.0,2.0,0.00303
2026-10-02 08:28:50+00:00,M02,OVERLOAD,0.0,0.0,0.0,1151.2,99.1,53.0,0.446,70.0,0.7,8.0,4.0,2.0,0.00664
2026-10-02 08:28:50+00:00,M04,RUNNING,0.0,0.0,0.0,2804.2,19.53,45.23,0.156,96.8,0.02,8.0,4.0,2.0,0.00319
2026-10-02 08:28:50+00:00,M01,SLEEP,0.0,0.0,0.0,0.0,0.0,29.81,0.005,97.0,0.02,8.0,4.0,2.0,0.00018
2026-10-02 08:28:50+00:00,M03,DEGRADED,0.0,0.0,0.0,1409.6,72.05,57.68,0.715,62.3,0.72,8.0,4.0,2.0,0.00591
2026-10-02 08:28:52+00:00,M03,DEGRADED,0.0,0.0,0.0,1406.6,69.89,57.78,0.715,62.1,0.72,8.0,4.0,2.0,0.00572
2026-10-02 08:28:52+00:00,M04,RUNNING,0.0,0.0,0.0,2801.1,19.41,45.22,0.153,96.8,0.02,8.0,4.0,2.0,0.00316
2026-10-02 08:28:52+00:00,M01,SLEEP,0.0,0.0,0.0,0.0,0.0,29.83,0.006,97.0,0.02,8.0,4.0,2.0,0.0002
2026-10-02 08:28:52+00:00,M02,OVERLOAD,0.0,0.0,0.0,1140.0,100.67,53.2,0.453,69.6,0.71,8.0,4.0,2.0,0.00667
2026-10-02 08:28:54+00:00,M04,RUNNING,0.0,0.0,0.0,2796.6,18.67,45.26,0.166,96.7,0.02,8.0,4.0,2.0,0.00304
2026-10-02 08:28:54+00:00,M01,SLEEP,0.0,0.0,0.0,0.0,0.0,29.78,0.004,97.0,0.02,8.0,4.0,2.0,0.00019
2026-10-02 08:28:54+00:00,M02,OVERLOAD,0.0,0.0,0.0,1143.8,100.82,53.37,0.44,69.2,0.72,8.0,4.0,2.0,0.00671
2026-10-02 08:28:54+00:00,M03,DEGRADED,0.0,0.0,0.0,1395.9,71.03,57.91,0.703,62.0,0.72,8.0,4.0,2.0,0.00576
2026-10-02 08:28:56+00:00,M04,RUNNING,0.0,0.0,0.0,2795.6,19.08,45.25,0.147,96.8,0.02,8.0,4.0,2.0,0.0031
2026-10-02 08:28:56+00:00,M03,DEGRADED,0.0,0.0,0.0,1395.3,72.76,57.95,0.721,61.8,0.74,8.0,4.0,2.0,0.00591
2026-10-02 08:28:56+00:00,M02,OVERLOAD,0.0,0.0,0.0,1137.9,99.81,53.49,0.453,68.8,0.73,8.0,4.0,2.0,0.00661
2026-10-02 08:28:56+00:00,M01,SLEEP,0.0,0.0,0.0,0.0,0.0,29.77,0.006,97.0,0.02,8.0,4.0,2.0,0.0002
2026-10-02 08:28:58+00:00,M04,RUNNING,0.0,0.0,0.0,2798.7,18.62,45.26,0.139,96.8,0.02,8.0,4.0,2.0,0.00303
2026-10-02 08:28:58+00:00,M01,SLEEP,0.0,0.0,0.0,0.0,0.0,29.76,0.007,97.0,0.02,8.0,4.0,2.0,0.0002
2026-10-02 08:28:58+00:00,M02,OVERLOAD,0.0,0.0,0.0,1139.6,100.81,53.68,0.462,68.2,0.74,8.0,4.0,2.0,0.00668
2026-10-02 08:28:58+00:00,M03,DEGRADED,0.0,0.0,0.0,1407.1,71.54,58.04,0.721,61.6,0.74,8.0,4.0,2.0,0.00585
2026-10-02 08:29:00+00:00,M04,RUNNING,0.0,0.0,0.0,2804.4,19.73,45.28,0.137,96.8,0.02,8.0,4.0,2.0,0.00322
2026-10-02 08:29:00+00:00,M01,SLEEP,0.0,0.0,0.0,0.0,0.0,29.74,0.004,97.0,0.02,8.0,4.0,2.0,0.0002
2026-10-02 08:29:00+00:00,M03,DEGRADED,0.0,0.0,0.0,1392.1,74.84,58.14,0.715,61.4,0.74,8.0,4.0,2.0,0.00607
2026-10-02 08:29:00+00:00,M02,OVERLOAD,0.0,0.0,0.0,1152.0,98.82,53.88,0.437,67.9,0.75,8.0,4.0,2.0,0.00663
2026-10-02 08:29:02+00:00,M01,SLEEP,0.0,0.0,0.0,0.0,0.0,29.76,0.006,97.0,0.02,8.0,4.0,2.0,0.00019
2026-10-02 08:29:02+00:00,M03,RUNNING,0.0,0.0,0.0,1502.2,58.61,58.18,0.361,64.4,0.71,8.0,4.0,2.0,0.00512
2026-10-02 08:29:02+00:00,M04,RUNNING,0.0,0.0,0.0,2795.8,19.62,45.24,0.135,96.9,0.02,8.0,4.0,2.0,0.00319
2026-10-02 08:29:02+00:00,M02,RUNNING,0.0,0.0,0.0,1196.0,59.07,53.87,0.229,72.7,0.6,8.0,4.0,2.0,0.00411
2026-10-02 08:29:04+00:00,M02,RUNNING,0.0,0.0,0.0,1202.3,59.04,53.88,0.185,76.8,0.46,8.0,4.0,2.0,0.00412
2026-10-02 08:29:04+00:00,M03,RUNNING,0.0,0.0,0.0,1503.7,60.13,58.24,0.277,67.5,0.64,8.0,4.0,2.0,0.00526
2026-10-02 08:29:04+00:00,M04,RUNNING,0.0,0.0,0.0,2804.1,18.51,45.26,0.158,96.8,0.02,8.0,4.0,2.0,0.00302
2026-10-02 08:29:04+00:00,M01,SLEEP,0.0,0.0,0.0,0.0,0.0,29.72,0.006,97.0,0.02,8.0,4.0,2.0,0.00019
2026-10-02 08:29:06+00:00,M03,RUNNING,1.0,1800.0,1800.0,1496.8,60.32,58.32,0.263,70.2,0.58,8.0,4.0,2.0,0.00525
2026-10-02 08:29:06+00:00,M04,RUNNING,0.0,0.0,0.0,2803.4,18.45,45.23,0.158,96.8,0.02,8.0,4.0,2.0,0.00301
2026-10-02 08:29:06+00:00,M01,SLEEP,0.0,0.0,0.0,0.0,0.0,29.72,0.005,97.0,0.02,8.0,4.0,2.0,0.00019
2026-10-02 08:29:06+00:00,M02,RUNNING,0.0,0.0,0.0,1204.2,55.04,53.8,0.171,80.2,0.37,8.0,4.0,2.0,0.00386
2026-10-02 08:29:08+00:00,M04,RUNNING,0.0,0.0,0.0,2795.6,18.79,45.27,0.165,96.7,0.03,8.0,4.0,2.0,0.00306
2026-10-02 08:29:08+00:00,M02,RUNNING,0.0,0.0,0.0,1201.7,55.23,53.75,0.176,82.9,0.31,8.0,4.0,2.0,0.00386
2026-10-02 08:29:08+00:00,M03,RUNNING,0.0,0.0,0.0,1504.3,59.68,58.38,0.245,72.6,0.53,8.0,4.0,2.0,0.00522
2026-10-02 08:29:08+00:00,M01,SLEEP,0.0,0.0,0.0,0.0,0.0,29.67,0.005,97.0,0.02,8.0,4.0,2.0,0.00018
2026-10-02 08:29:10+00:00,M02,RUNNING,0.0,0.0,0.0,1198.2,55.26,53.68,0.17,85.4,0.26,8.0,4.0,2.0,0.00385
2026-10-02 08:29:10+00:00,M01,SLEEP,0.0,0.0,0.0,0.0,0.0,29.67,0.006,97.0,0.02,8.0,4.0,2.0,0.0002
2026-10-02 08:29:10+00:00,M03,RUNNING,0.0,0.0,0.0,1499.4,57.53,58.34,0.24,74.8,0.48,8.0,4.0,2.0,0.00502
2026-10-02 08:29:10+00:00,M04,RUNNING,0.0,0.0,0.0,2797.0,19.52,45.28,0.138,96.8,0.02,8.0,4.0,2.0,0.00317
2026-10-02 08:29:12+00:00,M02,RUNNING,0.0,0.0,0.0,1197.5,57.95,53.62,0.167,87.5,0.22,8.0,4.0,2.0,0.00404
2026-10-02 08:29:12+00:00,M04,RUNNING,0.0,0.0,0.0,2798.7,19.62,45.23,0.161,96.7,0.02,8.0,4.0,2.0,0.0032
2026-10-02 08:29:12+00:00,M03,RUNNING,0.0,0.0,0.0,1501.6,56.44,58.29,0.242,76.7,0.44,8.0,4.0,2.0,0.00493
2026-10-02 08:29:12+00:00,M01,SLEEP,0.0,0.0,0.0,0.0,0.0,29.62,0.005,97.0,0.02,8.0,4.0,2.0,0.0002
2026-10-02 08:29:14+00:00,M04,RUNNING,0.0,0.0,0.0,2804.4,18.69,45.27,0.162,96.7,0.02,8.0,4.0,2.0,0.00305
2026-10-02 08:29:14+00:00,M03,RUNNING,0.0,0.0,0.0,1500.0,55.73,58.26,0.232,78.5,0.4,8.0,4.0,2.0,0.00486
2026-10-02 08:29:14+00:00,M01,SLEEP,0.0,0.0,0.0,0.0,0.0,29.63,0.006,97.0,0.02,8.0,4.0,2.0,0.0002
2026-10-02 08:29:14+00:00,M02,RUNNING,1.0,1800.0,1800.0,1203.4,56.61,53.56,0.168,89.4,0.18,8.0,4.0,2.0,0.00396
2026-10-02 08:29:16+00:00,M03,RUNNING,0.0,0.0,0.0,1503.8,54.2,58.22,0.219,80.4,0.35,8.0,4.0,2.0,0.00474
2026-10-02 08:29:16+00:00,M02,RUNNING,0.0,0.0,0.0,1202.4,54.44,53.47,0.157,91.0,0.16,8.0,4.0,2.0,0.00381
2026-10-02 08:29:16+00:00,M04,RUNNING,0.0,0.0,0.0,2795.2,18.53,45.24,0.151,96.7,0.02,8.0,4.0,2.0,0.00301
2026-10-02 08:29:16+00:00,M01,SLEEP,0.0,0.0,0.0,0.0,0.0,29.6,0.006,97.0,0.02,8.0,4.0,2.0,0.00019
2026-10-02 08:29:18+00:00,M04,RUNNING,0.0,0.0,0.0,2795.1,18.63,45.23,0.138,96.8,0.02,8.0,4.0,2.0,0.00303
2026-10-02 08:29:18+00:00,M02,RUNNING,0.0,0.0,0.0,1202.1,55.55,53.34,0.15,92.2,0.13,8.0,4.0,2.0,0.00389
2026-10-02 08:29:18+00:00,M03,RUNNING,0.0,0.0,0.0,1504.0,56.71,58.2,0.237,81.9,0.34,8.0,4.0,2.0,0.00497
2026-10-02 08:29:18+00:00,M01,SLEEP,0.0,0.0,0.0,0.0,0.0,29.58,0.006,97.0,0.02,8.0,4.0,2.0,0.0002
2026-10-02 08:29:20+00:00,M04,RUNNING,1.0,1800.0,1800.0,2801.7,19.48,45.2,0.157,96.8,0.02,8.0,4.0,2.0,0.00317
2026-10-02 08:29:20+00:00,M02,RUNNING,0.0,0.0,0.0,1199.7,56.99,53.21,0.161,93.0,0.13,8.0,4.0,2.0,0.00397
2026-10-02 08:29:20+00:00,M01,SLEEP,0.0,0.0,0.0,0.0,0.0,29.6,0.006,97.0,0.02,8.0,4.0,2.0,0.00018
2026-10-02 08:29:20+00:00,M03,RUNNING,0.0,0.0,0.0,1502.2,57.38,58.16,0.21,83.6,0.29,8.0,4.0,2.0,0.00501
2026-10-02 08:29:22+00:00,M04,RUNNING,0.0,0.0,0.0,2799.6,18.73,45.24,0.159,96.7,0.02,8.0,4.0,2.0,0.00305
2026-10-02 08:29:22+00:00,M02,RUNNING,0.0,0.0,0.0,1197.8,54.13,53.09,0.165,93.5,0.11,8.0,4.0,2.0,0.00377
2026-10-02 08:29:22+00:00,M01,SLEEP,0.0,0.0,0.0,0.0,0.0,29.55,0.004,97.0,0.02,8.0,4.0,2.0,0.0002
2026-10-02 08:29:22+00:00,M03,RUNNING,0.0,0.0,0.0,1501.3,56.07,58.1,0.217,85.2,0.27,8.0,4.0,2.0,0.0049
2026-10-02 08:29:24+00:00,M02,RUNNING,0.0,0.0,0.0,1201.8,53.47,53.03,0.167,93.9,0.11,8.0,4.0,2.0,0.00374
2026-10-02 08:29:24+00:00,M03,RUNNING,0.0,0.0,0.0,1502.5,54.7,58.04,0.218,86.7,0.25,8.0,4.0,2.0,0.00478
2026-10-02 08:29:24+00:00,M04,RUNNING,0.0,0.0,0.0,2796.5,19.44,45.2,0.167,96.7,0.03,8.0,4.0,2.0,0.00317
2026-10-02 08:29:24+00:00,M01,SLEEP,0.0,0.0,0.0,0.0,0.0,29.54,0.005,97.0,0.02,8.0,4.0,2.0,0.0002
2026-10-02 08:29:26+00:00,M02,RUNNING,0.0,0.0,0.0,1199.1,54.26,52.93,0.163,94.2,0.1,8.0,4.0,2.0,0.00379
2026-10-02 08:29:26+00:00,M03,RUNNING,0.0,0.0,0.0,1500.7,56.06,58.01,0.215,88.2,0.22,8.0,4.0,2.0,0.00489
2026-10-02 08:29:26+00:00,M01,SLEEP,0.0,0.0,0.0,0.0,0.0,29.53,0.005,97.0,0.02,8.0,4.0,2.0,0.00019
2026-10-02 08:29:26+00:00,M04,RUNNING,0.0,0.0,0.0,2797.5,19.53,45.21,0.146,96.7,0.03,8.0,4.0,2.0,0.00318
2026-10-02 08:29:28+00:00,M03,RUNNING,0.0,0.0,0.0,1502.8,55.15,57.9,0.192,89.8,0.18,8.0,4.0,2.0,0.00483
2026-10-02 08:29:28+00:00,M02,RUNNING,0.0,0.0,0.0,1196.5,53.81,52.83,0.171,94.4,0.11,8.0,4.0,2.0,0.00374
2026-10-02 08:29:28+00:00,M01,SLEEP,0.0,0.0,0.0,0.0,0.0,29.49,0.005,97.0,0.02,8.0,4.0,2.0,0.00019
2026-10-02 08:29:28+00:00,M04,RUNNING,0.0,0.0,0.0,2797.8,19.04,45.19,0.146,96.8,0.02,8.0,4.0,2.0,0.0031
2026-10-02 08:29:30+00:00,M02,RUNNING,0.0,0.0,0.0,1199.4,56.13,52.73,0.174,94.5,0.12,8.0,4.0,2.0,0.00392
2026-10-02 08:29:30+00:00,M03,RUNNING,0.0,0.0,0.0,1496.7,51.96,57.85,0.196,91.3,0.15,8.0,4.0,2.0,0.00452
2026-10-02 08:29:30+00:00,M01,SLEEP,0.0,0.0,0.0,0.0,0.0,29.45,0.006,97.0,0.02,8.0,4.0,2.0,0.0002
2026-10-02 08:29:30+00:00,M04,RUNNING,0.0,0.0,0.0,2804.0,18.44,45.16,0.137,96.8,0.02,8.0,4.0,2.0,0.003
2026-10-02 08:29:32+00:00,M02,RUNNING,0.0,0.0,0.0,1204.7,56.74,52.66,0.16,94.7,0.1,8.0,4.0,2.0,0.00398
2026-10-02 08:29:32+00:00,M01,SLEEP,0.0,0.0,0.0,0.0,0.0,29.42,0.006,97.0,0.02,8.0,4.0,2.0,0.00019
2026-10-02 08:29:32+00:00,M03,RUNNING,0.0,0.0,0.0,1496.6,51.62,57.7,0.197,92.3,0.14,8.0,4.0,2.0,0.00449
2026-10-02 08:29:32+00:00,M04,RUNNING,0.0,0.0,0.0,2798.4,18.56,45.15,0.16,96.8,0.02,8.0,4.0,2.0,0.00302
2026-10-02 08:29:34+00:00,M04,RUNNING,0.0,0.0,0.0,2802.3,19.25,45.2,0.164,96.7,0.03,8.0,4.0,2.0,0.00314
2026-10-02 08:29:34+00:00,M02,RUNNING,0.0,0.0,0.0,1197.1,57.05,52.61,0.147,94.8,0.09,8.0,4.0,2.0,0.00397
2026-10-02 08:29:34+00:00,M03,RUNNING,1.0,1800.0,1800.0,1498.3,51.56,57.6,0.197,93.1,0.13,8.0,4.0,2.0,0.0045
2026-10-02 08:29:34+00:00,M01,SLEEP,0.0,0.0,0.0,0.0,0.0,29.42,0.005,97.0,0.02,8.0,4.0,2.0,0.00019
2026-10-02 08:29:36+00:00,M01,SLEEP,0.0,0.0,0.0,0.0,0.0,29.43,0.004,97.0,0.02,8.0,4.0,2.0,0.00019
2026-10-02 08:29:36+00:00,M02,RUNNING,0.0,0.0,0.0,1197.1,54.37,52.57,0.143,94.9,0.1,8.0,4.0,2.0,0.00378
2026-10-02 08:29:36+00:00,M03,RUNNING,0.0,0.0,0.0,1495.1,55.49,57.48,0.213,93.5,0.13,8.0,4.0,2.0,0.00482
2026-10-02 08:29:36+00:00,M04,RUNNING,0.0,0.0,0.0,2800.7,18.41,45.17,0.138,96.8,0.03,8.0,4.0,2.0,0.003
2026-10-02 08:29:38+00:00,M03,RUNNING,0.0,0.0,0.0,1504.4,55.14,57.35,0.208,93.8,0.13,8.0,4.0,2.0,0.00483
2026-10-02 08:29:38+00:00,M04,RUNNING,0.0,0.0,0.0,2797.1,19.71,45.21,0.156,96.8,0.02,8.0,4.0,2.0,0.00321
2026-10-02 08:29:38+00:00,M01,SLEEP,0.0,0.0,0.0,0.0,0.0,29.43,0.005,97.0,0.02,8.0,4.0,2.0,0.00019
2026-10-02 08:29:38+00:00,M02,RUNNING,0.0,0.0,0.0,1202.0,55.08,52.52,0.142,95.0,0.1,8.0,4.0,2.0,0.00386
2026-10-02 08:29:40+00:00,M02,RUNNING,0.0,0.0,0.0,1201.7,56.54,52.42,0.171,95.0,0.1,8.0,4.0,2.0,0.00395
2026-10-02 08:29:40+00:00,M03,RUNNING,0.0,0.0,0.0,1500.8,52.61,57.28,0.201,94.1,0.12,8.0,4.0,2.0,0.00459
2026-10-02 08:29:40+00:00,M04,RUNNING,0.0,0.0,0.0,2797.9,18.9,45.21,0.154,96.8,0.03,8.0,4.0,2.0,0.00308
2026-10-02 08:29:40+00:00,M01,SLEEP,0.0,0.0,0.0,0.0,0.0,29.44,0.004,97.0,0.02,8.0,4.0,2.0,0.0002
2026-10-02 08:29:42+00:00,M03,RUNNING,0.0,0.0,0.0,1500.9,51.53,57.18,0.187,94.4,0.11,8.0,4.0,2.0,0.0045
2026-10-02 08:29:42+00:00,M01,SLEEP,0.0,0.0,0.0,0.0,0.0,29.38,0.005,97.0,0.02,8.0,4.0,2.0,0.0002
2026-10-02 08:29:42+00:00,M02,RUNNING,0.0,0.0,0.0,1196.0,53.94,52.37,0.168,95.0,0.1,8.0,4.0,2.0,0.00375
2026-10-02 08:29:42+00:00,M04,RUNNING,0.0,0.0,0.0,2797.8,19.48,45.18,0.147,96.8,0.02,8.0,4.0,2.0,0.00317
2026-10-02 08:29:44+00:00,M01,SLEEP,0.0,0.0,0.0,0.0,0.0,29.34,0.005,97.0,0.02,8.0,4.0,2.0,0.0002
2026-10-02 08:29:44+00:00,M04,RUNNING,0.0,0.0,0.0,2798.4,19.22,45.16,0.148,96.9,0.02,8.0,4.0,2.0,0.00312
2026-10-02 08:29:44+00:00,M03,RUNNING,0.0,0.0,0.0,1503.7,51.42,57.14,0.189,94.5,0.1,8.0,4.0,2.0,0.0045
2026-10-02 08:29:44+00:00,M02,RUNNING,0.0,0.0,0.0,1200.5,54.46,52.31,0.164,95.1,0.09,8.0,4.0,2.0,0.0038
2026-10-02 08:29:46+00:00,M01,SLEEP,0.0,0.0,0.0,0.0,0.0,29.31,0.007,97.0,0.02,8.0,4.0,2.0,0.0002
2026-10-02 08:29:46+00:00,M04,RUNNING,0.0,0.0,0.0,2803.7,18.7,45.14,0.153,96.9,0.02,8.0,4.0,2.0,0.00305
2026-10-02 08:29:46+00:00,M03,RUNNING,0.0,0.0,0.0,1499.2,53.9,57.05,0.195,94.7,0.1,8.0,4.0,2.0,0.0047
2026-10-02 08:29:46+00:00,M02,RUNNING,0.0,0.0,0.0,1195.9,57.48,52.21,0.157,95.1,0.09,8.0,4.0,2.0,0.004
2026-10-02 08:29:48+00:00,M03,RUNNING,0.0,0.0,0.0,1499.3,52.38,56.97,0.206,94.7,0.11,8.0,4.0,2.0,0.00457
2026-10-02 08:29:48+00:00,M01,SLEEP,0.0,0.0,0.0,0.0,0.0,29.34,0.006,97.0,0.02,8.0,4.0,2.0,0.00019
2026-10-02 08:29:48+00:00,M04,RUNNING,0.0,0.0,0.0,2799.3,19.24,45.09,0.14,96.9,0.02,8.0,4.0,2.0,0.00314
2026-10-02 08:29:48+00:00,M02,RUNNING,0.0,0.0,0.0,1197.3,54.66,52.1,0.166,95.2,0.09,8.0,4.0,2.0,0.00381
2026-10-02 08:29:50+00:00,M02,RUNNING,1.0,1800.0,1800.0,1196.9,54.4,52.08,0.17,95.1,0.09,8.0,4.0,2.0,0.00379
2026-10-02 08:29:50+00:00,M04,RUNNING,0.0,0.0,0.0,2795.2,19.07,45.09,0.142,96.9,0.02,8.0,4.0,2.0,0.0031
2026-10-02 08:29:50+00:00,M03,RUNNING,0.0,0.0,0.0,1499.5,55.16,56.91,0.189,94.8,0.11,8.0,4.0,2.0,0.00481
2026-10-02 08:29:50+00:00,M01,SLEEP,0.0,0.0,0.0,0.0,0.0,29.28,0.004,97.0,0.02,8.0,4.0,2.0,0.00019
2026-10-02 08:29:52+00:00,M04,RUNNING,0.0,0.0,0.0,2796.0,19.32,45.13,0.153,96.9,0.02,8.0,4.0,2.0,0.00314
2026-10-02 08:29:52+00:00,M03,RUNNING,0.0,0.0,0.0,1504.5,52.43,56.88,0.212,94.8,0.11,8.0,4.0,2.0,0.00459
2026-10-02 08:29:52+00:00,M02,RUNNING,0.0,0.0,0.0,1195.2,57.11,51.96,0.152,95.2,0.09,8.0,4.0,2.0,0.00397
2026-10-02 08:29:52+00:00,M01,SLEEP,0.0,0.0,0.0,0.0,0.0,29.25,0.006,97.0,0.02,8.0,4.0,2.0,0.0002
2026-10-02 08:29:54+00:00,M03,RUNNING,0.0,0.0,0.0,1496.6,54.29,56.78,0.213,94.8,0.11,8.0,4.0,2.0,0.00473
2026-10-02 08:29:54+00:00,M02,RUNNING,0.0,0.0,0.0,1196.8,56.89,51.93,0.144,95.3,0.08,8.0,4.0,2.0,0.00396
2026-10-02 08:29:54+00:00,M01,SLEEP,0.0,0.0,0.0,0.0,0.0,29.25,0.004,97.0,0.02,8.0,4.0,2.0,0.00019
2026-10-02 08:29:54+00:00,M04,RUNNING,0.0,0.0,0.0,2803.0,18.68,45.11,0.163,96.8,0.02,8.0,4.0,2.0,0.00305
2026-10-02 08:29:56+00:00,M03,RUNNING,0.0,0.0,0.0,1499.2,53.42,56.74,0.196,94.9,0.1,8.0,4.0,2.0,0.00465
2026-10-02 08:29:56+00:00,M04,RUNNING,0.0,0.0,0.0,2795.3,19.29,45.07,0.166,96.7,0.03,8.0,4.0,2.0,0.00313
2026-10-02 08:29:56+00:00,M01,SLEEP,0.0,0.0,0.0,0.0,0.0,29.2,0.006,97.0,0.02,8.0,4.0,2.0,0.0002
2026-10-02 08:29:56+00:00,M02,RUNNING,0.0,0.0,0.0,1197.0,54.37,51.84,0.153,95.3,0.08,8.0,4.0,2.0,0.00379
2026-10-02 08:29:58+00:00,M03,RUNNING,0.0,0.0,0.0,1495.7,53.24,56.69,0.189,95.0,0.1,8.0,4.0,2.0,0.00464
2026-10-02 08:29:58+00:00,M04,RUNNING,0.0,0.0,0.0,2800.6,19.24,45.07,0.145,96.8,0.02,8.0,4.0,2.0,0.00314
2026-10-02 08:29:58+00:00,M02,RUNNING,0.0,0.0,0.0,1201.1,54.56,51.75,0.163,95.4,0.08,8.0,4.0,2.0,0.00381
2026-10-02 08:29:58+00:00,M01,SLEEP,0.0,0.0,0.0,0.0,0.0,29.23,0.006,97.0,0.02,8.0,4.0,2.0,0.0002
2026-10-02 08:30:00+00:00,M02,RUNNING,0.0,0.0,0.0,1196.1,57.41,51.68,0.155,95.4,0.08,8.0,4.0,2.0,0.00399
2026-10-02 08:30:00+00:00,M01,SLEEP,0.0,0.0,0.0,0.0,0.0,29.22,0.005,97.0,0.02,8.0,4.0,2.0,0.00018
2026-10-02 08:30:00+00:00,M03,RUNNING,0.0,0.0,0.0,1501.1,53.01,56.61,0.21,94.9,0.1,8.0,4.0,2.0,0.00463
2026-10-02 08:30:00+00:00,M04,RUNNING,1.0,1800.0,1800.0,2804.8,18.89,45.03,0.139,96.9,0.02,8.0,4.0,2.0,0.00308
