timestamp,machine_id,machine_state,dt_seconds,actual_energy_kwh,expected_energy_kwh,deviation_kwh,potential_savings_kwh,potential_savings_inr,potential_co2_savings_kg,production_units
2026-10-02T08:00:04+00:00,M01,RUNNING,2.0,0.00442,0.003542,0.000878,0.000878,0.007,0.000629,0
2026-10-02T08:00:06+00:00,M01,RUNNING,2.0,0.00421,0.003542,0.000668,0.000668,0.0053,0.000479,0
2026-10-02T08:00:08+00:00,M01,RUNNING,2.0,0.00417,0.003542,0.000628,0.000628,0.005,0.00045,0
2026-10-02T08:00:10+00:00,M01,RUNNING,2.0,0.00433,0.003542,0.000788,0.000788,0.0063,0.000564,0
2026-10-02T08:00:12+00:00,M01,RUNNING,2.0,0.00437,0.003542,0.000828,0.000828,0.0066,0.000593,0
2026-10-02T08:00:14+00:00,M01,RUNNING,2.0,0.00413,0.003542,0.000588,0.000588,0.0047,0.000421,0
2026-10-02T08:00:16+00:00,M01,RUNNING,2.0,0.00417,0.003542,0.000628,0.000628,0.005,0.00045,0
2026-10-02T08:00:18+00:00,M01,RUNNING,2.0,0.0043,0.003542,0.000758,0.000758,0.0061,0.000543,0
2026-10-02T08:00:20+00:00,M01,RUNNING,2.0,0.00415,0.003542,0.000608,0.000608,0.0049,0.000436,0
2026-10-02T08:00:22+00:00,M01,RUNNING,2.0,0.00438,0.003542,0.000838,0.000838,0.0067,0.0006,0
2026-10-02T08:00:24+00:00,M01,RUNNING,2.0,0.00441,0.003542,0.000868,0.000868,0.0069,0.000622,0
2026-10-02T08:00:26+00:00,M01,RUNNING,2.0,0.00414,0.003542,0.000598,0.000598,0.0048,0.000428,0
2026-10-02T08:00:28+00:00,M01,RUNNING,2.0,0.00416,0.003542,0.000618,0.000618,0.0049,0.000443,0
2026-10-02T08:00:30+00:00,M01,RUNNING,2.0,0.0043,0.003542,0.000758,0.000758,0.0061,0.000543,0
2026-10-02T08:00:32+00:00,M01,RUNNING,2.0,0.00433,0.003542,0.000788,0.000788,0.0063,0.000564,1
2026-10-02T08:00:34+00:00,M01,RUNNING,2.0,0.00426,0.003542,0.000718,0.000718,0.0057,0.000514,0
2026-10-02T08:00:36+00:00,M01,RUNNING,2.0,0.00423,0.003542,0.000688,0.000688,0.0055,0.000493,0
2026-10-02T08:00:38+00:00,M01,RUNNING,2.0,0.00436,0.003542,0.000818,0.000818,0.0065,0.000586,0
2026-10-02T08:00:40+00:00,M01,RUNNING,2.0,0.00434,0.003542,0.000798,0.000798,0.0064,0.000572,0
2026-10-02T08:00:42+00:00,M01,RUNNING,2.0,0.00414,0.003542,0.000598,0.000598,0.0048,0.000428,0
2026-10-02T08:00:44+00:00,M01,RUNNING,2.0,0.00416,0.003542,0.000618,0.000618,0.0049,0.000443,0
2026-10-02T08:00:46+00:00,M01,RUNNING,2.0,0.00413,0.003542,0.000588,0.000588,0.0047,0.000421,0
2026-10-02T08:00:48+00:00,M01,RUNNING,2.0,0.00414,0.003542,0.000598,0.000598,0.0048,0.000428,0
2026-10-02T08:00:50+00:00,M01,RUNNING,2.0,0.0041,0.003542,0.000558,0.000558,0.0045,0.0004,0
2026-10-02T08:00:52+00:00,M01,RUNNING,2.0,0.00422,0.003542,0.000678,0.000678,0.0054,0.000486,0
2026-10-02T08:00:54+00:00,M01,RUNNING,2.0,0.00434,0.003542,0.000798,0.000798,0.0064,0.000572,0
2026-10-02T08:00:56+00:00,M01,RUNNING,2.0,0.00439,0.003542,0.000848,0.000848,0.0068,0.000607,0
2026-10-02T08:00:58+00:00,M01,RUNNING,2.0,0.00441,0.003542,0.000868,0.000868,0.0069,0.000622,0
2026-10-02T08:01:00+00:00,M01,RUNNING,2.0,0.00412,0.003542,0.000578,0.000578,0.0046,0.000414,0
2026-10-02T08:01:02+00:00,M01,IDLE,2.0,0.00073,0.00075,-2e-05,0.0,0.0,0.0,0
2026-10-02T08:01:04+00:00,M01,IDLE,2.0,0.00072,0.00075,-3e-05,0.0,0.0,0.0,0
2026-10-02T08:01:06+00:00,M01,IDLE,2.0,0.00077,0.00075,2e-05,2e-05,0.0002,1.4e-05,0
2026-10-02T08:01:08+00:00,M01,IDLE,2.0,0.00076,0.00075,1e-05,1e-05,0.0001,7e-06,0
2026-10-02T08:01:10+00:00,M01,IDLE,2.0,0.00077,0.00075,2e-05,2e-05,0.0002,1.4e-05,0
2026-10-02T08:01:12+00:00,M01,IDLE,2.0,0.00073,0.00075,-2e-05,0.0,0.0,0.0,0
2026-10-02T08:01:14+00:00,M01,IDLE,2.0,0.00073,0.00075,-2e-05,0.0,0.0,0.0,0
2026-10-02T08:01:16+00:00,M01,IDLE,2.0,0.00078,0.00075,3e-05,3e-05,0.0002,2.1e-05,0
2026-10-02T08:01:18+00:00,M01,IDLE,2.0,0.00077,0.00075,2e-05,2e-05,0.0002,1.4e-05,0
2026-10-02T08:01:20+00:00,M01,IDLE,2.0,0.00077,0.00075,2e-05,2e-05,0.0002,1.4e-05,0
2026-10-02T08:01:22+00:00,M01,IDLE,2.0,0.00071,0.00075,-4e-05,0.0,0.0,0.0,0
2026-10-02T08:01:24+00:00,M01,IDLE,2.0,0.00075,0.00075,-0.0,0.0,0.0,0.0,0
2026-10-02T08:01:26+00:00,M01,IDLE,2.0,0.00071,0.00075,-4e-05,0.0,0.0,0.0,0
2026-10-02T08:01:28+00:00,M01,IDLE,2.0,0.00076,0.00075,1e-05,1e-05,0.0001,7e-06,0
2026-10-02T08:01:30+00:00,M01,IDLE,2.0,0.00072,0.00075,-3e-05,0.0,0.0,0.0,0
2026-10-02T08:01:32+00:00,M01,IDLE,2.0,0.00073,0.00075,-2e-05,0.0,0.0,0.0,0
2026-10-02T08:01:34+00:00,M01,IDLE,2.0,0.00072,0.00075,-3e-05,0.0,0.0,0.0,0
2026-10-02T08:01:36+00:00,M01,IDLE,2.0,0.00072,0.00075,-3e-05,0.0,0.0,0.0,0
2026-10-02T08:01:38+00:00,M01,IDLE,2.0,0.00075,0.00075,0.0,0.0,0.0,0.0,0
2026-10-02T08:01:40+00:00,M01,IDLE,2.0,0.00076,0.00075,1e-05,1e-05,0.0001,7e-06,0
2026-10-02T08:01:42+00:00,M01,IDLE,2.0,0.00075,0.00075,-0.0,0.0,0.0,0.0,0
2026-10-02T08:01:44+00:00,M01,IDLE,2.0,0.00076,0.00075,1e-05,1e-05,0.0001,7e-06,0
2026-10-02T08:01:46+00:00,M01,IDLE,2.0,0.00079,0.00075,4e-05,4e-05,0.0003,2.9e-05,0
2026-10-02T08:01:48+00:00,M01,IDLE,2.0,0.00074,0.00075,-1e-05,0.0,0.0,0.0,0
2026-10-02T08:01:50+00:00,M01,IDLE,2.0,0.00075,0.00075,-0.0,0.0,0.0,0.0,0
2026-10-02T08:01:52+00:00,M01,IDLE,2.0,0.00078,0.00075,3e-05,3e-05,0.0002,2.1e-05,0
2026-10-02T08:01:54+00:00,M01,IDLE,2.0,0.00073,0.00075,-2e-05,0.0,0.0,0.0,0
2026-10-02T08:01:56+00:00,M01,IDLE,2.0,0.00077,0.00075,2e-05,2e-05,0.0002,1.4e-05,0
2026-10-02T08:01:58+00:00,M01,IDLE,2.0,0.00073,0.00075,-2e-05,0.0,0.0,0.0,0
2026-10-02T08:02:00+00:00,M01,IDLE,2.0,0.00079,0.00075,4e-05,4e-05,0.0003,2.9e-05,0
2026-10-02T08:02:02+00:00,M01,SLEEP,2.0,0.00019,0.000194,-4e-06,0.0,0.0,0.0,0
2026-10-02T08:02:04+00:00,M01,SLEEP,2.0,0.0002,0.000194,6e-06,6e-06,0.0,4e-06,0
2026-10-02T08:02:06+00:00,M01,SLEEP,2.0,0.00019,0.000194,-4e-06,0.0,0.0,0.0,0
2026-10-02T08:02:08+00:00,M01,SLEEP,2.0,0.0002,0.000194,6e-06,6e-06,0.0,4e-06,0
2026-10-02T08:02:10+00:00,M01,SLEEP,2.0,0.00019,0.000194,-4e-06,0.0,0.0,0.0,0
2026-10-02T08:02:12+00:00,M01,SLEEP,2.0,0.00018,0.000194,-1.4e-05,0.0,0.0,0.0,0
2026-10-02T08:02:14+00:00,M01,SLEEP,2.0,0.0002,0.000194,6e-06,6e-06,0.0,4e-06,0
2026-10-02T08:02:16+00:00,M01,SLEEP,2.0,0.0002,0.000194,6e-06,6e-06,0.0,4e-06,0
2026-10-02T08:02:18+00:00,M01,SLEEP,2.0,0.0002,0.000194,6e-06,6e-06,0.0,4e-06,0
2026-10-02T08:02:20+00:00,M01,SLEEP,2.0,0.00019,0.000194,-4e-06,0.0,0.0,0.0,0
2026-10-02T08:02:22+00:00,M01,SLEEP,2.0,0.0002,0.000194,6e-06,6e-06,0.0,4e-06,0
2026-10-02T08:02:24+00:00,M01,SLEEP,2.0,0.00019,0.000194,-4e-06,0.0,0.0,0.0,0
2026-10-02T08:02:26+00:00,M01,SLEEP,2.0,0.00018,0.000194,-1.4e-05,0.0,0.0,0.0,0
2026-10-02T08:02:28+00:00,M01,SLEEP,2.0,0.0002,0.000194,6e-06,6e-06,0.0,4e-06,0
2026-10-02T08:02:30+00:00,M01,SLEEP,2.0,0.00019,0.000194,-4e-06,0.0,0.0,0.0,0
2026-10-02T08:02:32+00:00,M01,SLEEP,2.0,0.00019,0.000194,-4e-06,0.0,0.0,0.0,0
2026-10-02T08:02:34+00:00,M01,SLEEP,2.0,0.0002,0.000194,6e-06,6e-06,0.0,4e-06,0
2026-10-02T08:02:36+00:00,M01,SLEEP,2.0,0.00019,0.000194,-4e-06,0.0,0.0,0.0,0
2026-10-02T08:02:38+00:00,M01,SLEEP,2.0,0.00019,0.000194,-4e-06,0.0,0.0,0.0,0
2026-10-02T08:02:40+00:00,M01,SLEEP,2.0,0.0002,0.000194,6e-06,6e-06,0.0,4e-06,0
2026-10-02T08:02:42+00:00,M01,SLEEP,2.0,0.00019,0.000194,-4e-06,0.0,0.0,0.0,0
2026-10-02T08:02:44+00:00,M01,SLEEP,2.0,0.0002,0.000194,6e-06,6e-06,0.0,4e-06,0
2026-10-02T08:02:46+00:00,M01,SLEEP,2.0,0.0002,0.000194,6e-06,6e-06,0.0,4e-06,0
2026-10-02T08:02:48+00:00,M01,SLEEP,2.0,0.0002,0.000194,6e-06,6e-06,0.0,4e-06,0
2026-10-02T08:02:50+00:00,M01,SLEEP,2.0,0.00019,0.000194,-4e-06,0.0,0.0,0.0,0
2026-10-02T08:02:52+00:00,M01,SLEEP,2.0,0.0002,0.000194,6e-06,6e-06,0.0,4e-06,0
2026-10-02T08:02:54+00:00,M01,SLEEP,2.0,0.0002,0.000194,6e-06,6e-06,0.0,4e-06,0
2026-10-02T08:02:56+00:00,M01,SLEEP,2.0,0.00019,0.000194,-4e-06,0.0,0.0,0.0,0
2026-10-02T08:02:58+00:00,M01,SLEEP,2.0,0.0002,0.000194,6e-06,6e-06,0.0,4e-06,0
2026-10-02T08:03:00+00:00,M01,SLEEP,2.0,0.00019,0.000194,-4e-06,0.0,0.0,0.0,0
2026-10-02T08:03:02+00:00,M01,SLEEP,2.0,0.0002,0.000194,6e-06,6e-06,0.0,4e-06,0
2026-10-02T08:03:04+00:00,M01,SLEEP,2.0,0.0002,0.000194,6e-06,6e-06,0.0,4e-06,0
2026-10-02T08:03:06+00:00,M01,SLEEP,2.0,0.0002,0.000194,6e-06,6e-06,0.0,4e-06,0
2026-10-02T08:03:08+00:00,M01,SLEEP,2.0,0.0002,0.000194,6e-06,6e-06,0.0,4e-06,0
2026-10-02T08:03:10+00:00,M01,SLEEP,2.0,0.00019,0.000194,-4e-06,0.0,0.0,0.0,0
2026-10-02T08:03:12+00:00,M01,SLEEP,2.0,0.00018,0.000194,-1.4e-05,0.0,0.0,0.0,0
2026-10-02T08:03:14+00:00,M01,SLEEP,2.0,0.00019,0.000194,-4e-06,0.0,0.0,0.0,0
2026-10-02T08:03:16+00:00,M01,SLEEP,2.0,0.0002,0.000194,6e-06,6e-06,0.0,4e-06,0
2026-10-02T08:03:18+00:00,M01,SLEEP,2.0,0.0002,0.000194,6e-06,6e-06,0.0,4e-06,0
2026-10-02T08:03:20+00:00,M01,SLEEP,2.0,0.0002,0.000194,6e-06,6e-06,0.0,4e-06,0
2026-10-02T08:03:22+00:00,M01,SLEEP,2.0,0.00019,0.000194,-4e-06,0.0,0.0,0.0,0
2026-10-02T08:03:24+00:00,M01,SLEEP,2.0,0.00018,0.000194,-1.4e-05,0.0,0.0,0.0,0
2026-10-02T08:03:26+00:00,M01,SLEEP,2.0,0.0002,0.000194,6e-06,6e-06,0.0,4e-06,0
2026-10-02T08:03:28+00:00,M01,SLEEP,2.0,0.0002,0.000194,6e-06,6e-06,0.0,4e-06,0
2026-10-02T08:03:30+00:00,M01,SLEEP,2.0,0.00018,0.000194,-1.4e-05,0.0,0.0,0.0,0
2026-10-02T08:03:32+00:00,M01,SLEEP,2.0,0.00019,0.000194,-4e-06,0.0,0.0,0.0,0
2026-10-02T08:03:34+00:00,M01,SLEEP,2.0,0.0002,0.000194,6e-06,6e-06,0.0,4e-06,0
2026-10-02T08:03:36+00:00,M01,SLEEP,2.0,0.00019,0.000194,-4e-06,0.0,0.0,0.0,0
2026-10-02T08:03:38+00:00,M01,SLEEP,2.0,0.0002,0.000194,6e-06,6e-06,0.0,4e-06,0
2026-10-02T08:03:40+00:00,M01,SLEEP,2.0,0.00019,0.000194,-4e-06,0.0,0.0,0.0,0
2026-10-02T08:03:42+00:00,M01,SLEEP,2.0,0.00019,0.000194,-4e-06,0.0,0.0,0.0,0
2026-10-02T08:03:44+00:00,M01,SLEEP,2.0,0.00019,0.000194,-4e-06,0.0,0.0,0.0,0
2026-10-02T08:03:46+00:00,M01,SLEEP,2.0,0.0002,0.000194,6e-06,6e-06,0.0,4e-06,0
2026-10-02T08:03:48+00:00,M01,SLEEP,2.0,0.00019,0.000194,-4e-06,0.0,0.0,0.0,0
2026-10-02T08:03:50+00:00,M01,SLEEP,2.0,0.0002,0.000194,6e-06,6e-06,0.0,4e-06,0
2026-10-02T08:03:52+00:00,M01,SLEEP,2.0,0.00019,0.000194,-4e-06,0.0,0.0,0.0,0
2026-10-02T08:03:54+00:00,M01,SLEEP,2.0,0.0002,0.000194,6e-06,6e-06,0.0,4e-06,0
2026-10-02T08:03:56+00:00,M01,SLEEP,2.0,0.0002,0.000194,6e-06,6e-06,0.0,4e-06,0
2026-10-02T08:03:58+00:00,M01,SLEEP,2.0,0.0002,0.000194,6e-06,6e-06,0.0,4e-06,0
2026-10-02T08:04:00+00:00,M01,SLEEP,2.0,0.00019,0.000194,-4e-06,0.0,0.0,0.0,0
2026-10-02T08:04:02+00:00,M01,SLEEP,2.0,0.0002,0.000194,6e-06,6e-06,0.0,4e-06,0
2026-10-02T08:04:04+00:00,M01,SLEEP,2.0,0.00018,0.000194,-1.4e-05,0.0,0.0,0.0,0
2026-10-02T08:04:06+00:00,M01,SLEEP,2.0,0.0002,0.000194,6e-06,6e-06,0.0,4e-06,0
2026-10-02T08:04:08+00:00,M01,SLEEP,2.0,0.00019,0.000194,-4e-06,0.0,0.0,0.0,0
2026-10-02T08:04:10+00:00,M01,SLEEP,2.0,0.0002,0.000194,6e-06,6e-06,0.0,4e-06,0
2026-10-02T08:04:12+00:00,M01,SLEEP,2.0,0.00019,0.000194,-4e-06,0.0,0.0,0.0,0
2026-10-02T08:04:14+00:00,M01,SLEEP,2.0,0.00019,0.000194,-4e-06,0.0,0.0,0.0,0
2026-10-02T08:04:16+00:00,M01,SLEEP,2.0,0.00019,0.000194,-4e-06,0.0,0.0,0.0,0
2026-10-02T08:04:18+00:00,M01,SLEEP,2.0,0.00019,0.000194,-4e-06,0.0,0.0,0.0,0
2026-10-02T08:04:20+00:00,M01,SLEEP,2.0,0.00019,0.000194,-4e-06,0.0,0.0,0.0,0
2026-10-02T08:04:22+00:00,M01,SLEEP,2.0,0.00019,0.000194,-4e-06,0.0,0.0,0.0,0
2026-10-02T08:04:24+00:00,M01,SLEEP,2.0,0.00019,0.000194,-4e-06,0.0,0.0,0.0,0
2026-10-02T08:04:26+00:00,M01,SLEEP,2.0,0.0002,0.000194,6e-06,6e-06,0.0,4e-06,0
2026-10-02T08:04:28+00:00,M01,SLEEP,2.0,0.00019,0.000194,-4e-06,0.0,0.0,0.0,0
2026-10-02T08:04:30+00:00,M01,SLEEP,2.0,0.0002,0.000194,6e-06,6e-06,0.0,4e-06,0
2026-10-02T08:04:32+00:00,M01,SLEEP,2.0,0.00019,0.000194,-4e-06,0.0,0.0,0.0,0
2026-10-02T08:04:34+00:00,M01,SLEEP,2.0,0.00019,0.000194,-4e-06,0.0,0.0,0.0,0
2026-10-02T08:04:36+00:00,M01,SLEEP,2.0,0.0002,0.000194,6e-06,6e-06,0.0,4e-06,0
2026-10-02T08:04:38+00:00,M01,SLEEP,2.0,0.00019,0.000194,-4e-06,0.0,0.0,0.0,0
2026-10-02T08:04:40+00:00,M01,SLEEP,2.0,0.0002,0.000194,6e-06,6e-06,0.0,4e-06,0
2026-10-02T08:04:42+00:00,M01,SLEEP,2.0,0.0002,0.000194,6e-06,6e-06,0.0,4e-06,0
2026-10-02T08:04:44+00:00,M01,SLEEP,2.0,0.00019,0.000194,-4e-06,0.0,0.0,0.0,0
2026-10-02T08:04:46+00:00,M01,SLEEP,2.0,0.00018,0.000194,-1.4e-05,0.0,0.0,0.0,0
2026-10-02T08:04:48+00:00,M01,SLEEP,2.0,0.00019,0.000194,-4e-06,0.0,0.0,0.0,0
2026-10-02T08:04:50+00:00,M01,SLEEP,2.0,0.0002,0.000194,6e-06,6e-06,0.0,4e-06,0
2026-10-02T08:04:52+00:00,M01,SLEEP,2.0,0.00019,0.000194,-4e-06,0.0,0.0,0.0,0
2026-10-02T08:04:54+00:00,M01,SLEEP,2.0,0.00018,0.000194,-1.4e-05,0.0,0.0,0.0,0
2026-10-02T08:04:56+00:00,M01,SLEEP,2.0,0.0002,0.000194,6e-06,6e-06,0.0,4e-06,0
2026-10-02T08:04:58+00:00,M01,SLEEP,2.0,0.0002,0.000194,6e-06,6e-06,0.0,4e-06,0
2026-10-02T08:05:00+00:00,M01,SLEEP,2.0,0.0002,0.000194,6e-06,6e-06,0.0,4e-06,0
2026-10-02T08:05:02+00:00,M01,SLEEP,2.0,0.00019,0.000194,-4e-06,0.0,0.0,0.0,0
2026-10-02T08:05:04+00:00,M01,SLEEP,2.0,0.00019,0.000194,-4e-06,0.0,0.0,0.0,0
2026-10-02T08:05:06+00:00,M01,SLEEP,2.0,0.0002,0.000194,6e-06,6e-06,0.0,4e-06,0
2026-10-02T08:05:08+00:00,M01,SLEEP,2.0,0.0002,0.000194,6e-06,6e-06,0.0,4e-06,0
2026-10-02T08:05:10+00:00,M01,SLEEP,2.0,0.0002,0.000194,6e-06,6e-06,0.0,4e-06,0
2026-10-02T08:05:12+00:00,M01,SLEEP,2.0,0.00019,0.000194,-4e-06,0.0,0.0,0.0,0
2026-10-02T08:05:14+00:00,M01,SLEEP,2.0,0.00021,0.000194,1.6e-05,1.6e-05,0.0001,1.1e-05,0
2026-10-02T08:05:16+00:00,M01,SLEEP,2.0,0.00019,0.000194,-4e-06,0.0,0.0,0.0,0
2026-10-02T08:05:18+00:00,M01,SLEEP,2.0,0.0002,0.000194,6e-06,6e-06,0.0,4e-06,0
2026-10-02T08:05:20+00:00,M01,SLEEP,2.0,0.00019,0.000194,-4e-06,0.0,0.0,0.0,0
2026-10-02T08:05:22+00:00,M01,SLEEP,2.0,0.00019,0.000194,-4e-06,0.0,0.0,0.0,0
2026-10-02T08:05:24+00:00,M01,SLEEP,2.0,0.00019,0.000194,-4e-06,0.0,0.0,0.0,0
2026-10-02T08:05:26+00:00,M01,SLEEP,2.0,0.0002,0.000194,6e-06,6e-06,0.0,4e-06,0
2026-10-02T08:05:28+00:00,M01,SLEEP,2.0,0.0002,0.000194,6e-06,6e-06,0.0,4e-06,0
2026-10-02T08:05:30+00:00,M01,SLEEP,2.0,0.0002,0.000194,6e-06,6e-06,0.0,4e-06,0
2026-10-02T08:05:32+00:00,M01,SLEEP,2.0,0.00021,0.000194,1.6e-05,1.6e-05,0.0001,1.1e-05,0
2026-10-02T08:05:34+00:00,M01,SLEEP,2.0,0.00019,0.000194,-4e-06,0.0,0.0,0.0,0
2026-10-02T08:05:36+00:00,M01,SLEEP,2.0,0.00021,0.000194,1.6e-05,1.6e-05,0.0001,1.1e-05,0
2026-10-02T08:05:38+00:00,M01,SLEEP,2.0,0.00019,0.000194,-4e-06,0.0,0.0,0.0,0
2026-10-02T08:05:40+00:00,M01,SLEEP,2.0,0.00019,0.000194,-4e-06,0.0,0.0,0.0,0
2026-10-02T08:05:42+00:00,M01,SLEEP,2.0,0.0002,0.000194,6e-06,6e-06,0.0,4e-06,0
2026-10-02T08:05:44+00:00,M01,SLEEP,2.0,0.0002,0.000194,6e-06,6e-06,0.0,4e-06,0
2026-10-02T08:05:46+00:00,M01,SLEEP,2.0,0.00019,0.000194,-4e-06,0.0,0.0,0.0,0
2026-10-02T08:05:48+00:00,M01,SLEEP,2.0,0.00019,0.000194,-4e-06,0.0,0.0,0.0,0
2026-10-02T08:05:50+00:00,M01,SLEEP,2.0,0.00019,0.000194,-4e-06,0.0,0.0,0.0,0
2026-10-02T08:05:52+00:00,M01,SLEEP,2.0,0.00019,0.000194,-4e-06,0.0,0.0,0.0,0
2026-10-02T08:05:54+00:00,M01,SLEEP,2.0,0.0002,0.000194,6e-06,6e-06,0.0,4e-06,0
2026-10-02T08:05:56+00:00,M01,SLEEP,2.0,0.0002,0.000194,6e-06,6e-06,0.0,4e-06,0
2026-10-02T08:05:58+00:00,M01,SLEEP,2.0,0.00019,0.000194,-4e-06,0.0,0.0,0.0,0
2026-10-02T08:06:00+00:00,M01,SLEEP,2.0,0.00019,0.000194,-4e-06,0.0,0.0,0.0,0
2026-10-02T08:06:02+00:00,M01,RUNNING,2.0,0.00419,0.003542,0.000648,0.000648,0.0052,0.000464,1
2026-10-02T08:06:04+00:00,M01,RUNNING,2.0,0.00423,0.003542,0.000688,0.000688,0.0055,0.000493,0
2026-10-02T08:06:06+00:00,M01,RUNNING,2.0,0.00411,0.003542,0.000568,0.000568,0.0045,0.000407,0
2026-10-02T08:06:08+00:00,M01,RUNNING,2.0,0.00433,0.003542,0.000788,0.000788,0.0063,0.000564,0
2026-10-02T08:06:10+00:00,M01,RUNNING,2.0,0.00427,0.003542,0.000728,0.000728,0.0058,0.000521,0
2026-10-02T08:06:12+00:00,M01,RUNNING,2.0,0.00415,0.003542,0.000608,0.000608,0.0049,0.000436,0
2026-10-02T08:06:14+00:00,M01,RUNNING,2.0,0.00442,0.003542,0.000878,0.000878,0.007,0.000629,0
2026-10-02T08:06:16+00:00,M01,RUNNING,2.0,0.00426,0.003542,0.000718,0.000718,0.0057,0.000514,0
2026-10-02T08:06:18+00:00,M01,RUNNING,2.0,0.00415,0.003542,0.000608,0.000608,0.0049,0.000436,0
2026-10-02T08:06:20+00:00,M01,RUNNING,2.0,0.00414,0.003542,0.000598,0.000598,0.0048,0.000428,0
2026-10-02T08:06:22+00:00,M01,RUNNING,2.0,0.00423,0.003542,0.000688,0.000688,0.0055,0.000493,0
2026-10-02T08:06:24+00:00,M01,RUNNING,2.0,0.0041,0.003542,0.000558,0.000558,0.0045,0.0004,0
2026-10-02T08:06:26+00:00,M01,RUNNING,2.0,0.00433,0.003542,0.000788,0.000788,0.0063,0.000564,0
2026-10-02T08:06:28+00:00,M01,RUNNING,2.0,0.00437,0.003542,0.000828,0.000828,0.0066,0.000593,0
2026-10-02T08:06:30+00:00,M01,RUNNING,2.0,0.00417,0.003542,0.000628,0.000628,0.005,0.00045,0
2026-10-02T08:06:32+00:00,M01,RUNNING,2.0,0.00412,0.003542,0.000578,0.000578,0.0046,0.000414,1
2026-10-02T08:06:34+00:00,M01,RUNNING,2.0,0.0043,0.003542,0.000758,0.000758,0.0061,0.000543,0
2026-10-02T08:06:36+00:00,M01,RUNNING,2.0,0.00422,0.003542,0.000678,0.000678,0.0054,0.000486,0
2026-10-02T08:06:38+00:00,M01,RUNNING,2.0,0.00435,0.003542,0.000808,0.000808,0.0065,0.000579,0
2026-10-02T08:06:40+00:00,M01,RUNNING,2.0,0.00413,0.003542,0.000588,0.000588,0.0047,0.000421,0
2026-10-02T08:06:42+00:00,M01,RUNNING,2.0,0.00416,0.003542,0.000618,0.000618,0.0049,0.000443,0
2026-10-02T08:06:44+00:00,M01,RUNNING,2.0,0.00428,0.003542,0.000738,0.000738,0.0059,0.000529,0
2026-10-02T08:06:46+00:00,M01,RUNNING,2.0,0.00432,0.003542,0.000778,0.000778,0.0062,0.000557,0
2026-10-02T08:06:48+00:00,M01,RUNNING,2.0,0.00435,0.003542,0.000808,0.000808,0.0065,0.000579,0
2026-10-02T08:06:50+00:00,M01,RUNNING,2.0,0.00423,0.003542,0.000688,0.000688,0.0055,0.000493,0
2026-10-02T08:06:52+00:00,M01,RUNNING,2.0,0.00441,0.003542,0.000868,0.000868,0.0069,0.000622,0
2026-10-02T08:06:54+00:00,M01,RUNNING,2.0,0.00442,0.003542,0.000878,0.000878,0.007,0.000629,0
2026-10-02T08:06:56+00:00,M01,RUNNING,2.0,0.00416,0.003542,0.000618,0.000618,0.0049,0.000443,0
2026-10-02T08:06:58+00:00,M01,RUNNING,2.0,0.00435,0.003542,0.000808,0.000808,0.0065,0.000579,0
2026-10-02T08:07:00+00:00,M01,RUNNING,2.0,0.00437,0.003542,0.000828,0.000828,0.0066,0.000593,0
2026-10-02T08:07:02+00:00,M01,IDLE,2.0,0.00074,0.00075,-1e-05,0.0,0.0,0.0,0
2026-10-02T08:07:04+00:00,M01,IDLE,2.0,0.00078,0.00075,3e-05,3e-05,0.0002,2.1e-05,0
2026-10-02T08:07:06+00:00,M01,IDLE,2.0,0.00078,0.00075,3e-05,3e-05,0.0002,2.1e-05,0
2026-10-02T08:07:08+00:00,M01,IDLE,2.0,0.00077,0.00075,2e-05,2e-05,0.0002,1.4e-05,0
2026-10-02T08:07:10+00:00,M01,IDLE,2.0,0.00071,0.00075,-4e-05,0.0,0.0,0.0,0
2026-10-02T08:07:12+00:00,M01,IDLE,2.0,0.00073,0.00075,-2e-05,0.0,0.0,0.0,0
2026-10-02T08:07:14+00:00,M01,IDLE,2.0,0.00076,0.00075,1e-05,1e-05,0.0001,7e-06,0
2026-10-02T08:07:16+00:00,M01,IDLE,2.0,0.00078,0.00075,3e-05,3e-05,0.0002,2.1e-05,0
2026-10-02T08:07:18+00:00,M01,IDLE,2.0,0.00076,0.00075,1e-05,1e-05,0.0001,7e-06,0
2026-10-02T08:07:20+00:00,M01,IDLE,2.0,0.00078,0.00075,3e-05,3e-05,0.0002,2.1e-05,0
2026-10-02T08:07:22+00:00,M01,IDLE,2.0,0.00072,0.00075,-3e-05,0.0,0.0,0.0,0
2026-10-02T08:07:24+00:00,M01,IDLE,2.0,0.00077,0.00075,2e-05,2e-05,0.0002,1.4e-05,0
2026-10-02T08:07:26+00:00,M01,IDLE,2.0,0.00076,0.00075,1e-05,1e-05,0.0001,7e-06,0
2026-10-02T08:07:28+00:00,M01,IDLE,2.0,0.00076,0.00075,1e-05,1e-05,0.0001,7e-06,0
2026-10-02T08:07:30+00:00,M01,IDLE,2.0,0.00072,0.00075,-3e-05,0.0,0.0,0.0,0
2026-10-02T08:07:32+00:00,M01,IDLE,2.0,0.00078,0.00075,3e-05,3e-05,0.0002,2.1e-05,0
2026-10-02T08:07:34+00:00,M01,IDLE,2.0,0.00074,0.00075,-1e-05,0.0,0.0,0.0,0
2026-10-02T08:07:36+00:00,M01,IDLE,2.0,0.00071,0.00075,-4e-05,0.0,0.0,0.0,0
2026-10-02T08:07:38+00:00,M01,IDLE,2.0,0.00077,0.00075,2e-05,2e-05,0.0002,1.4e-05,0
2026-10-02T08:07:40+00:00,M01,IDLE,2.0,0.00071,0.00075,-4e-05,0.0,0.0,0.0,0
2026-10-02T08:07:42+00:00,M01,IDLE,2.0,0.00076,0.00075,1e-05,1e-05,0.0001,7e-06,0
2026-10-02T08:07:44+00:00,M01,IDLE,2.0,0.00076,0.00075,1e-05,1e-05,0.0001,7e-06,0
2026-10-02T08:07:46+00:00,M01,IDLE,2.0,0.00077,0.00075,2e-05,2e-05,0.0002,1.4e-05,0
2026-10-02T08:07:48+00:00,M01,IDLE,2.0,0.00073,0.00075,-2e-05,0.0,0.0,0.0,0
2026-10-02T08:07:50+00:00,M01,IDLE,2.0,0.00075,0.00075,-0.0,0.0,0.0,0.0,0
2026-10-02T08:07:52+00:00,M01,IDLE,2.0,0.00074,0.00075,-1e-05,0.0,0.0,0.0,0
2026-10-02T08:07:54+00:00,M01,IDLE,2.0,0.00075,0.00075,0.0,0.0,0.0,0.0,0
2026-10-02T08:07:56+00:00,M01,IDLE,2.0,0.00075,0.00075,-0.0,0.0,0.0,0.0,0
2026-10-02T08:07:58+00:00,M01,IDLE,2.0,0.00076,0.00075,1e-05,1e-05,0.0001,7e-06,0
2026-10-02T08:08:00+00:00,M01,IDLE,2.0,0.00079,0.00075,4e-05,4e-05,0.0003,2.9e-05,0
2026-10-02T08:08:02+00:00,M01,SLEEP,2.0,0.00018,0.000194,-1.4e-05,0.0,0.0,0.0,0
2026-10-02T08:08:04+00:00,M01,SLEEP,2.0,0.00019,0.000194,-4e-06,0.0,0.0,0.0,0
2026-10-02T08:08:06+00:00,M01,SLEEP,2.0,0.0002,0.000194,6e-06,6e-06,0.0,4e-06,0
2026-10-02T08:08:08+00:00,M01,SLEEP,2.0,0.0002,0.000194,6e-06,6e-06,0.0,4e-06,0
2026-10-02T08:08:10+00:00,M01,SLEEP,2.0,0.00019,0.000194,-4e-06,0.0,0.0,0.0,0
2026-10-02T08:08:12+00:00,M01,SLEEP,2.0,0.0002,0.000194,6e-06,6e-06,0.0,4e-06,0
2026-10-02T08:08:14+00:00,M01,SLEEP,2.0,0.0002,0.000194,6e-06,6e-06,0.0,4e-06,0
2026-10-02T08:08:16+00:00,M01,SLEEP,2.0,0.00019,0.000194,-4e-06,0.0,0.0,0.0,0
2026-10-02T08:08:18+00:00,M01,SLEEP,2.0,0.0002,0.000194,6e-06,6e-06,0.0,4e-06,0
2026-10-02T08:08:20+00:00,M01,SLEEP,2.0,0.00019,0.000194,-4e-06,0.0,0.0,0.0,0
2026-10-02T08:08:22+00:00,M01,SLEEP,2.0,0.0002,0.000194,6e-06,6e-06,0.0,4e-06,0
2026-10-02T08:08:24+00:00,M01,SLEEP,2.0,0.00019,0.000194,-4e-06,0.0,0.0,0.0,0
2026-10-02T08:08:26+00:00,M01,SLEEP,2.0,0.0002,0.000194,6e-06,6e-06,0.0,4e-06,0
2026-10-02T08:08:28+00:00,M01,SLEEP,2.0,0.0002,0.000194,6e-06,6e-06,0.0,4e-06,0
2026-10-02T08:08:30+00:00,M01,SLEEP,2.0,0.0002,0.000194,6e-06,6e-06,0.0,4e-06,0
2026-10-02T08:08:32+00:00,M01,SLEEP,2.0,0.0002,0.000194,6e-06,6e-06,0.0,4e-06,0
2026-10-02T08:08:34+00:00,M01,SLEEP,2.0,0.0002,0.000194,6e-06,6e-06,0.0,4e-06,0
2026-10-02T08:08:36+00:00,M01,SLEEP,2.0,0.00019,0.000194,-4e-06,0.0,0.0,0.0,0
2026-10-02T08:08:38+00:00,M01,SLEEP,2.0,0.00019,0.000194,-4e-06,0.0,0.0,0.0,0
2026-10-02T08:08:40+00:00,M01,SLEEP,2.0,0.00019,0.000194,-4e-06,0.0,0.0,0.0,0
2026-10-02T08:08:42+00:00,M01,SLEEP,2.0,0.00019,0.000194,-4e-06,0.0,0.0,0.0,0
2026-10-02T08:08:44+00:00,M01,SLEEP,2.0,0.0002,0.000194,6e-06,6e-06,0.0,4e-06,0
2026-10-02T08:08:46+00:00,M01,SLEEP,2.0,0.00019,0.000194,-4e-06,0.0,0.0,0.0,0
2026-10-02T08:08:48+00:00,M01,SLEEP,2.0,0.00019,0.000194,-4e-06,0.0,0.0,0.0,0
2026-10-02T08:08:50+00:00,M01,SLEEP,2.0,0.0002,0.000194,6e-06,6e-06,0.0,4e-06,0
2026-10-02T08:08:52+00:00,M01,SLEEP,2.0,0.0002,0.000194,6e-06,6e-06,0.0,4e-06,0
2026-10-02T08:08:54+00:00,M01,SLEEP,2.0,0.00019,0.000194,-4e-06,0.0,0.0,0.0,0
2026-10-02T08:08:56+00:00,M01,SLEEP,2.0,0.00019,0.000194,-4e-06,0.0,0.0,0.0,0
2026-10-02T08:08:58+00:00,M01,SLEEP,2.0,0.0002,0.000194,6e-06,6e-06,0.0,4e-06,0
2026-10-02T08:09:00+00:00,M01,SLEEP,2.0,0.00019,0.000194,-4e-06,0.0,0.0,0.0,0
2026-10-02T08:09:02+00:00,M01,SLEEP,2.0,0.00019,0.000194,-4e-06,0.0,0.0,0.0,0
2026-10-02T08:09:04+00:00,M01,SLEEP,2.0,0.00019,0.000194,-4e-06,0.0,0.0,0.0,0
2026-10-02T08:09:06+00:00,M01,SLEEP,2.0,0.0002,0.000194,6e-06,6e-06,0.0,4e-06,0
2026-10-02T08:09:08+00:00,M01,SLEEP,2.0,0.00019,0.000194,-4e-06,0.0,0.0,0.0,0
2026-10-02T08:09:10+00:00,M01,SLEEP,2.0,0.00019,0.000194,-4e-06,0.0,0.0,0.0,0
2026-10-02T08:09:12+00:00,M01,SLEEP,2.0,0.00018,0.000194,-1.4e-05,0.0,0.0,0.0,0
2026-10-02T08:09:14+00:00,M01,SLEEP,2.0,0.0002,0.000194,6e-06,6e-06,0.0,4e-06,0
2026-10-02T08:09:16+00:00,M01,SLEEP,2.0,0.0002,0.000194,6e-06,6e-06,0.0,4e-06,0
2026-10-02T08:09:18+00:00,M01,SLEEP,2.0,0.00019,0.000194,-4e-06,0.0,0.0,0.0,0
2026-10-02T08:09:20+00:00,M01,SLEEP,2.0,0.00019,0.000194,-4e-06,0.0,0.0,0.0,0
2026-10-02T08:09:22+00:00,M01,SLEEP,2.0,0.00019,0.000194,-4e-06,0.0,0.0,0.0,0
2026-10-02T08:09:24+00:00,M01,SLEEP,2.0,0.00019,0.000194,-4e-06,0.0,0.0,0.0,0
2026-10-02T08:09:26+00:00,M01,SLEEP,2.0,0.00018,0.000194,-1.4e-05,0.0,0.0,0.0,0
2026-10-02T08:09:28+00:00,M01,SLEEP,2.0,0.00019,0.000194,-4e-06,0.0,0.0,0.0,0
2026-10-02T08:09:30+00:00,M01,SLEEP,2.0,0.0002,0.000194,6e-06,6e-06,0.0,4e-06,0
2026-10-02T08:09:32+00:00,M01,SLEEP,2.0,0.0002,0.000194,6e-06,6e-06,0.0,4e-06,0
2026-10-02T08:09:34+00:00,M01,SLEEP,2.0,0.00019,0.000194,-4e-06,0.0,0.0,0.0,0
2026-10-02T08:09:36+00:00,M01,SLEEP,2.0,0.00019,0.000194,-4e-06,0.0,0.0,0.0,0
2026-10-02T08:09:38+00:00,M01,SLEEP,2.0,0.00019,0.000194,-4e-06,0.0,0.0,0.0,0
2026-10-02T08:09:40+00:00,M01,SLEEP,2.0,0.00019,0.000194,-4e-06,0.0,0.0,0.0,0
2026-10-02T08:09:42+00:00,M01,SLEEP,2.0,0.0002,0.000194,6e-06,6e-06,0.0,4e-06,0
2026-10-02T08:09:44+00:00,M01,SLEEP,2.0,0.00019,0.000194,-4e-06,0.0,0.0,0.0,0
2026-10-02T08:09:46+00:00,M01,SLEEP,2.0,0.0002,0.000194,6e-06,6e-06,0.0,4e-06,0
2026-10-02T08:09:48+00:00,M01,SLEEP,2.0,0.0002,0.000194,6e-06,6e-06,0.0,4e-06,0
2026-10-02T08:09:50+00:00,M01,SLEEP,2.0,0.00019,0.000194,-4e-06,0.0,0.0,0.0,0
2026-10-02T08:09:52+00:00,M01,SLEEP,2.0,0.0002,0.000194,6e-06,6e-06,0.0,4e-06,0
2026-10-02T08:09:54+00:00,M01,SLEEP,2.0,0.0002,0.000194,6e-06,6e-06,0.0,4e-06,0
2026-10-02T08:09:56+00:00,M01,SLEEP,2.0,0.00019,0.000194,-4e-06,0.0,0.0,0.0,0
2026-10-02T08:09:58+00:00,M01,SLEEP,2.0,0.0002,0.000194,6e-06,6e-06,0.0,4e-06,0
2026-10-02T08:10:00+00:00,M01,SLEEP,2.0,0.0002,0.000194,6e-06,6e-06,0.0,4e-06,0
2026-10-02T08:10:02+00:00,M01,SLEEP,2.0,0.00019,0.000194,-4e-06,0.0,0.0,0.0,0
2026-10-02T08:10:04+00:00,M01,SLEEP,2.0,0.00019,0.000194,-4e-06,0.0,0.0,0.0,0
2026-10-02T08:10:06+00:00,M01,SLEEP,2.0,0.00019,0.000194,-4e-06,0.0,0.0,0.0,0
2026-10-02T08:10:08+00:00,M01,SLEEP,2.0,0.0002,0.000194,6e-06,6e-06,0.0,4e-06,0
2026-10-02T08:10:10+00:00,M01,SLEEP,2.0,0.00019,0.000194,-4e-06,0.0,0.0,0.0,0
2026-10-02T08:10:12+00:00,M01,SLEEP,2.0,0.00019,0.000194,-4e-06,0.0,0.0,0.0,0
2026-10-02T08:10:14+00:00,M01,SLEEP,2.0,0.00019,0.000194,-4e-06,0.0,0.0,0.0,0
2026-10-02T08:10:16+00:00,M01,SLEEP,2.0,0.0002,0.000194,6e-06,6e-06,0.0,4e-06,0
2026-10-02T08:10:18+00:00,M01,SLEEP,2.0,0.0002,0.000194,6e-06,6e-06,0.0,4e-06,0
2026-10-02T08:10:20+00:00,M01,SLEEP,2.0,0.0002,0.000194,6e-06,6e-06,0.0,4e-06,0
2026-10-02T08:10:22+00:00,M01,SLEEP,2.0,0.00019,0.000194,-4e-06,0.0,0.0,0.0,0
2026-10-02T08:10:24+00:00,M01,SLEEP,2.0,0.0002,0.000194,6e-06,6e-06,0.0,4e-06,0
2026-10-02T08:10:26+00:00,M01,SLEEP,2.0,0.0002,0.000194,6e-06,6e-06,0.0,4e-06,0
2026-10-02T08:10:28+00:00,M01,SLEEP,2.0,0.0002,0.000194,6e-06,6e-06,0.0,4e-06,0
2026-10-02T08:10:30+00:00,M01,SLEEP,2.0,0.00019,0.000194,-4e-06,0.0,0.0,0.0,0
2026-10-02T08:10:32+00:00,M01,SLEEP,2.0,0.0002,0.000194,6e-06,6e-06,0.0,4e-06,0
2026-10-02T08:10:34+00:00,M01,SLEEP,2.0,0.0002,0.000194,6e-06,6e-06,0.0,4e-06,0
2026-10-02T08:10:36+00:00,M01,SLEEP,2.0,0.00019,0.000194,-4e-06,0.0,0.0,0.0,0
2026-10-02T08:10:38+00:00,M01,SLEEP,2.0,0.00019,0.000194,-4e-06,0.0,0.0,0.0,0
2026-10-02T08:10:40+00:00,M01,SLEEP,2.0,0.00021,0.000194,1.6e-05,1.6e-05,0.0001,1.1e-05,0
2026-10-02T08:10:42+00:00,M01,SLEEP,2.0,0.00019,0.000194,-4e-06,0.0,0.0,0.0,0
2026-10-02T08:10:44+00:00,M01,SLEEP,2.0,0.0002,0.000194,6e-06,6e-06,0.0,4e-06,0
2026-10-02T08:10:46+00:00,M01,SLEEP,2.0,0.00019,0.000194,-4e-06,0.0,0.0,0.0,0
2026-10-02T08:10:48+00:00,M01,SLEEP,2.0,0.0002,0.000194,6e-06,6e-06,0.0,4e-06,0
2026-10-02T08:10:50+00:00,M01,SLEEP,2.0,0.0002,0.000194,6e-06,6e-06,0.0,4e-06,0
2026-10-02T08:10:52+00:00,M01,SLEEP,2.0,0.0002,0.000194,6e-06,6e-06,0.0,4e-06,0
2026-10-02T08:10:54+00:00,M01,SLEEP,2.0,0.00019,0.000194,-4e-06,0.0,0.0,0.0,0
2026-10-02T08:10:56+00:00,M01,SLEEP,2.0,0.0002,0.000194,6e-06,6e-06,0.0,4e-06,0
2026-10-02T08:10:58+00:00,M01,SLEEP,2.0,0.0002,0.000194,6e-06,6e-06,0.0,4e-06,0
2026-10-02T08:11:00+00:00,M01,SLEEP,2.0,0.0002,0.000194,6e-06,6e-06,0.0,4e-06,0
2026-10-02T08:11:02+00:00,M01,SLEEP,2.0,0.0002,0.000194,6e-06,6e-06,0.0,4e-06,0
2026-10-02T08:11:04+00:00,M01,SLEEP,2.0,0.0002,0.000194,6e-06,6e-06,0.0,4e-06,0
2026-10-02T08:11:06+00:00,M01,SLEEP,2.0,0.00019,0.000194,-4e-06,0.0,0.0,0.0,0
2026-10-02T08:11:08+00:00,M01,SLEEP,2.0,0.0002,0.000194,6e-06,6e-06,0.0,4e-06,0
2026-10-02T08:11:10+00:00,M01,SLEEP,2.0,0.0002,0.000194,6e-06,6e-06,0.0,4e-06,0
2026-10-02T08:11:12+00:00,M01,SLEEP,2.0,0.00019,0.000194,-4e-06,0.0,0.0,0.0,0
2026-10-02T08:11:14+00:00,M01,SLEEP,2.0,0.00021,0.000194,1.6e-05,1.6e-05,0.0001,1.1e-05,0
2026-10-02T08:11:16+00:00,M01,SLEEP,2.0,0.00019,0.000194,-4e-06,0.0,0.0,0.0,0
2026-10-02T08:11:18+00:00,M01,SLEEP,2.0,0.00019,0.000194,-4e-06,0.0,0.0,0.0,0
2026-10-02T08:11:20+00:00,M01,SLEEP,2.0,0.0002,0.000194,6e-06,6e-06,0.0,4e-06,0
2026-10-02T08:11:22+00:00,M01,SLEEP,2.0,0.00019,0.000194,-4e-06,0.0,0.0,0.0,0
2026-10-02T08:11:24+00:00,M01,SLEEP,2.0,0.0002,0.000194,6e-06,6e-06,0.0,4e-06,0
2026-10-02T08:11:26+00:00,M01,SLEEP,2.0,0.00019,0.000194,-4e-06,0.0,0.0,0.0,0
2026-10-02T08:11:28+00:00,M01,SLEEP,2.0,0.00019,0.000194,-4e-06,0.0,0.0,0.0,0
2026-10-02T08:11:30+00:00,M01,SLEEP,2.0,0.00019,0.000194,-4e-06,0.0,0.0,0.0,0
2026-10-02T08:11:32+00:00,M01,SLEEP,2.0,0.0002,0.000194,6e-06,6e-06,0.0,4e-06,0
2026-10-02T08:11:34+00:00,M01,SLEEP,2.0,0.00021,0.000194,1.6e-05,1.6e-05,0.0001,1.1e-05,0
2026-10-02T08:11:36+00:00,M01,SLEEP,2.0,0.00019,0.000194,-4e-06,0.0,0.0,0.0,0
2026-10-02T08:11:38+00:00,M01,SLEEP,2.0,0.0002,0.000194,6e-06,6e-06,0.0,4e-06,0
2026-10-02T08:11:40+00:00,M01,SLEEP,2.0,0.00019,0.000194,-4e-06,0.0,0.0,0.0,0
2026-10-02T08:11:42+00:00,M01,SLEEP,2.0,0.0002,0.000194,6e-06,6e-06,0.0,4e-06,0
2026-10-02T08:11:44+00:00,M01,SLEEP,2.0,0.0002,0.000194,6e-06,6e-06,0.0,4e-06,0
2026-10-02T08:11:46+00:00,M01,SLEEP,2.0,0.0002,0.000194,6e-06,6e-06,0.0,4e-06,0
2026-10-02T08:11:48+00:00,M01,SLEEP,2.0,0.00019,0.000194,-4e-06,0.0,0.0,0.0,0
2026-10-02T08:11:50+00:00,M01,SLEEP,2.0,0.0002,0.000194,6e-06,6e-06,0.0,4e-06,0
2026-10-02T08:11:52+00:00,M01,SLEEP,2.0,0.00019,0.000194,-4e-06,0.0,0.0,0.0,0
2026-10-02T08:11:54+00:00,M01,SLEEP,2.0,0.0002,0.000194,6e-06,6e-06,0.0,4e-06,0
2026-10-02T08:11:56+00:00,M01,SLEEP,2.0,0.00019,0.000194,-4e-06,0.0,0.0,0.0,0
2026-10-02T08:11:58+00:00,M01,SLEEP,2.0,0.0002,0.000194,6e-06,6e-06,0.0,4e-06,0
2026-10-02T08:12:00+00:00,M01,SLEEP,2.0,0.0002,0.000194,6e-06,6e-06,0.0,4e-06,0
2026-10-02T08:12:02+00:00,M01,RUNNING,2.0,0.00408,0.003542,0.000538,0.000538,0.0043,0.000385,1
2026-10-02T08:12:04+00:00,M01,RUNNING,2.0,0.00438,0.003542,0.000838,0.000838,0.0067,0.0006,0
2026-10-02T08:12:06+00:00,M01,RUNNING,2.0,0.0044,0.003542,0.000858,0.000858,0.0069,0.000615,0
2026-10-02T08:12:08+00:00,M01,RUNNING,2.0,0.00418,0.003542,0.000638,0.000638,0.0051,0.000457,0
2026-10-02T08:12:10+00:00,M01,RUNNING,2.0,0.00428,0.003542,0.000738,0.000738,0.0059,0.000529,0
2026-10-02T08:12:12+00:00,M01,RUNNING,2.0,0.00411,0.003542,0.000568,0.000568,0.0045,0.000407,0
2026-10-02T08:12:14+00:00,M01,RUNNING,2.0,0.00422,0.003542,0.000678,0.000678,0.0054,0.000486,0
2026-10-02T08:12:16+00:00,M01,RUNNING,2.0,0.0043,0.003542,0.000758,0.000758,0.0061,0.000543,0
2026-10-02T08:12:18+00:00,M01,RUNNING,2.0,0.00437,0.003542,0.000828,0.000828,0.0066,0.000593,0
2026-10-02T08:12:20+00:00,M01,RUNNING,2.0,0.00431,0.003542,0.000768,0.000768,0.0061,0.00055,0
2026-10-02T08:12:22+00:00,M01,RUNNING,2.0,0.0041,0.003542,0.000558,0.000558,0.0045,0.0004,0
2026-10-02T08:12:24+00:00,M01,RUNNING,2.0,0.00425,0.003542,0.000708,0.000708,0.0057,0.000507,0
2026-10-02T08:12:26+00:00,M01,RUNNING,2.0,0.00412,0.003542,0.000578,0.000578,0.0046,0.000414,0
2026-10-02T08:12:28+00:00,M01,RUNNING,2.0,0.00432,0.003542,0.000778,0.000778,0.0062,0.000557,0
2026-10-02T08:12:30+00:00,M01,RUNNING,2.0,0.00424,0.003542,0.000698,0.000698,0.0056,0.0005,0
2026-10-02T08:12:32+00:00,M01,RUNNING,2.0,0.00432,0.003542,0.000778,0.000778,0.0062,0.000557,1
2026-10-02T08:12:34+00:00,M01,RUNNING,2.0,0.00412,0.003542,0.000578,0.000578,0.0046,0.000414,0
2026-10-02T08:12:36+00:00,M01,RUNNING,2.0,0.00415,0.003542,0.000608,0.000608,0.0049,0.000436,0
2026-10-02T08:12:38+00:00,M01,RUNNING,2.0,0.00416,0.003542,0.000618,0.000618,0.0049,0.000443,0
2026-10-02T08:12:40+00:00,M01,RUNNING,2.0,0.00412,0.003542,0.000578,0.000578,0.0046,0.000414,0
2026-10-02T08:12:42+00:00,M01,RUNNING,2.0,0.00426,0.003542,0.000718,0.000718,0.0057,0.000514,0
2026-10-02T08:12:44+00:00,M01,RUNNING,2.0,0.00439,0.003542,0.000848,0.000848,0.0068,0.000607,0
2026-10-02T08:12:46+00:00,M01,RUNNING,2.0,0.00425,0.003542,0.000708,0.000708,0.0057,0.000507,0
2026-10-02T08:12:48+00:00,M01,RUNNING,2.0,0.00412,0.003542,0.000578,0.000578,0.0046,0.000414,0
2026-10-02T08:12:50+00:00,M01,RUNNING,2.0,0.00426,0.003542,0.000718,0.000718,0.0057,0.000514,0
2026-10-02T08:12:52+00:00,M01,RUNNING,2.0,0.00432,0.003542,0.000778,0.000778,0.0062,0.000557,0
2026-10-02T08:12:54+00:00,M01,RUNNING,2.0,0.0042,0.003542,0.000658,0.000658,0.0053,0.000471,0
2026-10-02T08:12:56+00:00,M01,RUNNING,2.0,0.0044,0.003542,0.000858,0.000858,0.0069,0.000615,0
2026-10-02T08:12:58+00:00,M01,RUNNING,2.0,0.00439,0.003542,0.000848,0.000848,0.0068,0.000607,0
2026-10-02T08:13:00+00:00,M01,RUNNING,2.0,0.00433,0.003542,0.000788,0.000788,0.0063,0.000564,0
2026-10-02T08:13:02+00:00,M01,IDLE,2.0,0.00073,0.00075,-2e-05,0.0,0.0,0.0,0
2026-10-02T08:13:04+00:00,M01,IDLE,2.0,0.00071,0.00075,-4e-05,0.0,0.0,0.0,0
2026-10-02T08:13:06+00:00,M01,IDLE,2.0,0.00075,0.00075,0.0,0.0,0.0,0.0,0
2026-10-02T08:13:08+00:00,M01,IDLE,2.0,0.00076,0.00075,1e-05,1e-05,0.0001,7e-06,0
2026-10-02T08:13:10+00:00,M01,IDLE,2.0,0.00077,0.00075,2e-05,2e-05,0.0002,1.4e-05,0
2026-10-02T08:13:12+00:00,M01,IDLE,2.0,0.00077,0.00075,2e-05,2e-05,0.0002,1.4e-05,0
2026-10-02T08:13:14+00:00,M01,IDLE,2.0,0.00073,0.00075,-2e-05,0.0,0.0,0.0,0
2026-10-02T08:13:16+00:00,M01,IDLE,2.0,0.00074,0.00075,-1e-05,0.0,0.0,0.0,0
2026-10-02T08:13:18+00:00,M01,IDLE,2.0,0.00076,0.00075,1e-05,1e-05,0.0001,7e-06,0
2026-10-02T08:13:20+00:00,M01,IDLE,2.0,0.00075,0.00075,0.0,0.0,0.0,0.0,0
2026-10-02T08:13:22+00:00,M01,IDLE,2.0,0.00079,0.00075,4e-05,4e-05,0.0003,2.9e-05,0
2026-10-02T08:13:24+00:00,M01,IDLE,2.0,0.00077,0.00075,2e-05,2e-05,0.0002,1.4e-05,0
2026-10-02T08:13:26+00:00,M01,IDLE,2.0,0.00075,0.00075,-0.0,0.0,0.0,0.0,0
2026-10-02T08:13:28+00:00,M01,IDLE,2.0,0.00073,0.00075,-2e-05,0.0,0.0,0.0,0
2026-10-02T08:13:30+00:00,M01,IDLE,2.0,0.00072,0.00075,-3e-05,0.0,0.0,0.0,0
2026-10-02T08:13:32+00:00,M01,IDLE,2.0,0.00072,0.00075,-3e-05,0.0,0.0,0.0,0
2026-10-02T08:13:34+00:00,M01,IDLE,2.0,0.00078,0.00075,3e-05,3e-05,0.0002,2.1e-05,0
2026-10-02T08:13:36+00:00,M01,IDLE,2.0,0.00073,0.00075,-2e-05,0.0,0.0,0.0,0
2026-10-02T08:13:38+00:00,M01,IDLE,2.0,0.00079,0.00075,4e-05,4e-05,0.0003,2.9e-05,0
2026-10-02T08:13:40+00:00,M01,IDLE,2.0,0.00076,0.00075,1e-05,1e-05,0.0001,7e-06,0
2026-10-02T08:13:42+00:00,M01,IDLE,2.0,0.00074,0.00075,-1e-05,0.0,0.0,0.0,0
2026-10-02T08:13:44+00:00,M01,IDLE,2.0,0.00071,0.00075,-4e-05,0.0,0.0,0.0,0
2026-10-02T08:13:46+00:00,M01,IDLE,2.0,0.00072,0.00075,-3e-05,0.0,0.0,0.0,0
2026-10-02T08:13:48+00:00,M01,IDLE,2.0,0.00077,0.00075,2e-05,2e-05,0.0002,1.4e-05,0
2026-10-02T08:13:50+00:00,M01,IDLE,2.0,0.00078,0.00075,3e-05,3e-05,0.0002,2.1e-05,0
2026-10-02T08:13:52+00:00,M01,IDLE,2.0,0.00078,0.00075,3e-05,3e-05,0.0002,2.1e-05,0
2026-10-02T08:13:54+00:00,M01,IDLE,2.0,0.00071,0.00075,-4e-05,0.0,0.0,0.0,0
2026-10-02T08:13:56+00:00,M01,IDLE,2.0,0.00074,0.00075,-1e-05,0.0,0.0,0.0,0
2026-10-02T08:13:58+00:00,M01,IDLE,2.0,0.00076,0.00075,1e-05,1e-05,0.0001,7e-06,0
2026-10-02T08:14:00+00:00,M01,IDLE,2.0,0.00072,0.00075,-3e-05,0.0,0.0,0.0,0
2026-10-02T08:14:02+00:00,M01,SLEEP,2.0,0.00019,0.000194,-4e-06,0.0,0.0,0.0,0
2026-10-02T08:14:04+00:00,M01,SLEEP,2.0,0.0002,0.000194,6e-06,6e-06,0.0,4e-06,0
2026-10-02T08:14:06+00:00,M01,SLEEP,2.0,0.0002,0.000194,6e-06,6e-06,0.0,4e-06,0
2026-10-02T08:14:08+00:00,M01,SLEEP,2.0,0.00019,0.000194,-4e-06,0.0,0.0,0.0,0
2026-10-02T08:14:10+00:00,M01,SLEEP,2.0,0.0002,0.000194,6e-06,6e-06,0.0,4e-06,0
2026-10-02T08:14:12+00:00,M01,SLEEP,2.0,0.00019,0.000194,-4e-06,0.0,0.0,0.0,0
2026-10-02T08:14:14+00:00,M01,SLEEP,2.0,0.00018,0.000194,-1.4e-05,0.0,0.0,0.0,0
2026-10-02T08:14:16+00:00,M01,SLEEP,2.0,0.0002,0.000194,6e-06,6e-06,0.0,4e-06,0
2026-10-02T08:14:18+00:00,M01,SLEEP,2.0,0.00019,0.000194,-4e-06,0.0,0.0,0.0,0
2026-10-02T08:14:20+00:00,M01,SLEEP,2.0,0.00019,0.000194,-4e-06,0.0,0.0,0.0,0
2026-10-02T08:14:22+00:00,M01,SLEEP,2.0,0.0002,0.000194,6e-06,6e-06,0.0,4e-06,0
2026-10-02T08:14:24+00:00,M01,SLEEP,2.0,0.00018,0.000194,-1.4e-05,0.0,0.0,0.0,0
2026-10-02T08:14:26+00:00,M01,SLEEP,2.0,0.0002,0.000194,6e-06,6e-06,0.0,4e-06,0
2026-10-02T08:14:28+00:00,M01,SLEEP,2.0,0.00019,0.000194,-4e-06,0.0,0.0,0.0,0
2026-10-02T08:14:30+00:00,M01,SLEEP,2.0,0.00019,0.000194,-4e-06,0.0,0.0,0.0,0
2026-10-02T08:14:32+00:00,M01,SLEEP,2.0,0.00019,0.000194,-4e-06,0.0,0.0,0.0,0
2026-10-02T08:14:34+00:00,M01,SLEEP,2.0,0.00019,0.000194,-4e-06,0.0,0.0,0.0,0
2026-10-02T08:14:36+00:00,M01,SLEEP,2.0,0.00019,0.000194,-4e-06,0.0,0.0,0.0,0
2026-10-02T08:14:38+00:00,M01,SLEEP,2.0,0.00019,0.000194,-4e-06,0.0,0.0,0.0,0
2026-10-02T08:14:40+00:00,M01,SLEEP,2.0,0.00019,0.000194,-4e-06,0.0,0.0,0.0,0
2026-10-02T08:14:42+00:00,M01,SLEEP,2.0,0.0002,0.000194,6e-06,6e-06,0.0,4e-06,0
2026-10-02T08:14:44+00:00,M01,SLEEP,2.0,0.0002,0.000194,6e-06,6e-06,0.0,4e-06,0
2026-10-02T08:14:46+00:00,M01,SLEEP,2.0,0.00019,0.000194,-4e-06,0.0,0.0,0.0,0
2026-10-02T08:14:48+00:00,M01,SLEEP,2.0,0.0002,0.000194,6e-06,6e-06,0.0,4e-06,0
2026-10-02T08:14:50+00:00,M01,SLEEP,2.0,0.00019,0.000194,-4e-06,0.0,0.0,0.0,0
2026-10-02T08:14:52+00:00,M01,SLEEP,2.0,0.0002,0.000194,6e-06,6e-06,0.0,4e-06,0
2026-10-02T08:14:54+00:00,M01,SLEEP,2.0,0.00019,0.000194,-4e-06,0.0,0.0,0.0,0
2026-10-02T08:14:56+00:00,M01,SLEEP,2.0,0.00019,0.000194,-4e-06,0.0,0.0,0.0,0
2026-10-02T08:14:58+00:00,M01,SLEEP,2.0,0.00019,0.000194,-4e-06,0.0,0.0,0.0,0
2026-10-02T08:15:00+00:00,M01,SLEEP,2.0,0.00018,0.000194,-1.4e-05,0.0,0.0,0.0,0
2026-10-02T08:15:02+00:00,M01,SLEEP,2.0,0.0002,0.000194,6e-06,6e-06,0.0,4e-06,0
2026-10-02T08:15:04+00:00,M01,SLEEP,2.0,0.00019,0.000194,-4e-06,0.0,0.0,0.0,0
2026-10-02T08:15:06+00:00,M01,SLEEP,2.0,0.00019,0.000194,-4e-06,0.0,0.0,0.0,0
2026-10-02T08:15:08+00:00,M01,SLEEP,2.0,0.0002,0.000194,6e-06,6e-06,0.0,4e-06,0
2026-10-02T08:15:10+00:00,M01,SLEEP,2.0,0.00019,0.000194,-4e-06,0.0,0.0,0.0,0
2026-10-02T08:15:12+00:00,M01,SLEEP,2.0,0.00019,0.000194,-4e-06,0.0,0.0,0.0,0
2026-10-02T08:15:14+00:00,M01,SLEEP,2.0,0.00021,0.000194,1.6e-05,1.6e-05,0.0001,1.1e-05,0
2026-10-02T08:15:16+00:00,M01,SLEEP,2.0,0.00018,0.000194,-1.4e-05,0.0,0.0,0.0,0
2026-10-02T08:15:18+00:00,M01,SLEEP,2.0,0.0002,0.000194,6e-06,6e-06,0.0,4e-06,0
2026-10-02T08:15:20+00:00,M01,SLEEP,2.0,0.0002,0.000194,6e-06,6e-06,0.0,4e-06,0
2026-10-02T08:15:22+00:00,M01,SLEEP,2.0,0.0002,0.000194,6e-06,6e-06,0.0,4e-06,0
2026-10-02T08:15:24+00:00,M01,SLEEP,2.0,0.00019,0.000194,-4e-06,0.0,0.0,0.0,0
2026-10-02T08:15:26+00:00,M01,SLEEP,2.0,0.00021,0.000194,1.6e-05,1.6e-05,0.0001,1.1e-05,0
2026-10-02T08:15:28+00:00,M01,SLEEP,2.0,0.00018,0.000194,-1.4e-05,0.0,0.0,0.0,0
2026-10-02T08:15:30+00:00,M01,SLEEP,2.0,0.0002,0.000194,6e-06,6e-06,0.0,4e-06,0
2026-10-02T08:15:32+00:00,M01,SLEEP,2.0,0.00019,0.000194,-4e-06,0.0,0.0,0.0,0
2026-10-02T08:15:34+00:00,M01,SLEEP,2.0,0.00019,0.000194,-4e-06,0.0,0.0,0.0,0
2026-10-02T08:15:36+00:00,M01,SLEEP,2.0,0.00019,0.000194,-4e-06,0.0,0.0,0.0,0
2026-10-02T08:15:38+00:00,M01,SLEEP,2.0,0.0002,0.000194,6e-06,6e-06,0.0,4e-06,0
2026-10-02T08:15:40+00:00,M01,SLEEP,2.0,0.0002,0.000194,6e-06,6e-06,0.0,4e-06,0
2026-10-02T08:15:42+00:00,M01,SLEEP,2.0,0.00019,0.000194,-4e-06,0.0,0.0,0.0,0
2026-10-02T08:15:44+00:00,M01,SLEEP,2.0,0.00019,0.000194,-4e-06,0.0,0.0,0.0,0
2026-10-02T08:15:46+00:00,M01,SLEEP,2.0,0.0002,0.000194,6e-06,6e-06,0.0,4e-06,0
2026-10-02T08:15:48+00:00,M01,SLEEP,2.0,0.0002,0.000194,6e-06,6e-06,0.0,4e-06,0
2026-10-02T08:15:50+00:00,M01,SLEEP,2.0,0.0002,0.000194,6e-06,6e-06,0.0,4e-06,0
2026-10-02T08:15:52+00:00,M01,SLEEP,2.0,0.00019,0.000194,-4e-06,0.0,0.0,0.0,0
2026-10-02T08:15:54+00:00,M01,SLEEP,2.0,0.0002,0.000194,6e-06,6e-06,0.0,4e-06,0
2026-10-02T08:15:56+00:00,M01,SLEEP,2.0,0.0002,0.000194,6e-06,6e-06,0.0,4e-06,0
2026-10-02T08:15:58+00:00,M01,SLEEP,2.0,0.0002,0.000194,6e-06,6e-06,0.0,4e-06,0
2026-10-02T08:16:00+00:00,M01,SLEEP,2.0,0.00019,0.000194,-4e-06,0.0,0.0,0.0,0
2026-10-02T08:16:02+00:00,M01,SLEEP,2.0,0.00019,0.000194,-4e-06,0.0,0.0,0.0,0
2026-10-02T08:16:04+00:00,M01,SLEEP,2.0,0.0002,0.000194,6e-06,6e-06,0.0,4e-06,0
2026-10-02T08:16:06+00:00,M01,SLEEP,2.0,0.00019,0.000194,-4e-06,0.0,0.0,0.0,0
2026-10-02T08:16:08+00:00,M01,SLEEP,2.0,0.0002,0.000194,6e-06,6e-06,0.0,4e-06,0
2026-10-02T08:16:10+00:00,M01,SLEEP,2.0,0.00021,0.000194,1.6e-05,1.6e-05,0.0001,1.1e-05,0
2026-10-02T08:16:12+00:00,M01,SLEEP,2.0,0.00019,0.000194,-4e-06,0.0,0.0,0.0,0
2026-10-02T08:16:14+00:00,M01,SLEEP,2.0,0.0002,0.000194,6e-06,6e-06,0.0,4e-06,0
2026-10-02T08:16:16+00:00,M01,SLEEP,2.0,0.00019,0.000194,-4e-06,0.0,0.0,0.0,0
2026-10-02T08:16:18+00:00,M01,SLEEP,2.0,0.0002,0.000194,6e-06,6e-06,0.0,4e-06,0
2026-10-02T08:16:20+00:00,M01,SLEEP,2.0,0.00019,0.000194,-4e-06,0.0,0.0,0.0,0
2026-10-02T08:16:22+00:00,M01,SLEEP,2.0,0.0002,0.000194,6e-06,6e-06,0.0,4e-06,0
2026-10-02T08:16:24+00:00,M01,SLEEP,2.0,0.0002,0.000194,6e-06,6e-06,0.0,4e-06,0
2026-10-02T08:16:26+00:00,M01,SLEEP,2.0,0.0002,0.000194,6e-06,6e-06,0.0,4e-06,0
2026-10-02T08:16:28+00:00,M01,SLEEP,2.0,0.0002,0.000194,6e-06,6e-06,0.0,4e-06,0
2026-10-02T08:16:30+00:00,M01,SLEEP,2.0,0.00019,0.000194,-4e-06,0.0,0.0,0.0,0
2026-10-02T08:16:32+00:00,M01,SLEEP,2.0,0.00019,0.000194,-4e-06,0.0,0.0,0.0,0
2026-10-02T08:16:34+00:00,M01,SLEEP,2.0,0.00019,0.000194,-4e-06,0.0,0.0,0.0,0
2026-10-02T08:16:36+00:00,M01,SLEEP,2.0,0.00019,0.000194,-4e-06,0.0,0.0,0.0,0
2026-10-02T08:16:38+00:00,M01,SLEEP,2.0,0.0002,0.000194,6e-06,6e-06,0.0,4e-06,0
2026-10-02T08:16:40+00:00,M01,SLEEP,2.0,0.00019,0.000194,-4e-06,0.0,0.0,0.0,0
2026-10-02T08:16:42+00:00,M01,SLEEP,2.0,0.0002,0.000194,6e-06,6e-06,0.0,4e-06,0
2026-10-02T08:16:44+00:00,M01,SLEEP,2.0,0.0002,0.000194,6e-06,6e-06,0.0,4e-06,0
2026-10-02T08:16:46+00:00,M01,SLEEP,2.0,0.0002,0.000194,6e-06,6e-06,0.0,4e-06,0
2026-10-02T08:16:48+00:00,M01,SLEEP,2.0,0.00019,0.000194,-4e-06,0.0,0.0,0.0,0
2026-10-02T08:16:50+00:00,M01,SLEEP,2.0,0.0002,0.000194,6e-06,6e-06,0.0,4e-06,0
2026-10-02T08:16:52+00:00,M01,SLEEP,2.0,0.00019,0.000194,-4e-06,0.0,0.0,0.0,0
2026-10-02T08:16:54+00:00,M01,SLEEP,2.0,0.0002,0.000194,6e-06,6e-06,0.0,4e-06,0
2026-10-02T08:16:56+00:00,M01,SLEEP,2.0,0.0002,0.000194,6e-06,6e-06,0.0,4e-06,0
2026-10-02T08:16:58+00:00,M01,SLEEP,2.0,0.00019,0.000194,-4e-06,0.0,0.0,0.0,0
2026-10-02T08:17:00+00:00,M01,SLEEP,2.0,0.00019,0.000194,-4e-06,0.0,0.0,0.0,0
2026-10-02T08:17:02+00:00,M01,SLEEP,2.0,0.0002,0.000194,6e-06,6e-06,0.0,4e-06,0
2026-10-02T08:17:04+00:00,M01,SLEEP,2.0,0.00021,0.000194,1.6e-05,1.6e-05,0.0001,1.1e-05,0
2026-10-02T08:17:06+00:00,M01,SLEEP,2.0,0.00019,0.000194,-4e-06,0.0,0.0,0.0,0
2026-10-02T08:17:08+00:00,M01,SLEEP,2.0,0.00019,0.000194,-4e-06,0.0,0.0,0.0,0
2026-10-02T08:17:10+00:00,M01,SLEEP,2.0,0.00019,0.000194,-4e-06,0.0,0.0,0.0,0
2026-10-02T08:17:12+00:00,M01,SLEEP,2.0,0.0002,0.000194,6e-06,6e-06,0.0,4e-06,0
2026-10-02T08:17:14+00:00,M01,SLEEP,2.0,0.00019,0.000194,-4e-06,0.0,0.0,0.0,0
2026-10-02T08:17:16+00:00,M01,SLEEP,2.0,0.00018,0.000194,-1.4e-05,0.0,0.0,0.0,0
2026-10-02T08:17:18+00:00,M01,SLEEP,2.0,0.0002,0.000194,6e-06,6e-06,0.0,4e-06,0
2026-10-02T08:17:20+00:00,M01,SLEEP,2.0,0.0002,0.000194,6e-06,6e-06,0.0,4e-06,0
2026-10-02T08:17:22+00:00,M01,SLEEP,2.0,0.0002,0.000194,6e-06,6e-06,0.0,4e-06,0
2026-10-02T08:17:24+00:00,M01,SLEEP,2.0,0.0002,0.000194,6e-06,6e-06,0.0,4e-06,0
2026-10-02T08:17:26+00:00,M01,SLEEP,2.0,0.00019,0.000194,-4e-06,0.0,0.0,0.0,0
2026-10-02T08:17:28+00:00,M01,SLEEP,2.0,0.00018,0.000194,-1.4e-05,0.0,0.0,0.0,0
2026-10-02T08:17:30+00:00,M01,SLEEP,2.0,0.0002,0.000194,6e-06,6e-06,0.0,4e-06,0
2026-10-02T08:17:32+00:00,M01,SLEEP,2.0,0.00019,0.000194,-4e-06,0.0,0.0,0.0,0
2026-10-02T08:17:34+00:00,M01,SLEEP,2.0,0.0002,0.000194,6e-06,6e-06,0.0,4e-06,0
2026-10-02T08:17:36+00:00,M01,SLEEP,2.0,0.0002,0.000194,6e-06,6e-06,0.0,4e-06,0
2026-10-02T08:17:38+00:00,M01,SLEEP,2.0,0.0002,0.000194,6e-06,6e-06,0.0,4e-06,0
2026-10-02T08:17:40+00:00,M01,SLEEP,2.0,0.0002,0.000194,6e-06,6e-06,0.0,4e-06,0
2026-10-02T08:17:42+00:00,M01,SLEEP,2.0,0.00019,0.000194,-4e-06,0.0,0.0,0.0,0
2026-10-02T08:17:44+00:00,M01,SLEEP,2.0,0.0002,0.000194,6e-06,6e-06,0.0,4e-06,0
2026-10-02T08:17:46+00:00,M01,SLEEP,2.0,0.0002,0.000194,6e-06,6e-06,0.0,4e-06,0
2026-10-02T08:17:48+00:00,M01,SLEEP,2.0,0.00019,0.000194,-4e-06,0.0,0.0,0.0,0
2026-10-02T08:17:50+00:00,M01,SLEEP,2.0,0.00019,0.000194,-4e-06,0.0,0.0,0.0,0
2026-10-02T08:17:52+00:00,M01,SLEEP,2.0,0.00019,0.000194,-4e-06,0.0,0.0,0.0,0
2026-10-02T08:17:54+00:00,M01,SLEEP,2.0,0.00019,0.000194,-4e-06,0.0,0.0,0.0,0
2026-10-02T08:17:56+00:00,M01,SLEEP,2.0,0.0002,0.000194,6e-06,6e-06,0.0,4e-06,0
2026-10-02T08:17:58+00:00,M01,SLEEP,2.0,0.0002,0.000194,6e-06,6e-06,0.0,4e-06,0
2026-10-02T08:18:00+00:00,M01,SLEEP,2.0,0.00018,0.000194,-1.4e-05,0.0,0.0,0.0,0
2026-10-02T08:18:02+00:00,M01,RUNNING,2.0,0.00419,0.003542,0.000648,0.000648,0.0052,0.000464,1
2026-10-02T08:18:04+00:00,M01,RUNNING,2.0,0.00418,0.003542,0.000638,0.000638,0.0051,0.000457,0
2026-10-02T08:18:06+00:00,M01,RUNNING,2.0,0.00414,0.003542,0.000598,0.000598,0.0048,0.000428,0
2026-10-02T08:18:08+00:00,M01,RUNNING,2.0,0.00439,0.003542,0.000848,0.000848,0.0068,0.000607,0
2026-10-02T08:18:10+00:00,M01,RUNNING,2.0,0.00431,0.003542,0.000768,0.000768,0.0061,0.00055,0
2026-10-02T08:18:12+00:00,M01,RUNNING,2.0,0.00425,0.003542,0.000708,0.000708,0.0057,0.000507,0
2026-10-02T08:18:14+00:00,M01,RUNNING,2.0,0.00428,0.003542,0.000738,0.000738,0.0059,0.000529,0
2026-10-02T08:18:16+00:00,M01,RUNNING,2.0,0.00436,0.003542,0.000818,0.000818,0.0065,0.000586,0
2026-10-02T08:18:18+00:00,M01,RUNNING,2.0,0.00421,0.003542,0.000668,0.000668,0.0053,0.000479,0
2026-10-02T08:18:20+00:00,M01,RUNNING,2.0,0.00428,0.003542,0.000738,0.000738,0.0059,0.000529,0
2026-10-02T08:18:22+00:00,M01,RUNNING,2.0,0.00409,0.003542,0.000548,0.000548,0.0044,0.000393,0
2026-10-02T08:18:24+00:00,M01,RUNNING,2.0,0.0041,0.003542,0.000558,0.000558,0.0045,0.0004,0
2026-10-02T08:18:26+00:00,M01,RUNNING,2.0,0.00429,0.003542,0.000748,0.000748,0.006,0.000536,0
2026-10-02T08:18:28+00:00,M01,RUNNING,2.0,0.00412,0.003542,0.000578,0.000578,0.0046,0.000414,0
2026-10-02T08:18:30+00:00,M01,RUNNING,2.0,0.00421,0.003542,0.000668,0.000668,0.0053,0.000479,0
2026-10-02T08:18:32+00:00,M01,RUNNING,2.0,0.00418,0.003542,0.000638,0.000638,0.0051,0.000457,1
2026-10-02T08:18:34+00:00,M01,RUNNING,2.0,0.00417,0.003542,0.000628,0.000628,0.005,0.00045,0
2026-10-02T08:18:36+00:00,M01,RUNNING,2.0,0.00422,0.003542,0.000678,0.000678,0.0054,0.000486,0
2026-10-02T08:18:38+00:00,M01,RUNNING,2.0,0.00434,0.003542,0.000798,0.000798,0.0064,0.000572,0
2026-10-02T08:18:40+00:00,M01,RUNNING,2.0,0.0042,0.003542,0.000658,0.000658,0.0053,0.000471,0
2026-10-02T08:18:42+00:00,M01,RUNNING,2.0,0.00422,0.003542,0.000678,0.000678,0.0054,0.000486,0
2026-10-02T08:18:44+00:00,M01,RUNNING,2.0,0.00436,0.003542,0.000818,0.000818,0.0065,0.000586,0
2026-10-02T08:18:46+00:00,M01,RUNNING,2.0,0.00416,0.003542,0.000618,0.000618,0.0049,0.000443,0
2026-10-02T08:18:48+00:00,M01,RUNNING,2.0,0.0044,0.003542,0.000858,0.000858,0.0069,0.000615,0
2026-10-02T08:18:50+00:00,M01,RUNNING,2.0,0.00415,0.003542,0.000608,0.000608,0.0049,0.000436,0
2026-10-02T08:18:52+00:00,M01,RUNNING,2.0,0.00433,0.003542,0.000788,0.000788,0.0063,0.000564,0
2026-10-02T08:18:54+00:00,M01,RUNNING,2.0,0.00439,0.003542,0.000848,0.000848,0.0068,0.000607,0
2026-10-02T08:18:56+00:00,M01,RUNNING,2.0,0.0044,0.003542,0.000858,0.000858,0.0069,0.000615,0
2026-10-02T08:18:58+00:00,M01,RUNNING,2.0,0.00436,0.003542,0.000818,0.000818,0.0065,0.000586,0
2026-10-02T08:19:00+00:00,M01,RUNNING,2.0,0.00433,0.003542,0.000788,0.000788,0.0063,0.000564,0
2026-10-02T08:19:02+00:00,M01,IDLE,2.0,0.00074,0.00075,-1e-05,0.0,0.0,0.0,0
2026-10-02T08:19:04+00:00,M01,IDLE,2.0,0.00074,0.00075,-1e-05,0.0,0.0,0.0,0
2026-10-02T08:19:06+00:00,M01,IDLE,2.0,0.00078,0.00075,3e-05,3e-05,0.0002,2.1e-05,0
2026-10-02T08:19:08+00:00,M01,IDLE,2.0,0.00075,0.00075,0.0,0.0,0.0,0.0,0
2026-10-02T08:19:10+00:00,M01,IDLE,2.0,0.00078,0.00075,3e-05,3e-05,0.0002,2.1e-05,0
2026-10-02T08:19:12+00:00,M01,IDLE,2.0,0.00073,0.00075,-2e-05,0.0,0.0,0.0,0
2026-10-02T08:19:14+00:00,M01,IDLE,2.0,0.00073,0.00075,-2e-05,0.0,0.0,0.0,0
2026-10-02T08:19:16+00:00,M01,IDLE,2.0,0.00075,0.00075,0.0,0.0,0.0,0.0,0
2026-10-02T08:19:18+00:00,M01,IDLE,2.0,0.00071,0.00075,-4e-05,0.0,0.0,0.0,0
2026-10-02T08:19:20+00:00,M01,IDLE,2.0,0.00076,0.00075,1e-05,1e-05,0.0001,7e-06,0
2026-10-02T08:19:22+00:00,M01,IDLE,2.0,0.00079,0.00075,4e-05,4e-05,0.0003,2.9e-05,0
2026-10-02T08:19:24+00:00,M01,IDLE,2.0,0.00076,0.00075,1e-05,1e-05,0.0001,7e-06,0
2026-10-02T08:19:26+00:00,M01,IDLE,2.0,0.00076,0.00075,1e-05,1e-05,0.0001,7e-06,0
2026-10-02T08:19:28+00:00,M01,IDLE,2.0,0.00077,0.00075,2e-05,2e-05,0.0002,1.4e-05,0
2026-10-02T08:19:30+00:00,M01,IDLE,2.0,0.00079,0.00075,4e-05,4e-05,0.0003,2.9e-05,0
2026-10-02T08:19:32+00:00,M01,IDLE,2.0,0.00075,0.00075,0.0,0.0,0.0,0.0,0
2026-10-02T08:19:34+00:00,M01,IDLE,2.0,0.00077,0.00075,2e-05,2e-05,0.0002,1.4e-05,0
2026-10-02T08:19:36+00:00,M01,IDLE,2.0,0.00076,0.00075,1e-05,1e-05,0.0001,7e-06,0
2026-10-02T08:19:38+00:00,M01,IDLE,2.0,0.00072,0.00075,-3e-05,0.0,0.0,0.0,0
2026-10-02T08:19:40+00:00,M01,IDLE,2.0,0.00074,0.00075,-1e-05,0.0,0.0,0.0,0
2026-10-02T08:19:42+00:00,M01,IDLE,2.0,0.00076,0.00075,1e-05,1e-05,0.0001,7e-06,0
2026-10-02T08:19:44+00:00,M01,IDLE,2.0,0.00071,0.00075,-4e-05,0.0,0.0,0.0,0
2026-10-02T08:19:46+00:00,M01,IDLE,2.0,0.00078,0.00075,3e-05,3e-05,0.0002,2.1e-05,0
2026-10-02T08:19:48+00:00,M01,IDLE,2.0,0.00072,0.00075,-3e-05,0.0,0.0,0.0,0
2026-10-02T08:19:50+00:00,M01,IDLE,2.0,0.00075,0.00075,-0.0,0.0,0.0,0.0,0
2026-10-02T08:19:52+00:00,M01,IDLE,2.0,0.00077,0.00075,2e-05,2e-05,0.0002,1.4e-05,0
2026-10-02T08:19:54+00:00,M01,IDLE,2.0,0.00079,0.00075,4e-05,4e-05,0.0003,2.9e-05,0
2026-10-02T08:19:56+00:00,M01,IDLE,2.0,0.00077,0.00075,2e-05,2e-05,0.0002,1.4e-05,0
2026-10-02T08:19:58+00:00,M01,IDLE,2.0,0.00075,0.00075,-0.0,0.0,0.0,0.0,0
2026-10-02T08:20:00+00:00,M01,IDLE,2.0,0.00077,0.00075,2e-05,2e-05,0.0002,1.4e-05,0
2026-10-02T08:20:02+00:00,M01,SLEEP,2.0,0.00019,0.000194,-4e-06,0.0,0.0,0.0,0
2026-10-02T08:20:04+00:00,M01,SLEEP,2.0,0.0002,0.000194,6e-06,6e-06,0.0,4e-06,0
2026-10-02T08:20:06+00:00,M01,SLEEP,2.0,0.00021,0.000194,1.6e-05,1.6e-05,0.0001,1.1e-05,0
2026-10-02T08:20:08+00:00,M01,SLEEP,2.0,0.00019,0.000194,-4e-06,0.0,0.0,0.0,0
2026-10-02T08:20:10+00:00,M01,SLEEP,2.0,0.00019,0.000194,-4e-06,0.0,0.0,0.0,0
2026-10-02T08:20:12+00:00,M01,SLEEP,2.0,0.0002,0.000194,6e-06,6e-06,0.0,4e-06,0
2026-10-02T08:20:14+00:00,M01,SLEEP,2.0,0.00019,0.000194,-4e-06,0.0,0.0,0.0,0
2026-10-02T08:20:16+00:00,M01,SLEEP,2.0,0.00019,0.000194,-4e-06,0.0,0.0,0.0,0
2026-10-02T08:20:18+00:00,M01,SLEEP,2.0,0.00018,0.000194,-1.4e-05,0.0,0.0,0.0,0
2026-10-02T08:20:20+00:00,M01,SLEEP,2.0,0.00019,0.000194,-4e-06,0.0,0.0,0.0,0
2026-10-02T08:20:22+00:00,M01,SLEEP,2.0,0.0002,0.000194,6e-06,6e-06,0.0,4e-06,0
2026-10-02T08:20:24+00:00,M01,SLEEP,2.0,0.00021,0.000194,1.6e-05,1.6e-05,0.0001,1.1e-05,0
2026-10-02T08:20:26+00:00,M01,SLEEP,2.0,0.0002,0.000194,6e-06,6e-06,0.0,4e-06,0
2026-10-02T08:20:28+00:00,M01,SLEEP,2.0,0.00019,0.000194,-4e-06,0.0,0.0,0.0,0
2026-10-02T08:20:30+00:00,M01,SLEEP,2.0,0.00019,0.000194,-4e-06,0.0,0.0,0.0,0
2026-10-02T08:20:32+00:00,M01,SLEEP,2.0,0.00019,0.000194,-4e-06,0.0,0.0,0.0,0
2026-10-02T08:20:34+00:00,M01,SLEEP,2.0,0.0002,0.000194,6e-06,6e-06,0.0,4e-06,0
2026-10-02T08:20:36+00:00,M01,SLEEP,2.0,0.00019,0.000194,-4e-06,0.0,0.0,0.0,0
2026-10-02T08:20:38+00:00,M01,SLEEP,2.0,0.0002,0.000194,6e-06,6e-06,0.0,4e-06,0
2026-10-02T08:20:40+00:00,M01,SLEEP,2.0,0.00019,0.000194,-4e-06,0.0,0.0,0.0,0
2026-10-02T08:20:42+00:00,M01,SLEEP,2.0,0.00019,0.000194,-4e-06,0.0,0.0,0.0,0
2026-10-02T08:20:44+00:00,M01,SLEEP,2.0,0.00019,0.000194,-4e-06,0.0,0.0,0.0,0
2026-10-02T08:20:46+00:00,M01,SLEEP,2.0,0.00018,0.000194,-1.4e-05,0.0,0.0,0.0,0
2026-10-02T08:20:48+00:00,M01,SLEEP,2.0,0.0002,0.000194,6e-06,6e-06,0.0,4e-06,0
2026-10-02T08:20:50+00:00,M01,SLEEP,2.0,0.00019,0.000194,-4e-06,0.0,0.0,0.0,0
2026-10-02T08:20:52+00:00,M01,SLEEP,2.0,0.00019,0.000194,-4e-06,0.0,0.0,0.0,0
2026-10-02T08:20:54+00:00,M01,SLEEP,2.0,0.00019,0.000194,-4e-06,0.0,0.0,0.0,0
2026-10-02T08:20:56+00:00,M01,SLEEP,2.0,0.0002,0.000194,6e-06,6e-06,0.0,4e-06,0
2026-10-02T08:20:58+00:00,M01,SLEEP,2.0,0.00019,0.000194,-4e-06,0.0,0.0,0.0,0
2026-10-02T08:21:00+00:00,M01,SLEEP,2.0,0.00019,0.000194,-4e-06,0.0,0.0,0.0,0
2026-10-02T08:21:02+00:00,M01,SLEEP,2.0,0.00019,0.000194,-4e-06,0.0,0.0,0.0,0
2026-10-02T08:21:04+00:00,M01,SLEEP,2.0,0.00019,0.000194,-4e-06,0.0,0.0,0.0,0
2026-10-02T08:21:06+00:00,M01,SLEEP,2.0,0.0002,0.000194,6e-06,6e-06,0.0,4e-06,0
2026-10-02T08:21:08+00:00,M01,SLEEP,2.0,0.0002,0.000194,6e-06,6e-06,0.0,4e-06,0
2026-10-02T08:21:10+00:00,M01,SLEEP,2.0,0.00019,0.000194,-4e-06,0.0,0.0,0.0,0
2026-10-02T08:21:12+00:00,M01,SLEEP,2.0,0.00019,0.000194,-4e-06,0.0,0.0,0.0,0
2026-10-02T08:21:14+00:00,M01,SLEEP,2.0,0.0002,0.000194,6e-06,6e-06,0.0,4e-06,0
2026-10-02T08:21:16+00:00,M01,SLEEP,2.0,0.0002,0.000194,6e-06,6e-06,0.0,4e-06,0
2026-10-02T08:21:18+00:00,M01,SLEEP,2.0,0.00018,0.000194,-1.4e-05,0.0,0.0,0.0,0
2026-10-02T08:21:20+00:00,M01,SLEEP,2.0,0.00021,0.000194,1.6e-05,1.6e-05,0.0001,1.1e-05,0
2026-10-02T08:21:22+00:00,M01,SLEEP,2.0,0.00018,0.000194,-1.4e-05,0.0,0.0,0.0,0
2026-10-02T08:21:24+00:00,M01,SLEEP,2.0,0.0002,0.000194,6e-06,6e-06,0.0,4e-06,0
2026-10-02T08:21:26+00:00,M01,SLEEP,2.0,0.00019,0.000194,-4e-06,0.0,0.0,0.0,0
2026-10-02T08:21:28+00:00,M01,SLEEP,2.0,0.0002,0.000194,6e-06,6e-06,0.0,4e-06,0
2026-10-02T08:21:30+00:00,M01,SLEEP,2.0,0.0002,0.000194,6e-06,6e-06,0.0,4e-06,0
2026-10-02T08:21:32+00:00,M01,SLEEP,2.0,0.00019,0.000194,-4e-06,0.0,0.0,0.0,0
2026-10-02T08:21:34+00:00,M01,SLEEP,2.0,0.00019,0.000194,-4e-06,0.0,0.0,0.0,0
2026-10-02T08:21:36+00:00,M01,SLEEP,2.0,0.00019,0.000194,-4e-06,0.0,0.0,0.0,0
2026-10-02T08:21:38+00:00,M01,SLEEP,2.0,0.00019,0.000194,-4e-06,0.0,0.0,0.0,0
2026-10-02T08:21:40+00:00,M01,SLEEP,2.0,0.00018,0.000194,-1.4e-05,0.0,0.0,0.0,0
2026-10-02T08:21:42+00:00,M01,SLEEP,2.0,0.00021,0.000194,1.6e-05,1.6e-05,0.0001,1.1e-05,0
2026-10-02T08:21:44+00:00,M01,SLEEP,2.0,0.0002,0.000194,6e-06,6e-06,0.0,4e-06,0
2026-10-02T08:21:46+00:00,M01,SLEEP,2.0,0.00019,0.000194,-4e-06,0.0,0.0,0.0,0
2026-10-02T08:21:48+00:00,M01,SLEEP,2.0,0.00019,0.000194,-4e-06,0.0,0.0,0.0,0
2026-10-02T08:21:50+00:00,M01,SLEEP,2.0,0.00019,0.000194,-4e-06,0.0,0.0,0.0,0
2026-10-02T08:21:52+00:00,M01,SLEEP,2.0,0.0002,0.000194,6e-06,6e-06,0.0,4e-06,0
2026-10-02T08:21:54+00:00,M01,SLEEP,2.0,0.00019,0.000194,-4e-06,0.0,0.0,0.0,0
2026-10-02T08:21:56+00:00,M01,SLEEP,2.0,0.0002,0.000194,6e-06,6e-06,0.0,4e-06,0
2026-10-02T08:21:58+00:00,M01,SLEEP,2.0,0.0002,0.000194,6e-06,6e-06,0.0,4e-06,0
2026-10-02T08:22:00+00:00,M01,SLEEP,2.0,0.0002,0.000194,6e-06,6e-06,0.0,4e-06,0
2026-10-02T08:22:02+00:00,M01,SLEEP,2.0,0.00019,0.000194,-4e-06,0.0,0.0,0.0,0
2026-10-02T08:22:04+00:00,M01,SLEEP,2.0,0.00018,0.000194,-1.4e-05,0.0,0.0,0.0,0
2026-10-02T08:22:06+00:00,M01,SLEEP,2.0,0.0002,0.000194,6e-06,6e-06,0.0,4e-06,0
2026-10-02T08:22:08+00:00,M01,SLEEP,2.0,0.00018,0.000194,-1.4e-05,0.0,0.0,0.0,0
2026-10-02T08:22:10+00:00,M01,SLEEP,2.0,0.0002,0.000194,6e-06,6e-06,0.0,4e-06,0
2026-10-02T08:22:12+00:00,M01,SLEEP,2.0,0.00019,0.000194,-4e-06,0.0,0.0,0.0,0
2026-10-02T08:22:14+00:00,M01,SLEEP,2.0,0.00019,0.000194,-4e-06,0.0,0.0,0.0,0
2026-10-02T08:22:16+00:00,M01,SLEEP,2.0,0.00019,0.000194,-4e-06,0.0,0.0,0.0,0
2026-10-02T08:22:18+00:00,M01,SLEEP,2.0,0.00019,0.000194,-4e-06,0.0,0.0,0.0,0
2026-10-02T08:22:20+00:00,M01,SLEEP,2.0,0.00019,0.000194,-4e-06,0.0,0.0,0.0,0
2026-10-02T08:22:22+00:00,M01,SLEEP,2.0,0.00019,0.000194,-4e-06,0.0,0.0,0.0,0
2026-10-02T08:22:24+00:00,M01,SLEEP,2.0,0.0002,0.000194,6e-06,6e-06,0.0,4e-06,0
2026-10-02T08:22:26+00:00,M01,SLEEP,2.0,0.0002,0.000194,6e-06,6e-06,0.0,4e-06,0
2026-10-02T08:22:28+00:00,M01,SLEEP,2.0,0.00019,0.000194,-4e-06,0.0,0.0,0.0,0
2026-10-02T08:22:30+00:00,M01,SLEEP,2.0,0.00019,0.000194,-4e-06,0.0,0.0,0.0,0
2026-10-02T08:22:32+00:00,M01,SLEEP,2.0,0.00021,0.000194,1.6e-05,1.6e-05,0.0001,1.1e-05,0
2026-10-02T08:22:34+00:00,M01,SLEEP,2.0,0.00019,0.000194,-4e-06,0.0,0.0,0.0,0
2026-10-02T08:22:36+00:00,M01,SLEEP,2.0,0.0002,0.000194,6e-06,6e-06,0.0,4e-06,0
2026-10-02T08:22:38+00:00,M01,SLEEP,2.0,0.0002,0.000194,6e-06,6e-06,0.0,4e-06,0
2026-10-02T08:22:40+00:00,M01,SLEEP,2.0,0.0002,0.000194,6e-06,6e-06,0.0,4e-06,0
2026-10-02T08:22:42+00:00,M01,SLEEP,2.0,0.0002,0.000194,6e-06,6e-06,0.0,4e-06,0
2026-10-02T08:22:44+00:00,M01,SLEEP,2.0,0.00019,0.000194,-4e-06,0.0,0.0,0.0,0
2026-10-02T08:22:46+00:00,M01,SLEEP,2.0,0.00019,0.000194,-4e-06,0.0,0.0,0.0,0
2026-10-02T08:22:48+00:00,M01,SLEEP,2.0,0.00019,0.000194,-4e-06,0.0,0.0,0.0,0
2026-10-02T08:22:50+00:00,M01,SLEEP,2.0,0.00019,0.000194,-4e-06,0.0,0.0,0.0,0
2026-10-02T08:22:52+00:00,M01,SLEEP,2.0,0.0002,0.000194,6e-06,6e-06,0.0,4e-06,0
2026-10-02T08:22:54+00:00,M01,SLEEP,2.0,0.00019,0.000194,-4e-06,0.0,0.0,0.0,0
2026-10-02T08:22:56+00:00,M01,SLEEP,2.0,0.00019,0.000194,-4e-06,0.0,0.0,0.0,0
2026-10-02T08:22:58+00:00,M01,SLEEP,2.0,0.0002,0.000194,6e-06,6e-06,0.0,4e-06,0
2026-10-02T08:23:00+00:00,M01,SLEEP,2.0,0.00019,0.000194,-4e-06,0.0,0.0,0.0,0
2026-10-02T08:23:02+00:00,M01,SLEEP,2.0,0.00019,0.000194,-4e-06,0.0,0.0,0.0,0
2026-10-02T08:23:04+00:00,M01,SLEEP,2.0,0.00019,0.000194,-4e-06,0.0,0.0,0.0,0
2026-10-02T08:23:06+00:00,M01,SLEEP,2.0,0.0002,0.000194,6e-06,6e-06,0.0,4e-06,0
2026-10-02T08:23:08+00:00,M01,SLEEP,2.0,0.0002,0.000194,6e-06,6e-06,0.0,4e-06,0
2026-10-02T08:23:10+00:00,M01,SLEEP,2.0,0.00019,0.000194,-4e-06,0.0,0.0,0.0,0
2026-10-02T08:23:12+00:00,M01,SLEEP,2.0,0.00019,0.000194,-4e-06,0.0,0.0,0.0,0
2026-10-02T08:23:14+00:00,M01,SLEEP,2.0,0.00019,0.000194,-4e-06,0.0,0.0,0.0,0
2026-10-02T08:23:16+00:00,M01,SLEEP,2.0,0.0002,0.000194,6e-06,6e-06,0.0,4e-06,0
2026-10-02T08:23:18+00:00,M01,SLEEP,2.0,0.00019,0.000194,-4e-06,0.0,0.0,0.0,0
2026-10-02T08:23:20+00:00,M01,SLEEP,2.0,0.00019,0.000194,-4e-06,0.0,0.0,0.0,0
2026-10-02T08:23:22+00:00,M01,SLEEP,2.0,0.00019,0.000194,-4e-06,0.0,0.0,0.0,0
2026-10-02T08:23:24+00:00,M01,SLEEP,2.0,0.00019,0.000194,-4e-06,0.0,0.0,0.0,0
2026-10-02T08:23:26+00:00,M01,SLEEP,2.0,0.00019,0.000194,-4e-06,0.0,0.0,0.0,0
2026-10-02T08:23:28+00:00,M01,SLEEP,2.0,0.00019,0.000194,-4e-06,0.0,0.0,0.0,0
2026-10-02T08:23:30+00:00,M01,SLEEP,2.0,0.00019,0.000194,-4e-06,0.0,0.0,0.0,0
2026-10-02T08:23:32+00:00,M01,SLEEP,2.0,0.0002,0.000194,6e-06,6e-06,0.0,4e-06,0
2026-10-02T08:23:34+00:00,M01,SLEEP,2.0,0.0002,0.000194,6e-06,6e-06,0.0,4e-06,0
2026-10-02T08:23:36+00:00,M01,SLEEP,2.0,0.00019,0.000194,-4e-06,0.0,0.0,0.0,0
2026-10-02T08:23:38+00:00,M01,SLEEP,2.0,0.0002,0.000194,6e-06,6e-06,0.0,4e-06,0
2026-10-02T08:23:40+00:00,M01,SLEEP,2.0,0.0002,0.000194,6e-06,6e-06,0.0,4e-06,0
2026-10-02T08:23:42+00:00,M01,SLEEP,2.0,0.00019,0.000194,-4e-06,0.0,0.0,0.0,0
2026-10-02T08:23:44+00:00,M01,SLEEP,2.0,0.0002,0.000194,6e-06,6e-06,0.0,4e-06,0
2026-10-02T08:23:46+00:00,M01,SLEEP,2.0,0.0002,0.000194,6e-06,6e-06,0.0,4e-06,0
2026-10-02T08:23:48+00:00,M01,SLEEP,2.0,0.0002,0.000194,6e-06,6e-06,0.0,4e-06,0
2026-10-02T08:23:50+00:00,M01,SLEEP,2.0,0.00019,0.000194,-4e-06,0.0,0.0,0.0,0
2026-10-02T08:23:52+00:00,M01,SLEEP,2.0,0.0002,0.000194,6e-06,6e-06,0.0,4e-06,0
2026-10-02T08:23:54+00:00,M01,SLEEP,2.0,0.0002,0.000194,6e-06,6e-06,0.0,4e-06,0
2026-10-02T08:23:56+00:00,M01,SLEEP,2.0,0.00019,0.000194,-4e-06,0.0,0.0,0.0,0
2026-10-02T08:23:58+00:00,M01,SLEEP,2.0,0.00019,0.000194,-4e-06,0.0,0.0,0.0,0
2026-10-02T08:24:00+00:00,M01,SLEEP,2.0,0.0002,0.000194,6e-06,6e-06,0.0,4e-06,0
2026-10-02T08:24:02+00:00,M01,RUNNING,2.0,0.00417,0.003542,0.000628,0.000628,0.005,0.00045,1
2026-10-02T08:24:04+00:00,M01,RUNNING,2.0,0.00413,0.003542,0.000588,0.000588,0.0047,0.000421,0
2026-10-02T08:24:06+00:00,M01,RUNNING,2.0,0.00433,0.003542,0.000788,0.000788,0.0063,0.000564,0
2026-10-02T08:24:08+00:00,M01,RUNNING,2.0,0.0044,0.003542,0.000858,0.000858,0.0069,0.000615,0
2026-10-02T08:24:10+00:00,M01,RUNNING,2.0,0.00434,0.003542,0.000798,0.000798,0.0064,0.000572,0
2026-10-02T08:24:12+00:00,M01,RUNNING,2.0,0.0042,0.003542,0.000658,0.000658,0.0053,0.000471,0
2026-10-02T08:24:14+00:00,M01,RUNNING,2.0,0.00429,0.003542,0.000748,0.000748,0.006,0.000536,0
2026-10-02T08:24:16+00:00,M01,RUNNING,2.0,0.0041,0.003542,0.000558,0.000558,0.0045,0.0004,0
2026-10-02T08:24:18+00:00,M01,RUNNING,2.0,0.00438,0.003542,0.000838,0.000838,0.0067,0.0006,0
2026-10-02T08:24:20+00:00,M01,RUNNING,2.0,0.00423,0.003542,0.000688,0.000688,0.0055,0.000493,0
2026-10-02T08:24:22+00:00,M01,RUNNING,2.0,0.00426,0.003542,0.000718,0.000718,0.0057,0.000514,0
2026-10-02T08:24:24+00:00,M01,RUNNING,2.0,0.00411,0.003542,0.000568,0.000568,0.0045,0.000407,0
2026-10-02T08:24:26+00:00,M01,RUNNING,2.0,0.00423,0.003542,0.000688,0.000688,0.0055,0.000493,0
2026-10-02T08:24:28+00:00,M01,RUNNING,2.0,0.00431,0.003542,0.000768,0.000768,0.0061,0.00055,0
2026-10-02T08:24:30+00:00,M01,RUNNING,2.0,0.00442,0.003542,0.000878,0.000878,0.007,0.000629,0
2026-10-02T08:24:32+00:00,M01,RUNNING,2.0,0.00416,0.003542,0.000618,0.000618,0.0049,0.000443,1
2026-10-02T08:24:34+00:00,M01,RUNNING,2.0,0.00417,0.003542,0.000628,0.000628,0.005,0.00045,0
2026-10-02T08:24:36+00:00,M01,RUNNING,2.0,0.0043,0.003542,0.000758,0.000758,0.0061,0.000543,0
2026-10-02T08:24:38+00:00,M01,RUNNING,2.0,0.00434,0.003542,0.000798,0.000798,0.0064,0.000572,0
2026-10-02T08:24:40+00:00,M01,RUNNING,2.0,0.00432,0.003542,0.000778,0.000778,0.0062,0.000557,0
2026-10-02T08:24:42+00:00,M01,RUNNING,2.0,0.00434,0.003542,0.000798,0.000798,0.0064,0.000572,0
2026-10-02T08:24:44+00:00,M01,RUNNING,2.0,0.00413,0.003542,0.000588,0.000588,0.0047,0.000421,0
2026-10-02T08:24:46+00:00,M01,RUNNING,2.0,0.00436,0.003542,0.000818,0.000818,0.0065,0.000586,0
2026-10-02T08:24:48+00:00,M01,RUNNING,2.0,0.00428,0.003542,0.000738,0.000738,0.0059,0.000529,0
2026-10-02T08:24:50+00:00,M01,RUNNING,2.0,0.00413,0.003542,0.000588,0.000588,0.0047,0.000421,0
2026-10-02T08:24:52+00:00,M01,RUNNING,2.0,0.00416,0.003542,0.000618,0.000618,0.0049,0.000443,0
2026-10-02T08:24:54+00:00,M01,RUNNING,2.0,0.00435,0.003542,0.000808,0.000808,0.0065,0.000579,0
2026-10-02T08:24:56+00:00,M01,RUNNING,2.0,0.00419,0.003542,0.000648,0.000648,0.0052,0.000464,0
2026-10-02T08:24:58+00:00,M01,RUNNING,2.0,0.00418,0.003542,0.000638,0.000638,0.0051,0.000457,0
2026-10-02T08:25:00+00:00,M01,RUNNING,2.0,0.00415,0.003542,0.000608,0.000608,0.0049,0.000436,0
2026-10-02T08:25:02+00:00,M01,IDLE,2.0,0.00077,0.00075,2e-05,2e-05,0.0002,1.4e-05,0
2026-10-02T08:25:04+00:00,M01,IDLE,2.0,0.00077,0.00075,2e-05,2e-05,0.0002,1.4e-05,0
2026-10-02T08:25:06+00:00,M01,IDLE,2.0,0.00074,0.00075,-1e-05,0.0,0.0,0.0,0
2026-10-02T08:25:08+00:00,M01,IDLE,2.0,0.00072,0.00075,-3e-05,0.0,0.0,0.0,0
2026-10-02T08:25:10+00:00,M01,IDLE,2.0,0.00075,0.00075,0.0,0.0,0.0,0.0,0
2026-10-02T08:25:12+00:00,M01,IDLE,2.0,0.00077,0.00075,2e-05,2e-05,0.0002,1.4e-05,0
2026-10-02T08:25:14+00:00,M01,IDLE,2.0,0.00078,0.00075,3e-05,3e-05,0.0002,2.1e-05,0
2026-10-02T08:25:16+00:00,M01,IDLE,2.0,0.00079,0.00075,4e-05,4e-05,0.0003,2.9e-05,0
2026-10-02T08:25:18+00:00,M01,IDLE,2.0,0.00074,0.00075,-1e-05,0.0,0.0,0.0,0
2026-10-02T08:25:20+00:00,M01,IDLE,2.0,0.00076,0.00075,1e-05,1e-05,0.0001,7e-06,0
2026-10-02T08:25:22+00:00,M01,IDLE,2.0,0.00076,0.00075,1e-05,1e-05,0.0001,7e-06,0
2026-10-02T08:25:24+00:00,M01,IDLE,2.0,0.00077,0.00075,2e-05,2e-05,0.0002,1.4e-05,0
2026-10-02T08:25:26+00:00,M01,IDLE,2.0,0.00072,0.00075,-3e-05,0.0,0.0,0.0,0
2026-10-02T08:25:28+00:00,M01,IDLE,2.0,0.00075,0.00075,-0.0,0.0,0.0,0.0,0
2026-10-02T08:25:30+00:00,M01,IDLE,2.0,0.00077,0.00075,2e-05,2e-05,0.0002,1.4e-05,0
2026-10-02T08:25:32+00:00,M01,IDLE,2.0,0.00073,0.00075,-2e-05,0.0,0.0,0.0,0
2026-10-02T08:25:34+00:00,M01,IDLE,2.0,0.00074,0.00075,-1e-05,0.0,0.0,0.0,0
2026-10-02T08:25:36+00:00,M01,IDLE,2.0,0.00078,0.00075,3e-05,3e-05,0.0002,2.1e-05,0
2026-10-02T08:25:38+00:00,M01,IDLE,2.0,0.00076,0.00075,1e-05,1e-05,0.0001,7e-06,0
2026-10-02T08:25:40+00:00,M01,IDLE,2.0,0.00077,0.00075,2e-05,2e-05,0.0002,1.4e-05,0
2026-10-02T08:25:42+00:00,M01,IDLE,2.0,0.00073,0.00075,-2e-05,0.0,0.0,0.0,0
2026-10-02T08:25:44+00:00,M01,IDLE,2.0,0.00075,0.00075,-0.0,0.0,0.0,0.0,0
2026-10-02T08:25:46+00:00,M01,IDLE,2.0,0.00077,0.00075,2e-05,2e-05,0.0002,1.4e-05,0
2026-10-02T08:25:48+00:00,M01,IDLE,2.0,0.00079,0.00075,4e-05,4e-05,0.0003,2.9e-05,0
2026-10-02T08:25:50+00:00,M01,IDLE,2.0,0.00074,0.00075,-1e-05,0.0,0.0,0.0,0
2026-10-02T08:25:52+00:00,M01,IDLE,2.0,0.00077,0.00075,2e-05,2e-05,0.0002,1.4e-05,0
2026-10-02T08:25:54+00:00,M01,IDLE,2.0,0.00075,0.00075,-0.0,0.0,0.0,0.0,0
2026-10-02T08:25:56+00:00,M01,IDLE,2.0,0.00077,0.00075,2e-05,2e-05,0.0002,1.4e-05,0
2026-10-02T08:25:58+00:00,M01,IDLE,2.0,0.00073,0.00075,-2e-05,0.0,0.0,0.0,0
2026-10-02T08:26:00+00:00,M01,IDLE,2.0,0.00078,0.00075,3e-05,3e-05,0.0002,2.1e-05,0
2026-10-02T08:26:02+00:00,M01,SLEEP,2.0,0.0002,0.000194,6e-06,6e-06,0.0,4e-06,0
2026-10-02T08:26:04+00:00,M01,SLEEP,2.0,0.00019,0.000194,-4e-06,0.0,0.0,0.0,0
2026-10-02T08:26:06+00:00,M01,SLEEP,2.0,0.0002,0.000194,6e-06,6e-06,0.0,4e-06,0
2026-10-02T08:26:08+00:00,M01,SLEEP,2.0,0.00019,0.000194,-4e-06,0.0,0.0,0.0,0
2026-10-02T08:26:10+00:00,M01,SLEEP,2.0,0.0002,0.000194,6e-06,6e-06,0.0,4e-06,0
2026-10-02T08:26:12+00:00,M01,SLEEP,2.0,0.0002,0.000194,6e-06,6e-06,0.0,4e-06,0
2026-10-02T08:26:14+00:00,M01,SLEEP,2.0,0.00019,0.000194,-4e-06,0.0,0.0,0.0,0
2026-10-02T08:26:16+00:00,M01,SLEEP,2.0,0.0002,0.000194,6e-06,6e-06,0.0,4e-06,0
2026-10-02T08:26:18+00:00,M01,SLEEP,2.0,0.00019,0.000194,-4e-06,0.0,0.0,0.0,0
2026-10-02T08:26:20+00:00,M01,SLEEP,2.0,0.0002,0.000194,6e-06,6e-06,0.0,4e-06,0
2026-10-02T08:26:22+00:00,M01,SLEEP,2.0,0.00019,0.000194,-4e-06,0.0,0.0,0.0,0
2026-10-02T08:26:24+00:00,M01,SLEEP,2.0,0.0002,0.000194,6e-06,6e-06,0.0,4e-06,0
2026-10-02T08:26:26+00:00,M01,SLEEP,2.0,0.00019,0.000194,-4e-06,0.0,0.0,0.0,0
2026-10-02T08:26:28+00:00,M01,SLEEP,2.0,0.0002,0.000194,6e-06,6e-06,0.0,4e-06,0
2026-10-02T08:26:30+00:00,M01,SLEEP,2.0,0.00019,0.000194,-4e-06,0.0,0.0,0.0,0
2026-10-02T08:26:32+00:00,M01,SLEEP,2.0,0.0002,0.000194,6e-06,6e-06,0.0,4e-06,0
2026-10-02T08:26:34+00:00,M01,SLEEP,2.0,0.0002,0.000194,6e-06,6e-06,0.0,4e-06,0
2026-10-02T08:26:36+00:00,M01,SLEEP,2.0,0.0002,0.000194,6e-06,6e-06,0.0,4e-06,0
2026-10-02T08:26:38+00:00,M01,SLEEP,2.0,0.0002,0.000194,6e-06,6e-06,0.0,4e-06,0
2026-10-02T08:26:40+00:00,M01,SLEEP,2.0,0.0002,0.000194,6e-06,6e-06,0.0,4e-06,0
2026-10-02T08:26:42+00:00,M01,SLEEP,2.0,0.00019,0.000194,-4e-06,0.0,0.0,0.0,0
2026-10-02T08:26:44+00:00,M01,SLEEP,2.0,0.00019,0.000194,-4e-06,0.0,0.0,0.0,0
2026-10-02T08:26:46+00:00,M01,SLEEP,2.0,0.0002,0.000194,6e-06,6e-06,0.0,4e-06,0
2026-10-02T08:26:48+00:00,M01,SLEEP,2.0,0.0002,0.000194,6e-06,6e-06,0.0,4e-06,0
2026-10-02T08:26:50+00:00,M01,SLEEP,2.0,0.00019,0.000194,-4e-06,0.0,0.0,0.0,0
2026-10-02T08:26:52+00:00,M01,SLEEP,2.0,0.00019,0.000194,-4e-06,0.0,0.0,0.0,0
2026-10-02T08:26:54+00:00,M01,SLEEP,2.0,0.0002,0.000194,6e-06,6e-06,0.0,4e-06,0
2026-10-02T08:26:56+00:00,M01,SLEEP,2.0,0.00019,0.000194,-4e-06,0.0,0.0,0.0,0
2026-10-02T08:26:58+00:00,M01,SLEEP,2.0,0.00019,0.000194,-4e-06,0.0,0.0,0.0,0
2026-10-02T08:27:00+00:00,M01,SLEEP,2.0,0.00019,0.000194,-4e-06,0.0,0.0,0.0,0
2026-10-02T08:27:02+00:00,M01,SLEEP,2.0,0.00019,0.000194,-4e-06,0.0,0.0,0.0,0
2026-10-02T08:27:04+00:00,M01,SLEEP,2.0,0.0002,0.000194,6e-06,6e-06,0.0,4e-06,0
2026-10-02T08:27:06+00:00,M01,SLEEP,2.0,0.00019,0.000194,-4e-06,0.0,0.0,0.0,0
2026-10-02T08:27:08+00:00,M01,SLEEP,2.0,0.00019,0.000194,-4e-06,0.0,0.0,0.0,0
2026-10-02T08:27:10+00:00,M01,SLEEP,2.0,0.00019,0.000194,-4e-06,0.0,0.0,0.0,0
2026-10-02T08:27:12+00:00,M01,SLEEP,2.0,0.0002,0.000194,6e-06,6e-06,0.0,4e-06,0
2026-10-02T08:27:14+00:00,M01,SLEEP,2.0,0.00019,0.000194,-4e-06,0.0,0.0,0.0,0
2026-10-02T08:27:16+00:00,M01,SLEEP,2.0,0.00019,0.000194,-4e-06,0.0,0.0,0.0,0
2026-10-02T08:27:18+00:00,M01,SLEEP,2.0,0.00019,0.000194,-4e-06,0.0,0.0,0.0,0
2026-10-02T08:27:20+00:00,M01,SLEEP,2.0,0.0002,0.000194,6e-06,6e-06,0.0,4e-06,0
2026-10-02T08:27:22+00:00,M01,SLEEP,2.0,0.00019,0.000194,-4e-06,0.0,0.0,0.0,0
2026-10-02T08:27:24+00:00,M01,SLEEP,2.0,0.0002,0.000194,6e-06,6e-06,0.0,4e-06,0
2026-10-02T08:27:26+00:00,M01,SLEEP,2.0,0.0002,0.000194,6e-06,6e-06,0.0,4e-06,0
2026-10-02T08:27:28+00:00,M01,SLEEP,2.0,0.00019,0.000194,-4e-06,0.0,0.0,0.0,0
2026-10-02T08:27:30+00:00,M01,SLEEP,2.0,0.00019,0.000194,-4e-06,0.0,0.0,0.0,0
2026-10-02T08:27:32+00:00,M01,SLEEP,2.0,0.0002,0.000194,6e-06,6e-06,0.0,4e-06,0
2026-10-02T08:27:34+00:00,M01,SLEEP,2.0,0.00019,0.000194,-4e-06,0.0,0.0,0.0,0
2026-10-02T08:27:36+00:00,M01,SLEEP,2.0,0.0002,0.000194,6e-06,6e-06,0.0,4e-06,0
2026-10-02T08:27:38+00:00,M01,SLEEP,2.0,0.00019,0.000194,-4e-06,0.0,0.0,0.0,0
2026-10-02T08:27:40+00:00,M01,SLEEP,2.0,0.0002,0.000194,6e-06,6e-06,0.0,4e-06,0
2026-10-02T08:27:42+00:00,M01,SLEEP,2.0,0.0002,0.000194,6e-06,6e-06,0.0,4e-06,0
2026-10-02T08:27:44+00:00,M01,SLEEP,2.0,0.0002,0.000194,6e-06,6e-06,0.0,4e-06,0
2026-10-02T08:27:46+00:00,M01,SLEEP,2.0,0.0002,0.000194,6e-06,6e-06,0.0,4e-06,0
2026-10-02T08:27:48+00:00,M01,SLEEP,2.0,0.0002,0.000194,6e-06,6e-06,0.0,4e-06,0
2026-10-02T08:27:50+00:00,M01,SLEEP,2.0,0.00019,0.000194,-4e-06,0.0,0.0,0.0,0
2026-10-02T08:27:52+00:00,M01,SLEEP,2.0,0.00019,0.000194,-4e-06,0.0,0.0,0.0,0
2026-10-02T08:27:54+00:00,M01,SLEEP,2.0,0.0002,0.000194,6e-06,6e-06,0.0,4e-06,0
2026-10-02T08:27:56+00:00,M01,SLEEP,2.0,0.0002,0.000194,6e-06,6e-06,0.0,4e-06,0
2026-10-02T08:27:58+00:00,M01,SLEEP,2.0,0.00018,0.000194,-1.4e-05,0.0,0.0,0.0,0
2026-10-02T08:28:00+00:00,M01,SLEEP,2.0,0.0002,0.000194,6e-06,6e-06,0.0,4e-06,0
2026-10-02T08:28:02+00:00,M01,SLEEP,2.0,0.00019,0.000194,-4e-06,0.0,0.0,0.0,0
2026-10-02T08:28:04+00:00,M01,SLEEP,2.0,0.00021,0.000194,1.6e-05,1.6e-05,0.0001,1.1e-05,0
2026-10-02T08:28:06+00:00,M01,SLEEP,2.0,0.00019,0.000194,-4e-06,0.0,0.0,0.0,0
2026-10-02T08:28:08+00:00,M01,SLEEP,2.0,0.0002,0.000194,6e-06,6e-06,0.0,4e-06,0
2026-10-02T08:28:10+00:00,M01,SLEEP,2.0,0.0002,0.000194,6e-06,6e-06,0.0,4e-06,0
2026-10-02T08:28:12+00:00,M01,SLEEP,2.0,0.00019,0.000194,-4e-06,0.0,0.0,0.0,0
2026-10-02T08:28:14+00:00,M01,SLEEP,2.0,0.00019,0.000194,-4e-06,0.0,0.0,0.0,0
2026-10-02T08:28:16+00:00,M01,SLEEP,2.0,0.00019,0.000194,-4e-06,0.0,0.0,0.0,0
2026-10-02T08:28:18+00:00,M01,SLEEP,2.0,0.0002,0.000194,6e-06,6e-06,0.0,4e-06,0
2026-10-02T08:28:20+00:00,M01,SLEEP,2.0,0.0002,0.000194,6e-06,6e-06,0.0,4e-06,0
2026-10-02T08:28:22+00:00,M01,SLEEP,2.0,0.00019,0.000194,-4e-06,0.0,0.0,0.0,0
2026-10-02T08:28:24+00:00,M01,SLEEP,2.0,0.0002,0.000194,6e-06,6e-06,0.0,4e-06,0
2026-10-02T08:28:26+00:00,M01,SLEEP,2.0,0.0002,0.000194,6e-06,6e-06,0.0,4e-06,0
2026-10-02T08:28:28+00:00,M01,SLEEP,2.0,0.00018,0.000194,-1.4e-05,0.0,0.0,0.0,0
2026-10-02T08:28:30+00:00,M01,SLEEP,2.0,0.0002,0.000194,6e-06,6e-06,0.0,4e-06,0
2026-10-02T08:28:32+00:00,M01,SLEEP,2.0,0.0002,0.000194,6e-06,6e-06,0.0,4e-06,0
2026-10-02T08:28:34+00:00,M01,SLEEP,2.0,0.0002,0.000194,6e-06,6e-06,0.0,4e-06,0
2026-10-02T08:28:36+00:00,M01,SLEEP,2.0,0.00019,0.000194,-4e-06,0.0,0.0,0.0,0
2026-10-02T08:28:38+00:00,M01,SLEEP,2.0,0.00019,0.000194,-4e-06,0.0,0.0,0.0,0
2026-10-02T08:28:40+00:00,M01,SLEEP,2.0,0.0002,0.000194,6e-06,6e-06,0.0,4e-06,0
2026-10-02T08:28:42+00:00,M01,SLEEP,2.0,0.0002,0.000194,6e-06,6e-06,0.0,4e-06,0
2026-10-02T08:28:44+00:00,M01,SLEEP,2.0,0.00019,0.000194,-4e-06,0.0,0.0,0.0,0
2026-10-02T08:28:46+00:00,M01,SLEEP,2.0,0.0002,0.000194,6e-06,6e-06,0.0,4e-06,0
2026-10-02T08:28:48+00:00,M01,SLEEP,2.0,0.00019,0.000194,-4e-06,0.0,0.0,0.0,0
2026-10-02T08:28:50+00:00,M01,SLEEP,2.0,0.00018,0.000194,-1.4e-05,0.0,0.0,0.0,0
2026-10-02T08:28:52+00:00,M01,SLEEP,2.0,0.0002,0.000194,6e-06,6e-06,0.0,4e-06,0
2026-10-02T08:28:54+00:00,M01,SLEEP,2.0,0.00019,0.000194,-4e-06,0.0,0.0,0.0,0
2026-10-02T08:28:56+00:00,M01,SLEEP,2.0,0.0002,0.000194,6e-06,6e-06,0.0,4e-06,0
2026-10-02T08:28:58+00:00,M01,SLEEP,2.0,0.0002,0.000194,6e-06,6e-06,0.0,4e-06,0
2026-10-02T08:29:00+00:00,M01,SLEEP,2.0,0.0002,0.000194,6e-06,6e-06,0.0,4e-06,0
2026-10-02T08:29:02+00:00,M01,SLEEP,2.0,0.00019,0.000194,-4e-06,0.0,0.0,0.0,0
2026-10-02T08:29:04+00:00,M01,SLEEP,2.0,0.00019,0.000194,-4e-06,0.0,0.0,0.0,0
2026-10-02T08:29:06+00:00,M01,SLEEP,2.0,0.00019,0.000194,-4e-06,0.0,0.0,0.0,0
2026-10-02T08:29:08+00:00,M01,SLEEP,2.0,0.00018,0.000194,-1.4e-05,0.0,0.0,0.0,0
2026-10-02T08:29:10+00:00,M01,SLEEP,2.0,0.0002,0.000194,6e-06,6e-06,0.0,4e-06,0
2026-10-02T08:29:12+00:00,M01,SLEEP,2.0,0.0002,0.000194,6e-06,6e-06,0.0,4e-06,0
2026-10-02T08:29:14+00:00,M01,SLEEP,2.0,0.0002,0.000194,6e-06,6e-06,0.0,4e-06,0
2026-10-02T08:29:16+00:00,M01,SLEEP,2.0,0.00019,0.000194,-4e-06,0.0,0.0,0.0,0
2026-10-02T08:29:18+00:00,M01,SLEEP,2.0,0.0002,0.000194,6e-06,6e-06,0.0,4e-06,0
2026-10-02T08:29:20+00:00,M01,SLEEP,2.0,0.00018,0.000194,-1.4e-05,0.0,0.0,0.0,0
2026-10-02T08:29:22+00:00,M01,SLEEP,2.0,0.0002,0.000194,6e-06,6e-06,0.0,4e-06,0
2026-10-02T08:29:24+00:00,M01,SLEEP,2.0,0.0002,0.000194,6e-06,6e-06,0.0,4e-06,0
2026-10-02T08:29:26+00:00,M01,SLEEP,2.0,0.00019,0.000194,-4e-06,0.0,0.0,0.0,0
2026-10-02T08:29:28+00:00,M01,SLEEP,2.0,0.00019,0.000194,-4e-06,0.0,0.0,0.0,0
2026-10-02T08:29:30+00:00,M01,SLEEP,2.0,0.0002,0.000194,6e-06,6e-06,0.0,4e-06,0
2026-10-02T08:29:32+00:00,M01,SLEEP,2.0,0.00019,0.000194,-4e-06,0.0,0.0,0.0,0
2026-10-02T08:29:34+00:00,M01,SLEEP,2.0,0.00019,0.000194,-4e-06,0.0,0.0,0.0,0
2026-10-02T08:29:36+00:00,M01,SLEEP,2.0,0.00019,0.000194,-4e-06,0.0,0.0,0.0,0
2026-10-02T08:29:38+00:00,M01,SLEEP,2.0,0.00019,0.000194,-4e-06,0.0,0.0,0.0,0
2026-10-02T08:29:40+00:00,M01,SLEEP,2.0,0.0002,0.000194,6e-06,6e-06,0.0,4e-06,0
2026-10-02T08:29:42+00:00,M01,SLEEP,2.0,0.0002,0.000194,6e-06,6e-06,0.0,4e-06,0
2026-10-02T08:29:44+00:00,M01,SLEEP,2.0,0.0002,0.000194,6e-06,6e-06,0.0,4e-06,0
2026-10-02T08:29:46+00:00,M01,SLEEP,2.0,0.0002,0.000194,6e-06,6e-06,0.0,4e-06,0
2026-10-02T08:29:48+00:00,M01,SLEEP,2.0,0.00019,0.000194,-4e-06,0.0,0.0,0.0,0
2026-10-02T08:29:50+00:00,M01,SLEEP,2.0,0.00019,0.000194,-4e-06,0.0,0.0,0.0,0
2026-10-02T08:29:52+00:00,M01,SLEEP,2.0,0.0002,0.000194,6e-06,6e-06,0.0,4e-06,0
2026-10-02T08:29:54+00:00,M01,SLEEP,2.0,0.00019,0.000194,-4e-06,0.0,0.0,0.0,0
2026-10-02T08:29:56+00:00,M01,SLEEP,2.0,0.0002,0.000194,6e-06,6e-06,0.0,4e-06,0
2026-10-02T08:29:58+00:00,M01,SLEEP,2.0,0.0002,0.000194,6e-06,6e-06,0.0,4e-06,0
2026-10-02T08:30:00+00:00,M01,SLEEP,2.0,0.00018,0.000194,-1.4e-05,0.0,0.0,0.0,0
2026-10-02T08:00:04+00:00,M02,RUNNING,2.0,0.00389,0.003211,0.000679,0.000679,0.0054,0.000486,0
2026-10-02T08:00:06+00:00,M02,RUNNING,2.0,0.0038,0.003211,0.000589,0.000589,0.0047,0.000422,0
2026-10-02T08:00:08+00:00,M02,RUNNING,2.0,0.00386,0.003211,0.000649,0.000649,0.0052,0.000465,0
2026-10-02T08:00:10+00:00,M02,RUNNING,2.0,0.00374,0.003211,0.000529,0.000529,0.0042,0.000379,0
2026-10-02T08:00:12+00:00,M02,RUNNING,2.0,0.00396,0.003211,0.000749,0.000749,0.006,0.000536,0
2026-10-02T08:00:14+00:00,M02,RUNNING,2.0,0.00382,0.003211,0.000609,0.000609,0.0049,0.000436,0
2026-10-02T08:00:16+00:00,M02,RUNNING,2.0,0.00378,0.003211,0.000569,0.000569,0.0046,0.000407,0
2026-10-02T08:00:18+00:00,M02,RUNNING,2.0,0.00388,0.003211,0.000669,0.000669,0.0054,0.000479,0
2026-10-02T08:00:20+00:00,M02,RUNNING,2.0,0.0039,0.003211,0.000689,0.000689,0.0055,0.000493,0
2026-10-02T08:00:22+00:00,M02,RUNNING,2.0,0.00384,0.003211,0.000629,0.000629,0.005,0.00045,0
2026-10-02T08:00:24+00:00,M02,RUNNING,2.0,0.00385,0.003211,0.000639,0.000639,0.0051,0.000457,0
2026-10-02T08:00:26+00:00,M02,RUNNING,2.0,0.00371,0.003211,0.000499,0.000499,0.004,0.000357,0
2026-10-02T08:00:28+00:00,M02,RUNNING,2.0,0.0039,0.003211,0.000689,0.000689,0.0055,0.000493,0
2026-10-02T08:00:30+00:00,M02,RUNNING,2.0,0.0038,0.003211,0.000589,0.000589,0.0047,0.000422,0
2026-10-02T08:00:32+00:00,M02,RUNNING,2.0,0.00394,0.003211,0.000729,0.000729,0.0058,0.000522,0
2026-10-02T08:00:34+00:00,M02,RUNNING,2.0,0.0039,0.003211,0.000689,0.000689,0.0055,0.000493,0
2026-10-02T08:00:36+00:00,M02,RUNNING,2.0,0.00392,0.003211,0.000709,0.000709,0.0057,0.000508,1
2026-10-02T08:00:38+00:00,M02,RUNNING,2.0,0.00373,0.003211,0.000519,0.000519,0.0042,0.000372,0
2026-10-02T08:00:40+00:00,M02,RUNNING,2.0,0.00377,0.003211,0.000559,0.000559,0.0045,0.0004,0
2026-10-02T08:00:42+00:00,M02,RUNNING,2.0,0.00377,0.003211,0.000559,0.000559,0.0045,0.0004,0
2026-10-02T08:00:44+00:00,M02,RUNNING,2.0,0.00382,0.003211,0.000609,0.000609,0.0049,0.000436,0
2026-10-02T08:00:46+00:00,M02,RUNNING,2.0,0.00376,0.003211,0.000549,0.000549,0.0044,0.000393,0
2026-10-02T08:00:48+00:00,M02,RUNNING,2.0,0.00386,0.003211,0.000649,0.000649,0.0052,0.000465,0
2026-10-02T08:00:50+00:00,M02,RUNNING,2.0,0.00386,0.003211,0.000649,0.000649,0.0052,0.000465,0
2026-10-02T08:00:52+00:00,M02,RUNNING,2.0,0.00381,0.003211,0.000599,0.000599,0.0048,0.000429,0
2026-10-02T08:00:54+00:00,M02,RUNNING,2.0,0.00389,0.003211,0.000679,0.000679,0.0054,0.000486,0
2026-10-02T08:00:56+00:00,M02,RUNNING,2.0,0.00389,0.003211,0.000679,0.000679,0.0054,0.000486,0
2026-10-02T08:00:58+00:00,M02,RUNNING,2.0,0.00398,0.003211,0.000769,0.000769,0.0062,0.000551,0
2026-10-02T08:01:00+00:00,M02,RUNNING,2.0,0.00381,0.003211,0.000599,0.000599,0.0048,0.000429,0
2026-10-02T08:01:02+00:00,M02,RUNNING,2.0,0.00387,0.003211,0.000659,0.000659,0.0053,0.000472,0
2026-10-02T08:01:04+00:00,M02,RUNNING,2.0,0.00386,0.003211,0.000649,0.000649,0.0052,0.000465,0
2026-10-02T08:01:06+00:00,M02,RUNNING,2.0,0.00392,0.003211,0.000709,0.000709,0.0057,0.000508,0
2026-10-02T08:01:08+00:00,M02,RUNNING,2.0,0.0038,0.003211,0.000589,0.000589,0.0047,0.000422,0
2026-10-02T08:01:10+00:00,M02,RUNNING,2.0,0.00392,0.003211,0.000709,0.000709,0.0057,0.000508,0
2026-10-02T08:01:12+00:00,M02,RUNNING,2.0,0.0039,0.003211,0.000689,0.000689,0.0055,0.000493,1
2026-10-02T08:01:14+00:00,M02,RUNNING,2.0,0.00387,0.003211,0.000659,0.000659,0.0053,0.000472,0
2026-10-02T08:01:16+00:00,M02,RUNNING,2.0,0.00382,0.003211,0.000609,0.000609,0.0049,0.000436,0
2026-10-02T08:01:18+00:00,M02,RUNNING,2.0,0.00373,0.003211,0.000519,0.000519,0.0042,0.000372,0
2026-10-02T08:01:20+00:00,M02,RUNNING,2.0,0.00396,0.003211,0.000749,0.000749,0.006,0.000536,0
2026-10-02T08:01:22+00:00,M02,RUNNING,2.0,0.00385,0.003211,0.000639,0.000639,0.0051,0.000457,0
2026-10-02T08:01:24+00:00,M02,RUNNING,2.0,0.00394,0.003211,0.000729,0.000729,0.0058,0.000522,0
2026-10-02T08:01:26+00:00,M02,RUNNING,2.0,0.004,0.003211,0.000789,0.000789,0.0063,0.000565,0
2026-10-02T08:01:28+00:00,M02,RUNNING,2.0,0.004,0.003211,0.000789,0.000789,0.0063,0.000565,0
2026-10-02T08:01:30+00:00,M02,RUNNING,2.0,0.004,0.003211,0.000789,0.000789,0.0063,0.000565,0
2026-10-02T08:01:32+00:00,M02,RUNNING,2.0,0.00394,0.003211,0.000729,0.000729,0.0058,0.000522,0
2026-10-02T08:01:34+00:00,M02,RUNNING,2.0,0.0039,0.003211,0.000689,0.000689,0.0055,0.000493,0
2026-10-02T08:01:36+00:00,M02,RUNNING,2.0,0.00395,0.003211,0.000739,0.000739,0.0059,0.000529,0
2026-10-02T08:01:38+00:00,M02,RUNNING,2.0,0.00391,0.003211,0.000699,0.000699,0.0056,0.0005,0
2026-10-02T08:01:40+00:00,M02,RUNNING,2.0,0.00398,0.003211,0.000769,0.000769,0.0062,0.000551,0
2026-10-02T08:01:42+00:00,M02,RUNNING,2.0,0.0038,0.003211,0.000589,0.000589,0.0047,0.000422,0
2026-10-02T08:01:44+00:00,M02,RUNNING,2.0,0.00371,0.003211,0.000499,0.000499,0.004,0.000357,0
2026-10-02T08:01:46+00:00,M02,RUNNING,2.0,0.00378,0.003211,0.000569,0.000569,0.0046,0.000407,0
2026-10-02T08:01:48+00:00,M02,RUNNING,2.0,0.00401,0.003211,0.000799,0.000799,0.0064,0.000572,1
2026-10-02T08:01:50+00:00,M02,RUNNING,2.0,0.00397,0.003211,0.000759,0.000759,0.0061,0.000543,0
2026-10-02T08:01:52+00:00,M02,RUNNING,2.0,0.00376,0.003211,0.000549,0.000549,0.0044,0.000393,0
2026-10-02T08:01:54+00:00,M02,RUNNING,2.0,0.00397,0.003211,0.000759,0.000759,0.0061,0.000543,0
2026-10-02T08:01:56+00:00,M02,RUNNING,2.0,0.00398,0.003211,0.000769,0.000769,0.0062,0.000551,0
2026-10-02T08:01:58+00:00,M02,RUNNING,2.0,0.0039,0.003211,0.000689,0.000689,0.0055,0.000493,0
2026-10-02T08:02:00+00:00,M02,RUNNING,2.0,0.00395,0.003211,0.000739,0.000739,0.0059,0.000529,0
2026-10-02T08:02:02+00:00,M02,RUNNING,2.0,0.00381,0.003211,0.000599,0.000599,0.0048,0.000429,0
2026-10-02T08:02:04+00:00,M02,RUNNING,2.0,0.00381,0.003211,0.000599,0.000599,0.0048,0.000429,0
2026-10-02T08:02:06+00:00,M02,RUNNING,2.0,0.00376,0.003211,0.000549,0.000549,0.0044,0.000393,0
2026-10-02T08:02:08+00:00,M02,RUNNING,2.0,0.00385,0.003211,0.000639,0.000639,0.0051,0.000457,0
2026-10-02T08:02:10+00:00,M02,RUNNING,2.0,0.00374,0.003211,0.000529,0.000529,0.0042,0.000379,0
2026-10-02T08:02:12+00:00,M02,RUNNING,2.0,0.00388,0.003211,0.000669,0.000669,0.0054,0.000479,0
2026-10-02T08:02:14+00:00,M02,RUNNING,2.0,0.00379,0.003211,0.000579,0.000579,0.0046,0.000414,0
2026-10-02T08:02:16+00:00,M02,RUNNING,2.0,0.00376,0.003211,0.000549,0.000549,0.0044,0.000393,0
2026-10-02T08:02:18+00:00,M02,RUNNING,2.0,0.00398,0.003211,0.000769,0.000769,0.0062,0.000551,0
2026-10-02T08:02:20+00:00,M02,RUNNING,2.0,0.00372,0.003211,0.000509,0.000509,0.0041,0.000364,0
2026-10-02T08:02:22+00:00,M02,RUNNING,2.0,0.00381,0.003211,0.000599,0.000599,0.0048,0.000429,0
2026-10-02T08:02:24+00:00,M02,RUNNING,2.0,0.00387,0.003211,0.000659,0.000659,0.0053,0.000472,1
2026-10-02T08:02:26+00:00,M02,RUNNING,2.0,0.00378,0.003211,0.000569,0.000569,0.0046,0.000407,0
2026-10-02T08:02:28+00:00,M02,RUNNING,2.0,0.00376,0.003211,0.000549,0.000549,0.0044,0.000393,0
2026-10-02T08:02:30+00:00,M02,RUNNING,2.0,0.00399,0.003211,0.000779,0.000779,0.0062,0.000558,0
2026-10-02T08:02:32+00:00,M02,RUNNING,2.0,0.00392,0.003211,0.000709,0.000709,0.0057,0.000508,0
2026-10-02T08:02:34+00:00,M02,RUNNING,2.0,0.00386,0.003211,0.000649,0.000649,0.0052,0.000465,0
2026-10-02T08:02:36+00:00,M02,RUNNING,2.0,0.00376,0.003211,0.000549,0.000549,0.0044,0.000393,0
2026-10-02T08:02:38+00:00,M02,RUNNING,2.0,0.00392,0.003211,0.000709,0.000709,0.0057,0.000508,0
2026-10-02T08:02:40+00:00,M02,RUNNING,2.0,0.00382,0.003211,0.000609,0.000609,0.0049,0.000436,0
2026-10-02T08:02:42+00:00,M02,RUNNING,2.0,0.00395,0.003211,0.000739,0.000739,0.0059,0.000529,0
2026-10-02T08:02:44+00:00,M02,RUNNING,2.0,0.00399,0.003211,0.000779,0.000779,0.0062,0.000558,0
2026-10-02T08:02:46+00:00,M02,RUNNING,2.0,0.00385,0.003211,0.000639,0.000639,0.0051,0.000457,0
2026-10-02T08:02:48+00:00,M02,RUNNING,2.0,0.00372,0.003211,0.000509,0.000509,0.0041,0.000364,0
2026-10-02T08:02:50+00:00,M02,RUNNING,2.0,0.00376,0.003211,0.000549,0.000549,0.0044,0.000393,0
2026-10-02T08:02:52+00:00,M02,RUNNING,2.0,0.0038,0.003211,0.000589,0.000589,0.0047,0.000422,0
2026-10-02T08:02:54+00:00,M02,RUNNING,2.0,0.00378,0.003211,0.000569,0.000569,0.0046,0.000407,0
2026-10-02T08:02:56+00:00,M02,RUNNING,2.0,0.00378,0.003211,0.000569,0.000569,0.0046,0.000407,0
2026-10-02T08:02:58+00:00,M02,RUNNING,2.0,0.00394,0.003211,0.000729,0.000729,0.0058,0.000522,0
2026-10-02T08:03:00+00:00,M02,RUNNING,2.0,0.00388,0.003211,0.000669,0.000669,0.0054,0.000479,1
2026-10-02T08:03:02+00:00,M02,RUNNING,2.0,0.00398,0.003211,0.000769,0.000769,0.0062,0.000551,0
2026-10-02T08:03:04+00:00,M02,RUNNING,2.0,0.00395,0.003211,0.000739,0.000739,0.0059,0.000529,0
2026-10-02T08:03:06+00:00,M02,RUNNING,2.0,0.00374,0.003211,0.000529,0.000529,0.0042,0.000379,0
2026-10-02T08:03:08+00:00,M02,RUNNING,2.0,0.00391,0.003211,0.000699,0.000699,0.0056,0.0005,0
2026-10-02T08:03:10+00:00,M02,RUNNING,2.0,0.0037,0.003211,0.000489,0.000489,0.0039,0.00035,0
2026-10-02T08:03:12+00:00,M02,RUNNING,2.0,0.00383,0.003211,0.000619,0.000619,0.005,0.000443,0
2026-10-02T08:03:14+00:00,M02,RUNNING,2.0,0.00392,0.003211,0.000709,0.000709,0.0057,0.000508,0
2026-10-02T08:03:16+00:00,M02,RUNNING,2.0,0.0037,0.003211,0.000489,0.000489,0.0039,0.00035,0
2026-10-02T08:03:18+00:00,M02,RUNNING,2.0,0.00398,0.003211,0.000769,0.000769,0.0062,0.000551,0
2026-10-02T08:03:20+00:00,M02,RUNNING,2.0,0.00374,0.003211,0.000529,0.000529,0.0042,0.000379,0
2026-10-02T08:03:22+00:00,M02,RUNNING,2.0,0.00373,0.003211,0.000519,0.000519,0.0042,0.000372,0
2026-10-02T08:03:24+00:00,M02,RUNNING,2.0,0.00372,0.003211,0.000509,0.000509,0.0041,0.000364,0
2026-10-02T08:03:26+00:00,M02,RUNNING,2.0,0.00378,0.003211,0.000569,0.000569,0.0046,0.000407,0
2026-10-02T08:03:28+00:00,M02,RUNNING,2.0,0.00381,0.003211,0.000599,0.000599,0.0048,0.000429,0
2026-10-02T08:03:30+00:00,M02,RUNNING,2.0,0.00392,0.003211,0.000709,0.000709,0.0057,0.000508,0
2026-10-02T08:03:32+00:00,M02,RUNNING,2.0,0.00374,0.003211,0.000529,0.000529,0.0042,0.000379,0
2026-10-02T08:03:34+00:00,M02,RUNNING,2.0,0.00371,0.003211,0.000499,0.000499,0.004,0.000357,0
2026-10-02T08:03:36+00:00,M02,RUNNING,2.0,0.00371,0.003211,0.000499,0.000499,0.004,0.000357,1
2026-10-02T08:03:38+00:00,M02,RUNNING,2.0,0.00384,0.003211,0.000629,0.000629,0.005,0.00045,0
2026-10-02T08:03:40+00:00,M02,RUNNING,2.0,0.00395,0.003211,0.000739,0.000739,0.0059,0.000529,0
2026-10-02T08:03:42+00:00,M02,RUNNING,2.0,0.00397,0.003211,0.000759,0.000759,0.0061,0.000543,0
2026-10-02T08:03:44+00:00,M02,RUNNING,2.0,0.00382,0.003211,0.000609,0.000609,0.0049,0.000436,0
2026-10-02T08:03:46+00:00,M02,RUNNING,2.0,0.00377,0.003211,0.000559,0.000559,0.0045,0.0004,0
2026-10-02T08:03:48+00:00,M02,RUNNING,2.0,0.00382,0.003211,0.000609,0.000609,0.0049,0.000436,0
2026-10-02T08:03:50+00:00,M02,RUNNING,2.0,0.00398,0.003211,0.000769,0.000769,0.0062,0.000551,0
2026-10-02T08:03:52+00:00,M02,RUNNING,2.0,0.00373,0.003211,0.000519,0.000519,0.0042,0.000372,0
2026-10-02T08:03:54+00:00,M02,RUNNING,2.0,0.00399,0.003211,0.000779,0.000779,0.0062,0.000558,0
2026-10-02T08:03:56+00:00,M02,RUNNING,2.0,0.00374,0.003211,0.000529,0.000529,0.0042,0.000379,0
2026-10-02T08:03:58+00:00,M02,RUNNING,2.0,0.00382,0.003211,0.000609,0.000609,0.0049,0.000436,0
2026-10-02T08:04:00+00:00,M02,RUNNING,2.0,0.00399,0.003211,0.000779,0.000779,0.0062,0.000558,0
2026-10-02T08:04:02+00:00,M02,OVERLOAD,2.0,0.00655,0.003211,0.003339,0.003339,0.0267,0.002391,0
2026-10-02T08:04:04+00:00,M02,OVERLOAD,2.0,0.00651,0.003211,0.003299,0.003299,0.0264,0.002362,0
2026-10-02T08:04:06+00:00,M02,OVERLOAD,2.0,0.00691,0.003211,0.003699,0.003699,0.0296,0.002648,0
2026-10-02T08:04:08+00:00,M02,OVERLOAD,2.0,0.00656,0.003211,0.003349,0.003349,0.0268,0.002398,0
2026-10-02T08:04:10+00:00,M02,OVERLOAD,2.0,0.00686,0.003211,0.003649,0.003649,0.0292,0.002613,0
2026-10-02T08:04:12+00:00,M02,OVERLOAD,2.0,0.00665,0.003211,0.003439,0.003439,0.0275,0.002462,1
2026-10-02T08:04:14+00:00,M02,OVERLOAD,2.0,0.00689,0.003211,0.003679,0.003679,0.0294,0.002634,0
2026-10-02T08:04:16+00:00,M02,OVERLOAD,2.0,0.00667,0.003211,0.003459,0.003459,0.0277,0.002477,0
2026-10-02T08:04:18+00:00,M02,OVERLOAD,2.0,0.00694,0.003211,0.003729,0.003729,0.0298,0.00267,0
2026-10-02T08:04:20+00:00,M02,OVERLOAD,2.0,0.00659,0.003211,0.003379,0.003379,0.027,0.002419,0
2026-10-02T08:04:22+00:00,M02,OVERLOAD,2.0,0.00674,0.003211,0.003529,0.003529,0.0282,0.002527,0
2026-10-02T08:04:24+00:00,M02,OVERLOAD,2.0,0.00665,0.003211,0.003439,0.003439,0.0275,0.002462,0
2026-10-02T08:04:26+00:00,M02,OVERLOAD,2.0,0.00682,0.003211,0.003609,0.003609,0.0289,0.002584,0
2026-10-02T08:04:28+00:00,M02,OVERLOAD,2.0,0.00678,0.003211,0.003569,0.003569,0.0286,0.002555,0
2026-10-02T08:04:30+00:00,M02,OVERLOAD,2.0,0.00658,0.003211,0.003369,0.003369,0.027,0.002412,0
2026-10-02T08:04:32+00:00,M02,OVERLOAD,2.0,0.00667,0.003211,0.003459,0.003459,0.0277,0.002477,0
2026-10-02T08:04:34+00:00,M02,OVERLOAD,2.0,0.00666,0.003211,0.003449,0.003449,0.0276,0.002469,0
2026-10-02T08:04:36+00:00,M02,OVERLOAD,2.0,0.00681,0.003211,0.003599,0.003599,0.0288,0.002577,0
2026-10-02T08:04:38+00:00,M02,OVERLOAD,2.0,0.00673,0.003211,0.003519,0.003519,0.0282,0.00252,0
2026-10-02T08:04:40+00:00,M02,OVERLOAD,2.0,0.00666,0.003211,0.003449,0.003449,0.0276,0.002469,0
2026-10-02T08:04:42+00:00,M02,OVERLOAD,2.0,0.00688,0.003211,0.003669,0.003669,0.0294,0.002627,0
2026-10-02T08:04:44+00:00,M02,OVERLOAD,2.0,0.00674,0.003211,0.003529,0.003529,0.0282,0.002527,0
2026-10-02T08:04:46+00:00,M02,OVERLOAD,2.0,0.00652,0.003211,0.003309,0.003309,0.0265,0.002369,0
2026-10-02T08:04:48+00:00,M02,OVERLOAD,2.0,0.00662,0.003211,0.003409,0.003409,0.0273,0.002441,1
2026-10-02T08:04:50+00:00,M02,OVERLOAD,2.0,0.00664,0.003211,0.003429,0.003429,0.0274,0.002455,0
2026-10-02T08:04:52+00:00,M02,OVERLOAD,2.0,0.00652,0.003211,0.003309,0.003309,0.0265,0.002369,0
2026-10-02T08:04:54+00:00,M02,OVERLOAD,2.0,0.00687,0.003211,0.003659,0.003659,0.0293,0.00262,0
2026-10-02T08:04:56+00:00,M02,OVERLOAD,2.0,0.00655,0.003211,0.003339,0.003339,0.0267,0.002391,0
2026-10-02T08:04:58+00:00,M02,OVERLOAD,2.0,0.00675,0.003211,0.003539,0.003539,0.0283,0.002534,0
2026-10-02T08:05:00+00:00,M02,OVERLOAD,2.0,0.0069,0.003211,0.003689,0.003689,0.0295,0.002641,0
2026-10-02T08:05:02+00:00,M02,RUNNING,2.0,0.00421,0.003211,0.000999,0.000999,0.008,0.000715,0
2026-10-02T08:05:04+00:00,M02,RUNNING,2.0,0.00418,0.003211,0.000969,0.000969,0.0078,0.000694,0
2026-10-02T08:05:06+00:00,M02,RUNNING,2.0,0.00399,0.003211,0.000779,0.000779,0.0062,0.000558,0
2026-10-02T08:05:08+00:00,M02,RUNNING,2.0,0.00411,0.003211,0.000899,0.000899,0.0072,0.000644,0
2026-10-02T08:05:10+00:00,M02,RUNNING,2.0,0.00403,0.003211,0.000819,0.000819,0.0066,0.000586,0
2026-10-02T08:05:12+00:00,M02,RUNNING,2.0,0.00402,0.003211,0.000809,0.000809,0.0065,0.000579,0
2026-10-02T08:05:14+00:00,M02,RUNNING,2.0,0.00378,0.003211,0.000569,0.000569,0.0046,0.000407,0
2026-10-02T08:05:16+00:00,M02,RUNNING,2.0,0.00387,0.003211,0.000659,0.000659,0.0053,0.000472,0
2026-10-02T08:05:18+00:00,M02,RUNNING,2.0,0.00375,0.003211,0.000539,0.000539,0.0043,0.000386,0
2026-10-02T08:05:20+00:00,M02,RUNNING,2.0,0.00387,0.003211,0.000659,0.000659,0.0053,0.000472,0
2026-10-02T08:05:22+00:00,M02,RUNNING,2.0,0.00375,0.003211,0.000539,0.000539,0.0043,0.000386,1
2026-10-02T08:05:24+00:00,M02,RUNNING,2.0,0.00395,0.003211,0.000739,0.000739,0.0059,0.000529,0
2026-10-02T08:05:26+00:00,M02,RUNNING,2.0,0.00395,0.003211,0.000739,0.000739,0.0059,0.000529,0
2026-10-02T08:05:28+00:00,M02,RUNNING,2.0,0.00386,0.003211,0.000649,0.000649,0.0052,0.000465,0
2026-10-02T08:05:30+00:00,M02,RUNNING,2.0,0.00378,0.003211,0.000569,0.000569,0.0046,0.000407,0
2026-10-02T08:05:32+00:00,M02,RUNNING,2.0,0.00389,0.003211,0.000679,0.000679,0.0054,0.000486,0
2026-10-02T08:05:34+00:00,M02,RUNNING,2.0,0.00393,0.003211,0.000719,0.000719,0.0058,0.000515,0
2026-10-02T08:05:36+00:00,M02,RUNNING,2.0,0.0039,0.003211,0.000689,0.000689,0.0055,0.000493,0
2026-10-02T08:05:38+00:00,M02,RUNNING,2.0,0.00396,0.003211,0.000749,0.000749,0.006,0.000536,0
2026-10-02T08:05:40+00:00,M02,RUNNING,2.0,0.00384,0.003211,0.000629,0.000629,0.005,0.00045,0
2026-10-02T08:05:42+00:00,M02,RUNNING,2.0,0.00392,0.003211,0.000709,0.000709,0.0057,0.000508,0
2026-10-02T08:05:44+00:00,M02,RUNNING,2.0,0.0039,0.003211,0.000689,0.000689,0.0055,0.000493,0
2026-10-02T08:05:46+00:00,M02,RUNNING,2.0,0.00379,0.003211,0.000579,0.000579,0.0046,0.000414,0
2026-10-02T08:05:48+00:00,M02,RUNNING,2.0,0.00383,0.003211,0.000619,0.000619,0.005,0.000443,0
2026-10-02T08:05:50+00:00,M02,RUNNING,2.0,0.00378,0.003211,0.000569,0.000569,0.0046,0.000407,0
2026-10-02T08:05:52+00:00,M02,RUNNING,2.0,0.00384,0.003211,0.000629,0.000629,0.005,0.00045,0
2026-10-02T08:05:54+00:00,M02,RUNNING,2.0,0.00387,0.003211,0.000659,0.000659,0.0053,0.000472,0
2026-10-02T08:05:56+00:00,M02,RUNNING,2.0,0.00387,0.003211,0.000659,0.000659,0.0053,0.000472,0
2026-10-02T08:05:58+00:00,M02,RUNNING,2.0,0.00379,0.003211,0.000579,0.000579,0.0046,0.000414,1
2026-10-02T08:06:00+00:00,M02,RUNNING,2.0,0.0038,0.003211,0.000589,0.000589,0.0047,0.000422,0
2026-10-02T08:06:02+00:00,M02,RUNNING,2.0,0.00373,0.003211,0.000519,0.000519,0.0042,0.000372,0
2026-10-02T08:06:04+00:00,M02,RUNNING,2.0,0.00381,0.003211,0.000599,0.000599,0.0048,0.000429,0
2026-10-02T08:06:06+00:00,M02,RUNNING,2.0,0.00376,0.003211,0.000549,0.000549,0.0044,0.000393,0
2026-10-02T08:06:08+00:00,M02,RUNNING,2.0,0.00397,0.003211,0.000759,0.000759,0.0061,0.000543,0
2026-10-02T08:06:10+00:00,M02,RUNNING,2.0,0.00386,0.003211,0.000649,0.000649,0.0052,0.000465,0
2026-10-02T08:06:12+00:00,M02,RUNNING,2.0,0.0037,0.003211,0.000489,0.000489,0.0039,0.00035,0
2026-10-02T08:06:14+00:00,M02,RUNNING,2.0,0.00372,0.003211,0.000509,0.000509,0.0041,0.000364,0
2026-10-02T08:06:16+00:00,M02,RUNNING,2.0,0.00393,0.003211,0.000719,0.000719,0.0058,0.000515,0
2026-10-02T08:06:18+00:00,M02,RUNNING,2.0,0.00374,0.003211,0.000529,0.000529,0.0042,0.000379,0
2026-10-02T08:06:20+00:00,M02,RUNNING,2.0,0.00384,0.003211,0.000629,0.000629,0.005,0.00045,0
2026-10-02T08:06:22+00:00,M02,RUNNING,2.0,0.00374,0.003211,0.000529,0.000529,0.0042,0.000379,0
2026-10-02T08:06:24+00:00,M02,RUNNING,2.0,0.00386,0.003211,0.000649,0.000649,0.0052,0.000465,0
2026-10-02T08:06:26+00:00,M02,RUNNING,2.0,0.00389,0.003211,0.000679,0.000679,0.0054,0.000486,0
2026-10-02T08:06:28+00:00,M02,RUNNING,2.0,0.00394,0.003211,0.000729,0.000729,0.0058,0.000522,0
2026-10-02T08:06:30+00:00,M02,RUNNING,2.0,0.00375,0.003211,0.000539,0.000539,0.0043,0.000386,0
2026-10-02T08:06:32+00:00,M02,RUNNING,2.0,0.00394,0.003211,0.000729,0.000729,0.0058,0.000522,0
2026-10-02T08:06:34+00:00,M02,RUNNING,2.0,0.00392,0.003211,0.000709,0.000709,0.0057,0.000508,1
2026-10-02T08:06:36+00:00,M02,RUNNING,2.0,0.00383,0.003211,0.000619,0.000619,0.005,0.000443,0
2026-10-02T08:06:38+00:00,M02,RUNNING,2.0,0.00384,0.003211,0.000629,0.000629,0.005,0.00045,0
2026-10-02T08:06:40+00:00,M02,RUNNING,2.0,0.00379,0.003211,0.000579,0.000579,0.0046,0.000414,0
2026-10-02T08:06:42+00:00,M02,RUNNING,2.0,0.00398,0.003211,0.000769,0.000769,0.0062,0.000551,0
2026-10-02T08:06:44+00:00,M02,RUNNING,2.0,0.00395,0.003211,0.000739,0.000739,0.0059,0.000529,0
2026-10-02T08:06:46+00:00,M02,RUNNING,2.0,0.00372,0.003211,0.000509,0.000509,0.0041,0.000364,0
2026-10-02T08:06:48+00:00,M02,RUNNING,2.0,0.00384,0.003211,0.000629,0.000629,0.005,0.00045,0
2026-10-02T08:06:50+00:00,M02,RUNNING,2.0,0.00398,0.003211,0.000769,0.000769,0.0062,0.000551,0
2026-10-02T08:06:52+00:00,M02,RUNNING,2.0,0.00386,0.003211,0.000649,0.000649,0.0052,0.000465,0
2026-10-02T08:06:54+00:00,M02,RUNNING,2.0,0.00385,0.003211,0.000639,0.000639,0.0051,0.000457,0
2026-10-02T08:06:56+00:00,M02,RUNNING,2.0,0.00389,0.003211,0.000679,0.000679,0.0054,0.000486,0
2026-10-02T08:06:58+00:00,M02,RUNNING,2.0,0.00388,0.003211,0.000669,0.000669,0.0054,0.000479,0
2026-10-02T08:07:00+00:00,M02,RUNNING,2.0,0.0038,0.003211,0.000589,0.000589,0.0047,0.000422,0
2026-10-02T08:07:02+00:00,M02,RUNNING,2.0,0.00379,0.003211,0.000579,0.000579,0.0046,0.000414,0
2026-10-02T08:07:04+00:00,M02,RUNNING,2.0,0.00388,0.003211,0.000669,0.000669,0.0054,0.000479,0
2026-10-02T08:07:06+00:00,M02,RUNNING,2.0,0.0039,0.003211,0.000689,0.000689,0.0055,0.000493,0
2026-10-02T08:07:08+00:00,M02,RUNNING,2.0,0.00373,0.003211,0.000519,0.000519,0.0042,0.000372,0
2026-10-02T08:07:10+00:00,M02,RUNNING,2.0,0.0039,0.003211,0.000689,0.000689,0.0055,0.000493,1
2026-10-02T08:07:12+00:00,M02,RUNNING,2.0,0.00399,0.003211,0.000779,0.000779,0.0062,0.000558,0
2026-10-02T08:07:14+00:00,M02,RUNNING,2.0,0.00384,0.003211,0.000629,0.000629,0.005,0.00045,0
2026-10-02T08:07:16+00:00,M02,RUNNING,2.0,0.00382,0.003211,0.000609,0.000609,0.0049,0.000436,0
2026-10-02T08:07:18+00:00,M02,RUNNING,2.0,0.00376,0.003211,0.000549,0.000549,0.0044,0.000393,0
2026-10-02T08:07:20+00:00,M02,RUNNING,2.0,0.004,0.003211,0.000789,0.000789,0.0063,0.000565,0
2026-10-02T08:07:22+00:00,M02,RUNNING,2.0,0.00382,0.003211,0.000609,0.000609,0.0049,0.000436,0
2026-10-02T08:07:24+00:00,M02,RUNNING,2.0,0.00383,0.003211,0.000619,0.000619,0.005,0.000443,0
2026-10-02T08:07:26+00:00,M02,RUNNING,2.0,0.00393,0.003211,0.000719,0.000719,0.0058,0.000515,0
2026-10-02T08:07:28+00:00,M02,RUNNING,2.0,0.00378,0.003211,0.000569,0.000569,0.0046,0.000407,0
2026-10-02T08:07:30+00:00,M02,RUNNING,2.0,0.00378,0.003211,0.000569,0.000569,0.0046,0.000407,0
2026-10-02T08:07:32+00:00,M02,RUNNING,2.0,0.00378,0.003211,0.000569,0.000569,0.0046,0.000407,0
2026-10-02T08:07:34+00:00,M02,RUNNING,2.0,0.00393,0.003211,0.000719,0.000719,0.0058,0.000515,0
2026-10-02T08:07:36+00:00,M02,RUNNING,2.0,0.00386,0.003211,0.000649,0.000649,0.0052,0.000465,0
2026-10-02T08:07:38+00:00,M02,RUNNING,2.0,0.00387,0.003211,0.000659,0.000659,0.0053,0.000472,0
2026-10-02T08:07:40+00:00,M02,RUNNING,2.0,0.0039,0.003211,0.000689,0.000689,0.0055,0.000493,0
2026-10-02T08:07:42+00:00,M02,RUNNING,2.0,0.00385,0.003211,0.000639,0.000639,0.0051,0.000457,0
2026-10-02T08:07:44+00:00,M02,RUNNING,2.0,0.00399,0.003211,0.000779,0.000779,0.0062,0.000558,0
2026-10-02T08:07:46+00:00,M02,RUNNING,2.0,0.00372,0.003211,0.000509,0.000509,0.0041,0.000364,1
2026-10-02T08:07:48+00:00,M02,RUNNING,2.0,0.00386,0.003211,0.000649,0.000649,0.0052,0.000465,0
2026-10-02T08:07:50+00:00,M02,RUNNING,2.0,0.00394,0.003211,0.000729,0.000729,0.0058,0.000522,0
2026-10-02T08:07:52+00:00,M02,RUNNING,2.0,0.00386,0.003211,0.000649,0.000649,0.0052,0.000465,0
2026-10-02T08:07:54+00:00,M02,RUNNING,2.0,0.00393,0.003211,0.000719,0.000719,0.0058,0.000515,0
2026-10-02T08:07:56+00:00,M02,RUNNING,2.0,0.00381,0.003211,0.000599,0.000599,0.0048,0.000429,0
2026-10-02T08:07:58+00:00,M02,RUNNING,2.0,0.00373,0.003211,0.000519,0.000519,0.0042,0.000372,0
2026-10-02T08:08:00+00:00,M02,RUNNING,2.0,0.00373,0.003211,0.000519,0.000519,0.0042,0.000372,0
2026-10-02T08:08:02+00:00,M02,RUNNING,2.0,0.00381,0.003211,0.000599,0.000599,0.0048,0.000429,0
2026-10-02T08:08:04+00:00,M02,RUNNING,2.0,0.00397,0.003211,0.000759,0.000759,0.0061,0.000543,0
2026-10-02T08:08:06+00:00,M02,RUNNING,2.0,0.00383,0.003211,0.000619,0.000619,0.005,0.000443,0
2026-10-02T08:08:08+00:00,M02,RUNNING,2.0,0.00391,0.003211,0.000699,0.000699,0.0056,0.0005,0
2026-10-02T08:08:10+00:00,M02,RUNNING,2.0,0.00398,0.003211,0.000769,0.000769,0.0062,0.000551,0
2026-10-02T08:08:12+00:00,M02,RUNNING,2.0,0.00372,0.003211,0.000509,0.000509,0.0041,0.000364,0
2026-10-02T08:08:14+00:00,M02,RUNNING,2.0,0.00392,0.003211,0.000709,0.000709,0.0057,0.000508,0
2026-10-02T08:08:16+00:00,M02,RUNNING,2.0,0.00384,0.003211,0.000629,0.000629,0.005,0.00045,0
2026-10-02T08:08:18+00:00,M02,RUNNING,2.0,0.00382,0.003211,0.000609,0.000609,0.0049,0.000436,0
2026-10-02T08:08:20+00:00,M02,RUNNING,2.0,0.00371,0.003211,0.000499,0.000499,0.004,0.000357,0
2026-10-02T08:08:22+00:00,M02,RUNNING,2.0,0.00371,0.003211,0.000499,0.000499,0.004,0.000357,1
2026-10-02T08:08:24+00:00,M02,RUNNING,2.0,0.00395,0.003211,0.000739,0.000739,0.0059,0.000529,0
2026-10-02T08:08:26+00:00,M02,RUNNING,2.0,0.00383,0.003211,0.000619,0.000619,0.005,0.000443,0
2026-10-02T08:08:28+00:00,M02,RUNNING,2.0,0.0039,0.003211,0.000689,0.000689,0.0055,0.000493,0
2026-10-02T08:08:30+00:00,M02,RUNNING,2.0,0.00371,0.003211,0.000499,0.000499,0.004,0.000357,0
2026-10-02T08:08:32+00:00,M02,RUNNING,2.0,0.00392,0.003211,0.000709,0.000709,0.0057,0.000508,0
2026-10-02T08:08:34+00:00,M02,RUNNING,2.0,0.00386,0.003211,0.000649,0.000649,0.0052,0.000465,0
2026-10-02T08:08:36+00:00,M02,RUNNING,2.0,0.00386,0.003211,0.000649,0.000649,0.0052,0.000465,0
2026-10-02T08:08:38+00:00,M02,RUNNING,2.0,0.00397,0.003211,0.000759,0.000759,0.0061,0.000543,0
2026-10-02T08:08:40+00:00,M02,RUNNING,2.0,0.00381,0.003211,0.000599,0.000599,0.0048,0.000429,0
2026-10-02T08:08:42+00:00,M02,RUNNING,2.0,0.00387,0.003211,0.000659,0.000659,0.0053,0.000472,0
2026-10-02T08:08:44+00:00,M02,RUNNING,2.0,0.0039,0.003211,0.000689,0.000689,0.0055,0.000493,0
2026-10-02T08:08:46+00:00,M02,RUNNING,2.0,0.00373,0.003211,0.000519,0.000519,0.0042,0.000372,0
2026-10-02T08:08:48+00:00,M02,RUNNING,2.0,0.00377,0.003211,0.000559,0.000559,0.0045,0.0004,0
2026-10-02T08:08:50+00:00,M02,RUNNING,2.0,0.00371,0.003211,0.000499,0.000499,0.004,0.000357,0
2026-10-02T08:08:52+00:00,M02,RUNNING,2.0,0.00399,0.003211,0.000779,0.000779,0.0062,0.000558,0
2026-10-02T08:08:54+00:00,M02,RUNNING,2.0,0.00384,0.003211,0.000629,0.000629,0.005,0.00045,0
2026-10-02T08:08:56+00:00,M02,RUNNING,2.0,0.00399,0.003211,0.000779,0.000779,0.0062,0.000558,0
2026-10-02T08:08:58+00:00,M02,RUNNING,2.0,0.004,0.003211,0.000789,0.000789,0.0063,0.000565,1
2026-10-02T08:09:00+00:00,M02,RUNNING,2.0,0.00395,0.003211,0.000739,0.000739,0.0059,0.000529,0
2026-10-02T08:09:02+00:00,M02,RUNNING,2.0,0.0039,0.003211,0.000689,0.000689,0.0055,0.000493,0
2026-10-02T08:09:04+00:00,M02,RUNNING,2.0,0.00378,0.003211,0.000569,0.000569,0.0046,0.000407,0
2026-10-02T08:09:06+00:00,M02,RUNNING,2.0,0.00385,0.003211,0.000639,0.000639,0.0051,0.000457,0
2026-10-02T08:09:08+00:00,M02,RUNNING,2.0,0.00398,0.003211,0.000769,0.000769,0.0062,0.000551,0
2026-10-02T08:09:10+00:00,M02,RUNNING,2.0,0.00382,0.003211,0.000609,0.000609,0.0049,0.000436,0
2026-10-02T08:09:12+00:00,M02,RUNNING,2.0,0.00375,0.003211,0.000539,0.000539,0.0043,0.000386,0
2026-10-02T08:09:14+00:00,M02,RUNNING,2.0,0.00372,0.003211,0.000509,0.000509,0.0041,0.000364,0
2026-10-02T08:09:16+00:00,M02,RUNNING,2.0,0.00389,0.003211,0.000679,0.000679,0.0054,0.000486,0
2026-10-02T08:09:18+00:00,M02,RUNNING,2.0,0.00394,0.003211,0.000729,0.000729,0.0058,0.000522,0
2026-10-02T08:09:20+00:00,M02,RUNNING,2.0,0.00379,0.003211,0.000579,0.000579,0.0046,0.000414,0
2026-10-02T08:09:22+00:00,M02,RUNNING,2.0,0.004,0.003211,0.000789,0.000789,0.0063,0.000565,0
2026-10-02T08:09:24+00:00,M02,RUNNING,2.0,0.0039,0.003211,0.000689,0.000689,0.0055,0.000493,0
2026-10-02T08:09:26+00:00,M02,RUNNING,2.0,0.00371,0.003211,0.000499,0.000499,0.004,0.000357,0
2026-10-02T08:09:28+00:00,M02,RUNNING,2.0,0.00377,0.003211,0.000559,0.000559,0.0045,0.0004,0
2026-10-02T08:09:30+00:00,M02,RUNNING,2.0,0.00391,0.003211,0.000699,0.000699,0.0056,0.0005,0
2026-10-02T08:09:32+00:00,M02,RUNNING,2.0,0.00373,0.003211,0.000519,0.000519,0.0042,0.000372,0
2026-10-02T08:09:34+00:00,M02,RUNNING,2.0,0.00399,0.003211,0.000779,0.000779,0.0062,0.000558,1
2026-10-02T08:09:36+00:00,M02,RUNNING,2.0,0.00385,0.003211,0.000639,0.000639,0.0051,0.000457,0
2026-10-02T08:09:38+00:00,M02,RUNNING,2.0,0.00397,0.003211,0.000759,0.000759,0.0061,0.000543,0
2026-10-02T08:09:40+00:00,M02,RUNNING,2.0,0.00381,0.003211,0.000599,0.000599,0.0048,0.000429,0
2026-10-02T08:09:42+00:00,M02,RUNNING,2.0,0.00392,0.003211,0.000709,0.000709,0.0057,0.000508,0
2026-10-02T08:09:44+00:00,M02,RUNNING,2.0,0.00382,0.003211,0.000609,0.000609,0.0049,0.000436,0
2026-10-02T08:09:46+00:00,M02,RUNNING,2.0,0.00371,0.003211,0.000499,0.000499,0.004,0.000357,0
2026-10-02T08:09:48+00:00,M02,RUNNING,2.0,0.00385,0.003211,0.000639,0.000639,0.0051,0.000457,0
2026-10-02T08:09:50+00:00,M02,RUNNING,2.0,0.00399,0.003211,0.000779,0.000779,0.0062,0.000558,0
2026-10-02T08:09:52+00:00,M02,RUNNING,2.0,0.004,0.003211,0.000789,0.000789,0.0063,0.000565,0
2026-10-02T08:09:54+00:00,M02,RUNNING,2.0,0.004,0.003211,0.000789,0.000789,0.0063,0.000565,0
2026-10-02T08:09:56+00:00,M02,RUNNING,2.0,0.00373,0.003211,0.000519,0.000519,0.0042,0.000372,0
2026-10-02T08:09:58+00:00,M02,RUNNING,2.0,0.00385,0.003211,0.000639,0.000639,0.0051,0.000457,0
2026-10-02T08:10:00+00:00,M02,RUNNING,2.0,0.00379,0.003211,0.000579,0.000579,0.0046,0.000414,0
2026-10-02T08:10:02+00:00,M02,OVERLOAD,2.0,0.00661,0.003211,0.003399,0.003399,0.0272,0.002434,0
2026-10-02T08:10:04+00:00,M02,OVERLOAD,2.0,0.00671,0.003211,0.003499,0.003499,0.028,0.002505,0
2026-10-02T08:10:06+00:00,M02,OVERLOAD,2.0,0.00663,0.003211,0.003419,0.003419,0.0274,0.002448,0
2026-10-02T08:10:08+00:00,M02,OVERLOAD,2.0,0.00687,0.003211,0.003659,0.003659,0.0293,0.00262,0
2026-10-02T08:10:10+00:00,M02,OVERLOAD,2.0,0.00687,0.003211,0.003659,0.003659,0.0293,0.00262,1
2026-10-02T08:10:12+00:00,M02,OVERLOAD,2.0,0.00659,0.003211,0.003379,0.003379,0.027,0.002419,0
2026-10-02T08:10:14+00:00,M02,OVERLOAD,2.0,0.00691,0.003211,0.003699,0.003699,0.0296,0.002648,0
2026-10-02T08:10:16+00:00,M02,OVERLOAD,2.0,0.00663,0.003211,0.003419,0.003419,0.0274,0.002448,0
2026-10-02T08:10:18+00:00,M02,OVERLOAD,2.0,0.00653,0.003211,0.003319,0.003319,0.0266,0.002376,0
2026-10-02T08:10:20+00:00,M02,OVERLOAD,2.0,0.00661,0.003211,0.003399,0.003399,0.0272,0.002434,0
2026-10-02T08:10:22+00:00,M02,OVERLOAD,2.0,0.00669,0.003211,0.003479,0.003479,0.0278,0.002491,0
2026-10-02T08:10:24+00:00,M02,OVERLOAD,2.0,0.00682,0.003211,0.003609,0.003609,0.0289,0.002584,0
2026-10-02T08:10:26+00:00,M02,OVERLOAD,2.0,0.00665,0.003211,0.003439,0.003439,0.0275,0.002462,0
2026-10-02T08:10:28+00:00,M02,OVERLOAD,2.0,0.00694,0.003211,0.003729,0.003729,0.0298,0.00267,0
2026-10-02T08:10:30+00:00,M02,OVERLOAD,2.0,0.00674,0.003211,0.003529,0.003529,0.0282,0.002527,0
2026-10-02T08:10:32+00:00,M02,OVERLOAD,2.0,0.00666,0.003211,0.003449,0.003449,0.0276,0.002469,0
2026-10-02T08:10:34+00:00,M02,OVERLOAD,2.0,0.00682,0.003211,0.003609,0.003609,0.0289,0.002584,0
2026-10-02T08:10:36+00:00,M02,OVERLOAD,2.0,0.00653,0.003211,0.003319,0.003319,0.0266,0.002376,0
2026-10-02T08:10:38+00:00,M02,OVERLOAD,2.0,0.00671,0.003211,0.003499,0.003499,0.028,0.002505,0
2026-10-02T08:10:40+00:00,M02,OVERLOAD,2.0,0.00688,0.003211,0.003669,0.003669,0.0294,0.002627,0
2026-10-02T08:10:42+00:00,M02,OVERLOAD,2.0,0.00694,0.003211,0.003729,0.003729,0.0298,0.00267,0
2026-10-02T08:10:44+00:00,M02,OVERLOAD,2.0,0.00655,0.003211,0.003339,0.003339,0.0267,0.002391,0
2026-10-02T08:10:46+00:00,M02,OVERLOAD,2.0,0.00653,0.003211,0.003319,0.003319,0.0266,0.002376,1
2026-10-02T08:10:48+00:00,M02,OVERLOAD,2.0,0.00675,0.003211,0.003539,0.003539,0.0283,0.002534,0
2026-10-02T08:10:50+00:00,M02,OVERLOAD,2.0,0.00693,0.003211,0.003719,0.003719,0.0298,0.002663,0
2026-10-02T08:10:52+00:00,M02,OVERLOAD,2.0,0.00653,0.003211,0.003319,0.003319,0.0266,0.002376,0
2026-10-02T08:10:54+00:00,M02,OVERLOAD,2.0,0.0067,0.003211,0.003489,0.003489,0.0279,0.002498,0
2026-10-02T08:10:56+00:00,M02,OVERLOAD,2.0,0.00674,0.003211,0.003529,0.003529,0.0282,0.002527,0
2026-10-02T08:10:58+00:00,M02,OVERLOAD,2.0,0.00685,0.003211,0.003639,0.003639,0.0291,0.002605,0
2026-10-02T08:11:00+00:00,M02,OVERLOAD,2.0,0.00667,0.003211,0.003459,0.003459,0.0277,0.002477,0
2026-10-02T08:11:02+00:00,M02,RUNNING,2.0,0.00393,0.003211,0.000719,0.000719,0.0058,0.000515,0
2026-10-02T08:11:04+00:00,M02,RUNNING,2.0,0.00411,0.003211,0.000899,0.000899,0.0072,0.000644,0
2026-10-02T08:11:06+00:00,M02,RUNNING,2.0,0.00411,0.003211,0.000899,0.000899,0.0072,0.000644,0
2026-10-02T08:11:08+00:00,M02,RUNNING,2.0,0.00407,0.003211,0.000859,0.000859,0.0069,0.000615,0
2026-10-02T08:11:10+00:00,M02,RUNNING,2.0,0.00401,0.003211,0.000799,0.000799,0.0064,0.000572,0
2026-10-02T08:11:12+00:00,M02,RUNNING,2.0,0.00389,0.003211,0.000679,0.000679,0.0054,0.000486,0
2026-10-02T08:11:14+00:00,M02,RUNNING,2.0,0.00399,0.003211,0.000779,0.000779,0.0062,0.000558,0
2026-10-02T08:11:16+00:00,M02,RUNNING,2.0,0.00398,0.003211,0.000769,0.000769,0.0062,0.000551,0
2026-10-02T08:11:18+00:00,M02,RUNNING,2.0,0.00372,0.003211,0.000509,0.000509,0.0041,0.000364,0
2026-10-02T08:11:20+00:00,M02,RUNNING,2.0,0.0039,0.003211,0.000689,0.000689,0.0055,0.000493,1
2026-10-02T08:11:22+00:00,M02,RUNNING,2.0,0.00387,0.003211,0.000659,0.000659,0.0053,0.000472,0
2026-10-02T08:11:24+00:00,M02,RUNNING,2.0,0.00378,0.003211,0.000569,0.000569,0.0046,0.000407,0
2026-10-02T08:11:26+00:00,M02,RUNNING,2.0,0.00399,0.003211,0.000779,0.000779,0.0062,0.000558,0
2026-10-02T08:11:28+00:00,M02,RUNNING,2.0,0.00386,0.003211,0.000649,0.000649,0.0052,0.000465,0
2026-10-02T08:11:30+00:00,M02,RUNNING,2.0,0.00371,0.003211,0.000499,0.000499,0.004,0.000357,0
2026-10-02T08:11:32+00:00,M02,RUNNING,2.0,0.00376,0.003211,0.000549,0.000549,0.0044,0.000393,0
2026-10-02T08:11:34+00:00,M02,RUNNING,2.0,0.00382,0.003211,0.000609,0.000609,0.0049,0.000436,0
2026-10-02T08:11:36+00:00,M02,RUNNING,2.0,0.00373,0.003211,0.000519,0.000519,0.0042,0.000372,0
2026-10-02T08:11:38+00:00,M02,RUNNING,2.0,0.00385,0.003211,0.000639,0.000639,0.0051,0.000457,0
2026-10-02T08:11:40+00:00,M02,RUNNING,2.0,0.00386,0.003211,0.000649,0.000649,0.0052,0.000465,0
2026-10-02T08:11:42+00:00,M02,RUNNING,2.0,0.00372,0.003211,0.000509,0.000509,0.0041,0.000364,0
2026-10-02T08:11:44+00:00,M02,RUNNING,2.0,0.00389,0.003211,0.000679,0.000679,0.0054,0.000486,0
2026-10-02T08:11:46+00:00,M02,RUNNING,2.0,0.00391,0.003211,0.000699,0.000699,0.0056,0.0005,0
2026-10-02T08:11:48+00:00,M02,RUNNING,2.0,0.00377,0.003211,0.000559,0.000559,0.0045,0.0004,0
2026-10-02T08:11:50+00:00,M02,RUNNING,2.0,0.00398,0.003211,0.000769,0.000769,0.0062,0.000551,0
2026-10-02T08:11:52+00:00,M02,RUNNING,2.0,0.00375,0.003211,0.000539,0.000539,0.0043,0.000386,0
2026-10-02T08:11:54+00:00,M02,RUNNING,2.0,0.00391,0.003211,0.000699,0.000699,0.0056,0.0005,0
2026-10-02T08:11:56+00:00,M02,RUNNING,2.0,0.00388,0.003211,0.000669,0.000669,0.0054,0.000479,1
2026-10-02T08:11:58+00:00,M02,RUNNING,2.0,0.00374,0.003211,0.000529,0.000529,0.0042,0.000379,0
2026-10-02T08:12:00+00:00,M02,RUNNING,2.0,0.00371,0.003211,0.000499,0.000499,0.004,0.000357,0
2026-10-02T08:12:02+00:00,M02,RUNNING,2.0,0.00384,0.003211,0.000629,0.000629,0.005,0.00045,0
2026-10-02T08:12:04+00:00,M02,RUNNING,2.0,0.00384,0.003211,0.000629,0.000629,0.005,0.00045,0
2026-10-02T08:12:06+00:00,M02,RUNNING,2.0,0.00388,0.003211,0.000669,0.000669,0.0054,0.000479,0
2026-10-02T08:12:08+00:00,M02,RUNNING,2.0,0.00384,0.003211,0.000629,0.000629,0.005,0.00045,0
2026-10-02T08:12:10+00:00,M02,RUNNING,2.0,0.0038,0.003211,0.000589,0.000589,0.0047,0.000422,0
2026-10-02T08:12:12+00:00,M02,RUNNING,2.0,0.00379,0.003211,0.000579,0.000579,0.0046,0.000414,0
2026-10-02T08:12:14+00:00,M02,RUNNING,2.0,0.00392,0.003211,0.000709,0.000709,0.0057,0.000508,0
2026-10-02T08:12:16+00:00,M02,RUNNING,2.0,0.0038,0.003211,0.000589,0.000589,0.0047,0.000422,0
2026-10-02T08:12:18+00:00,M02,RUNNING,2.0,0.00377,0.003211,0.000559,0.000559,0.0045,0.0004,0
2026-10-02T08:12:20+00:00,M02,RUNNING,2.0,0.00395,0.003211,0.000739,0.000739,0.0059,0.000529,0
2026-10-02T08:12:22+00:00,M02,RUNNING,2.0,0.00388,0.003211,0.000669,0.000669,0.0054,0.000479,0
2026-10-02T08:12:24+00:00,M02,RUNNING,2.0,0.00397,0.003211,0.000759,0.000759,0.0061,0.000543,0
2026-10-02T08:12:26+00:00,M02,RUNNING,2.0,0.00394,0.003211,0.000729,0.000729,0.0058,0.000522,0
2026-10-02T08:12:28+00:00,M02,RUNNING,2.0,0.0038,0.003211,0.000589,0.000589,0.0047,0.000422,0
2026-10-02T08:12:30+00:00,M02,RUNNING,2.0,0.0038,0.003211,0.000589,0.000589,0.0047,0.000422,0
2026-10-02T08:12:32+00:00,M02,RUNNING,2.0,0.00375,0.003211,0.000539,0.000539,0.0043,0.000386,1
2026-10-02T08:12:34+00:00,M02,RUNNING,2.0,0.00373,0.003211,0.000519,0.000519,0.0042,0.000372,0
2026-10-02T08:12:36+00:00,M02,RUNNING,2.0,0.00386,0.003211,0.000649,0.000649,0.0052,0.000465,0
2026-10-02T08:12:38+00:00,M02,RUNNING,2.0,0.00371,0.003211,0.000499,0.000499,0.004,0.000357,0
2026-10-02T08:12:40+00:00,M02,RUNNING,2.0,0.00387,0.003211,0.000659,0.000659,0.0053,0.000472,0
2026-10-02T08:12:42+00:00,M02,RUNNING,2.0,0.00381,0.003211,0.000599,0.000599,0.0048,0.000429,0
2026-10-02T08:12:44+00:00,M02,RUNNING,2.0,0.00401,0.003211,0.000799,0.000799,0.0064,0.000572,0
2026-10-02T08:12:46+00:00,M02,RUNNING,2.0,0.00378,0.003211,0.000569,0.000569,0.0046,0.000407,0
2026-10-02T08:12:48+00:00,M02,RUNNING,2.0,0.00383,0.003211,0.000619,0.000619,0.005,0.000443,0
2026-10-02T08:12:50+00:00,M02,RUNNING,2.0,0.00393,0.003211,0.000719,0.000719,0.0058,0.000515,0
2026-10-02T08:12:52+00:00,M02,RUNNING,2.0,0.0039,0.003211,0.000689,0.000689,0.0055,0.000493,0
2026-10-02T08:12:54+00:00,M02,RUNNING,2.0,0.00372,0.003211,0.000509,0.000509,0.0041,0.000364,0
2026-10-02T08:12:56+00:00,M02,RUNNING,2.0,0.00374,0.003211,0.000529,0.000529,0.0042,0.000379,0
2026-10-02T08:12:58+00:00,M02,RUNNING,2.0,0.00384,0.003211,0.000629,0.000629,0.005,0.00045,0
2026-10-02T08:13:00+00:00,M02,RUNNING,2.0,0.00399,0.003211,0.000779,0.000779,0.0062,0.000558,0
2026-10-02T08:13:02+00:00,M02,RUNNING,2.0,0.00385,0.003211,0.000639,0.000639,0.0051,0.000457,0
2026-10-02T08:13:04+00:00,M02,RUNNING,2.0,0.00391,0.003211,0.000699,0.000699,0.0056,0.0005,0
2026-10-02T08:13:06+00:00,M02,RUNNING,2.0,0.00395,0.003211,0.000739,0.000739,0.0059,0.000529,0
2026-10-02T08:13:08+00:00,M02,RUNNING,2.0,0.0038,0.003211,0.000589,0.000589,0.0047,0.000422,1
2026-10-02T08:13:10+00:00,M02,RUNNING,2.0,0.00391,0.003211,0.000699,0.000699,0.0056,0.0005,0
2026-10-02T08:13:12+00:00,M02,RUNNING,2.0,0.00392,0.003211,0.000709,0.000709,0.0057,0.000508,0
2026-10-02T08:13:14+00:00,M02,RUNNING,2.0,0.00377,0.003211,0.000559,0.000559,0.0045,0.0004,0
2026-10-02T08:13:16+00:00,M02,RUNNING,2.0,0.00371,0.003211,0.000499,0.000499,0.004,0.000357,0
2026-10-02T08:13:18+00:00,M02,RUNNING,2.0,0.00396,0.003211,0.000749,0.000749,0.006,0.000536,0
2026-10-02T08:13:20+00:00,M02,RUNNING,2.0,0.00378,0.003211,0.000569,0.000569,0.0046,0.000407,0
2026-10-02T08:13:22+00:00,M02,RUNNING,2.0,0.00378,0.003211,0.000569,0.000569,0.0046,0.000407,0
2026-10-02T08:13:24+00:00,M02,RUNNING,2.0,0.00384,0.003211,0.000629,0.000629,0.005,0.00045,0
2026-10-02T08:13:26+00:00,M02,RUNNING,2.0,0.00382,0.003211,0.000609,0.000609,0.0049,0.000436,0
2026-10-02T08:13:28+00:00,M02,RUNNING,2.0,0.00399,0.003211,0.000779,0.000779,0.0062,0.000558,0
2026-10-02T08:13:30+00:00,M02,RUNNING,2.0,0.00386,0.003211,0.000649,0.000649,0.0052,0.000465,0
2026-10-02T08:13:32+00:00,M02,RUNNING,2.0,0.00378,0.003211,0.000569,0.000569,0.0046,0.000407,0
2026-10-02T08:13:34+00:00,M02,RUNNING,2.0,0.00394,0.003211,0.000729,0.000729,0.0058,0.000522,0
2026-10-02T08:13:36+00:00,M02,RUNNING,2.0,0.00376,0.003211,0.000549,0.000549,0.0044,0.000393,0
2026-10-02T08:13:38+00:00,M02,RUNNING,2.0,0.00387,0.003211,0.000659,0.000659,0.0053,0.000472,0
2026-10-02T08:13:40+00:00,M02,RUNNING,2.0,0.00372,0.003211,0.000509,0.000509,0.0041,0.000364,0
2026-10-02T08:13:42+00:00,M02,RUNNING,2.0,0.00391,0.003211,0.000699,0.000699,0.0056,0.0005,0
2026-10-02T08:13:44+00:00,M02,RUNNING,2.0,0.0038,0.003211,0.000589,0.000589,0.0047,0.000422,1
2026-10-02T08:13:46+00:00,M02,RUNNING,2.0,0.00393,0.003211,0.000719,0.000719,0.0058,0.000515,0
2026-10-02T08:13:48+00:00,M02,RUNNING,2.0,0.00394,0.003211,0.000729,0.000729,0.0058,0.000522,0
2026-10-02T08:13:50+00:00,M02,RUNNING,2.0,0.00398,0.003211,0.000769,0.000769,0.0062,0.000551,0
2026-10-02T08:13:52+00:00,M02,RUNNING,2.0,0.0038,0.003211,0.000589,0.000589,0.0047,0.000422,0
2026-10-02T08:13:54+00:00,M02,RUNNING,2.0,0.00375,0.003211,0.000539,0.000539,0.0043,0.000386,0
2026-10-02T08:13:56+00:00,M02,RUNNING,2.0,0.00373,0.003211,0.000519,0.000519,0.0042,0.000372,0
2026-10-02T08:13:58+00:00,M02,RUNNING,2.0,0.00377,0.003211,0.000559,0.000559,0.0045,0.0004,0
2026-10-02T08:14:00+00:00,M02,RUNNING,2.0,0.00397,0.003211,0.000759,0.000759,0.0061,0.000543,0
2026-10-02T08:14:02+00:00,M02,RUNNING,2.0,0.00393,0.003211,0.000719,0.000719,0.0058,0.000515,0
2026-10-02T08:14:04+00:00,M02,RUNNING,2.0,0.00394,0.003211,0.000729,0.000729,0.0058,0.000522,0
2026-10-02T08:14:06+00:00,M02,RUNNING,2.0,0.00387,0.003211,0.000659,0.000659,0.0053,0.000472,0
2026-10-02T08:14:08+00:00,M02,RUNNING,2.0,0.00374,0.003211,0.000529,0.000529,0.0042,0.000379,0
2026-10-02T08:14:10+00:00,M02,RUNNING,2.0,0.00391,0.003211,0.000699,0.000699,0.0056,0.0005,0
2026-10-02T08:14:12+00:00,M02,RUNNING,2.0,0.00391,0.003211,0.000699,0.000699,0.0056,0.0005,0
2026-10-02T08:14:14+00:00,M02,RUNNING,2.0,0.00377,0.003211,0.000559,0.000559,0.0045,0.0004,0
2026-10-02T08:14:16+00:00,M02,RUNNING,2.0,0.00394,0.003211,0.000729,0.000729,0.0058,0.000522,0
2026-10-02T08:14:18+00:00,M02,RUNNING,2.0,0.00385,0.003211,0.000639,0.000639,0.0051,0.000457,0
2026-10-02T08:14:20+00:00,M02,RUNNING,2.0,0.00393,0.003211,0.000719,0.000719,0.0058,0.000515,1
2026-10-02T08:14:22+00:00,M02,RUNNING,2.0,0.00371,0.003211,0.000499,0.000499,0.004,0.000357,0
2026-10-02T08:14:24+00:00,M02,RUNNING,2.0,0.004,0.003211,0.000789,0.000789,0.0063,0.000565,0
2026-10-02T08:14:26+00:00,M02,RUNNING,2.0,0.00376,0.003211,0.000549,0.000549,0.0044,0.000393,0
2026-10-02T08:14:28+00:00,M02,RUNNING,2.0,0.00386,0.003211,0.000649,0.000649,0.0052,0.000465,0
2026-10-02T08:14:30+00:00,M02,RUNNING,2.0,0.00399,0.003211,0.000779,0.000779,0.0062,0.000558,0
2026-10-02T08:14:32+00:00,M02,RUNNING,2.0,0.00384,0.003211,0.000629,0.000629,0.005,0.00045,0
2026-10-02T08:14:34+00:00,M02,RUNNING,2.0,0.00376,0.003211,0.000549,0.000549,0.0044,0.000393,0
2026-10-02T08:14:36+00:00,M02,RUNNING,2.0,0.004,0.003211,0.000789,0.000789,0.0063,0.000565,0
2026-10-02T08:14:38+00:00,M02,RUNNING,2.0,0.00389,0.003211,0.000679,0.000679,0.0054,0.000486,0
2026-10-02T08:14:40+00:00,M02,RUNNING,2.0,0.00392,0.003211,0.000709,0.000709,0.0057,0.000508,0
2026-10-02T08:14:42+00:00,M02,RUNNING,2.0,0.00389,0.003211,0.000679,0.000679,0.0054,0.000486,0
2026-10-02T08:14:44+00:00,M02,RUNNING,2.0,0.00374,0.003211,0.000529,0.000529,0.0042,0.000379,0
2026-10-02T08:14:46+00:00,M02,RUNNING,2.0,0.00383,0.003211,0.000619,0.000619,0.005,0.000443,0
2026-10-02T08:14:48+00:00,M02,RUNNING,2.0,0.00381,0.003211,0.000599,0.000599,0.0048,0.000429,0
2026-10-02T08:14:50+00:00,M02,RUNNING,2.0,0.00378,0.003211,0.000569,0.000569,0.0046,0.000407,0
2026-10-02T08:14:52+00:00,M02,RUNNING,2.0,0.00377,0.003211,0.000559,0.000559,0.0045,0.0004,0
2026-10-02T08:14:54+00:00,M02,RUNNING,2.0,0.0039,0.003211,0.000689,0.000689,0.0055,0.000493,0
2026-10-02T08:14:56+00:00,M02,RUNNING,2.0,0.00393,0.003211,0.000719,0.000719,0.0058,0.000515,1
2026-10-02T08:14:58+00:00,M02,RUNNING,2.0,0.00371,0.003211,0.000499,0.000499,0.004,0.000357,0
2026-10-02T08:15:00+00:00,M02,RUNNING,2.0,0.00379,0.003211,0.000579,0.000579,0.0046,0.000414,0
2026-10-02T08:15:02+00:00,M02,RUNNING,2.0,0.00374,0.003211,0.000529,0.000529,0.0042,0.000379,0
2026-10-02T08:15:04+00:00,M02,RUNNING,2.0,0.0039,0.003211,0.000689,0.000689,0.0055,0.000493,0
2026-10-02T08:15:06+00:00,M02,RUNNING,2.0,0.00393,0.003211,0.000719,0.000719,0.0058,0.000515,0
2026-10-02T08:15:08+00:00,M02,RUNNING,2.0,0.00394,0.003211,0.000729,0.000729,0.0058,0.000522,0
2026-10-02T08:15:10+00:00,M02,RUNNING,2.0,0.00391,0.003211,0.000699,0.000699,0.0056,0.0005,0
2026-10-02T08:15:12+00:00,M02,RUNNING,2.0,0.00392,0.003211,0.000709,0.000709,0.0057,0.000508,0
2026-10-02T08:15:14+00:00,M02,RUNNING,2.0,0.00388,0.003211,0.000669,0.000669,0.0054,0.000479,0
2026-10-02T08:15:16+00:00,M02,RUNNING,2.0,0.00395,0.003211,0.000739,0.000739,0.0059,0.000529,0
2026-10-02T08:15:18+00:00,M02,RUNNING,2.0,0.00386,0.003211,0.000649,0.000649,0.0052,0.000465,0
2026-10-02T08:15:20+00:00,M02,RUNNING,2.0,0.00389,0.003211,0.000679,0.000679,0.0054,0.000486,0
2026-10-02T08:15:22+00:00,M02,RUNNING,2.0,0.00397,0.003211,0.000759,0.000759,0.0061,0.000543,0
2026-10-02T08:15:24+00:00,M02,RUNNING,2.0,0.00391,0.003211,0.000699,0.000699,0.0056,0.0005,0
2026-10-02T08:15:26+00:00,M02,RUNNING,2.0,0.00374,0.003211,0.000529,0.000529,0.0042,0.000379,0
2026-10-02T08:15:28+00:00,M02,RUNNING,2.0,0.00387,0.003211,0.000659,0.000659,0.0053,0.000472,0
2026-10-02T08:15:30+00:00,M02,RUNNING,2.0,0.00382,0.003211,0.000609,0.000609,0.0049,0.000436,0
2026-10-02T08:15:32+00:00,M02,RUNNING,2.0,0.00382,0.003211,0.000609,0.000609,0.0049,0.000436,1
2026-10-02T08:15:34+00:00,M02,RUNNING,2.0,0.00398,0.003211,0.000769,0.000769,0.0062,0.000551,0
2026-10-02T08:15:36+00:00,M02,RUNNING,2.0,0.00401,0.003211,0.000799,0.000799,0.0064,0.000572,0
2026-10-02T08:15:38+00:00,M02,RUNNING,2.0,0.00373,0.003211,0.000519,0.000519,0.0042,0.000372,0
2026-10-02T08:15:40+00:00,M02,RUNNING,2.0,0.00376,0.003211,0.000549,0.000549,0.0044,0.000393,0
2026-10-02T08:15:42+00:00,M02,RUNNING,2.0,0.00376,0.003211,0.000549,0.000549,0.0044,0.000393,0
2026-10-02T08:15:44+00:00,M02,RUNNING,2.0,0.00394,0.003211,0.000729,0.000729,0.0058,0.000522,0
2026-10-02T08:15:46+00:00,M02,RUNNING,2.0,0.00392,0.003211,0.000709,0.000709,0.0057,0.000508,0
2026-10-02T08:15:48+00:00,M02,RUNNING,2.0,0.00372,0.003211,0.000509,0.000509,0.0041,0.000364,0
2026-10-02T08:15:50+00:00,M02,RUNNING,2.0,0.00385,0.003211,0.000639,0.000639,0.0051,0.000457,0
2026-10-02T08:15:52+00:00,M02,RUNNING,2.0,0.00383,0.003211,0.000619,0.000619,0.005,0.000443,0
2026-10-02T08:15:54+00:00,M02,RUNNING,2.0,0.00373,0.003211,0.000519,0.000519,0.0042,0.000372,0
2026-10-02T08:15:56+00:00,M02,RUNNING,2.0,0.00398,0.003211,0.000769,0.000769,0.0062,0.000551,0
2026-10-02T08:15:58+00:00,M02,RUNNING,2.0,0.00379,0.003211,0.000579,0.000579,0.0046,0.000414,0
2026-10-02T08:16:00+00:00,M02,RUNNING,2.0,0.00394,0.003211,0.000729,0.000729,0.0058,0.000522,0
2026-10-02T08:16:02+00:00,M02,OVERLOAD,2.0,0.00684,0.003211,0.003629,0.003629,0.029,0.002598,0
2026-10-02T08:16:04+00:00,M02,OVERLOAD,2.0,0.00681,0.003211,0.003599,0.003599,0.0288,0.002577,0
2026-10-02T08:16:06+00:00,M02,OVERLOAD,2.0,0.00683,0.003211,0.003619,0.003619,0.029,0.002591,0
2026-10-02T08:16:08+00:00,M02,OVERLOAD,2.0,0.00693,0.003211,0.003719,0.003719,0.0298,0.002663,1
2026-10-02T08:16:10+00:00,M02,OVERLOAD,2.0,0.00651,0.003211,0.003299,0.003299,0.0264,0.002362,0
2026-10-02T08:16:12+00:00,M02,OVERLOAD,2.0,0.00684,0.003211,0.003629,0.003629,0.029,0.002598,0
2026-10-02T08:16:14+00:00,M02,OVERLOAD,2.0,0.00688,0.003211,0.003669,0.003669,0.0294,0.002627,0
2026-10-02T08:16:16+00:00,M02,OVERLOAD,2.0,0.0065,0.003211,0.003289,0.003289,0.0263,0.002355,0
2026-10-02T08:16:18+00:00,M02,OVERLOAD,2.0,0.00688,0.003211,0.003669,0.003669,0.0294,0.002627,0
2026-10-02T08:16:20+00:00,M02,OVERLOAD,2.0,0.00658,0.003211,0.003369,0.003369,0.027,0.002412,0
2026-10-02T08:16:22+00:00,M02,OVERLOAD,2.0,0.00686,0.003211,0.003649,0.003649,0.0292,0.002613,0
2026-10-02T08:16:24+00:00,M02,OVERLOAD,2.0,0.00689,0.003211,0.003679,0.003679,0.0294,0.002634,0
2026-10-02T08:16:26+00:00,M02,OVERLOAD,2.0,0.0069,0.003211,0.003689,0.003689,0.0295,0.002641,0
2026-10-02T08:16:28+00:00,M02,OVERLOAD,2.0,0.00687,0.003211,0.003659,0.003659,0.0293,0.00262,0
2026-10-02T08:16:30+00:00,M02,OVERLOAD,2.0,0.00692,0.003211,0.003709,0.003709,0.0297,0.002656,0
2026-10-02T08:16:32+00:00,M02,OVERLOAD,2.0,0.00659,0.003211,0.003379,0.003379,0.027,0.002419,0
2026-10-02T08:16:34+00:00,M02,OVERLOAD,2.0,0.00689,0.003211,0.003679,0.003679,0.0294,0.002634,0
2026-10-02T08:16:36+00:00,M02,OVERLOAD,2.0,0.00686,0.003211,0.003649,0.003649,0.0292,0.002613,0
2026-10-02T08:16:38+00:00,M02,OVERLOAD,2.0,0.00651,0.003211,0.003299,0.003299,0.0264,0.002362,0
2026-10-02T08:16:40+00:00,M02,OVERLOAD,2.0,0.00667,0.003211,0.003459,0.003459,0.0277,0.002477,0
2026-10-02T08:16:42+00:00,M02,OVERLOAD,2.0,0.0066,0.003211,0.003389,0.003389,0.0271,0.002426,0
2026-10-02T08:16:44+00:00,M02,OVERLOAD,2.0,0.00676,0.003211,0.003549,0.003549,0.0284,0.002541,1
2026-10-02T08:16:46+00:00,M02,OVERLOAD,2.0,0.0067,0.003211,0.003489,0.003489,0.0279,0.002498,0
2026-10-02T08:16:48+00:00,M02,OVERLOAD,2.0,0.00657,0.003211,0.003359,0.003359,0.0269,0.002405,0
2026-10-02T08:16:50+00:00,M02,OVERLOAD,2.0,0.00661,0.003211,0.003399,0.003399,0.0272,0.002434,0
2026-10-02T08:16:52+00:00,M02,OVERLOAD,2.0,0.00659,0.003211,0.003379,0.003379,0.027,0.002419,0
2026-10-02T08:16:54+00:00,M02,OVERLOAD,2.0,0.00652,0.003211,0.003309,0.003309,0.0265,0.002369,0
2026-10-02T08:16:56+00:00,M02,OVERLOAD,2.0,0.00651,0.003211,0.003299,0.003299,0.0264,0.002362,0
2026-10-02T08:16:58+00:00,M02,OVERLOAD,2.0,0.00694,0.003211,0.003729,0.003729,0.0298,0.00267,0
2026-10-02T08:17:00+00:00,M02,OVERLOAD,2.0,0.00652,0.003211,0.003309,0.003309,0.0265,0.002369,0
2026-10-02T08:17:02+00:00,M02,RUNNING,2.0,0.00403,0.003211,0.000819,0.000819,0.0066,0.000586,0
2026-10-02T08:17:04+00:00,M02,RUNNING,2.0,0.00417,0.003211,0.000959,0.000959,0.0077,0.000687,0
2026-10-02T08:17:06+00:00,M02,RUNNING,2.0,0.00412,0.003211,0.000909,0.000909,0.0073,0.000651,0
2026-10-02T08:17:08+00:00,M02,RUNNING,2.0,0.00411,0.003211,0.000899,0.000899,0.0072,0.000644,0
2026-10-02T08:17:10+00:00,M02,RUNNING,2.0,0.00387,0.003211,0.000659,0.000659,0.0053,0.000472,0
2026-10-02T08:17:12+00:00,M02,RUNNING,2.0,0.00391,0.003211,0.000699,0.000699,0.0056,0.0005,0
2026-10-02T08:17:14+00:00,M02,RUNNING,2.0,0.00393,0.003211,0.000719,0.000719,0.0058,0.000515,0
2026-10-02T08:17:16+00:00,M02,RUNNING,2.0,0.00386,0.003211,0.000649,0.000649,0.0052,0.000465,0
2026-10-02T08:17:18+00:00,M02,RUNNING,2.0,0.00386,0.003211,0.000649,0.000649,0.0052,0.000465,1
2026-10-02T08:17:20+00:00,M02,RUNNING,2.0,0.00377,0.003211,0.000559,0.000559,0.0045,0.0004,0
2026-10-02T08:17:22+00:00,M02,RUNNING,2.0,0.00376,0.003211,0.000549,0.000549,0.0044,0.000393,0
2026-10-02T08:17:24+00:00,M02,RUNNING,2.0,0.00387,0.003211,0.000659,0.000659,0.0053,0.000472,0
2026-10-02T08:17:26+00:00,M02,RUNNING,2.0,0.00377,0.003211,0.000559,0.000559,0.0045,0.0004,0
2026-10-02T08:17:28+00:00,M02,RUNNING,2.0,0.00375,0.003211,0.000539,0.000539,0.0043,0.000386,0
2026-10-02T08:17:30+00:00,M02,RUNNING,2.0,0.00379,0.003211,0.000579,0.000579,0.0046,0.000414,0
2026-10-02T08:17:32+00:00,M02,RUNNING,2.0,0.00385,0.003211,0.000639,0.000639,0.0051,0.000457,0
2026-10-02T08:17:34+00:00,M02,RUNNING,2.0,0.00398,0.003211,0.000769,0.000769,0.0062,0.000551,0
2026-10-02T08:17:36+00:00,M02,RUNNING,2.0,0.00377,0.003211,0.000559,0.000559,0.0045,0.0004,0
2026-10-02T08:17:38+00:00,M02,RUNNING,2.0,0.00387,0.003211,0.000659,0.000659,0.0053,0.000472,0
2026-10-02T08:17:40+00:00,M02,RUNNING,2.0,0.00382,0.003211,0.000609,0.000609,0.0049,0.000436,0
2026-10-02T08:17:42+00:00,M02,RUNNING,2.0,0.00375,0.003211,0.000539,0.000539,0.0043,0.000386,0
2026-10-02T08:17:44+00:00,M02,RUNNING,2.0,0.00371,0.003211,0.000499,0.000499,0.004,0.000357,0
2026-10-02T08:17:46+00:00,M02,RUNNING,2.0,0.00378,0.003211,0.000569,0.000569,0.0046,0.000407,0
2026-10-02T08:17:48+00:00,M02,RUNNING,2.0,0.00379,0.003211,0.000579,0.000579,0.0046,0.000414,0
2026-10-02T08:17:50+00:00,M02,RUNNING,2.0,0.00399,0.003211,0.000779,0.000779,0.0062,0.000558,0
2026-10-02T08:17:52+00:00,M02,RUNNING,2.0,0.00384,0.003211,0.000629,0.000629,0.005,0.00045,0
2026-10-02T08:17:54+00:00,M02,RUNNING,2.0,0.0038,0.003211,0.000589,0.000589,0.0047,0.000422,1
2026-10-02T08:17:56+00:00,M02,RUNNING,2.0,0.00394,0.003211,0.000729,0.000729,0.0058,0.000522,0
2026-10-02T08:17:58+00:00,M02,RUNNING,2.0,0.00384,0.003211,0.000629,0.000629,0.005,0.00045,0
2026-10-02T08:18:00+00:00,M02,RUNNING,2.0,0.00385,0.003211,0.000639,0.000639,0.0051,0.000457,0
2026-10-02T08:18:02+00:00,M02,RUNNING,2.0,0.00388,0.003211,0.000669,0.000669,0.0054,0.000479,0
2026-10-02T08:18:04+00:00,M02,RUNNING,2.0,0.00377,0.003211,0.000559,0.000559,0.0045,0.0004,0
2026-10-02T08:18:06+00:00,M02,RUNNING,2.0,0.00383,0.003211,0.000619,0.000619,0.005,0.000443,0
2026-10-02T08:18:08+00:00,M02,RUNNING,2.0,0.00381,0.003211,0.000599,0.000599,0.0048,0.000429,0
2026-10-02T08:18:10+00:00,M02,RUNNING,2.0,0.00394,0.003211,0.000729,0.000729,0.0058,0.000522,0
2026-10-02T08:18:12+00:00,M02,RUNNING,2.0,0.00391,0.003211,0.000699,0.000699,0.0056,0.0005,0
2026-10-02T08:18:14+00:00,M02,RUNNING,2.0,0.00376,0.003211,0.000549,0.000549,0.0044,0.000393,0
2026-10-02T08:18:16+00:00,M02,RUNNING,2.0,0.00373,0.003211,0.000519,0.000519,0.0042,0.000372,0
2026-10-02T08:18:18+00:00,M02,RUNNING,2.0,0.00388,0.003211,0.000669,0.000669,0.0054,0.000479,0
2026-10-02T08:18:20+00:00,M02,RUNNING,2.0,0.00382,0.003211,0.000609,0.000609,0.0049,0.000436,0
2026-10-02T08:18:22+00:00,M02,RUNNING,2.0,0.00384,0.003211,0.000629,0.000629,0.005,0.00045,0
2026-10-02T08:18:24+00:00,M02,RUNNING,2.0,0.00387,0.003211,0.000659,0.000659,0.0053,0.000472,0
2026-10-02T08:18:26+00:00,M02,RUNNING,2.0,0.00386,0.003211,0.000649,0.000649,0.0052,0.000465,0
2026-10-02T08:18:28+00:00,M02,RUNNING,2.0,0.00371,0.003211,0.000499,0.000499,0.004,0.000357,0
2026-10-02T08:18:30+00:00,M02,RUNNING,2.0,0.00394,0.003211,0.000729,0.000729,0.0058,0.000522,1
2026-10-02T08:18:32+00:00,M02,RUNNING,2.0,0.00376,0.003211,0.000549,0.000549,0.0044,0.000393,0
2026-10-02T08:18:34+00:00,M02,RUNNING,2.0,0.00382,0.003211,0.000609,0.000609,0.0049,0.000436,0
2026-10-02T08:18:36+00:00,M02,RUNNING,2.0,0.00385,0.003211,0.000639,0.000639,0.0051,0.000457,0
2026-10-02T08:18:38+00:00,M02,RUNNING,2.0,0.00381,0.003211,0.000599,0.000599,0.0048,0.000429,0
2026-10-02T08:18:40+00:00,M02,RUNNING,2.0,0.0038,0.003211,0.000589,0.000589,0.0047,0.000422,0
2026-10-02T08:18:42+00:00,M02,RUNNING,2.0,0.00392,0.003211,0.000709,0.000709,0.0057,0.000508,0
2026-10-02T08:18:44+00:00,M02,RUNNING,2.0,0.00391,0.003211,0.000699,0.000699,0.0056,0.0005,0
2026-10-02T08:18:46+00:00,M02,RUNNING,2.0,0.00379,0.003211,0.000579,0.000579,0.0046,0.000414,0
2026-10-02T08:18:48+00:00,M02,RUNNING,2.0,0.00377,0.003211,0.000559,0.000559,0.0045,0.0004,0
2026-10-02T08:18:50+00:00,M02,RUNNING,2.0,0.00391,0.003211,0.000699,0.000699,0.0056,0.0005,0
2026-10-02T08:18:52+00:00,M02,RUNNING,2.0,0.00372,0.003211,0.000509,0.000509,0.0041,0.000364,0
2026-10-02T08:18:54+00:00,M02,RUNNING,2.0,0.00399,0.003211,0.000779,0.000779,0.0062,0.000558,0
2026-10-02T08:18:56+00:00,M02,RUNNING,2.0,0.0039,0.003211,0.000689,0.000689,0.0055,0.000493,0
2026-10-02T08:18:58+00:00,M02,RUNNING,2.0,0.00387,0.003211,0.000659,0.000659,0.0053,0.000472,0
2026-10-02T08:19:00+00:00,M02,RUNNING,2.0,0.00394,0.003211,0.000729,0.000729,0.0058,0.000522,0
2026-10-02T08:19:02+00:00,M02,RUNNING,2.0,0.00372,0.003211,0.000509,0.000509,0.0041,0.000364,0
2026-10-02T08:19:04+00:00,M02,RUNNING,2.0,0.00383,0.003211,0.000619,0.000619,0.005,0.000443,0
2026-10-02T08:19:06+00:00,M02,RUNNING,2.0,0.00379,0.003211,0.000579,0.000579,0.0046,0.000414,1
2026-10-02T08:19:08+00:00,M02,RUNNING,2.0,0.00379,0.003211,0.000579,0.000579,0.0046,0.000414,0
2026-10-02T08:19:10+00:00,M02,RUNNING,2.0,0.00384,0.003211,0.000629,0.000629,0.005,0.00045,0
2026-10-02T08:19:12+00:00,M02,RUNNING,2.0,0.00373,0.003211,0.000519,0.000519,0.0042,0.000372,0
2026-10-02T08:19:14+00:00,M02,RUNNING,2.0,0.0038,0.003211,0.000589,0.000589,0.0047,0.000422,0
2026-10-02T08:19:16+00:00,M02,RUNNING,2.0,0.00399,0.003211,0.000779,0.000779,0.0062,0.000558,0
2026-10-02T08:19:18+00:00,M02,RUNNING,2.0,0.00385,0.003211,0.000639,0.000639,0.0051,0.000457,0
2026-10-02T08:19:20+00:00,M02,RUNNING,2.0,0.00377,0.003211,0.000559,0.000559,0.0045,0.0004,0
2026-10-02T08:19:22+00:00,M02,RUNNING,2.0,0.00379,0.003211,0.000579,0.000579,0.0046,0.000414,0
2026-10-02T08:19:24+00:00,M02,RUNNING,2.0,0.00379,0.003211,0.000579,0.000579,0.0046,0.000414,0
2026-10-02T08:19:26+00:00,M02,RUNNING,2.0,0.00371,0.003211,0.000499,0.000499,0.004,0.000357,0
2026-10-02T08:19:28+00:00,M02,RUNNING,2.0,0.00371,0.003211,0.000499,0.000499,0.004,0.000357,0
2026-10-02T08:19:30+00:00,M02,RUNNING,2.0,0.00376,0.003211,0.000549,0.000549,0.0044,0.000393,0
2026-10-02T08:19:32+00:00,M02,RUNNING,2.0,0.0039,0.003211,0.000689,0.000689,0.0055,0.000493,0
2026-10-02T08:19:34+00:00,M02,RUNNING,2.0,0.00391,0.003211,0.000699,0.000699,0.0056,0.0005,0
2026-10-02T08:19:36+00:00,M02,RUNNING,2.0,0.00378,0.003211,0.000569,0.000569,0.0046,0.000407,0
2026-10-02T08:19:38+00:00,M02,RUNNING,2.0,0.00386,0.003211,0.000649,0.000649,0.0052,0.000465,0
2026-10-02T08:19:40+00:00,M02,RUNNING,2.0,0.00374,0.003211,0.000529,0.000529,0.0042,0.000379,0
2026-10-02T08:19:42+00:00,M02,RUNNING,2.0,0.00385,0.003211,0.000639,0.000639,0.0051,0.000457,1
2026-10-02T08:19:44+00:00,M02,RUNNING,2.0,0.00379,0.003211,0.000579,0.000579,0.0046,0.000414,0
2026-10-02T08:19:46+00:00,M02,RUNNING,2.0,0.00377,0.003211,0.000559,0.000559,0.0045,0.0004,0
2026-10-02T08:19:48+00:00,M02,RUNNING,2.0,0.00393,0.003211,0.000719,0.000719,0.0058,0.000515,0
2026-10-02T08:19:50+00:00,M02,RUNNING,2.0,0.00386,0.003211,0.000649,0.000649,0.0052,0.000465,0
2026-10-02T08:19:52+00:00,M02,RUNNING,2.0,0.00376,0.003211,0.000549,0.000549,0.0044,0.000393,0
2026-10-02T08:19:54+00:00,M02,RUNNING,2.0,0.00398,0.003211,0.000769,0.000769,0.0062,0.000551,0
2026-10-02T08:19:56+00:00,M02,RUNNING,2.0,0.00373,0.003211,0.000519,0.000519,0.0042,0.000372,0
2026-10-02T08:19:58+00:00,M02,RUNNING,2.0,0.00387,0.003211,0.000659,0.000659,0.0053,0.000472,0
2026-10-02T08:20:00+00:00,M02,RUNNING,2.0,0.00391,0.003211,0.000699,0.000699,0.0056,0.0005,0
2026-10-02T08:20:02+00:00,M02,RUNNING,2.0,0.00381,0.003211,0.000599,0.000599,0.0048,0.000429,0
2026-10-02T08:20:04+00:00,M02,RUNNING,2.0,0.00386,0.003211,0.000649,0.000649,0.0052,0.000465,0
2026-10-02T08:20:06+00:00,M02,RUNNING,2.0,0.00371,0.003211,0.000499,0.000499,0.004,0.000357,0
2026-10-02T08:20:08+00:00,M02,RUNNING,2.0,0.00396,0.003211,0.000749,0.000749,0.006,0.000536,0
2026-10-02T08:20:10+00:00,M02,RUNNING,2.0,0.00387,0.003211,0.000659,0.000659,0.0053,0.000472,0
2026-10-02T08:20:12+00:00,M02,RUNNING,2.0,0.00372,0.003211,0.000509,0.000509,0.0041,0.000364,0
2026-10-02T08:20:14+00:00,M02,RUNNING,2.0,0.00393,0.003211,0.000719,0.000719,0.0058,0.000515,0
2026-10-02T08:20:16+00:00,M02,RUNNING,2.0,0.00388,0.003211,0.000669,0.000669,0.0054,0.000479,0
2026-10-02T08:20:18+00:00,M02,RUNNING,2.0,0.00394,0.003211,0.000729,0.000729,0.0058,0.000522,1
2026-10-02T08:20:20+00:00,M02,RUNNING,2.0,0.00378,0.003211,0.000569,0.000569,0.0046,0.000407,0
2026-10-02T08:20:22+00:00,M02,RUNNING,2.0,0.00383,0.003211,0.000619,0.000619,0.005,0.000443,0
2026-10-02T08:20:24+00:00,M02,RUNNING,2.0,0.0039,0.003211,0.000689,0.000689,0.0055,0.000493,0
2026-10-02T08:20:26+00:00,M02,RUNNING,2.0,0.00393,0.003211,0.000719,0.000719,0.0058,0.000515,0
2026-10-02T08:20:28+00:00,M02,RUNNING,2.0,0.00381,0.003211,0.000599,0.000599,0.0048,0.000429,0
2026-10-02T08:20:30+00:00,M02,RUNNING,2.0,0.00386,0.003211,0.000649,0.000649,0.0052,0.000465,0
2026-10-02T08:20:32+00:00,M02,RUNNING,2.0,0.00394,0.003211,0.000729,0.000729,0.0058,0.000522,0
2026-10-02T08:20:34+00:00,M02,RUNNING,2.0,0.00391,0.003211,0.000699,0.000699,0.0056,0.0005,0
2026-10-02T08:20:36+00:00,M02,RUNNING,2.0,0.00384,0.003211,0.000629,0.000629,0.005,0.00045,0
2026-10-02T08:20:38+00:00,M02,RUNNING,2.0,0.00393,0.003211,0.000719,0.000719,0.0058,0.000515,0
2026-10-02T08:20:40+00:00,M02,RUNNING,2.0,0.00398,0.003211,0.000769,0.000769,0.0062,0.000551,0
2026-10-02T08:20:42+00:00,M02,RUNNING,2.0,0.00377,0.003211,0.000559,0.000559,0.0045,0.0004,0
2026-10-02T08:20:44+00:00,M02,RUNNING,2.0,0.00398,0.003211,0.000769,0.000769,0.0062,0.000551,0
2026-10-02T08:20:46+00:00,M02,RUNNING,2.0,0.00382,0.003211,0.000609,0.000609,0.0049,0.000436,0
2026-10-02T08:20:48+00:00,M02,RUNNING,2.0,0.00386,0.003211,0.000649,0.000649,0.0052,0.000465,0
2026-10-02T08:20:50+00:00,M02,RUNNING,2.0,0.00397,0.003211,0.000759,0.000759,0.0061,0.000543,0
2026-10-02T08:20:52+00:00,M02,RUNNING,2.0,0.00387,0.003211,0.000659,0.000659,0.0053,0.000472,0
2026-10-02T08:20:54+00:00,M02,RUNNING,2.0,0.00376,0.003211,0.000549,0.000549,0.0044,0.000393,1
2026-10-02T08:20:56+00:00,M02,RUNNING,2.0,0.00387,0.003211,0.000659,0.000659,0.0053,0.000472,0
2026-10-02T08:20:58+00:00,M02,RUNNING,2.0,0.00394,0.003211,0.000729,0.000729,0.0058,0.000522,0
2026-10-02T08:21:00+00:00,M02,RUNNING,2.0,0.00372,0.003211,0.000509,0.000509,0.0041,0.000364,0
2026-10-02T08:21:02+00:00,M02,RUNNING,2.0,0.00397,0.003211,0.000759,0.000759,0.0061,0.000543,0
2026-10-02T08:21:04+00:00,M02,RUNNING,2.0,0.00382,0.003211,0.000609,0.000609,0.0049,0.000436,0
2026-10-02T08:21:06+00:00,M02,RUNNING,2.0,0.00373,0.003211,0.000519,0.000519,0.0042,0.000372,0
2026-10-02T08:21:08+00:00,M02,RUNNING,2.0,0.00393,0.003211,0.000719,0.000719,0.0058,0.000515,0
2026-10-02T08:21:10+00:00,M02,RUNNING,2.0,0.00371,0.003211,0.000499,0.000499,0.004,0.000357,0
2026-10-02T08:21:12+00:00,M02,RUNNING,2.0,0.00391,0.003211,0.000699,0.000699,0.0056,0.0005,0
2026-10-02T08:21:14+00:00,M02,RUNNING,2.0,0.00375,0.003211,0.000539,0.000539,0.0043,0.000386,0
2026-10-02T08:21:16+00:00,M02,RUNNING,2.0,0.00395,0.003211,0.000739,0.000739,0.0059,0.000529,0
2026-10-02T08:21:18+00:00,M02,RUNNING,2.0,0.00376,0.003211,0.000549,0.000549,0.0044,0.000393,0
2026-10-02T08:21:20+00:00,M02,RUNNING,2.0,0.00381,0.003211,0.000599,0.000599,0.0048,0.000429,0
2026-10-02T08:21:22+00:00,M02,RUNNING,2.0,0.00376,0.003211,0.000549,0.000549,0.0044,0.000393,0
2026-10-02T08:21:24+00:00,M02,RUNNING,2.0,0.00373,0.003211,0.000519,0.000519,0.0042,0.000372,0
2026-10-02T08:21:26+00:00,M02,RUNNING,2.0,0.00398,0.003211,0.000769,0.000769,0.0062,0.000551,0
2026-10-02T08:21:28+00:00,M02,RUNNING,2.0,0.0037,0.003211,0.000489,0.000489,0.0039,0.00035,0
2026-10-02T08:21:30+00:00,M02,RUNNING,2.0,0.00371,0.003211,0.000499,0.000499,0.004,0.000357,1
2026-10-02T08:21:32+00:00,M02,RUNNING,2.0,0.00386,0.003211,0.000649,0.000649,0.0052,0.000465,0
2026-10-02T08:21:34+00:00,M02,RUNNING,2.0,0.00395,0.003211,0.000739,0.000739,0.0059,0.000529,0
2026-10-02T08:21:36+00:00,M02,RUNNING,2.0,0.00373,0.003211,0.000519,0.000519,0.0042,0.000372,0
2026-10-02T08:21:38+00:00,M02,RUNNING,2.0,0.00374,0.003211,0.000529,0.000529,0.0042,0.000379,0
2026-10-02T08:21:40+00:00,M02,RUNNING,2.0,0.00388,0.003211,0.000669,0.000669,0.0054,0.000479,0
2026-10-02T08:21:42+00:00,M02,RUNNING,2.0,0.00385,0.003211,0.000639,0.000639,0.0051,0.000457,0
2026-10-02T08:21:44+00:00,M02,RUNNING,2.0,0.00385,0.003211,0.000639,0.000639,0.0051,0.000457,0
2026-10-02T08:21:46+00:00,M02,RUNNING,2.0,0.00371,0.003211,0.000499,0.000499,0.004,0.000357,0
2026-10-02T08:21:48+00:00,M02,RUNNING,2.0,0.00388,0.003211,0.000669,0.000669,0.0054,0.000479,0
2026-10-02T08:21:50+00:00,M02,RUNNING,2.0,0.00391,0.003211,0.000699,0.000699,0.0056,0.0005,0
2026-10-02T08:21:52+00:00,M02,RUNNING,2.0,0.0039,0.003211,0.000689,0.000689,0.0055,0.000493,0
2026-10-02T08:21:54+00:00,M02,RUNNING,2.0,0.00383,0.003211,0.000619,0.000619,0.005,0.000443,0
2026-10-02T08:21:56+00:00,M02,RUNNING,2.0,0.00385,0.003211,0.000639,0.000639,0.0051,0.000457,0
2026-10-02T08:21:58+00:00,M02,RUNNING,2.0,0.0037,0.003211,0.000489,0.000489,0.0039,0.00035,0
2026-10-02T08:22:00+00:00,M02,RUNNING,2.0,0.00393,0.003211,0.000719,0.000719,0.0058,0.000515,0
2026-10-02T08:22:02+00:00,M02,OVERLOAD,2.0,0.00692,0.003211,0.003709,0.003709,0.0297,0.002656,0
2026-10-02T08:22:04+00:00,M02,OVERLOAD,2.0,0.00651,0.003211,0.003299,0.003299,0.0264,0.002362,0
2026-10-02T08:22:06+00:00,M02,OVERLOAD,2.0,0.00672,0.003211,0.003509,0.003509,0.0281,0.002512,1
2026-10-02T08:22:08+00:00,M02,OVERLOAD,2.0,0.00658,0.003211,0.003369,0.003369,0.027,0.002412,0
2026-10-02T08:22:10+00:00,M02,OVERLOAD,2.0,0.00656,0.003211,0.003349,0.003349,0.0268,0.002398,0
2026-10-02T08:22:12+00:00,M02,OVERLOAD,2.0,0.00653,0.003211,0.003319,0.003319,0.0266,0.002376,0
2026-10-02T08:22:14+00:00,M02,OVERLOAD,2.0,0.00668,0.003211,0.003469,0.003469,0.0278,0.002484,0
2026-10-02T08:22:16+00:00,M02,OVERLOAD,2.0,0.0068,0.003211,0.003589,0.003589,0.0287,0.00257,0
2026-10-02T08:22:18+00:00,M02,OVERLOAD,2.0,0.00679,0.003211,0.003579,0.003579,0.0286,0.002562,0
2026-10-02T08:22:20+00:00,M02,OVERLOAD,2.0,0.00653,0.003211,0.003319,0.003319,0.0266,0.002376,0
2026-10-02T08:22:22+00:00,M02,OVERLOAD,2.0,0.00684,0.003211,0.003629,0.003629,0.029,0.002598,0
2026-10-02T08:22:24+00:00,M02,OVERLOAD,2.0,0.00671,0.003211,0.003499,0.003499,0.028,0.002505,0
2026-10-02T08:22:26+00:00,M02,OVERLOAD,2.0,0.00678,0.003211,0.003569,0.003569,0.0286,0.002555,0
2026-10-02T08:22:28+00:00,M02,OVERLOAD,2.0,0.00653,0.003211,0.003319,0.003319,0.0266,0.002376,0
2026-10-02T08:22:30+00:00,M02,OVERLOAD,2.0,0.00676,0.003211,0.003549,0.003549,0.0284,0.002541,0
2026-10-02T08:22:32+00:00,M02,OVERLOAD,2.0,0.00679,0.003211,0.003579,0.003579,0.0286,0.002562,0
2026-10-02T08:22:34+00:00,M02,OVERLOAD,2.0,0.00694,0.003211,0.003729,0.003729,0.0298,0.00267,0
2026-10-02T08:22:36+00:00,M02,OVERLOAD,2.0,0.00675,0.003211,0.003539,0.003539,0.0283,0.002534,0
2026-10-02T08:22:38+00:00,M02,OVERLOAD,2.0,0.00658,0.003211,0.003369,0.003369,0.027,0.002412,0
2026-10-02T08:22:40+00:00,M02,OVERLOAD,2.0,0.00661,0.003211,0.003399,0.003399,0.0272,0.002434,0
2026-10-02T08:22:42+00:00,M02,OVERLOAD,2.0,0.00681,0.003211,0.003599,0.003599,0.0288,0.002577,1
2026-10-02T08:22:44+00:00,M02,OVERLOAD,2.0,0.0069,0.003211,0.003689,0.003689,0.0295,0.002641,0
2026-10-02T08:22:46+00:00,M02,OVERLOAD,2.0,0.00693,0.003211,0.003719,0.003719,0.0298,0.002663,0
2026-10-02T08:22:48+00:00,M02,OVERLOAD,2.0,0.0069,0.003211,0.003689,0.003689,0.0295,0.002641,0
2026-10-02T08:22:50+00:00,M02,OVERLOAD,2.0,0.00685,0.003211,0.003639,0.003639,0.0291,0.002605,0
2026-10-02T08:22:52+00:00,M02,OVERLOAD,2.0,0.00679,0.003211,0.003579,0.003579,0.0286,0.002562,0
2026-10-02T08:22:54+00:00,M02,OVERLOAD,2.0,0.00693,0.003211,0.003719,0.003719,0.0298,0.002663,0
2026-10-02T08:22:56+00:00,M02,OVERLOAD,2.0,0.00691,0.003211,0.003699,0.003699,0.0296,0.002648,0
2026-10-02T08:22:58+00:00,M02,OVERLOAD,2.0,0.00693,0.003211,0.003719,0.003719,0.0298,0.002663,0
2026-10-02T08:23:00+00:00,M02,OVERLOAD,2.0,0.00652,0.003211,0.003309,0.003309,0.0265,0.002369,0
2026-10-02T08:23:02+00:00,M02,RUNNING,2.0,0.0042,0.003211,0.000989,0.000989,0.0079,0.000708,0
2026-10-02T08:23:04+00:00,M02,RUNNING,2.0,0.00418,0.003211,0.000969,0.000969,0.0078,0.000694,0
2026-10-02T08:23:06+00:00,M02,RUNNING,2.0,0.00415,0.003211,0.000939,0.000939,0.0075,0.000672,0
2026-10-02T08:23:08+00:00,M02,RUNNING,2.0,0.00391,0.003211,0.000699,0.000699,0.0056,0.0005,0
2026-10-02T08:23:10+00:00,M02,RUNNING,2.0,0.00395,0.003211,0.000739,0.000739,0.0059,0.000529,0
2026-10-02T08:23:12+00:00,M02,RUNNING,2.0,0.00383,0.003211,0.000619,0.000619,0.005,0.000443,0
2026-10-02T08:23:14+00:00,M02,RUNNING,2.0,0.00384,0.003211,0.000629,0.000629,0.005,0.00045,0
2026-10-02T08:23:16+00:00,M02,RUNNING,2.0,0.00389,0.003211,0.000679,0.000679,0.0054,0.000486,1
2026-10-02T08:23:18+00:00,M02,RUNNING,2.0,0.00389,0.003211,0.000679,0.000679,0.0054,0.000486,0
2026-10-02T08:23:20+00:00,M02,RUNNING,2.0,0.00384,0.003211,0.000629,0.000629,0.005,0.00045,0
2026-10-02T08:23:22+00:00,M02,RUNNING,2.0,0.00383,0.003211,0.000619,0.000619,0.005,0.000443,0
2026-10-02T08:23:24+00:00,M02,RUNNING,2.0,0.00399,0.003211,0.000779,0.000779,0.0062,0.000558,0
2026-10-02T08:23:26+00:00,M02,RUNNING,2.0,0.00373,0.003211,0.000519,0.000519,0.0042,0.000372,0
2026-10-02T08:23:28+00:00,M02,RUNNING,2.0,0.00396,0.003211,0.000749,0.000749,0.006,0.000536,0
2026-10-02T08:23:30+00:00,M02,RUNNING,2.0,0.00372,0.003211,0.000509,0.000509,0.0041,0.000364,0
2026-10-02T08:23:32+00:00,M02,RUNNING,2.0,0.00391,0.003211,0.000699,0.000699,0.0056,0.0005,0
2026-10-02T08:23:34+00:00,M02,RUNNING,2.0,0.00388,0.003211,0.000669,0.000669,0.0054,0.000479,0
2026-10-02T08:23:36+00:00,M02,RUNNING,2.0,0.00371,0.003211,0.000499,0.000499,0.004,0.000357,0
2026-10-02T08:23:38+00:00,M02,RUNNING,2.0,0.00388,0.003211,0.000669,0.000669,0.0054,0.000479,0
2026-10-02T08:23:40+00:00,M02,RUNNING,2.0,0.00376,0.003211,0.000549,0.000549,0.0044,0.000393,0
2026-10-02T08:23:42+00:00,M02,RUNNING,2.0,0.00374,0.003211,0.000529,0.000529,0.0042,0.000379,0
2026-10-02T08:23:44+00:00,M02,RUNNING,2.0,0.00374,0.003211,0.000529,0.000529,0.0042,0.000379,0
2026-10-02T08:23:46+00:00,M02,RUNNING,2.0,0.00394,0.003211,0.000729,0.000729,0.0058,0.000522,0
2026-10-02T08:23:48+00:00,M02,RUNNING,2.0,0.0037,0.003211,0.000489,0.000489,0.0039,0.00035,0
2026-10-02T08:23:50+00:00,M02,RUNNING,2.0,0.00394,0.003211,0.000729,0.000729,0.0058,0.000522,0
2026-10-02T08:23:52+00:00,M02,RUNNING,2.0,0.004,0.003211,0.000789,0.000789,0.0063,0.000565,1
2026-10-02T08:23:54+00:00,M02,RUNNING,2.0,0.00377,0.003211,0.000559,0.000559,0.0045,0.0004,0
2026-10-02T08:23:56+00:00,M02,RUNNING,2.0,0.00378,0.003211,0.000569,0.000569,0.0046,0.000407,0
2026-10-02T08:23:58+00:00,M02,RUNNING,2.0,0.00394,0.003211,0.000729,0.000729,0.0058,0.000522,0
2026-10-02T08:24:00+00:00,M02,RUNNING,2.0,0.00386,0.003211,0.000649,0.000649,0.0052,0.000465,0
2026-10-02T08:24:02+00:00,M02,RUNNING,2.0,0.00376,0.003211,0.000549,0.000549,0.0044,0.000393,0
2026-10-02T08:24:04+00:00,M02,RUNNING,2.0,0.00395,0.003211,0.000739,0.000739,0.0059,0.000529,0
2026-10-02T08:24:06+00:00,M02,RUNNING,2.0,0.00389,0.003211,0.000679,0.000679,0.0054,0.000486,0
2026-10-02T08:24:08+00:00,M02,RUNNING,2.0,0.00379,0.003211,0.000579,0.000579,0.0046,0.000414,0
2026-10-02T08:24:10+00:00,M02,RUNNING,2.0,0.00389,0.003211,0.000679,0.000679,0.0054,0.000486,0
2026-10-02T08:24:12+00:00,M02,RUNNING,2.0,0.00385,0.003211,0.000639,0.000639,0.0051,0.000457,0
2026-10-02T08:24:14+00:00,M02,RUNNING,2.0,0.00398,0.003211,0.000769,0.000769,0.0062,0.000551,0
2026-10-02T08:24:16+00:00,M02,RUNNING,2.0,0.00378,0.003211,0.000569,0.000569,0.0046,0.000407,0
2026-10-02T08:24:18+00:00,M02,RUNNING,2.0,0.00396,0.003211,0.000749,0.000749,0.006,0.000536,0
2026-10-02T08:24:20+00:00,M02,RUNNING,2.0,0.0038,0.003211,0.000589,0.000589,0.0047,0.000422,0
2026-10-02T08:24:22+00:00,M02,RUNNING,2.0,0.00371,0.003211,0.000499,0.000499,0.004,0.000357,0
2026-10-02T08:24:24+00:00,M02,RUNNING,2.0,0.00388,0.003211,0.000669,0.000669,0.0054,0.000479,0
2026-10-02T08:24:26+00:00,M02,RUNNING,2.0,0.00386,0.003211,0.000649,0.000649,0.0052,0.000465,0
2026-10-02T08:24:28+00:00,M02,RUNNING,2.0,0.00391,0.003211,0.000699,0.000699,0.0056,0.0005,1
2026-10-02T08:24:30+00:00,M02,RUNNING,2.0,0.0039,0.003211,0.000689,0.000689,0.0055,0.000493,0
2026-10-02T08:24:32+00:00,M02,RUNNING,2.0,0.00374,0.003211,0.000529,0.000529,0.0042,0.000379,0
2026-10-02T08:24:34+00:00,M02,RUNNING,2.0,0.00374,0.003211,0.000529,0.000529,0.0042,0.000379,0
2026-10-02T08:24:36+00:00,M02,RUNNING,2.0,0.00399,0.003211,0.000779,0.000779,0.0062,0.000558,0
2026-10-02T08:24:38+00:00,M02,RUNNING,2.0,0.00388,0.003211,0.000669,0.000669,0.0054,0.000479,0
2026-10-02T08:24:40+00:00,M02,RUNNING,2.0,0.00388,0.003211,0.000669,0.000669,0.0054,0.000479,0
2026-10-02T08:24:42+00:00,M02,RUNNING,2.0,0.00393,0.003211,0.000719,0.000719,0.0058,0.000515,0
2026-10-02T08:24:44+00:00,M02,RUNNING,2.0,0.00384,0.003211,0.000629,0.000629,0.005,0.00045,0
2026-10-02T08:24:46+00:00,M02,RUNNING,2.0,0.00387,0.003211,0.000659,0.000659,0.0053,0.000472,0
2026-10-02T08:24:48+00:00,M02,RUNNING,2.0,0.00382,0.003211,0.000609,0.000609,0.0049,0.000436,0
2026-10-02T08:24:50+00:00,M02,RUNNING,2.0,0.00372,0.003211,0.000509,0.000509,0.0041,0.000364,0
2026-10-02T08:24:52+00:00,M02,RUNNING,2.0,0.0039,0.003211,0.000689,0.000689,0.0055,0.000493,0
2026-10-02T08:24:54+00:00,M02,RUNNING,2.0,0.00395,0.003211,0.000739,0.000739,0.0059,0.000529,0
2026-10-02T08:24:56+00:00,M02,RUNNING,2.0,0.00379,0.003211,0.000579,0.000579,0.0046,0.000414,0
2026-10-02T08:24:58+00:00,M02,RUNNING,2.0,0.00397,0.003211,0.000759,0.000759,0.0061,0.000543,0
2026-10-02T08:25:00+00:00,M02,RUNNING,2.0,0.00379,0.003211,0.000579,0.000579,0.0046,0.000414,0
2026-10-02T08:25:02+00:00,M02,RUNNING,2.0,0.00385,0.003211,0.000639,0.000639,0.0051,0.000457,0
2026-10-02T08:25:04+00:00,M02,RUNNING,2.0,0.00374,0.003211,0.000529,0.000529,0.0042,0.000379,1
2026-10-02T08:25:06+00:00,M02,RUNNING,2.0,0.00373,0.003211,0.000519,0.000519,0.0042,0.000372,0
2026-10-02T08:25:08+00:00,M02,RUNNING,2.0,0.00375,0.003211,0.000539,0.000539,0.0043,0.000386,0
2026-10-02T08:25:10+00:00,M02,RUNNING,2.0,0.00378,0.003211,0.000569,0.000569,0.0046,0.000407,0
2026-10-02T08:25:12+00:00,M02,RUNNING,2.0,0.00391,0.003211,0.000699,0.000699,0.0056,0.0005,0
2026-10-02T08:25:14+00:00,M02,RUNNING,2.0,0.00389,0.003211,0.000679,0.000679,0.0054,0.000486,0
2026-10-02T08:25:16+00:00,M02,RUNNING,2.0,0.00375,0.003211,0.000539,0.000539,0.0043,0.000386,0
2026-10-02T08:25:18+00:00,M02,RUNNING,2.0,0.00387,0.003211,0.000659,0.000659,0.0053,0.000472,0
2026-10-02T08:25:20+00:00,M02,RUNNING,2.0,0.00387,0.003211,0.000659,0.000659,0.0053,0.000472,0
2026-10-02T08:25:22+00:00,M02,RUNNING,2.0,0.00386,0.003211,0.000649,0.000649,0.0052,0.000465,0
2026-10-02T08:25:24+00:00,M02,RUNNING,2.0,0.0039,0.003211,0.000689,0.000689,0.0055,0.000493,0
2026-10-02T08:25:26+00:00,M02,RUNNING,2.0,0.00377,0.003211,0.000559,0.000559,0.0045,0.0004,0
2026-10-02T08:25:28+00:00,M02,RUNNING,2.0,0.00377,0.003211,0.000559,0.000559,0.0045,0.0004,0
2026-10-02T08:25:30+00:00,M02,RUNNING,2.0,0.004,0.003211,0.000789,0.000789,0.0063,0.000565,0
2026-10-02T08:25:32+00:00,M02,RUNNING,2.0,0.00377,0.003211,0.000559,0.000559,0.0045,0.0004,0
2026-10-02T08:25:34+00:00,M02,RUNNING,2.0,0.00374,0.003211,0.000529,0.000529,0.0042,0.000379,0
2026-10-02T08:25:36+00:00,M02,RUNNING,2.0,0.00397,0.003211,0.000759,0.000759,0.0061,0.000543,0
2026-10-02T08:25:38+00:00,M02,RUNNING,2.0,0.00378,0.003211,0.000569,0.000569,0.0046,0.000407,0
2026-10-02T08:25:40+00:00,M02,RUNNING,2.0,0.00373,0.003211,0.000519,0.000519,0.0042,0.000372,1
2026-10-02T08:25:42+00:00,M02,RUNNING,2.0,0.00373,0.003211,0.000519,0.000519,0.0042,0.000372,0
2026-10-02T08:25:44+00:00,M02,RUNNING,2.0,0.00377,0.003211,0.000559,0.000559,0.0045,0.0004,0
2026-10-02T08:25:46+00:00,M02,RUNNING,2.0,0.00396,0.003211,0.000749,0.000749,0.006,0.000536,0
2026-10-02T08:25:48+00:00,M02,RUNNING,2.0,0.00391,0.003211,0.000699,0.000699,0.0056,0.0005,0
2026-10-02T08:25:50+00:00,M02,RUNNING,2.0,0.00373,0.003211,0.000519,0.000519,0.0042,0.000372,0
2026-10-02T08:25:52+00:00,M02,RUNNING,2.0,0.00376,0.003211,0.000549,0.000549,0.0044,0.000393,0
2026-10-02T08:25:54+00:00,M02,RUNNING,2.0,0.00392,0.003211,0.000709,0.000709,0.0057,0.000508,0
2026-10-02T08:25:56+00:00,M02,RUNNING,2.0,0.00398,0.003211,0.000769,0.000769,0.0062,0.000551,0
2026-10-02T08:25:58+00:00,M02,RUNNING,2.0,0.00398,0.003211,0.000769,0.000769,0.0062,0.000551,0
2026-10-02T08:26:00+00:00,M02,RUNNING,2.0,0.00382,0.003211,0.000609,0.000609,0.0049,0.000436,0
2026-10-02T08:26:02+00:00,M02,RUNNING,2.0,0.00382,0.003211,0.000609,0.000609,0.0049,0.000436,0
2026-10-02T08:26:04+00:00,M02,RUNNING,2.0,0.00396,0.003211,0.000749,0.000749,0.006,0.000536,0
2026-10-02T08:26:06+00:00,M02,RUNNING,2.0,0.00377,0.003211,0.000559,0.000559,0.0045,0.0004,0
2026-10-02T08:26:08+00:00,M02,RUNNING,2.0,0.00379,0.003211,0.000579,0.000579,0.0046,0.000414,0
2026-10-02T08:26:10+00:00,M02,RUNNING,2.0,0.00391,0.003211,0.000699,0.000699,0.0056,0.0005,0
2026-10-02T08:26:12+00:00,M02,RUNNING,2.0,0.00389,0.003211,0.000679,0.000679,0.0054,0.000486,0
2026-10-02T08:26:14+00:00,M02,RUNNING,2.0,0.0039,0.003211,0.000689,0.000689,0.0055,0.000493,0
2026-10-02T08:26:16+00:00,M02,RUNNING,2.0,0.0038,0.003211,0.000589,0.000589,0.0047,0.000422,1
2026-10-02T08:26:18+00:00,M02,RUNNING,2.0,0.00375,0.003211,0.000539,0.000539,0.0043,0.000386,0
2026-10-02T08:26:20+00:00,M02,RUNNING,2.0,0.0037,0.003211,0.000489,0.000489,0.0039,0.00035,0
2026-10-02T08:26:22+00:00,M02,RUNNING,2.0,0.00377,0.003211,0.000559,0.000559,0.0045,0.0004,0
2026-10-02T08:26:24+00:00,M02,RUNNING,2.0,0.00391,0.003211,0.000699,0.000699,0.0056,0.0005,0
2026-10-02T08:26:26+00:00,M02,RUNNING,2.0,0.0037,0.003211,0.000489,0.000489,0.0039,0.00035,0
2026-10-02T08:26:28+00:00,M02,RUNNING,2.0,0.00375,0.003211,0.000539,0.000539,0.0043,0.000386,0
2026-10-02T08:26:30+00:00,M02,RUNNING,2.0,0.00393,0.003211,0.000719,0.000719,0.0058,0.000515,0
2026-10-02T08:26:32+00:00,M02,RUNNING,2.0,0.00396,0.003211,0.000749,0.000749,0.006,0.000536,0
2026-10-02T08:26:34+00:00,M02,RUNNING,2.0,0.00373,0.003211,0.000519,0.000519,0.0042,0.000372,0
2026-10-02T08:26:36+00:00,M02,RUNNING,2.0,0.00386,0.003211,0.000649,0.000649,0.0052,0.000465,0
2026-10-02T08:26:38+00:00,M02,RUNNING,2.0,0.00392,0.003211,0.000709,0.000709,0.0057,0.000508,0
2026-10-02T08:26:40+00:00,M02,RUNNING,2.0,0.00381,0.003211,0.000599,0.000599,0.0048,0.000429,0
2026-10-02T08:26:42+00:00,M02,RUNNING,2.0,0.00384,0.003211,0.000629,0.000629,0.005,0.00045,0
2026-10-02T08:26:44+00:00,M02,RUNNING,2.0,0.00397,0.003211,0.000759,0.000759,0.0061,0.000543,0
2026-10-02T08:26:46+00:00,M02,RUNNING,2.0,0.00385,0.003211,0.000639,0.000639,0.0051,0.000457,0
2026-10-02T08:26:48+00:00,M02,RUNNING,2.0,0.00378,0.003211,0.000569,0.000569,0.0046,0.000407,0
2026-10-02T08:26:50+00:00,M02,RUNNING,2.0,0.00376,0.003211,0.000549,0.000549,0.0044,0.000393,0
2026-10-02T08:26:52+00:00,M02,RUNNING,2.0,0.00387,0.003211,0.000659,0.000659,0.0053,0.000472,1
2026-10-02T08:26:54+00:00,M02,RUNNING,2.0,0.00398,0.003211,0.000769,0.000769,0.0062,0.000551,0
2026-10-02T08:26:56+00:00,M02,RUNNING,2.0,0.00389,0.003211,0.000679,0.000679,0.0054,0.000486,0
2026-10-02T08:26:58+00:00,M02,RUNNING,2.0,0.00378,0.003211,0.000569,0.000569,0.0046,0.000407,0
2026-10-02T08:27:00+00:00,M02,RUNNING,2.0,0.00395,0.003211,0.000739,0.000739,0.0059,0.000529,0
2026-10-02T08:27:02+00:00,M02,RUNNING,2.0,0.00385,0.003211,0.000639,0.000639,0.0051,0.000457,0
2026-10-02T08:27:04+00:00,M02,RUNNING,2.0,0.00373,0.003211,0.000519,0.000519,0.0042,0.000372,0
2026-10-02T08:27:06+00:00,M02,RUNNING,2.0,0.00383,0.003211,0.000619,0.000619,0.005,0.000443,0
2026-10-02T08:27:08+00:00,M02,RUNNING,2.0,0.00375,0.003211,0.000539,0.000539,0.0043,0.000386,0
2026-10-02T08:27:10+00:00,M02,RUNNING,2.0,0.00384,0.003211,0.000629,0.000629,0.005,0.00045,0
2026-10-02T08:27:12+00:00,M02,RUNNING,2.0,0.00383,0.003211,0.000619,0.000619,0.005,0.000443,0
2026-10-02T08:27:14+00:00,M02,RUNNING,2.0,0.00374,0.003211,0.000529,0.000529,0.0042,0.000379,0
2026-10-02T08:27:16+00:00,M02,RUNNING,2.0,0.00385,0.003211,0.000639,0.000639,0.0051,0.000457,0
2026-10-02T08:27:18+00:00,M02,RUNNING,2.0,0.00392,0.003211,0.000709,0.000709,0.0057,0.000508,0
2026-10-02T08:27:20+00:00,M02,RUNNING,2.0,0.00376,0.003211,0.000549,0.000549,0.0044,0.000393,0
2026-10-02T08:27:22+00:00,M02,RUNNING,2.0,0.00379,0.003211,0.000579,0.000579,0.0046,0.000414,0
2026-10-02T08:27:24+00:00,M02,RUNNING,2.0,0.00393,0.003211,0.000719,0.000719,0.0058,0.000515,0
2026-10-02T08:27:26+00:00,M02,RUNNING,2.0,0.00382,0.003211,0.000609,0.000609,0.0049,0.000436,0
2026-10-02T08:27:28+00:00,M02,RUNNING,2.0,0.0039,0.003211,0.000689,0.000689,0.0055,0.000493,1
2026-10-02T08:27:30+00:00,M02,RUNNING,2.0,0.00374,0.003211,0.000529,0.000529,0.0042,0.000379,0
2026-10-02T08:27:32+00:00,M02,RUNNING,2.0,0.00373,0.003211,0.000519,0.000519,0.0042,0.000372,0
2026-10-02T08:27:34+00:00,M02,RUNNING,2.0,0.00375,0.003211,0.000539,0.000539,0.0043,0.000386,0
2026-10-02T08:27:36+00:00,M02,RUNNING,2.0,0.00373,0.003211,0.000519,0.000519,0.0042,0.000372,0
2026-10-02T08:27:38+00:00,M02,RUNNING,2.0,0.00393,0.003211,0.000719,0.000719,0.0058,0.000515,0
2026-10-02T08:27:40+00:00,M02,RUNNING,2.0,0.00385,0.003211,0.000639,0.000639,0.0051,0.000457,0
2026-10-02T08:27:42+00:00,M02,RUNNING,2.0,0.00376,0.003211,0.000549,0.000549,0.0044,0.000393,0
2026-10-02T08:27:44+00:00,M02,RUNNING,2.0,0.00374,0.003211,0.000529,0.000529,0.0042,0.000379,0
2026-10-02T08:27:46+00:00,M02,RUNNING,2.0,0.00386,0.003211,0.000649,0.000649,0.0052,0.000465,0
2026-10-02T08:27:48+00:00,M02,RUNNING,2.0,0.00373,0.003211,0.000519,0.000519,0.0042,0.000372,0
2026-10-02T08:27:50+00:00,M02,RUNNING,2.0,0.004,0.003211,0.000789,0.000789,0.0063,0.000565,0
2026-10-02T08:27:52+00:00,M02,RUNNING,2.0,0.00376,0.003211,0.000549,0.000549,0.0044,0.000393,0
2026-10-02T08:27:54+00:00,M02,RUNNING,2.0,0.00375,0.003211,0.000539,0.000539,0.0043,0.000386,0
2026-10-02T08:27:56+00:00,M02,RUNNING,2.0,0.00388,0.003211,0.000669,0.000669,0.0054,0.000479,0
2026-10-02T08:27:58+00:00,M02,RUNNING,2.0,0.00372,0.003211,0.000509,0.000509,0.0041,0.000364,0
2026-10-02T08:28:00+00:00,M02,RUNNING,2.0,0.00394,0.003211,0.000729,0.000729,0.0058,0.000522,0
2026-10-02T08:28:02+00:00,M02,OVERLOAD,2.0,0.00677,0.003211,0.003559,0.003559,0.0285,0.002548,0
2026-10-02T08:28:04+00:00,M02,OVERLOAD,2.0,0.00657,0.003211,0.003359,0.003359,0.0269,0.002405,1
2026-10-02T08:28:06+00:00,M02,OVERLOAD,2.0,0.00691,0.003211,0.003699,0.003699,0.0296,0.002648,0
2026-10-02T08:28:08+00:00,M02,OVERLOAD,2.0,0.00674,0.003211,0.003529,0.003529,0.0282,0.002527,0
2026-10-02T08:28:10+00:00,M02,OVERLOAD,2.0,0.0066,0.003211,0.003389,0.003389,0.0271,0.002426,0
2026-10-02T08:28:12+00:00,M02,OVERLOAD,2.0,0.00668,0.003211,0.003469,0.003469,0.0278,0.002484,0
2026-10-02T08:28:14+00:00,M02,OVERLOAD,2.0,0.00657,0.003211,0.003359,0.003359,0.0269,0.002405,0
2026-10-02T08:28:16+00:00,M02,OVERLOAD,2.0,0.00692,0.003211,0.003709,0.003709,0.0297,0.002656,0
2026-10-02T08:28:18+00:00,M02,OVERLOAD,2.0,0.00667,0.003211,0.003459,0.003459,0.0277,0.002477,0
2026-10-02T08:28:20+00:00,M02,OVERLOAD,2.0,0.00682,0.003211,0.003609,0.003609,0.0289,0.002584,0
2026-10-02T08:28:22+00:00,M02,OVERLOAD,2.0,0.00668,0.003211,0.003469,0.003469,0.0278,0.002484,0
2026-10-02T08:28:24+00:00,M02,OVERLOAD,2.0,0.00692,0.003211,0.003709,0.003709,0.0297,0.002656,0
2026-10-02T08:28:26+00:00,M02,OVERLOAD,2.0,0.0068,0.003211,0.003589,0.003589,0.0287,0.00257,0
2026-10-02T08:28:28+00:00,M02,OVERLOAD,2.0,0.00654,0.003211,0.003329,0.003329,0.0266,0.002383,0
2026-10-02T08:28:30+00:00,M02,OVERLOAD,2.0,0.00682,0.003211,0.003609,0.003609,0.0289,0.002584,0
2026-10-02T08:28:32+00:00,M02,OVERLOAD,2.0,0.00673,0.003211,0.003519,0.003519,0.0282,0.00252,0
2026-10-02T08:28:34+00:00,M02,OVERLOAD,2.0,0.0068,0.003211,0.003589,0.003589,0.0287,0.00257,0
2026-10-02T08:28:36+00:00,M02,OVERLOAD,2.0,0.00692,0.003211,0.003709,0.003709,0.0297,0.002656,0
2026-10-02T08:28:38+00:00,M02,OVERLOAD,2.0,0.00659,0.003211,0.003379,0.003379,0.027,0.002419,0
2026-10-02T08:28:40+00:00,M02,OVERLOAD,2.0,0.00668,0.003211,0.003469,0.003469,0.0278,0.002484,1
2026-10-02T08:28:42+00:00,M02,OVERLOAD,2.0,0.00663,0.003211,0.003419,0.003419,0.0274,0.002448,0
2026-10-02T08:28:44+00:00,M02,OVERLOAD,2.0,0.00658,0.003211,0.003369,0.003369,0.027,0.002412,0
2026-10-02T08:28:46+00:00,M02,OVERLOAD,2.0,0.00663,0.003211,0.003419,0.003419,0.0274,0.002448,0
2026-10-02T08:28:48+00:00,M02,OVERLOAD,2.0,0.00683,0.003211,0.003619,0.003619,0.029,0.002591,0
2026-10-02T08:28:50+00:00,M02,OVERLOAD,2.0,0.00664,0.003211,0.003429,0.003429,0.0274,0.002455,0
2026-10-02T08:28:52+00:00,M02,OVERLOAD,2.0,0.00667,0.003211,0.003459,0.003459,0.0277,0.002477,0
2026-10-02T08:28:54+00:00,M02,OVERLOAD,2.0,0.00671,0.003211,0.003499,0.003499,0.028,0.002505,0
2026-10-02T08:28:56+00:00,M02,OVERLOAD,2.0,0.00661,0.003211,0.003399,0.003399,0.0272,0.002434,0
2026-10-02T08:28:58+00:00,M02,OVERLOAD,2.0,0.00668,0.003211,0.003469,0.003469,0.0278,0.002484,0
2026-10-02T08:29:00+00:00,M02,OVERLOAD,2.0,0.00663,0.003211,0.003419,0.003419,0.0274,0.002448,0
2026-10-02T08:29:02+00:00,M02,RUNNING,2.0,0.00411,0.003211,0.000899,0.000899,0.0072,0.000644,0
2026-10-02T08:29:04+00:00,M02,RUNNING,2.0,0.00412,0.003211,0.000909,0.000909,0.0073,0.000651,0
2026-10-02T08:29:06+00:00,M02,RUNNING,2.0,0.00386,0.003211,0.000649,0.000649,0.0052,0.000465,0
2026-10-02T08:29:08+00:00,M02,RUNNING,2.0,0.00386,0.003211,0.000649,0.000649,0.0052,0.000465,0
2026-10-02T08:29:10+00:00,M02,RUNNING,2.0,0.00385,0.003211,0.000639,0.000639,0.0051,0.000457,0
2026-10-02T08:29:12+00:00,M02,RUNNING,2.0,0.00404,0.003211,0.000829,0.000829,0.0066,0.000593,0
2026-10-02T08:29:14+00:00,M02,RUNNING,2.0,0.00396,0.003211,0.000749,0.000749,0.006,0.000536,1
2026-10-02T08:29:16+00:00,M02,RUNNING,2.0,0.00381,0.003211,0.000599,0.000599,0.0048,0.000429,0
2026-10-02T08:29:18+00:00,M02,RUNNING,2.0,0.00389,0.003211,0.000679,0.000679,0.0054,0.000486,0
2026-10-02T08:29:20+00:00,M02,RUNNING,2.0,0.00397,0.003211,0.000759,0.000759,0.0061,0.000543,0
2026-10-02T08:29:22+00:00,M02,RUNNING,2.0,0.00377,0.003211,0.000559,0.000559,0.0045,0.0004,0
2026-10-02T08:29:24+00:00,M02,RUNNING,2.0,0.00374,0.003211,0.000529,0.000529,0.0042,0.000379,0
2026-10-02T08:29:26+00:00,M02,RUNNING,2.0,0.00379,0.003211,0.000579,0.000579,0.0046,0.000414,0
2026-10-02T08:29:28+00:00,M02,RUNNING,2.0,0.00374,0.003211,0.000529,0.000529,0.0042,0.000379,0
2026-10-02T08:29:30+00:00,M02,RUNNING,2.0,0.00392,0.003211,0.000709,0.000709,0.0057,0.000508,0
2026-10-02T08:29:32+00:00,M02,RUNNING,2.0,0.00398,0.003211,0.000769,0.000769,0.0062,0.000551,0
2026-10-02T08:29:34+00:00,M02,RUNNING,2.0,0.00397,0.003211,0.000759,0.000759,0.0061,0.000543,0
2026-10-02T08:29:36+00:00,M02,RUNNING,2.0,0.00378,0.003211,0.000569,0.000569,0.0046,0.000407,0
2026-10-02T08:29:38+00:00,M02,RUNNING,2.0,0.00386,0.003211,0.000649,0.000649,0.0052,0.000465,0
2026-10-02T08:29:40+00:00,M02,RUNNING,2.0,0.00395,0.003211,0.000739,0.000739,0.0059,0.000529,0
2026-10-02T08:29:42+00:00,M02,RUNNING,2.0,0.00375,0.003211,0.000539,0.000539,0.0043,0.000386,0
2026-10-02T08:29:44+00:00,M02,RUNNING,2.0,0.0038,0.003211,0.000589,0.000589,0.0047,0.000422,0
2026-10-02T08:29:46+00:00,M02,RUNNING,2.0,0.004,0.003211,0.000789,0.000789,0.0063,0.000565,0
2026-10-02T08:29:48+00:00,M02,RUNNING,2.0,0.00381,0.003211,0.000599,0.000599,0.0048,0.000429,0
2026-10-02T08:29:50+00:00,M02,RUNNING,2.0,0.00379,0.003211,0.000579,0.000579,0.0046,0.000414,1
2026-10-02T08:29:52+00:00,M02,RUNNING,2.0,0.00397,0.003211,0.000759,0.000759,0.0061,0.000543,0
2026-10-02T08:29:54+00:00,M02,RUNNING,2.0,0.00396,0.003211,0.000749,0.000749,0.006,0.000536,0
2026-10-02T08:29:56+00:00,M02,RUNNING,2.0,0.00379,0.003211,0.000579,0.000579,0.0046,0.000414,0
2026-10-02T08:29:58+00:00,M02,RUNNING,2.0,0.00381,0.003211,0.000599,0.000599,0.0048,0.000429,0
2026-10-02T08:30:00+00:00,M02,RUNNING,2.0,0.00399,0.003211,0.000779,0.000779,0.0062,0.000558,0
2026-10-02T08:00:04+00:00,M03,RUNNING,2.0,0.00452,0.003872,0.000648,0.000648,0.0052,0.000464,0
2026-10-02T08:00:06+00:00,M03,RUNNING,2.0,0.00456,0.003872,0.000688,0.000688,0.0055,0.000492,0
2026-10-02T08:00:08+00:00,M03,RUNNING,2.0,0.00465,0.003872,0.000778,0.000778,0.0062,0.000557,0
2026-10-02T08:00:10+00:00,M03,RUNNING,2.0,0.00461,0.003872,0.000738,0.000738,0.0059,0.000528,0
2026-10-02T08:00:12+00:00,M03,RUNNING,2.0,0.00457,0.003872,0.000698,0.000698,0.0056,0.0005,0
2026-10-02T08:00:14+00:00,M03,RUNNING,2.0,0.00458,0.003872,0.000708,0.000708,0.0057,0.000507,0
2026-10-02T08:00:16+00:00,M03,RUNNING,2.0,0.0047,0.003872,0.000828,0.000828,0.0066,0.000593,0
2026-10-02T08:00:18+00:00,M03,RUNNING,2.0,0.00475,0.003872,0.000878,0.000878,0.007,0.000628,0
2026-10-02T08:00:20+00:00,M03,RUNNING,2.0,0.00455,0.003872,0.000678,0.000678,0.0054,0.000485,0
2026-10-02T08:00:22+00:00,M03,RUNNING,2.0,0.00477,0.003872,0.000898,0.000898,0.0072,0.000643,0
2026-10-02T08:00:24+00:00,M03,RUNNING,2.0,0.00459,0.003872,0.000718,0.000718,0.0057,0.000514,0
2026-10-02T08:00:26+00:00,M03,RUNNING,2.0,0.00447,0.003872,0.000598,0.000598,0.0048,0.000428,0
2026-10-02T08:00:28+00:00,M03,RUNNING,2.0,0.00447,0.003872,0.000598,0.000598,0.0048,0.000428,1
2026-10-02T08:00:30+00:00,M03,RUNNING,2.0,0.0045,0.003872,0.000628,0.000628,0.005,0.000449,0
2026-10-02T08:00:32+00:00,M03,RUNNING,2.0,0.00476,0.003872,0.000888,0.000888,0.0071,0.000636,0
2026-10-02T08:00:34+00:00,M03,RUNNING,2.0,0.00451,0.003872,0.000638,0.000638,0.0051,0.000457,0
2026-10-02T08:00:36+00:00,M03,RUNNING,2.0,0.00456,0.003872,0.000688,0.000688,0.0055,0.000492,0
2026-10-02T08:00:38+00:00,M03,RUNNING,2.0,0.00449,0.003872,0.000618,0.000618,0.0049,0.000442,0
2026-10-02T08:00:40+00:00,M03,RUNNING,2.0,0.0047,0.003872,0.000828,0.000828,0.0066,0.000593,0
2026-10-02T08:00:42+00:00,M03,RUNNING,2.0,0.00481,0.003872,0.000938,0.000938,0.0075,0.000671,0
2026-10-02T08:00:44+00:00,M03,RUNNING,2.0,0.0047,0.003872,0.000828,0.000828,0.0066,0.000593,0
2026-10-02T08:00:46+00:00,M03,RUNNING,2.0,0.00455,0.003872,0.000678,0.000678,0.0054,0.000485,0
2026-10-02T08:00:48+00:00,M03,RUNNING,2.0,0.00472,0.003872,0.000848,0.000848,0.0068,0.000607,0
2026-10-02T08:00:50+00:00,M03,RUNNING,2.0,0.00474,0.003872,0.000868,0.000868,0.0069,0.000621,0
2026-10-02T08:00:52+00:00,M03,RUNNING,2.0,0.00465,0.003872,0.000778,0.000778,0.0062,0.000557,0
2026-10-02T08:00:54+00:00,M03,RUNNING,2.0,0.0047,0.003872,0.000828,0.000828,0.0066,0.000593,0
2026-10-02T08:00:56+00:00,M03,RUNNING,2.0,0.00475,0.003872,0.000878,0.000878,0.007,0.000628,1
2026-10-02T08:00:58+00:00,M03,RUNNING,2.0,0.00463,0.003872,0.000758,0.000758,0.0061,0.000543,0
2026-10-02T08:01:00+00:00,M03,RUNNING,2.0,0.00448,0.003872,0.000608,0.000608,0.0049,0.000435,0
2026-10-02T08:01:02+00:00,M03,RUNNING,2.0,0.00456,0.003872,0.000688,0.000688,0.0055,0.000492,0
2026-10-02T08:01:04+00:00,M03,RUNNING,2.0,0.00462,0.003872,0.000748,0.000748,0.006,0.000535,0
2026-10-02T08:01:06+00:00,M03,RUNNING,2.0,0.00462,0.003872,0.000748,0.000748,0.006,0.000535,0
2026-10-02T08:01:08+00:00,M03,RUNNING,2.0,0.00459,0.003872,0.000718,0.000718,0.0057,0.000514,0
2026-10-02T08:01:10+00:00,M03,RUNNING,2.0,0.00456,0.003872,0.000688,0.000688,0.0055,0.000492,0
2026-10-02T08:01:12+00:00,M03,RUNNING,2.0,0.00457,0.003872,0.000698,0.000698,0.0056,0.0005,0
2026-10-02T08:01:14+00:00,M03,RUNNING,2.0,0.00471,0.003872,0.000838,0.000838,0.0067,0.0006,0
2026-10-02T08:01:16+00:00,M03,RUNNING,2.0,0.0048,0.003872,0.000928,0.000928,0.0074,0.000664,0
2026-10-02T08:01:18+00:00,M03,RUNNING,2.0,0.00463,0.003872,0.000758,0.000758,0.0061,0.000543,0
2026-10-02T08:01:20+00:00,M03,RUNNING,2.0,0.00478,0.003872,0.000908,0.000908,0.0073,0.00065,0
2026-10-02T08:01:22+00:00,M03,RUNNING,2.0,0.00449,0.003872,0.000618,0.000618,0.0049,0.000442,0
2026-10-02T08:01:24+00:00,M03,RUNNING,2.0,0.0048,0.003872,0.000928,0.000928,0.0074,0.000664,1
2026-10-02T08:01:26+00:00,M03,RUNNING,2.0,0.0047,0.003872,0.000828,0.000828,0.0066,0.000593,0
2026-10-02T08:01:28+00:00,M03,RUNNING,2.0,0.00481,0.003872,0.000938,0.000938,0.0075,0.000671,0
2026-10-02T08:01:30+00:00,M03,RUNNING,2.0,0.00466,0.003872,0.000788,0.000788,0.0063,0.000564,0
2026-10-02T08:01:32+00:00,M03,RUNNING,2.0,0.00462,0.003872,0.000748,0.000748,0.006,0.000535,0
2026-10-02T08:01:34+00:00,M03,RUNNING,2.0,0.00474,0.003872,0.000868,0.000868,0.0069,0.000621,0
2026-10-02T08:01:36+00:00,M03,RUNNING,2.0,0.00458,0.003872,0.000708,0.000708,0.0057,0.000507,0
2026-10-02T08:01:38+00:00,M03,RUNNING,2.0,0.00472,0.003872,0.000848,0.000848,0.0068,0.000607,0
2026-10-02T08:01:40+00:00,M03,RUNNING,2.0,0.00452,0.003872,0.000648,0.000648,0.0052,0.000464,0
2026-10-02T08:01:42+00:00,M03,RUNNING,2.0,0.0046,0.003872,0.000728,0.000728,0.0058,0.000521,0
2026-10-02T08:01:44+00:00,M03,RUNNING,2.0,0.00471,0.003872,0.000838,0.000838,0.0067,0.0006,0
2026-10-02T08:01:46+00:00,M03,RUNNING,2.0,0.00471,0.003872,0.000838,0.000838,0.0067,0.0006,0
2026-10-02T08:01:48+00:00,M03,RUNNING,2.0,0.00466,0.003872,0.000788,0.000788,0.0063,0.000564,0
2026-10-02T08:01:50+00:00,M03,RUNNING,2.0,0.0045,0.003872,0.000628,0.000628,0.005,0.000449,0
2026-10-02T08:01:52+00:00,M03,RUNNING,2.0,0.00473,0.003872,0.000858,0.000858,0.0069,0.000614,1
2026-10-02T08:01:54+00:00,M03,RUNNING,2.0,0.00472,0.003872,0.000848,0.000848,0.0068,0.000607,0
2026-10-02T08:01:56+00:00,M03,RUNNING,2.0,0.00452,0.003872,0.000648,0.000648,0.0052,0.000464,0
2026-10-02T08:01:58+00:00,M03,RUNNING,2.0,0.00475,0.003872,0.000878,0.000878,0.007,0.000628,0
2026-10-02T08:02:00+00:00,M03,RUNNING,2.0,0.00464,0.003872,0.000768,0.000768,0.0061,0.00055,0
2026-10-02T08:02:02+00:00,M03,RUNNING,2.0,0.00449,0.003872,0.000618,0.000618,0.0049,0.000442,0
2026-10-02T08:02:04+00:00,M03,RUNNING,2.0,0.00458,0.003872,0.000708,0.000708,0.0057,0.000507,0
2026-10-02T08:02:06+00:00,M03,RUNNING,2.0,0.00473,0.003872,0.000858,0.000858,0.0069,0.000614,0
2026-10-02T08:02:08+00:00,M03,RUNNING,2.0,0.00464,0.003872,0.000768,0.000768,0.0061,0.00055,0
2026-10-02T08:02:10+00:00,M03,RUNNING,2.0,0.0046,0.003872,0.000728,0.000728,0.0058,0.000521,0
2026-10-02T08:02:12+00:00,M03,RUNNING,2.0,0.00451,0.003872,0.000638,0.000638,0.0051,0.000457,0
2026-10-02T08:02:14+00:00,M03,RUNNING,2.0,0.00476,0.003872,0.000888,0.000888,0.0071,0.000636,0
2026-10-02T08:02:16+00:00,M03,RUNNING,2.0,0.00474,0.003872,0.000868,0.000868,0.0069,0.000621,0
2026-10-02T08:02:18+00:00,M03,RUNNING,2.0,0.00469,0.003872,0.000818,0.000818,0.0065,0.000586,0
2026-10-02T08:02:20+00:00,M03,RUNNING,2.0,0.00469,0.003872,0.000818,0.000818,0.0065,0.000586,1
2026-10-02T08:02:22+00:00,M03,RUNNING,2.0,0.00482,0.003872,0.000948,0.000948,0.0076,0.000679,0
2026-10-02T08:02:24+00:00,M03,RUNNING,2.0,0.00456,0.003872,0.000688,0.000688,0.0055,0.000492,0
2026-10-02T08:02:26+00:00,M03,RUNNING,2.0,0.00482,0.003872,0.000948,0.000948,0.0076,0.000679,0
2026-10-02T08:02:28+00:00,M03,RUNNING,2.0,0.00455,0.003872,0.000678,0.000678,0.0054,0.000485,0
2026-10-02T08:02:30+00:00,M03,RUNNING,2.0,0.00447,0.003872,0.000598,0.000598,0.0048,0.000428,0
2026-10-02T08:02:32+00:00,M03,RUNNING,2.0,0.0047,0.003872,0.000828,0.000828,0.0066,0.000593,0
2026-10-02T08:02:34+00:00,M03,RUNNING,2.0,0.00447,0.003872,0.000598,0.000598,0.0048,0.000428,0
2026-10-02T08:02:36+00:00,M03,RUNNING,2.0,0.00457,0.003872,0.000698,0.000698,0.0056,0.0005,0
2026-10-02T08:02:38+00:00,M03,RUNNING,2.0,0.00482,0.003872,0.000948,0.000948,0.0076,0.000679,0
2026-10-02T08:02:40+00:00,M03,RUNNING,2.0,0.00447,0.003872,0.000598,0.000598,0.0048,0.000428,0
2026-10-02T08:02:42+00:00,M03,RUNNING,2.0,0.00477,0.003872,0.000898,0.000898,0.0072,0.000643,0
2026-10-02T08:02:44+00:00,M03,RUNNING,2.0,0.00447,0.003872,0.000598,0.000598,0.0048,0.000428,0
2026-10-02T08:02:46+00:00,M03,RUNNING,2.0,0.00448,0.003872,0.000608,0.000608,0.0049,0.000435,0
2026-10-02T08:02:48+00:00,M03,RUNNING,2.0,0.0048,0.003872,0.000928,0.000928,0.0074,0.000664,1
2026-10-02T08:02:50+00:00,M03,RUNNING,2.0,0.00451,0.003872,0.000638,0.000638,0.0051,0.000457,0
2026-10-02T08:02:52+00:00,M03,RUNNING,2.0,0.00467,0.003872,0.000798,0.000798,0.0064,0.000571,0
2026-10-02T08:02:54+00:00,M03,RUNNING,2.0,0.0047,0.003872,0.000828,0.000828,0.0066,0.000593,0
2026-10-02T08:02:56+00:00,M03,RUNNING,2.0,0.00477,0.003872,0.000898,0.000898,0.0072,0.000643,0
2026-10-02T08:02:58+00:00,M03,RUNNING,2.0,0.00454,0.003872,0.000668,0.000668,0.0053,0.000478,0
2026-10-02T08:03:00+00:00,M03,RUNNING,2.0,0.00482,0.003872,0.000948,0.000948,0.0076,0.000679,0
2026-10-02T08:03:02+00:00,M03,DEGRADED,2.0,0.00564,0.0041,0.00154,0.00154,0.0123,0.001103,0
2026-10-02T08:03:04+00:00,M03,DEGRADED,2.0,0.00568,0.0041,0.00158,0.00158,0.0126,0.001131,0
2026-10-02T08:03:06+00:00,M03,DEGRADED,2.0,0.00547,0.0041,0.00137,0.00137,0.011,0.000981,0
2026-10-02T08:03:08+00:00,M03,DEGRADED,2.0,0.00572,0.0041,0.00162,0.00162,0.013,0.00116,0
2026-10-02T08:03:10+00:00,M03,DEGRADED,2.0,0.0055,0.0041,0.0014,0.0014,0.0112,0.001002,0
2026-10-02T08:03:12+00:00,M03,DEGRADED,2.0,0.00571,0.0041,0.00161,0.00161,0.0129,0.001153,0
2026-10-02T08:03:14+00:00,M03,DEGRADED,2.0,0.00583,0.0041,0.00173,0.00173,0.0138,0.001239,0
2026-10-02T08:03:16+00:00,M03,DEGRADED,2.0,0.00552,0.0041,0.00142,0.00142,0.0114,0.001017,0
2026-10-02T08:03:18+00:00,M03,DEGRADED,2.0,0.00563,0.0041,0.00153,0.00153,0.0122,0.001095,0
2026-10-02T08:03:20+00:00,M03,DEGRADED,2.0,0.00563,0.0041,0.00153,0.00153,0.0122,0.001095,1
2026-10-02T08:03:22+00:00,M03,DEGRADED,2.0,0.00575,0.0041,0.00165,0.00165,0.0132,0.001181,0
2026-10-02T08:03:24+00:00,M03,DEGRADED,2.0,0.00587,0.0041,0.00177,0.00177,0.0142,0.001267,0
2026-10-02T08:03:26+00:00,M03,DEGRADED,2.0,0.00575,0.0041,0.00165,0.00165,0.0132,0.001181,0
2026-10-02T08:03:28+00:00,M03,DEGRADED,2.0,0.00572,0.0041,0.00162,0.00162,0.013,0.00116,0
2026-10-02T08:03:30+00:00,M03,DEGRADED,2.0,0.00563,0.0041,0.00153,0.00153,0.0122,0.001095,0
2026-10-02T08:03:32+00:00,M03,DEGRADED,2.0,0.00556,0.0041,0.00146,0.00146,0.0117,0.001045,0
2026-10-02T08:03:34+00:00,M03,DEGRADED,2.0,0.00586,0.0041,0.00176,0.00176,0.0141,0.00126,0
2026-10-02T08:03:36+00:00,M03,DEGRADED,2.0,0.00569,0.0041,0.00159,0.00159,0.0127,0.001138,0
2026-10-02T08:03:38+00:00,M03,DEGRADED,2.0,0.00563,0.0041,0.00153,0.00153,0.0122,0.001095,0
2026-10-02T08:03:40+00:00,M03,DEGRADED,2.0,0.00572,0.0041,0.00162,0.00162,0.013,0.00116,0
2026-10-02T08:03:42+00:00,M03,DEGRADED,2.0,0.00565,0.0041,0.00155,0.00155,0.0124,0.00111,0
2026-10-02T08:03:44+00:00,M03,DEGRADED,2.0,0.00556,0.0041,0.00146,0.00146,0.0117,0.001045,0
2026-10-02T08:03:46+00:00,M03,DEGRADED,2.0,0.00581,0.0041,0.00171,0.00171,0.0137,0.001224,0
2026-10-02T08:03:48+00:00,M03,DEGRADED,2.0,0.00567,0.0041,0.00157,0.00157,0.0126,0.001124,0
2026-10-02T08:03:50+00:00,M03,DEGRADED,2.0,0.00586,0.0041,0.00176,0.00176,0.0141,0.00126,0
2026-10-02T08:03:52+00:00,M03,DEGRADED,2.0,0.00592,0.0041,0.00182,0.00182,0.0146,0.001303,0
2026-10-02T08:03:54+00:00,M03,DEGRADED,2.0,0.00573,0.0041,0.00163,0.00163,0.013,0.001167,0
2026-10-02T08:03:56+00:00,M03,DEGRADED,2.0,0.00568,0.0041,0.00158,0.00158,0.0126,0.001131,1
2026-10-02T08:03:58+00:00,M03,DEGRADED,2.0,0.00587,0.0041,0.00177,0.00177,0.0142,0.001267,0
2026-10-02T08:04:00+00:00,M03,DEGRADED,2.0,0.0058,0.0041,0.0017,0.0017,0.0136,0.001217,0
2026-10-02T08:04:02+00:00,M03,DEGRADED,2.0,0.00567,0.0041,0.00157,0.00157,0.0126,0.001124,0
2026-10-02T08:04:04+00:00,M03,DEGRADED,2.0,0.0058,0.0041,0.0017,0.0017,0.0136,0.001217,0
2026-10-02T08:04:06+00:00,M03,DEGRADED,2.0,0.00563,0.0041,0.00153,0.00153,0.0122,0.001095,0
2026-10-02T08:04:08+00:00,M03,DEGRADED,2.0,0.00588,0.0041,0.00178,0.00178,0.0142,0.001274,0
2026-10-02T08:04:10+00:00,M03,DEGRADED,2.0,0.00565,0.0041,0.00155,0.00155,0.0124,0.00111,0
2026-10-02T08:04:12+00:00,M03,DEGRADED,2.0,0.00574,0.0041,0.00164,0.00164,0.0131,0.001174,0
2026-10-02T08:04:14+00:00,M03,DEGRADED,2.0,0.00594,0.0041,0.00184,0.00184,0.0147,0.001317,0
2026-10-02T08:04:16+00:00,M03,DEGRADED,2.0,0.00582,0.0041,0.00172,0.00172,0.0138,0.001232,0
2026-10-02T08:04:18+00:00,M03,DEGRADED,2.0,0.00567,0.0041,0.00157,0.00157,0.0126,0.001124,0
2026-10-02T08:04:20+00:00,M03,DEGRADED,2.0,0.00577,0.0041,0.00167,0.00167,0.0134,0.001196,0
2026-10-02T08:04:22+00:00,M03,DEGRADED,2.0,0.00585,0.0041,0.00175,0.00175,0.014,0.001253,0
2026-10-02T08:04:24+00:00,M03,DEGRADED,2.0,0.00583,0.0041,0.00173,0.00173,0.0138,0.001239,0
2026-10-02T08:04:26+00:00,M03,DEGRADED,2.0,0.00575,0.0041,0.00165,0.00165,0.0132,0.001181,0
2026-10-02T08:04:28+00:00,M03,DEGRADED,2.0,0.00597,0.0041,0.00187,0.00187,0.015,0.001339,0
2026-10-02T08:04:30+00:00,M03,DEGRADED,2.0,0.00579,0.0041,0.00169,0.00169,0.0135,0.00121,0
2026-10-02T08:04:32+00:00,M03,DEGRADED,2.0,0.0057,0.0041,0.0016,0.0016,0.0128,0.001146,0
2026-10-02T08:04:34+00:00,M03,DEGRADED,2.0,0.00593,0.0041,0.00183,0.00183,0.0146,0.00131,1
2026-10-02T08:04:36+00:00,M03,DEGRADED,2.0,0.0057,0.0041,0.0016,0.0016,0.0128,0.001146,0
2026-10-02T08:04:38+00:00,M03,DEGRADED,2.0,0.00599,0.0041,0.00189,0.00189,0.0151,0.001353,0
2026-10-02T08:04:40+00:00,M03,DEGRADED,2.0,0.00574,0.0041,0.00164,0.00164,0.0131,0.001174,0
2026-10-02T08:04:42+00:00,M03,DEGRADED,2.0,0.00578,0.0041,0.00168,0.00168,0.0134,0.001203,0
2026-10-02T08:04:44+00:00,M03,DEGRADED,2.0,0.00597,0.0041,0.00187,0.00187,0.015,0.001339,0
2026-10-02T08:04:46+00:00,M03,DEGRADED,2.0,0.00593,0.0041,0.00183,0.00183,0.0146,0.00131,0
2026-10-02T08:04:48+00:00,M03,DEGRADED,2.0,0.00587,0.0041,0.00177,0.00177,0.0142,0.001267,0
2026-10-02T08:04:50+00:00,M03,DEGRADED,2.0,0.00599,0.0041,0.00189,0.00189,0.0151,0.001353,0
2026-10-02T08:04:52+00:00,M03,DEGRADED,2.0,0.00585,0.0041,0.00175,0.00175,0.014,0.001253,0
2026-10-02T08:04:54+00:00,M03,DEGRADED,2.0,0.00582,0.0041,0.00172,0.00172,0.0138,0.001232,0
2026-10-02T08:04:56+00:00,M03,DEGRADED,2.0,0.00594,0.0041,0.00184,0.00184,0.0147,0.001317,0
2026-10-02T08:04:58+00:00,M03,DEGRADED,2.0,0.00597,0.0041,0.00187,0.00187,0.015,0.001339,0
2026-10-02T08:05:00+00:00,M03,DEGRADED,2.0,0.00576,0.0041,0.00166,0.00166,0.0133,0.001189,0
2026-10-02T08:05:02+00:00,M03,RUNNING,2.0,0.00505,0.003872,0.001178,0.001178,0.0094,0.000843,0
2026-10-02T08:05:04+00:00,M03,RUNNING,2.0,0.00512,0.003872,0.001248,0.001248,0.01,0.000893,0
2026-10-02T08:05:06+00:00,M03,RUNNING,2.0,0.0051,0.003872,0.001228,0.001228,0.0098,0.000879,0
2026-10-02T08:05:08+00:00,M03,RUNNING,2.0,0.005,0.003872,0.001128,0.001128,0.009,0.000807,0
2026-10-02T08:05:10+00:00,M03,RUNNING,2.0,0.00503,0.003872,0.001158,0.001158,0.0093,0.000829,1
2026-10-02T08:05:12+00:00,M03,RUNNING,2.0,0.00507,0.003872,0.001198,0.001198,0.0096,0.000858,0
2026-10-02T08:05:14+00:00,M03,RUNNING,2.0,0.00513,0.003872,0.001258,0.001258,0.0101,0.000901,0
2026-10-02T08:05:16+00:00,M03,RUNNING,2.0,0.00495,0.003872,0.001078,0.001078,0.0086,0.000772,0
2026-10-02T08:05:18+00:00,M03,RUNNING,2.0,0.00496,0.003872,0.001088,0.001088,0.0087,0.000779,0
2026-10-02T08:05:20+00:00,M03,RUNNING,2.0,0.00493,0.003872,0.001058,0.001058,0.0085,0.000757,0
2026-10-02T08:05:22+00:00,M03,RUNNING,2.0,0.00476,0.003872,0.000888,0.000888,0.0071,0.000636,0
2026-10-02T08:05:24+00:00,M03,RUNNING,2.0,0.00466,0.003872,0.000788,0.000788,0.0063,0.000564,0
2026-10-02T08:05:26+00:00,M03,RUNNING,2.0,0.00456,0.003872,0.000688,0.000688,0.0055,0.000492,0
2026-10-02T08:05:28+00:00,M03,RUNNING,2.0,0.00483,0.003872,0.000958,0.000958,0.0077,0.000686,0
2026-10-02T08:05:30+00:00,M03,RUNNING,2.0,0.00471,0.003872,0.000838,0.000838,0.0067,0.0006,0
2026-10-02T08:05:32+00:00,M03,RUNNING,2.0,0.00456,0.003872,0.000688,0.000688,0.0055,0.000492,0
2026-10-02T08:05:34+00:00,M03,RUNNING,2.0,0.00465,0.003872,0.000778,0.000778,0.0062,0.000557,0
2026-10-02T08:05:36+00:00,M03,RUNNING,2.0,0.00462,0.003872,0.000748,0.000748,0.006,0.000535,0
2026-10-02T08:05:38+00:00,M03,RUNNING,2.0,0.00471,0.003872,0.000838,0.000838,0.0067,0.0006,1
2026-10-02T08:05:40+00:00,M03,RUNNING,2.0,0.00461,0.003872,0.000738,0.000738,0.0059,0.000528,0
2026-10-02T08:05:42+00:00,M03,RUNNING,2.0,0.00455,0.003872,0.000678,0.000678,0.0054,0.000485,0
2026-10-02T08:05:44+00:00,M03,RUNNING,2.0,0.00481,0.003872,0.000938,0.000938,0.0075,0.000671,0
2026-10-02T08:05:46+00:00,M03,RUNNING,2.0,0.0045,0.003872,0.000628,0.000628,0.005,0.000449,0
2026-10-02T08:05:48+00:00,M03,RUNNING,2.0,0.00469,0.003872,0.000818,0.000818,0.0065,0.000586,0
2026-10-02T08:05:50+00:00,M03,RUNNING,2.0,0.00476,0.003872,0.000888,0.000888,0.0071,0.000636,0
2026-10-02T08:05:52+00:00,M03,RUNNING,2.0,0.00477,0.003872,0.000898,0.000898,0.0072,0.000643,0
2026-10-02T08:05:54+00:00,M03,RUNNING,2.0,0.00463,0.003872,0.000758,0.000758,0.0061,0.000543,0
2026-10-02T08:05:56+00:00,M03,RUNNING,2.0,0.00481,0.003872,0.000938,0.000938,0.0075,0.000671,0
2026-10-02T08:05:58+00:00,M03,RUNNING,2.0,0.00473,0.003872,0.000858,0.000858,0.0069,0.000614,0
2026-10-02T08:06:00+00:00,M03,RUNNING,2.0,0.00477,0.003872,0.000898,0.000898,0.0072,0.000643,0
2026-10-02T08:06:02+00:00,M03,RUNNING,2.0,0.00456,0.003872,0.000688,0.000688,0.0055,0.000492,0
2026-10-02T08:06:04+00:00,M03,RUNNING,2.0,0.00448,0.003872,0.000608,0.000608,0.0049,0.000435,0
2026-10-02T08:06:06+00:00,M03,RUNNING,2.0,0.00476,0.003872,0.000888,0.000888,0.0071,0.000636,1
2026-10-02T08:06:08+00:00,M03,RUNNING,2.0,0.00447,0.003872,0.000598,0.000598,0.0048,0.000428,0
2026-10-02T08:06:10+00:00,M03,RUNNING,2.0,0.00449,0.003872,0.000618,0.000618,0.0049,0.000442,0
2026-10-02T08:06:12+00:00,M03,RUNNING,2.0,0.00456,0.003872,0.000688,0.000688,0.0055,0.000492,0
2026-10-02T08:06:14+00:00,M03,RUNNING,2.0,0.00473,0.003872,0.000858,0.000858,0.0069,0.000614,0
2026-10-02T08:06:16+00:00,M03,RUNNING,2.0,0.00472,0.003872,0.000848,0.000848,0.0068,0.000607,0
2026-10-02T08:06:18+00:00,M03,RUNNING,2.0,0.00449,0.003872,0.000618,0.000618,0.0049,0.000442,0
2026-10-02T08:06:20+00:00,M03,RUNNING,2.0,0.0045,0.003872,0.000628,0.000628,0.005,0.000449,0
2026-10-02T08:06:22+00:00,M03,RUNNING,2.0,0.00455,0.003872,0.000678,0.000678,0.0054,0.000485,0
2026-10-02T08:06:24+00:00,M03,RUNNING,2.0,0.00447,0.003872,0.000598,0.000598,0.0048,0.000428,0
2026-10-02T08:06:26+00:00,M03,RUNNING,2.0,0.00467,0.003872,0.000798,0.000798,0.0064,0.000571,0
2026-10-02T08:06:28+00:00,M03,RUNNING,2.0,0.00483,0.003872,0.000958,0.000958,0.0077,0.000686,0
2026-10-02T08:06:30+00:00,M03,RUNNING,2.0,0.00481,0.003872,0.000938,0.000938,0.0075,0.000671,0
2026-10-02T08:06:32+00:00,M03,RUNNING,2.0,0.00451,0.003872,0.000638,0.000638,0.0051,0.000457,0
2026-10-02T08:06:34+00:00,M03,RUNNING,2.0,0.00469,0.003872,0.000818,0.000818,0.0065,0.000586,1
2026-10-02T08:06:36+00:00,M03,RUNNING,2.0,0.00452,0.003872,0.000648,0.000648,0.0052,0.000464,0
2026-10-02T08:06:38+00:00,M03,RUNNING,2.0,0.00449,0.003872,0.000618,0.000618,0.0049,0.000442,0
2026-10-02T08:06:40+00:00,M03,RUNNING,2.0,0.00476,0.003872,0.000888,0.000888,0.0071,0.000636,0
2026-10-02T08:06:42+00:00,M03,RUNNING,2.0,0.00483,0.003872,0.000958,0.000958,0.0077,0.000686,0
2026-10-02T08:06:44+00:00,M03,RUNNING,2.0,0.0048,0.003872,0.000928,0.000928,0.0074,0.000664,0
2026-10-02T08:06:46+00:00,M03,RUNNING,2.0,0.00469,0.003872,0.000818,0.000818,0.0065,0.000586,0
2026-10-02T08:06:48+00:00,M03,RUNNING,2.0,0.00476,0.003872,0.000888,0.000888,0.0071,0.000636,0
2026-10-02T08:06:50+00:00,M03,RUNNING,2.0,0.00449,0.003872,0.000618,0.000618,0.0049,0.000442,0
2026-10-02T08:06:52+00:00,M03,RUNNING,2.0,0.00479,0.003872,0.000918,0.000918,0.0073,0.000657,0
2026-10-02T08:06:54+00:00,M03,RUNNING,2.0,0.00461,0.003872,0.000738,0.000738,0.0059,0.000528,0
2026-10-02T08:06:56+00:00,M03,RUNNING,2.0,0.00475,0.003872,0.000878,0.000878,0.007,0.000628,0
2026-10-02T08:06:58+00:00,M03,RUNNING,2.0,0.00456,0.003872,0.000688,0.000688,0.0055,0.000492,0
2026-10-02T08:07:00+00:00,M03,RUNNING,2.0,0.00475,0.003872,0.000878,0.000878,0.007,0.000628,0
2026-10-02T08:07:02+00:00,M03,RUNNING,2.0,0.00467,0.003872,0.000798,0.000798,0.0064,0.000571,1
2026-10-02T08:07:04+00:00,M03,RUNNING,2.0,0.00451,0.003872,0.000638,0.000638,0.0051,0.000457,0
2026-10-02T08:07:06+00:00,M03,RUNNING,2.0,0.00471,0.003872,0.000838,0.000838,0.0067,0.0006,0
2026-10-02T08:07:08+00:00,M03,RUNNING,2.0,0.00448,0.003872,0.000608,0.000608,0.0049,0.000435,0
2026-10-02T08:07:10+00:00,M03,RUNNING,2.0,0.00473,0.003872,0.000858,0.000858,0.0069,0.000614,0
2026-10-02T08:07:12+00:00,M03,RUNNING,2.0,0.00461,0.003872,0.000738,0.000738,0.0059,0.000528,0
2026-10-02T08:07:14+00:00,M03,RUNNING,2.0,0.00477,0.003872,0.000898,0.000898,0.0072,0.000643,0
2026-10-02T08:07:16+00:00,M03,RUNNING,2.0,0.00453,0.003872,0.000658,0.000658,0.0053,0.000471,0
2026-10-02T08:07:18+00:00,M03,RUNNING,2.0,0.00459,0.003872,0.000718,0.000718,0.0057,0.000514,0
2026-10-02T08:07:20+00:00,M03,RUNNING,2.0,0.00472,0.003872,0.000848,0.000848,0.0068,0.000607,0
2026-10-02T08:07:22+00:00,M03,RUNNING,2.0,0.00453,0.003872,0.000658,0.000658,0.0053,0.000471,0
2026-10-02T08:07:24+00:00,M03,RUNNING,2.0,0.00469,0.003872,0.000818,0.000818,0.0065,0.000586,0
2026-10-02T08:07:26+00:00,M03,RUNNING,2.0,0.00473,0.003872,0.000858,0.000858,0.0069,0.000614,0
2026-10-02T08:07:28+00:00,M03,RUNNING,2.0,0.00476,0.003872,0.000888,0.000888,0.0071,0.000636,0
2026-10-02T08:07:30+00:00,M03,RUNNING,2.0,0.00468,0.003872,0.000808,0.000808,0.0065,0.000578,1
2026-10-02T08:07:32+00:00,M03,RUNNING,2.0,0.00461,0.003872,0.000738,0.000738,0.0059,0.000528,0
2026-10-02T08:07:34+00:00,M03,RUNNING,2.0,0.00466,0.003872,0.000788,0.000788,0.0063,0.000564,0
2026-10-02T08:07:36+00:00,M03,RUNNING,2.0,0.00469,0.003872,0.000818,0.000818,0.0065,0.000586,0
2026-10-02T08:07:38+00:00,M03,RUNNING,2.0,0.00459,0.003872,0.000718,0.000718,0.0057,0.000514,0
2026-10-02T08:07:40+00:00,M03,RUNNING,2.0,0.00471,0.003872,0.000838,0.000838,0.0067,0.0006,0
2026-10-02T08:07:42+00:00,M03,RUNNING,2.0,0.0048,0.003872,0.000928,0.000928,0.0074,0.000664,0
2026-10-02T08:07:44+00:00,M03,RUNNING,2.0,0.00463,0.003872,0.000758,0.000758,0.0061,0.000543,0
2026-10-02T08:07:46+00:00,M03,RUNNING,2.0,0.00467,0.003872,0.000798,0.000798,0.0064,0.000571,0
2026-10-02T08:07:48+00:00,M03,RUNNING,2.0,0.00467,0.003872,0.000798,0.000798,0.0064,0.000571,0
2026-10-02T08:07:50+00:00,M03,RUNNING,2.0,0.0046,0.003872,0.000728,0.000728,0.0058,0.000521,0
2026-10-02T08:07:52+00:00,M03,RUNNING,2.0,0.00461,0.003872,0.000738,0.000738,0.0059,0.000528,0
2026-10-02T08:07:54+00:00,M03,RUNNING,2.0,0.00462,0.003872,0.000748,0.000748,0.006,0.000535,0
2026-10-02T08:07:56+00:00,M03,RUNNING,2.0,0.00483,0.003872,0.000958,0.000958,0.0077,0.000686,0
2026-10-02T08:07:58+00:00,M03,RUNNING,2.0,0.00463,0.003872,0.000758,0.000758,0.0061,0.000543,1
2026-10-02T08:08:00+00:00,M03,RUNNING,2.0,0.00473,0.003872,0.000858,0.000858,0.0069,0.000614,0
2026-10-02T08:08:02+00:00,M03,RUNNING,2.0,0.00462,0.003872,0.000748,0.000748,0.006,0.000535,0
2026-10-02T08:08:04+00:00,M03,RUNNING,2.0,0.00452,0.003872,0.000648,0.000648,0.0052,0.000464,0
2026-10-02T08:08:06+00:00,M03,RUNNING,2.0,0.0047,0.003872,0.000828,0.000828,0.0066,0.000593,0
2026-10-02T08:08:08+00:00,M03,RUNNING,2.0,0.0045,0.003872,0.000628,0.000628,0.005,0.000449,0
2026-10-02T08:08:10+00:00,M03,RUNNING,2.0,0.00453,0.003872,0.000658,0.000658,0.0053,0.000471,0
2026-10-02T08:08:12+00:00,M03,RUNNING,2.0,0.00472,0.003872,0.000848,0.000848,0.0068,0.000607,0
2026-10-02T08:08:14+00:00,M03,RUNNING,2.0,0.00474,0.003872,0.000868,0.000868,0.0069,0.000621,0
2026-10-02T08:08:16+00:00,M03,RUNNING,2.0,0.00476,0.003872,0.000888,0.000888,0.0071,0.000636,0
2026-10-02T08:08:18+00:00,M03,RUNNING,2.0,0.00452,0.003872,0.000648,0.000648,0.0052,0.000464,0
2026-10-02T08:08:20+00:00,M03,RUNNING,2.0,0.00464,0.003872,0.000768,0.000768,0.0061,0.00055,0
2026-10-02T08:08:22+00:00,M03,RUNNING,2.0,0.00457,0.003872,0.000698,0.000698,0.0056,0.0005,0
2026-10-02T08:08:24+00:00,M03,RUNNING,2.0,0.00458,0.003872,0.000708,0.000708,0.0057,0.000507,0
2026-10-02T08:08:26+00:00,M03,RUNNING,2.0,0.0045,0.003872,0.000628,0.000628,0.005,0.000449,1
2026-10-02T08:08:28+00:00,M03,RUNNING,2.0,0.0048,0.003872,0.000928,0.000928,0.0074,0.000664,0
2026-10-02T08:08:30+00:00,M03,RUNNING,2.0,0.00482,0.003872,0.000948,0.000948,0.0076,0.000679,0
2026-10-02T08:08:32+00:00,M03,RUNNING,2.0,0.00477,0.003872,0.000898,0.000898,0.0072,0.000643,0
2026-10-02T08:08:34+00:00,M03,RUNNING,2.0,0.00465,0.003872,0.000778,0.000778,0.0062,0.000557,0
2026-10-02T08:08:36+00:00,M03,RUNNING,2.0,0.00476,0.003872,0.000888,0.000888,0.0071,0.000636,0
2026-10-02T08:08:38+00:00,M03,RUNNING,2.0,0.00454,0.003872,0.000668,0.000668,0.0053,0.000478,0
2026-10-02T08:08:40+00:00,M03,RUNNING,2.0,0.00459,0.003872,0.000718,0.000718,0.0057,0.000514,0
2026-10-02T08:08:42+00:00,M03,RUNNING,2.0,0.00471,0.003872,0.000838,0.000838,0.0067,0.0006,0
2026-10-02T08:08:44+00:00,M03,RUNNING,2.0,0.00459,0.003872,0.000718,0.000718,0.0057,0.000514,0
2026-10-02T08:08:46+00:00,M03,RUNNING,2.0,0.00466,0.003872,0.000788,0.000788,0.0063,0.000564,0
2026-10-02T08:08:48+00:00,M03,RUNNING,2.0,0.00475,0.003872,0.000878,0.000878,0.007,0.000628,0
2026-10-02T08:08:50+00:00,M03,RUNNING,2.0,0.00455,0.003872,0.000678,0.000678,0.0054,0.000485,0
2026-10-02T08:08:52+00:00,M03,RUNNING,2.0,0.00463,0.003872,0.000758,0.000758,0.0061,0.000543,1
2026-10-02T08:08:54+00:00,M03,RUNNING,2.0,0.00461,0.003872,0.000738,0.000738,0.0059,0.000528,0
2026-10-02T08:08:56+00:00,M03,RUNNING,2.0,0.00448,0.003872,0.000608,0.000608,0.0049,0.000435,0
2026-10-02T08:08:58+00:00,M03,RUNNING,2.0,0.00455,0.003872,0.000678,0.000678,0.0054,0.000485,0
2026-10-02T08:09:00+00:00,M03,RUNNING,2.0,0.00459,0.003872,0.000718,0.000718,0.0057,0.000514,0
2026-10-02T08:09:02+00:00,M03,DEGRADED,2.0,0.0057,0.0041,0.0016,0.0016,0.0128,0.001146,0
2026-10-02T08:09:04+00:00,M03,DEGRADED,2.0,0.00579,0.0041,0.00169,0.00169,0.0135,0.00121,0
2026-10-02T08:09:06+00:00,M03,DEGRADED,2.0,0.00559,0.0041,0.00149,0.00149,0.0119,0.001067,0
2026-10-02T08:09:08+00:00,M03,DEGRADED,2.0,0.00569,0.0041,0.00159,0.00159,0.0127,0.001138,0
2026-10-02T08:09:10+00:00,M03,DEGRADED,2.0,0.00557,0.0041,0.00147,0.00147,0.0118,0.001053,0
2026-10-02T08:09:12+00:00,M03,DEGRADED,2.0,0.00555,0.0041,0.00145,0.00145,0.0116,0.001038,0
2026-10-02T08:09:14+00:00,M03,DEGRADED,2.0,0.00582,0.0041,0.00172,0.00172,0.0138,0.001232,0
2026-10-02T08:09:16+00:00,M03,DEGRADED,2.0,0.00563,0.0041,0.00153,0.00153,0.0122,0.001095,0
2026-10-02T08:09:18+00:00,M03,DEGRADED,2.0,0.00558,0.0041,0.00148,0.00148,0.0118,0.00106,0
2026-10-02T08:09:20+00:00,M03,DEGRADED,2.0,0.00567,0.0041,0.00157,0.00157,0.0126,0.001124,0
2026-10-02T08:09:22+00:00,M03,DEGRADED,2.0,0.00557,0.0041,0.00147,0.00147,0.0118,0.001053,0
2026-10-02T08:09:24+00:00,M03,DEGRADED,2.0,0.00554,0.0041,0.00144,0.00144,0.0115,0.001031,0
2026-10-02T08:09:26+00:00,M03,DEGRADED,2.0,0.00576,0.0041,0.00166,0.00166,0.0133,0.001189,1
2026-10-02T08:09:28+00:00,M03,DEGRADED,2.0,0.0057,0.0041,0.0016,0.0016,0.0128,0.001146,0
2026-10-02T08:09:30+00:00,M03,DEGRADED,2.0,0.00573,0.0041,0.00163,0.00163,0.013,0.001167,0
2026-10-02T08:09:32+00:00,M03,DEGRADED,2.0,0.00578,0.0041,0.00168,0.00168,0.0134,0.001203,0
2026-10-02T08:09:34+00:00,M03,DEGRADED,2.0,0.00586,0.0041,0.00176,0.00176,0.0141,0.00126,0
2026-10-02T08:09:36+00:00,M03,DEGRADED,2.0,0.00567,0.0041,0.00157,0.00157,0.0126,0.001124,0
2026-10-02T08:09:38+00:00,M03,DEGRADED,2.0,0.00579,0.0041,0.00169,0.00169,0.0135,0.00121,0
2026-10-02T08:09:40+00:00,M03,DEGRADED,2.0,0.00566,0.0041,0.00156,0.00156,0.0125,0.001117,0
2026-10-02T08:09:42+00:00,M03,DEGRADED,2.0,0.00556,0.0041,0.00146,0.00146,0.0117,0.001045,0
2026-10-02T08:09:44+00:00,M03,DEGRADED,2.0,0.00589,0.0041,0.00179,0.00179,0.0143,0.001282,0
2026-10-02T08:09:46+00:00,M03,DEGRADED,2.0,0.00586,0.0041,0.00176,0.00176,0.0141,0.00126,0
2026-10-02T08:09:48+00:00,M03,DEGRADED,2.0,0.00577,0.0041,0.00167,0.00167,0.0134,0.001196,0
2026-10-02T08:09:50+00:00,M03,DEGRADED,2.0,0.0058,0.0041,0.0017,0.0017,0.0136,0.001217,0
2026-10-02T08:09:52+00:00,M03,DEGRADED,2.0,0.0057,0.0041,0.0016,0.0016,0.0128,0.001146,0
2026-10-02T08:09:54+00:00,M03,DEGRADED,2.0,0.00589,0.0041,0.00179,0.00179,0.0143,0.001282,0
2026-10-02T08:09:56+00:00,M03,DEGRADED,2.0,0.00588,0.0041,0.00178,0.00178,0.0142,0.001274,0
2026-10-02T08:09:58+00:00,M03,DEGRADED,2.0,0.00595,0.0041,0.00185,0.00185,0.0148,0.001325,0
2026-10-02T08:10:00+00:00,M03,DEGRADED,2.0,0.00595,0.0041,0.00185,0.00185,0.0148,0.001325,0
2026-10-02T08:10:02+00:00,M03,DEGRADED,2.0,0.00567,0.0041,0.00157,0.00157,0.0126,0.001124,0
2026-10-02T08:10:04+00:00,M03,DEGRADED,2.0,0.00582,0.0041,0.00172,0.00172,0.0138,0.001232,1
2026-10-02T08:10:06+00:00,M03,DEGRADED,2.0,0.00561,0.0041,0.00151,0.00151,0.0121,0.001081,0
2026-10-02T08:10:08+00:00,M03,DEGRADED,2.0,0.00573,0.0041,0.00163,0.00163,0.013,0.001167,0
2026-10-02T08:10:10+00:00,M03,DEGRADED,2.0,0.00586,0.0041,0.00176,0.00176,0.0141,0.00126,0
2026-10-02T08:10:12+00:00,M03,DEGRADED,2.0,0.00596,0.0041,0.00186,0.00186,0.0149,0.001332,0
2026-10-02T08:10:14+00:00,M03,DEGRADED,2.0,0.00572,0.0041,0.00162,0.00162,0.013,0.00116,0
2026-10-02T08:10:16+00:00,M03,DEGRADED,2.0,0.00598,0.0041,0.00188,0.00188,0.015,0.001346,0
2026-10-02T08:10:18+00:00,M03,DEGRADED,2.0,0.00591,0.0041,0.00181,0.00181,0.0145,0.001296,0
2026-10-02T08:10:20+00:00,M03,DEGRADED,2.0,0.00586,0.0041,0.00176,0.00176,0.0141,0.00126,0
2026-10-02T08:10:22+00:00,M03,DEGRADED,2.0,0.00596,0.0041,0.00186,0.00186,0.0149,0.001332,0
2026-10-02T08:10:24+00:00,M03,DEGRADED,2.0,0.00593,0.0041,0.00183,0.00183,0.0146,0.00131,0
2026-10-02T08:10:26+00:00,M03,DEGRADED,2.0,0.00593,0.0041,0.00183,0.00183,0.0146,0.00131,0
2026-10-02T08:10:28+00:00,M03,DEGRADED,2.0,0.00567,0.0041,0.00157,0.00157,0.0126,0.001124,0
2026-10-02T08:10:30+00:00,M03,DEGRADED,2.0,0.00599,0.0041,0.00189,0.00189,0.0151,0.001353,0
2026-10-02T08:10:32+00:00,M03,DEGRADED,2.0,0.0058,0.0041,0.0017,0.0017,0.0136,0.001217,0
2026-10-02T08:10:34+00:00,M03,DEGRADED,2.0,0.00599,0.0041,0.00189,0.00189,0.0151,0.001353,0
2026-10-02T08:10:36+00:00,M03,DEGRADED,2.0,0.00573,0.0041,0.00163,0.00163,0.013,0.001167,0
2026-10-02T08:10:38+00:00,M03,DEGRADED,2.0,0.00593,0.0041,0.00183,0.00183,0.0146,0.00131,0
2026-10-02T08:10:40+00:00,M03,DEGRADED,2.0,0.00574,0.0041,0.00164,0.00164,0.0131,0.001174,0
2026-10-02T08:10:42+00:00,M03,DEGRADED,2.0,0.00591,0.0041,0.00181,0.00181,0.0145,0.001296,1
2026-10-02T08:10:44+00:00,M03,DEGRADED,2.0,0.0057,0.0041,0.0016,0.0016,0.0128,0.001146,0
2026-10-02T08:10:46+00:00,M03,DEGRADED,2.0,0.00603,0.0041,0.00193,0.00193,0.0154,0.001382,0
2026-10-02T08:10:48+00:00,M03,DEGRADED,2.0,0.00598,0.0041,0.00188,0.00188,0.015,0.001346,0
2026-10-02T08:10:50+00:00,M03,DEGRADED,2.0,0.00573,0.0041,0.00163,0.00163,0.013,0.001167,0
2026-10-02T08:10:52+00:00,M03,DEGRADED,2.0,0.00576,0.0041,0.00166,0.00166,0.0133,0.001189,0
2026-10-02T08:10:54+00:00,M03,DEGRADED,2.0,0.00597,0.0041,0.00187,0.00187,0.015,0.001339,0
2026-10-02T08:10:56+00:00,M03,DEGRADED,2.0,0.00576,0.0041,0.00166,0.00166,0.0133,0.001189,0
2026-10-02T08:10:58+00:00,M03,DEGRADED,2.0,0.00595,0.0041,0.00185,0.00185,0.0148,0.001325,0
2026-10-02T08:11:00+00:00,M03,DEGRADED,2.0,0.00578,0.0041,0.00168,0.00168,0.0134,0.001203,0
2026-10-02T08:11:02+00:00,M03,RUNNING,2.0,0.00522,0.003872,0.001348,0.001348,0.0108,0.000965,0
2026-10-02T08:11:04+00:00,M03,RUNNING,2.0,0.00507,0.003872,0.001198,0.001198,0.0096,0.000858,0
2026-10-02T08:11:06+00:00,M03,RUNNING,2.0,0.0052,0.003872,0.001328,0.001328,0.0106,0.000951,0
2026-10-02T08:11:08+00:00,M03,RUNNING,2.0,0.00493,0.003872,0.001058,0.001058,0.0085,0.000757,0
2026-10-02T08:11:10+00:00,M03,RUNNING,2.0,0.00507,0.003872,0.001198,0.001198,0.0096,0.000858,0
2026-10-02T08:11:12+00:00,M03,RUNNING,2.0,0.00515,0.003872,0.001278,0.001278,0.0102,0.000915,0
2026-10-02T08:11:14+00:00,M03,RUNNING,2.0,0.00511,0.003872,0.001238,0.001238,0.0099,0.000886,0
2026-10-02T08:11:16+00:00,M03,RUNNING,2.0,0.00499,0.003872,0.001118,0.001118,0.0089,0.0008,1
2026-10-02T08:11:18+00:00,M03,RUNNING,2.0,0.00494,0.003872,0.001068,0.001068,0.0085,0.000765,0
2026-10-02T08:11:20+00:00,M03,RUNNING,2.0,0.00472,0.003872,0.000848,0.000848,0.0068,0.000607,0
2026-10-02T08:11:22+00:00,M03,RUNNING,2.0,0.0048,0.003872,0.000928,0.000928,0.0074,0.000664,0
2026-10-02T08:11:24+00:00,M03,RUNNING,2.0,0.00483,0.003872,0.000958,0.000958,0.0077,0.000686,0
2026-10-02T08:11:26+00:00,M03,RUNNING,2.0,0.00456,0.003872,0.000688,0.000688,0.0055,0.000492,0
2026-10-02T08:11:28+00:00,M03,RUNNING,2.0,0.00461,0.003872,0.000738,0.000738,0.0059,0.000528,0
2026-10-02T08:11:30+00:00,M03,RUNNING,2.0,0.0045,0.003872,0.000628,0.000628,0.005,0.000449,0
2026-10-02T08:11:32+00:00,M03,RUNNING,2.0,0.00463,0.003872,0.000758,0.000758,0.0061,0.000543,0
2026-10-02T08:11:34+00:00,M03,RUNNING,2.0,0.00463,0.003872,0.000758,0.000758,0.0061,0.000543,0
2026-10-02T08:11:36+00:00,M03,RUNNING,2.0,0.00478,0.003872,0.000908,0.000908,0.0073,0.00065,0
2026-10-02T08:11:38+00:00,M03,RUNNING,2.0,0.00451,0.003872,0.000638,0.000638,0.0051,0.000457,0
2026-10-02T08:11:40+00:00,M03,RUNNING,2.0,0.00462,0.003872,0.000748,0.000748,0.006,0.000535,0
2026-10-02T08:11:42+00:00,M03,RUNNING,2.0,0.00479,0.003872,0.000918,0.000918,0.0073,0.000657,0
2026-10-02T08:11:44+00:00,M03,RUNNING,2.0,0.00449,0.003872,0.000618,0.000618,0.0049,0.000442,1
2026-10-02T08:11:46+00:00,M03,RUNNING,2.0,0.00461,0.003872,0.000738,0.000738,0.0059,0.000528,0
2026-10-02T08:11:48+00:00,M03,RUNNING,2.0,0.00477,0.003872,0.000898,0.000898,0.0072,0.000643,0
2026-10-02T08:11:50+00:00,M03,RUNNING,2.0,0.00481,0.003872,0.000938,0.000938,0.0075,0.000671,0
2026-10-02T08:11:52+00:00,M03,RUNNING,2.0,0.00463,0.003872,0.000758,0.000758,0.0061,0.000543,0
2026-10-02T08:11:54+00:00,M03,RUNNING,2.0,0.00448,0.003872,0.000608,0.000608,0.0049,0.000435,0
2026-10-02T08:11:56+00:00,M03,RUNNING,2.0,0.0046,0.003872,0.000728,0.000728,0.0058,0.000521,0
2026-10-02T08:11:58+00:00,M03,RUNNING,2.0,0.00477,0.003872,0.000898,0.000898,0.0072,0.000643,0
2026-10-02T08:12:00+00:00,M03,RUNNING,2.0,0.00451,0.003872,0.000638,0.000638,0.0051,0.000457,0
2026-10-02T08:12:02+00:00,M03,RUNNING,2.0,0.00478,0.003872,0.000908,0.000908,0.0073,0.00065,0
2026-10-02T08:12:04+00:00,M03,RUNNING,2.0,0.00447,0.003872,0.000598,0.000598,0.0048,0.000428,0
2026-10-02T08:12:06+00:00,M03,RUNNING,2.0,0.00476,0.003872,0.000888,0.000888,0.0071,0.000636,0
2026-10-02T08:12:08+00:00,M03,RUNNING,2.0,0.00467,0.003872,0.000798,0.000798,0.0064,0.000571,0
2026-10-02T08:12:10+00:00,M03,RUNNING,2.0,0.00464,0.003872,0.000768,0.000768,0.0061,0.00055,0
2026-10-02T08:12:12+00:00,M03,RUNNING,2.0,0.00448,0.003872,0.000608,0.000608,0.0049,0.000435,1
2026-10-02T08:12:14+00:00,M03,RUNNING,2.0,0.00475,0.003872,0.000878,0.000878,0.007,0.000628,0
2026-10-02T08:12:16+00:00,M03,RUNNING,2.0,0.00461,0.003872,0.000738,0.000738,0.0059,0.000528,0
2026-10-02T08:12:18+00:00,M03,RUNNING,2.0,0.00469,0.003872,0.000818,0.000818,0.0065,0.000586,0
2026-10-02T08:12:20+00:00,M03,RUNNING,2.0,0.00477,0.003872,0.000898,0.000898,0.0072,0.000643,0
2026-10-02T08:12:22+00:00,M03,RUNNING,2.0,0.00449,0.003872,0.000618,0.000618,0.0049,0.000442,0
2026-10-02T08:12:24+00:00,M03,RUNNING,2.0,0.00452,0.003872,0.000648,0.000648,0.0052,0.000464,0
2026-10-02T08:12:26+00:00,M03,RUNNING,2.0,0.00458,0.003872,0.000708,0.000708,0.0057,0.000507,0
2026-10-02T08:12:28+00:00,M03,RUNNING,2.0,0.00478,0.003872,0.000908,0.000908,0.0073,0.00065,0
2026-10-02T08:12:30+00:00,M03,RUNNING,2.0,0.00476,0.003872,0.000888,0.000888,0.0071,0.000636,0
2026-10-02T08:12:32+00:00,M03,RUNNING,2.0,0.00451,0.003872,0.000638,0.000638,0.0051,0.000457,0
2026-10-02T08:12:34+00:00,M03,RUNNING,2.0,0.00462,0.003872,0.000748,0.000748,0.006,0.000535,0
2026-10-02T08:12:36+00:00,M03,RUNNING,2.0,0.00481,0.003872,0.000938,0.000938,0.0075,0.000671,0
2026-10-02T08:12:38+00:00,M03,RUNNING,2.0,0.00469,0.003872,0.000818,0.000818,0.0065,0.000586,0
2026-10-02T08:12:40+00:00,M03,RUNNING,2.0,0.00483,0.003872,0.000958,0.000958,0.0077,0.000686,1
2026-10-02T08:12:42+00:00,M03,RUNNING,2.0,0.00481,0.003872,0.000938,0.000938,0.0075,0.000671,0
2026-10-02T08:12:44+00:00,M03,RUNNING,2.0,0.00479,0.003872,0.000918,0.000918,0.0073,0.000657,0
2026-10-02T08:12:46+00:00,M03,RUNNING,2.0,0.00459,0.003872,0.000718,0.000718,0.0057,0.000514,0
2026-10-02T08:12:48+00:00,M03,RUNNING,2.0,0.00446,0.003872,0.000588,0.000588,0.0047,0.000421,0
2026-10-02T08:12:50+00:00,M03,RUNNING,2.0,0.00466,0.003872,0.000788,0.000788,0.0063,0.000564,0
2026-10-02T08:12:52+00:00,M03,RUNNING,2.0,0.00449,0.003872,0.000618,0.000618,0.0049,0.000442,0
2026-10-02T08:12:54+00:00,M03,RUNNING,2.0,0.00464,0.003872,0.000768,0.000768,0.0061,0.00055,0
2026-10-02T08:12:56+00:00,M03,RUNNING,2.0,0.00469,0.003872,0.000818,0.000818,0.0065,0.000586,0
2026-10-02T08:12:58+00:00,M03,RUNNING,2.0,0.0047,0.003872,0.000828,0.000828,0.0066,0.000593,0
2026-10-02T08:13:00+00:00,M03,RUNNING,2.0,0.00477,0.003872,0.000898,0.000898,0.0072,0.000643,0
2026-10-02T08:13:02+00:00,M03,RUNNING,2.0,0.00458,0.003872,0.000708,0.000708,0.0057,0.000507,0
2026-10-02T08:13:04+00:00,M03,RUNNING,2.0,0.00446,0.003872,0.000588,0.000588,0.0047,0.000421,0
2026-10-02T08:13:06+00:00,M03,RUNNING,2.0,0.0047,0.003872,0.000828,0.000828,0.0066,0.000593,0
2026-10-02T08:13:08+00:00,M03,RUNNING,2.0,0.00451,0.003872,0.000638,0.000638,0.0051,0.000457,1
2026-10-02T08:13:10+00:00,M03,RUNNING,2.0,0.00454,0.003872,0.000668,0.000668,0.0053,0.000478,0
2026-10-02T08:13:12+00:00,M03,RUNNING,2.0,0.00479,0.003872,0.000918,0.000918,0.0073,0.000657,0
2026-10-02T08:13:14+00:00,M03,RUNNING,2.0,0.00477,0.003872,0.000898,0.000898,0.0072,0.000643,0
2026-10-02T08:13:16+00:00,M03,RUNNING,2.0,0.00452,0.003872,0.000648,0.000648,0.0052,0.000464,0
2026-10-02T08:13:18+00:00,M03,RUNNING,2.0,0.00471,0.003872,0.000838,0.000838,0.0067,0.0006,0
2026-10-02T08:13:20+00:00,M03,RUNNING,2.0,0.00456,0.003872,0.000688,0.000688,0.0055,0.000492,0
2026-10-02T08:13:22+00:00,M03,RUNNING,2.0,0.00452,0.003872,0.000648,0.000648,0.0052,0.000464,0
2026-10-02T08:13:24+00:00,M03,RUNNING,2.0,0.00461,0.003872,0.000738,0.000738,0.0059,0.000528,0
2026-10-02T08:13:26+00:00,M03,RUNNING,2.0,0.00447,0.003872,0.000598,0.000598,0.0048,0.000428,0
2026-10-02T08:13:28+00:00,M03,RUNNING,2.0,0.00477,0.003872,0.000898,0.000898,0.0072,0.000643,0
2026-10-02T08:13:30+00:00,M03,RUNNING,2.0,0.00454,0.003872,0.000668,0.000668,0.0053,0.000478,0
2026-10-02T08:13:32+00:00,M03,RUNNING,2.0,0.00458,0.003872,0.000708,0.000708,0.0057,0.000507,0
2026-10-02T08:13:34+00:00,M03,RUNNING,2.0,0.00473,0.003872,0.000858,0.000858,0.0069,0.000614,0
2026-10-02T08:13:36+00:00,M03,RUNNING,2.0,0.0046,0.003872,0.000728,0.000728,0.0058,0.000521,1
2026-10-02T08:13:38+00:00,M03,RUNNING,2.0,0.00452,0.003872,0.000648,0.000648,0.0052,0.000464,0
2026-10-02T08:13:40+00:00,M03,RUNNING,2.0,0.00466,0.003872,0.000788,0.000788,0.0063,0.000564,0
2026-10-02T08:13:42+00:00,M03,RUNNING,2.0,0.00456,0.003872,0.000688,0.000688,0.0055,0.000492,0
2026-10-02T08:13:44+00:00,M03,RUNNING,2.0,0.00471,0.003872,0.000838,0.000838,0.0067,0.0006,0
2026-10-02T08:13:46+00:00,M03,RUNNING,2.0,0.00482,0.003872,0.000948,0.000948,0.0076,0.000679,0
2026-10-02T08:13:48+00:00,M03,RUNNING,2.0,0.00447,0.003872,0.000598,0.000598,0.0048,0.000428,0
2026-10-02T08:13:50+00:00,M03,RUNNING,2.0,0.00481,0.003872,0.000938,0.000938,0.0075,0.000671,0
2026-10-02T08:13:52+00:00,M03,RUNNING,2.0,0.00453,0.003872,0.000658,0.000658,0.0053,0.000471,0
2026-10-02T08:13:54+00:00,M03,RUNNING,2.0,0.00479,0.003872,0.000918,0.000918,0.0073,0.000657,0
2026-10-02T08:13:56+00:00,M03,RUNNING,2.0,0.00472,0.003872,0.000848,0.000848,0.0068,0.000607,0
2026-10-02T08:13:58+00:00,M03,RUNNING,2.0,0.00451,0.003872,0.000638,0.000638,0.0051,0.000457,0
2026-10-02T08:14:00+00:00,M03,RUNNING,2.0,0.00455,0.003872,0.000678,0.000678,0.0054,0.000485,0
2026-10-02T08:14:02+00:00,M03,RUNNING,2.0,0.00473,0.003872,0.000858,0.000858,0.0069,0.000614,0
2026-10-02T08:14:04+00:00,M03,RUNNING,2.0,0.0045,0.003872,0.000628,0.000628,0.005,0.000449,1
2026-10-02T08:14:06+00:00,M03,RUNNING,2.0,0.00447,0.003872,0.000598,0.000598,0.0048,0.000428,0
2026-10-02T08:14:08+00:00,M03,RUNNING,2.0,0.00449,0.003872,0.000618,0.000618,0.0049,0.000442,0
2026-10-02T08:14:10+00:00,M03,RUNNING,2.0,0.00483,0.003872,0.000958,0.000958,0.0077,0.000686,0
2026-10-02T08:14:12+00:00,M03,RUNNING,2.0,0.00481,0.003872,0.000938,0.000938,0.0075,0.000671,0
2026-10-02T08:14:14+00:00,M03,RUNNING,2.0,0.00462,0.003872,0.000748,0.000748,0.006,0.000535,0
2026-10-02T08:14:16+00:00,M03,RUNNING,2.0,0.00451,0.003872,0.000638,0.000638,0.0051,0.000457,0
2026-10-02T08:14:18+00:00,M03,RUNNING,2.0,0.00457,0.003872,0.000698,0.000698,0.0056,0.0005,0
2026-10-02T08:14:20+00:00,M03,RUNNING,2.0,0.00477,0.003872,0.000898,0.000898,0.0072,0.000643,0
2026-10-02T08:14:22+00:00,M03,RUNNING,2.0,0.0048,0.003872,0.000928,0.000928,0.0074,0.000664,0
2026-10-02T08:14:24+00:00,M03,RUNNING,2.0,0.00454,0.003872,0.000668,0.000668,0.0053,0.000478,0
2026-10-02T08:14:26+00:00,M03,RUNNING,2.0,0.00459,0.003872,0.000718,0.000718,0.0057,0.000514,0
2026-10-02T08:14:28+00:00,M03,RUNNING,2.0,0.00456,0.003872,0.000688,0.000688,0.0055,0.000492,0
2026-10-02T08:14:30+00:00,M03,RUNNING,2.0,0.00478,0.003872,0.000908,0.000908,0.0073,0.00065,1
2026-10-02T08:14:32+00:00,M03,RUNNING,2.0,0.00476,0.003872,0.000888,0.000888,0.0071,0.000636,0
2026-10-02T08:14:34+00:00,M03,RUNNING,2.0,0.00473,0.003872,0.000858,0.000858,0.0069,0.000614,0
2026-10-02T08:14:36+00:00,M03,RUNNING,2.0,0.00467,0.003872,0.000798,0.000798,0.0064,0.000571,0
2026-10-02T08:14:38+00:00,M03,RUNNING,2.0,0.00461,0.003872,0.000738,0.000738,0.0059,0.000528,0
2026-10-02T08:14:40+00:00,M03,RUNNING,2.0,0.00452,0.003872,0.000648,0.000648,0.0052,0.000464,0
2026-10-02T08:14:42+00:00,M03,RUNNING,2.0,0.00472,0.003872,0.000848,0.000848,0.0068,0.000607,0
2026-10-02T08:14:44+00:00,M03,RUNNING,2.0,0.00451,0.003872,0.000638,0.000638,0.0051,0.000457,0
2026-10-02T08:14:46+00:00,M03,RUNNING,2.0,0.0048,0.003872,0.000928,0.000928,0.0074,0.000664,0
2026-10-02T08:14:48+00:00,M03,RUNNING,2.0,0.00449,0.003872,0.000618,0.000618,0.0049,0.000442,0
2026-10-02T08:14:50+00:00,M03,RUNNING,2.0,0.00479,0.003872,0.000918,0.000918,0.0073,0.000657,0
2026-10-02T08:14:52+00:00,M03,RUNNING,2.0,0.0047,0.003872,0.000828,0.000828,0.0066,0.000593,0
2026-10-02T08:14:54+00:00,M03,RUNNING,2.0,0.00479,0.003872,0.000918,0.000918,0.0073,0.000657,0
2026-10-02T08:14:56+00:00,M03,RUNNING,2.0,0.00468,0.003872,0.000808,0.000808,0.0065,0.000578,0
2026-10-02T08:14:58+00:00,M03,RUNNING,2.0,0.00461,0.003872,0.000738,0.000738,0.0059,0.000528,1
2026-10-02T08:15:00+00:00,M03,RUNNING,2.0,0.00479,0.003872,0.000918,0.000918,0.0073,0.000657,0
2026-10-02T08:15:02+00:00,M03,DEGRADED,2.0,0.00582,0.0041,0.00172,0.00172,0.0138,0.001232,0
2026-10-02T08:15:04+00:00,M03,DEGRADED,2.0,0.00573,0.0041,0.00163,0.00163,0.013,0.001167,0
2026-10-02T08:15:06+00:00,M03,DEGRADED,2.0,0.00559,0.0041,0.00149,0.00149,0.0119,0.001067,0
2026-10-02T08:15:08+00:00,M03,DEGRADED,2.0,0.00576,0.0041,0.00166,0.00166,0.0133,0.001189,0
2026-10-02T08:15:10+00:00,M03,DEGRADED,2.0,0.00554,0.0041,0.00144,0.00144,0.0115,0.001031,0
2026-10-02T08:15:12+00:00,M03,DEGRADED,2.0,0.00562,0.0041,0.00152,0.00152,0.0122,0.001088,0
2026-10-02T08:15:14+00:00,M03,DEGRADED,2.0,0.00572,0.0041,0.00162,0.00162,0.013,0.00116,0
2026-10-02T08:15:16+00:00,M03,DEGRADED,2.0,0.00577,0.0041,0.00167,0.00167,0.0134,0.001196,0
2026-10-02T08:15:18+00:00,M03,DEGRADED,2.0,0.00574,0.0041,0.00164,0.00164,0.0131,0.001174,0
2026-10-02T08:15:20+00:00,M03,DEGRADED,2.0,0.00585,0.0041,0.00175,0.00175,0.014,0.001253,0
2026-10-02T08:15:22+00:00,M03,DEGRADED,2.0,0.00558,0.0041,0.00148,0.00148,0.0118,0.00106,0
2026-10-02T08:15:24+00:00,M03,DEGRADED,2.0,0.00555,0.0041,0.00145,0.00145,0.0116,0.001038,0
2026-10-02T08:15:26+00:00,M03,DEGRADED,2.0,0.00556,0.0041,0.00146,0.00146,0.0117,0.001045,0
2026-10-02T08:15:28+00:00,M03,DEGRADED,2.0,0.00568,0.0041,0.00158,0.00158,0.0126,0.001131,0
2026-10-02T08:15:30+00:00,M03,DEGRADED,2.0,0.00578,0.0041,0.00168,0.00168,0.0134,0.001203,0
2026-10-02T08:15:32+00:00,M03,DEGRADED,2.0,0.00564,0.0041,0.00154,0.00154,0.0123,0.001103,0
2026-10-02T08:15:34+00:00,M03,DEGRADED,2.0,0.00558,0.0041,0.00148,0.00148,0.0118,0.00106,1
2026-10-02T08:15:36+00:00,M03,DEGRADED,2.0,0.00569,0.0041,0.00159,0.00159,0.0127,0.001138,0
2026-10-02T08:15:38+00:00,M03,DEGRADED,2.0,0.00589,0.0041,0.00179,0.00179,0.0143,0.001282,0
2026-10-02T08:15:40+00:00,M03,DEGRADED,2.0,0.00575,0.0041,0.00165,0.00165,0.0132,0.001181,0
2026-10-02T08:15:42+00:00,M03,DEGRADED,2.0,0.00575,0.0041,0.00165,0.00165,0.0132,0.001181,0
2026-10-02T08:15:44+00:00,M03,DEGRADED,2.0,0.00567,0.0041,0.00157,0.00157,0.0126,0.001124,0
2026-10-02T08:15:46+00:00,M03,DEGRADED,2.0,0.00566,0.0041,0.00156,0.00156,0.0125,0.001117,0
2026-10-02T08:15:48+00:00,M03,DEGRADED,2.0,0.00558,0.0041,0.00148,0.00148,0.0118,0.00106,0
2026-10-02T08:15:50+00:00,M03,DEGRADED,2.0,0.00587,0.0041,0.00177,0.00177,0.0142,0.001267,0
2026-10-02T08:15:52+00:00,M03,DEGRADED,2.0,0.00561,0.0041,0.00151,0.00151,0.0121,0.001081,0
2026-10-02T08:15:54+00:00,M03,DEGRADED,2.0,0.00581,0.0041,0.00171,0.00171,0.0137,0.001224,0
2026-10-02T08:15:56+00:00,M03,DEGRADED,2.0,0.00572,0.0041,0.00162,0.00162,0.013,0.00116,0
2026-10-02T08:15:58+00:00,M03,DEGRADED,2.0,0.00572,0.0041,0.00162,0.00162,0.013,0.00116,0
2026-10-02T08:16:00+00:00,M03,DEGRADED,2.0,0.00561,0.0041,0.00151,0.00151,0.0121,0.001081,0
2026-10-02T08:16:02+00:00,M03,DEGRADED,2.0,0.00592,0.0041,0.00182,0.00182,0.0146,0.001303,0
2026-10-02T08:16:04+00:00,M03,DEGRADED,2.0,0.00581,0.0041,0.00171,0.00171,0.0137,0.001224,0
2026-10-02T08:16:06+00:00,M03,DEGRADED,2.0,0.00563,0.0041,0.00153,0.00153,0.0122,0.001095,0
2026-10-02T08:16:08+00:00,M03,DEGRADED,2.0,0.00569,0.0041,0.00159,0.00159,0.0127,0.001138,0
2026-10-02T08:16:10+00:00,M03,DEGRADED,2.0,0.00579,0.0041,0.00169,0.00169,0.0135,0.00121,0
2026-10-02T08:16:12+00:00,M03,DEGRADED,2.0,0.00564,0.0041,0.00154,0.00154,0.0123,0.001103,1
2026-10-02T08:16:14+00:00,M03,DEGRADED,2.0,0.00578,0.0041,0.00168,0.00168,0.0134,0.001203,0
2026-10-02T08:16:16+00:00,M03,DEGRADED,2.0,0.00593,0.0041,0.00183,0.00183,0.0146,0.00131,0
2026-10-02T08:16:18+00:00,M03,DEGRADED,2.0,0.00569,0.0041,0.00159,0.00159,0.0127,0.001138,0
2026-10-02T08:16:20+00:00,M03,DEGRADED,2.0,0.00594,0.0041,0.00184,0.00184,0.0147,0.001317,0
2026-10-02T08:16:22+00:00,M03,DEGRADED,2.0,0.00579,0.0041,0.00169,0.00169,0.0135,0.00121,0
2026-10-02T08:16:24+00:00,M03,DEGRADED,2.0,0.00597,0.0041,0.00187,0.00187,0.015,0.001339,0
2026-10-02T08:16:26+00:00,M03,DEGRADED,2.0,0.006,0.0041,0.0019,0.0019,0.0152,0.00136,0
2026-10-02T08:16:28+00:00,M03,DEGRADED,2.0,0.00594,0.0041,0.00184,0.00184,0.0147,0.001317,0
2026-10-02T08:16:30+00:00,M03,DEGRADED,2.0,0.00594,0.0041,0.00184,0.00184,0.0147,0.001317,0
2026-10-02T08:16:32+00:00,M03,DEGRADED,2.0,0.00581,0.0041,0.00171,0.00171,0.0137,0.001224,0
2026-10-02T08:16:34+00:00,M03,DEGRADED,2.0,0.00589,0.0041,0.00179,0.00179,0.0143,0.001282,0
2026-10-02T08:16:36+00:00,M03,DEGRADED,2.0,0.00571,0.0041,0.00161,0.00161,0.0129,0.001153,0
2026-10-02T08:16:38+00:00,M03,DEGRADED,2.0,0.00572,0.0041,0.00162,0.00162,0.013,0.00116,0
2026-10-02T08:16:40+00:00,M03,DEGRADED,2.0,0.00585,0.0041,0.00175,0.00175,0.014,0.001253,0
2026-10-02T08:16:42+00:00,M03,DEGRADED,2.0,0.00593,0.0041,0.00183,0.00183,0.0146,0.00131,0
2026-10-02T08:16:44+00:00,M03,DEGRADED,2.0,0.00604,0.0041,0.00194,0.00194,0.0155,0.001389,0
2026-10-02T08:16:46+00:00,M03,DEGRADED,2.0,0.00573,0.0041,0.00163,0.00163,0.013,0.001167,0
2026-10-02T08:16:48+00:00,M03,DEGRADED,2.0,0.00588,0.0041,0.00178,0.00178,0.0142,0.001274,0
2026-10-02T08:16:50+00:00,M03,DEGRADED,2.0,0.00598,0.0041,0.00188,0.00188,0.015,0.001346,1
2026-10-02T08:16:52+00:00,M03,DEGRADED,2.0,0.00576,0.0041,0.00166,0.00166,0.0133,0.001189,0
2026-10-02T08:16:54+00:00,M03,DEGRADED,2.0,0.00579,0.0041,0.00169,0.00169,0.0135,0.00121,0
2026-10-02T08:16:56+00:00,M03,DEGRADED,2.0,0.00598,0.0041,0.00188,0.00188,0.015,0.001346,0
2026-10-02T08:16:58+00:00,M03,DEGRADED,2.0,0.00596,0.0041,0.00186,0.00186,0.0149,0.001332,0
2026-10-02T08:17:00+00:00,M03,DEGRADED,2.0,0.00598,0.0041,0.00188,0.00188,0.015,0.001346,0
2026-10-02T08:17:02+00:00,M03,RUNNING,2.0,0.00537,0.003872,0.001498,0.001498,0.012,0.001072,0
2026-10-02T08:17:04+00:00,M03,RUNNING,2.0,0.00513,0.003872,0.001258,0.001258,0.0101,0.000901,0
2026-10-02T08:17:06+00:00,M03,RUNNING,2.0,0.00498,0.003872,0.001108,0.001108,0.0089,0.000793,0
2026-10-02T08:17:08+00:00,M03,RUNNING,2.0,0.00494,0.003872,0.001068,0.001068,0.0085,0.000765,0
2026-10-02T08:17:10+00:00,M03,RUNNING,2.0,0.00495,0.003872,0.001078,0.001078,0.0086,0.000772,0
2026-10-02T08:17:12+00:00,M03,RUNNING,2.0,0.00508,0.003872,0.001208,0.001208,0.0097,0.000865,0
2026-10-02T08:17:14+00:00,M03,RUNNING,2.0,0.00504,0.003872,0.001168,0.001168,0.0093,0.000836,0
2026-10-02T08:17:16+00:00,M03,RUNNING,2.0,0.00482,0.003872,0.000948,0.000948,0.0076,0.000679,0
2026-10-02T08:17:18+00:00,M03,RUNNING,2.0,0.00484,0.003872,0.000968,0.000968,0.0077,0.000693,0
2026-10-02T08:17:20+00:00,M03,RUNNING,2.0,0.0049,0.003872,0.001028,0.001028,0.0082,0.000736,0
2026-10-02T08:17:22+00:00,M03,RUNNING,2.0,0.00474,0.003872,0.000868,0.000868,0.0069,0.000621,1
2026-10-02T08:17:24+00:00,M03,RUNNING,2.0,0.00464,0.003872,0.000768,0.000768,0.0061,0.00055,0
2026-10-02T08:17:26+00:00,M03,RUNNING,2.0,0.00469,0.003872,0.000818,0.000818,0.0065,0.000586,0
2026-10-02T08:17:28+00:00,M03,RUNNING,2.0,0.00479,0.003872,0.000918,0.000918,0.0073,0.000657,0
2026-10-02T08:17:30+00:00,M03,RUNNING,2.0,0.00464,0.003872,0.000768,0.000768,0.0061,0.00055,0
2026-10-02T08:17:32+00:00,M03,RUNNING,2.0,0.00458,0.003872,0.000708,0.000708,0.0057,0.000507,0
2026-10-02T08:17:34+00:00,M03,RUNNING,2.0,0.00478,0.003872,0.000908,0.000908,0.0073,0.00065,0
2026-10-02T08:17:36+00:00,M03,RUNNING,2.0,0.00462,0.003872,0.000748,0.000748,0.006,0.000535,0
2026-10-02T08:17:38+00:00,M03,RUNNING,2.0,0.00461,0.003872,0.000738,0.000738,0.0059,0.000528,0
2026-10-02T08:17:40+00:00,M03,RUNNING,2.0,0.00473,0.003872,0.000858,0.000858,0.0069,0.000614,0
2026-10-02T08:17:42+00:00,M03,RUNNING,2.0,0.00481,0.003872,0.000938,0.000938,0.0075,0.000671,0
2026-10-02T08:17:44+00:00,M03,RUNNING,2.0,0.00461,0.003872,0.000738,0.000738,0.0059,0.000528,0
2026-10-02T08:17:46+00:00,M03,RUNNING,2.0,0.00451,0.003872,0.000638,0.000638,0.0051,0.000457,0
2026-10-02T08:17:48+00:00,M03,RUNNING,2.0,0.00481,0.003872,0.000938,0.000938,0.0075,0.000671,0
2026-10-02T08:17:50+00:00,M03,RUNNING,2.0,0.00463,0.003872,0.000758,0.000758,0.0061,0.000543,1
2026-10-02T08:17:52+00:00,M03,RUNNING,2.0,0.00448,0.003872,0.000608,0.000608,0.0049,0.000435,0
2026-10-02T08:17:54+00:00,M03,RUNNING,2.0,0.00461,0.003872,0.000738,0.000738,0.0059,0.000528,0
2026-10-02T08:17:56+00:00,M03,RUNNING,2.0,0.00472,0.003872,0.000848,0.000848,0.0068,0.000607,0
2026-10-02T08:17:58+00:00,M03,RUNNING,2.0,0.00456,0.003872,0.000688,0.000688,0.0055,0.000492,0
2026-10-02T08:18:00+00:00,M03,RUNNING,2.0,0.00456,0.003872,0.000688,0.000688,0.0055,0.000492,0
2026-10-02T08:18:02+00:00,M03,RUNNING,2.0,0.00458,0.003872,0.000708,0.000708,0.0057,0.000507,0
2026-10-02T08:18:04+00:00,M03,RUNNING,2.0,0.0045,0.003872,0.000628,0.000628,0.005,0.000449,0
2026-10-02T08:18:06+00:00,M03,RUNNING,2.0,0.00448,0.003872,0.000608,0.000608,0.0049,0.000435,0
2026-10-02T08:18:08+00:00,M03,RUNNING,2.0,0.00464,0.003872,0.000768,0.000768,0.0061,0.00055,0
2026-10-02T08:18:10+00:00,M03,RUNNING,2.0,0.00447,0.003872,0.000598,0.000598,0.0048,0.000428,0
2026-10-02T08:18:12+00:00,M03,RUNNING,2.0,0.00454,0.003872,0.000668,0.000668,0.0053,0.000478,0
2026-10-02T08:18:14+00:00,M03,RUNNING,2.0,0.00477,0.003872,0.000898,0.000898,0.0072,0.000643,0
2026-10-02T08:18:16+00:00,M03,RUNNING,2.0,0.00457,0.003872,0.000698,0.000698,0.0056,0.0005,0
2026-10-02T08:18:18+00:00,M03,RUNNING,2.0,0.0045,0.003872,0.000628,0.000628,0.005,0.000449,1
2026-10-02T08:18:20+00:00,M03,RUNNING,2.0,0.0045,0.003872,0.000628,0.000628,0.005,0.000449,0
2026-10-02T08:18:22+00:00,M03,RUNNING,2.0,0.00464,0.003872,0.000768,0.000768,0.0061,0.00055,0
2026-10-02T08:18:24+00:00,M03,RUNNING,2.0,0.00466,0.003872,0.000788,0.000788,0.0063,0.000564,0
2026-10-02T08:18:26+00:00,M03,RUNNING,2.0,0.00478,0.003872,0.000908,0.000908,0.0073,0.00065,0
2026-10-02T08:18:28+00:00,M03,RUNNING,2.0,0.00472,0.003872,0.000848,0.000848,0.0068,0.000607,0
2026-10-02T08:18:30+00:00,M03,RUNNING,2.0,0.00462,0.003872,0.000748,0.000748,0.006,0.000535,0
2026-10-02T08:18:32+00:00,M03,RUNNING,2.0,0.00462,0.003872,0.000748,0.000748,0.006,0.000535,0
2026-10-02T08:18:34+00:00,M03,RUNNING,2.0,0.00482,0.003872,0.000948,0.000948,0.0076,0.000679,0
2026-10-02T08:18:36+00:00,M03,RUNNING,2.0,0.00448,0.003872,0.000608,0.000608,0.0049,0.000435,0
2026-10-02T08:18:38+00:00,M03,RUNNING,2.0,0.00483,0.003872,0.000958,0.000958,0.0077,0.000686,0
2026-10-02T08:18:40+00:00,M03,RUNNING,2.0,0.00456,0.003872,0.000688,0.000688,0.0055,0.000492,0
2026-10-02T08:18:42+00:00,M03,RUNNING,2.0,0.00454,0.003872,0.000668,0.000668,0.0053,0.000478,0
2026-10-02T08:18:44+00:00,M03,RUNNING,2.0,0.0046,0.003872,0.000728,0.000728,0.0058,0.000521,0
2026-10-02T08:18:46+00:00,M03,RUNNING,2.0,0.00448,0.003872,0.000608,0.000608,0.0049,0.000435,1
2026-10-02T08:18:48+00:00,M03,RUNNING,2.0,0.00474,0.003872,0.000868,0.000868,0.0069,0.000621,0
2026-10-02T08:18:50+00:00,M03,RUNNING,2.0,0.00466,0.003872,0.000788,0.000788,0.0063,0.000564,0
2026-10-02T08:18:52+00:00,M03,RUNNING,2.0,0.00478,0.003872,0.000908,0.000908,0.0073,0.00065,0
2026-10-02T08:18:54+00:00,M03,RUNNING,2.0,0.00474,0.003872,0.000868,0.000868,0.0069,0.000621,0
2026-10-02T08:18:56+00:00,M03,RUNNING,2.0,0.00455,0.003872,0.000678,0.000678,0.0054,0.000485,0
2026-10-02T08:18:58+00:00,M03,RUNNING,2.0,0.00474,0.003872,0.000868,0.000868,0.0069,0.000621,0
2026-10-02T08:19:00+00:00,M03,RUNNING,2.0,0.0047,0.003872,0.000828,0.000828,0.0066,0.000593,0
2026-10-02T08:19:02+00:00,M03,RUNNING,2.0,0.00475,0.003872,0.000878,0.000878,0.007,0.000628,0
2026-10-02T08:19:04+00:00,M03,RUNNING,2.0,0.00457,0.003872,0.000698,0.000698,0.0056,0.0005,0
2026-10-02T08:19:06+00:00,M03,RUNNING,2.0,0.00465,0.003872,0.000778,0.000778,0.0062,0.000557,0
2026-10-02T08:19:08+00:00,M03,RUNNING,2.0,0.00465,0.003872,0.000778,0.000778,0.0062,0.000557,0
2026-10-02T08:19:10+00:00,M03,RUNNING,2.0,0.00461,0.003872,0.000738,0.000738,0.0059,0.000528,0
2026-10-02T08:19:12+00:00,M03,RUNNING,2.0,0.00465,0.003872,0.000778,0.000778,0.0062,0.000557,0
2026-10-02T08:19:14+00:00,M03,RUNNING,2.0,0.00468,0.003872,0.000808,0.000808,0.0065,0.000578,1
2026-10-02T08:19:16+00:00,M03,RUNNING,2.0,0.00457,0.003872,0.000698,0.000698,0.0056,0.0005,0
2026-10-02T08:19:18+00:00,M03,RUNNING,2.0,0.0045,0.003872,0.000628,0.000628,0.005,0.000449,0
2026-10-02T08:19:20+00:00,M03,RUNNING,2.0,0.00454,0.003872,0.000668,0.000668,0.0053,0.000478,0
2026-10-02T08:19:22+00:00,M03,RUNNING,2.0,0.00451,0.003872,0.000638,0.000638,0.0051,0.000457,0
2026-10-02T08:19:24+00:00,M03,RUNNING,2.0,0.00469,0.003872,0.000818,0.000818,0.0065,0.000586,0
2026-10-02T08:19:26+00:00,M03,RUNNING,2.0,0.00478,0.003872,0.000908,0.000908,0.0073,0.00065,0
2026-10-02T08:19:28+00:00,M03,RUNNING,2.0,0.00476,0.003872,0.000888,0.000888,0.0071,0.000636,0
2026-10-02T08:19:30+00:00,M03,RUNNING,2.0,0.00478,0.003872,0.000908,0.000908,0.0073,0.00065,0
2026-10-02T08:19:32+00:00,M03,RUNNING,2.0,0.00479,0.003872,0.000918,0.000918,0.0073,0.000657,0
2026-10-02T08:19:34+00:00,M03,RUNNING,2.0,0.0045,0.003872,0.000628,0.000628,0.005,0.000449,0
2026-10-02T08:19:36+00:00,M03,RUNNING,2.0,0.00458,0.003872,0.000708,0.000708,0.0057,0.000507,0
2026-10-02T08:19:38+00:00,M03,RUNNING,2.0,0.00479,0.003872,0.000918,0.000918,0.0073,0.000657,0
2026-10-02T08:19:40+00:00,M03,RUNNING,2.0,0.00481,0.003872,0.000938,0.000938,0.0075,0.000671,0
2026-10-02T08:19:42+00:00,M03,RUNNING,2.0,0.00459,0.003872,0.000718,0.000718,0.0057,0.000514,1
2026-10-02T08:19:44+00:00,M03,RUNNING,2.0,0.00448,0.003872,0.000608,0.000608,0.0049,0.000435,0
2026-10-02T08:19:46+00:00,M03,RUNNING,2.0,0.00455,0.003872,0.000678,0.000678,0.0054,0.000485,0
2026-10-02T08:19:48+00:00,M03,RUNNING,2.0,0.00454,0.003872,0.000668,0.000668,0.0053,0.000478,0
2026-10-02T08:19:50+00:00,M03,RUNNING,2.0,0.00458,0.003872,0.000708,0.000708,0.0057,0.000507,0
2026-10-02T08:19:52+00:00,M03,RUNNING,2.0,0.00454,0.003872,0.000668,0.000668,0.0053,0.000478,0
2026-10-02T08:19:54+00:00,M03,RUNNING,2.0,0.00449,0.003872,0.000618,0.000618,0.0049,0.000442,0
2026-10-02T08:19:56+00:00,M03,RUNNING,2.0,0.00468,0.003872,0.000808,0.000808,0.0065,0.000578,0
2026-10-02T08:19:58+00:00,M03,RUNNING,2.0,0.00477,0.003872,0.000898,0.000898,0.0072,0.000643,0
2026-10-02T08:20:00+00:00,M03,RUNNING,2.0,0.00474,0.003872,0.000868,0.000868,0.0069,0.000621,0
2026-10-02T08:20:02+00:00,M03,RUNNING,2.0,0.00468,0.003872,0.000808,0.000808,0.0065,0.000578,0
2026-10-02T08:20:04+00:00,M03,RUNNING,2.0,0.00476,0.003872,0.000888,0.000888,0.0071,0.000636,0
2026-10-02T08:20:06+00:00,M03,RUNNING,2.0,0.00463,0.003872,0.000758,0.000758,0.0061,0.000543,0
2026-10-02T08:20:08+00:00,M03,RUNNING,2.0,0.00459,0.003872,0.000718,0.000718,0.0057,0.000514,1
2026-10-02T08:20:10+00:00,M03,RUNNING,2.0,0.00478,0.003872,0.000908,0.000908,0.0073,0.00065,0
2026-10-02T08:20:12+00:00,M03,RUNNING,2.0,0.00473,0.003872,0.000858,0.000858,0.0069,0.000614,0
2026-10-02T08:20:14+00:00,M03,RUNNING,2.0,0.00466,0.003872,0.000788,0.000788,0.0063,0.000564,0
2026-10-02T08:20:16+00:00,M03,RUNNING,2.0,0.00468,0.003872,0.000808,0.000808,0.0065,0.000578,0
2026-10-02T08:20:18+00:00,M03,RUNNING,2.0,0.0047,0.003872,0.000828,0.000828,0.0066,0.000593,0
2026-10-02T08:20:20+00:00,M03,RUNNING,2.0,0.00481,0.003872,0.000938,0.000938,0.0075,0.000671,0
2026-10-02T08:20:22+00:00,M03,RUNNING,2.0,0.00469,0.003872,0.000818,0.000818,0.0065,0.000586,0
2026-10-02T08:20:24+00:00,M03,RUNNING,2.0,0.00479,0.003872,0.000918,0.000918,0.0073,0.000657,0
2026-10-02T08:20:26+00:00,M03,RUNNING,2.0,0.00479,0.003872,0.000918,0.000918,0.0073,0.000657,0
2026-10-02T08:20:28+00:00,M03,RUNNING,2.0,0.00447,0.003872,0.000598,0.000598,0.0048,0.000428,0
2026-10-02T08:20:30+00:00,M03,RUNNING,2.0,0.00467,0.003872,0.000798,0.000798,0.0064,0.000571,0
2026-10-02T08:20:32+00:00,M03,RUNNING,2.0,0.00461,0.003872,0.000738,0.000738,0.0059,0.000528,0
2026-10-02T08:20:34+00:00,M03,RUNNING,2.0,0.00453,0.003872,0.000658,0.000658,0.0053,0.000471,0
2026-10-02T08:20:36+00:00,M03,RUNNING,2.0,0.00452,0.003872,0.000648,0.000648,0.0052,0.000464,1
2026-10-02T08:20:38+00:00,M03,RUNNING,2.0,0.00463,0.003872,0.000758,0.000758,0.0061,0.000543,0
2026-10-02T08:20:40+00:00,M03,RUNNING,2.0,0.00477,0.003872,0.000898,0.000898,0.0072,0.000643,0
2026-10-02T08:20:42+00:00,M03,RUNNING,2.0,0.00472,0.003872,0.000848,0.000848,0.0068,0.000607,0
2026-10-02T08:20:44+00:00,M03,RUNNING,2.0,0.00453,0.003872,0.000658,0.000658,0.0053,0.000471,0
2026-10-02T08:20:46+00:00,M03,RUNNING,2.0,0.00478,0.003872,0.000908,0.000908,0.0073,0.00065,0
2026-10-02T08:20:48+00:00,M03,RUNNING,2.0,0.00459,0.003872,0.000718,0.000718,0.0057,0.000514,0
2026-10-02T08:20:50+00:00,M03,RUNNING,2.0,0.00482,0.003872,0.000948,0.000948,0.0076,0.000679,0
2026-10-02T08:20:52+00:00,M03,RUNNING,2.0,0.00472,0.003872,0.000848,0.000848,0.0068,0.000607,0
2026-10-02T08:20:54+00:00,M03,RUNNING,2.0,0.0047,0.003872,0.000828,0.000828,0.0066,0.000593,0
2026-10-02T08:20:56+00:00,M03,RUNNING,2.0,0.0048,0.003872,0.000928,0.000928,0.0074,0.000664,0
2026-10-02T08:20:58+00:00,M03,RUNNING,2.0,0.00474,0.003872,0.000868,0.000868,0.0069,0.000621,0
2026-10-02T08:21:00+00:00,M03,RUNNING,2.0,0.00453,0.003872,0.000658,0.000658,0.0053,0.000471,0
2026-10-02T08:21:02+00:00,M03,DEGRADED,2.0,0.00576,0.0041,0.00166,0.00166,0.0133,0.001189,0
2026-10-02T08:21:04+00:00,M03,DEGRADED,2.0,0.00565,0.0041,0.00155,0.00155,0.0124,0.00111,0
2026-10-02T08:21:06+00:00,M03,DEGRADED,2.0,0.00576,0.0041,0.00166,0.00166,0.0133,0.001189,1
2026-10-02T08:21:08+00:00,M03,DEGRADED,2.0,0.00579,0.0041,0.00169,0.00169,0.0135,0.00121,0
2026-10-02T08:21:10+00:00,M03,DEGRADED,2.0,0.00567,0.0041,0.00157,0.00157,0.0126,0.001124,0
2026-10-02T08:21:12+00:00,M03,DEGRADED,2.0,0.00565,0.0041,0.00155,0.00155,0.0124,0.00111,0
2026-10-02T08:21:14+00:00,M03,DEGRADED,2.0,0.00571,0.0041,0.00161,0.00161,0.0129,0.001153,0
2026-10-02T08:21:16+00:00,M03,DEGRADED,2.0,0.00573,0.0041,0.00163,0.00163,0.013,0.001167,0
2026-10-02T08:21:18+00:00,M03,DEGRADED,2.0,0.00558,0.0041,0.00148,0.00148,0.0118,0.00106,0
2026-10-02T08:21:20+00:00,M03,DEGRADED,2.0,0.00559,0.0041,0.00149,0.00149,0.0119,0.001067,0
2026-10-02T08:21:22+00:00,M03,DEGRADED,2.0,0.0058,0.0041,0.0017,0.0017,0.0136,0.001217,0
2026-10-02T08:21:24+00:00,M03,DEGRADED,2.0,0.00583,0.0041,0.00173,0.00173,0.0138,0.001239,0
2026-10-02T08:21:26+00:00,M03,DEGRADED,2.0,0.00581,0.0041,0.00171,0.00171,0.0137,0.001224,0
2026-10-02T08:21:28+00:00,M03,DEGRADED,2.0,0.00565,0.0041,0.00155,0.00155,0.0124,0.00111,0
2026-10-02T08:21:30+00:00,M03,DEGRADED,2.0,0.00581,0.0041,0.00171,0.00171,0.0137,0.001224,0
2026-10-02T08:21:32+00:00,M03,DEGRADED,2.0,0.00556,0.0041,0.00146,0.00146,0.0117,0.001045,0
2026-10-02T08:21:34+00:00,M03,DEGRADED,2.0,0.00557,0.0041,0.00147,0.00147,0.0118,0.001053,0
2026-10-02T08:21:36+00:00,M03,DEGRADED,2.0,0.00581,0.0041,0.00171,0.00171,0.0137,0.001224,0
2026-10-02T08:21:38+00:00,M03,DEGRADED,2.0,0.0056,0.0041,0.0015,0.0015,0.012,0.001074,0
2026-10-02T08:21:40+00:00,M03,DEGRADED,2.0,0.00587,0.0041,0.00177,0.00177,0.0142,0.001267,0
2026-10-02T08:21:42+00:00,M03,DEGRADED,2.0,0.00577,0.0041,0.00167,0.00167,0.0134,0.001196,1
2026-10-02T08:21:44+00:00,M03,DEGRADED,2.0,0.00575,0.0041,0.00165,0.00165,0.0132,0.001181,0
2026-10-02T08:21:46+00:00,M03,DEGRADED,2.0,0.00556,0.0041,0.00146,0.00146,0.0117,0.001045,0
2026-10-02T08:21:48+00:00,M03,DEGRADED,2.0,0.00576,0.0041,0.00166,0.00166,0.0133,0.001189,0
2026-10-02T08:21:50+00:00,M03,DEGRADED,2.0,0.00566,0.0041,0.00156,0.00156,0.0125,0.001117,0
2026-10-02T08:21:52+00:00,M03,DEGRADED,2.0,0.00575,0.0041,0.00165,0.00165,0.0132,0.001181,0
2026-10-02T08:21:54+00:00,M03,DEGRADED,2.0,0.00569,0.0041,0.00159,0.00159,0.0127,0.001138,0
2026-10-02T08:21:56+00:00,M03,DEGRADED,2.0,0.00577,0.0041,0.00167,0.00167,0.0134,0.001196,0
2026-10-02T08:21:58+00:00,M03,DEGRADED,2.0,0.00576,0.0041,0.00166,0.00166,0.0133,0.001189,0
2026-10-02T08:22:00+00:00,M03,DEGRADED,2.0,0.00585,0.0041,0.00175,0.00175,0.014,0.001253,0
2026-10-02T08:22:02+00:00,M03,DEGRADED,2.0,0.00585,0.0041,0.00175,0.00175,0.014,0.001253,0
2026-10-02T08:22:04+00:00,M03,DEGRADED,2.0,0.00576,0.0041,0.00166,0.00166,0.0133,0.001189,0
2026-10-02T08:22:06+00:00,M03,DEGRADED,2.0,0.00595,0.0041,0.00185,0.00185,0.0148,0.001325,0
2026-10-02T08:22:08+00:00,M03,DEGRADED,2.0,0.00584,0.0041,0.00174,0.00174,0.0139,0.001246,0
2026-10-02T08:22:10+00:00,M03,DEGRADED,2.0,0.00594,0.0041,0.00184,0.00184,0.0147,0.001317,0
2026-10-02T08:22:12+00:00,M03,DEGRADED,2.0,0.00588,0.0041,0.00178,0.00178,0.0142,0.001274,0
2026-10-02T08:22:14+00:00,M03,DEGRADED,2.0,0.00572,0.0041,0.00162,0.00162,0.013,0.00116,0
2026-10-02T08:22:16+00:00,M03,DEGRADED,2.0,0.00584,0.0041,0.00174,0.00174,0.0139,0.001246,0
2026-10-02T08:22:18+00:00,M03,DEGRADED,2.0,0.00583,0.0041,0.00173,0.00173,0.0138,0.001239,0
2026-10-02T08:22:20+00:00,M03,DEGRADED,2.0,0.00597,0.0041,0.00187,0.00187,0.015,0.001339,1
2026-10-02T08:22:22+00:00,M03,DEGRADED,2.0,0.00599,0.0041,0.00189,0.00189,0.0151,0.001353,0
2026-10-02T08:22:24+00:00,M03,DEGRADED,2.0,0.00584,0.0041,0.00174,0.00174,0.0139,0.001246,0
2026-10-02T08:22:26+00:00,M03,DEGRADED,2.0,0.00572,0.0041,0.00162,0.00162,0.013,0.00116,0
2026-10-02T08:22:28+00:00,M03,DEGRADED,2.0,0.00569,0.0041,0.00159,0.00159,0.0127,0.001138,0
2026-10-02T08:22:30+00:00,M03,DEGRADED,2.0,0.00578,0.0041,0.00168,0.00168,0.0134,0.001203,0
2026-10-02T08:22:32+00:00,M03,DEGRADED,2.0,0.00584,0.0041,0.00174,0.00174,0.0139,0.001246,0
2026-10-02T08:22:34+00:00,M03,DEGRADED,2.0,0.00581,0.0041,0.00171,0.00171,0.0137,0.001224,0
2026-10-02T08:22:36+00:00,M03,DEGRADED,2.0,0.00587,0.0041,0.00177,0.00177,0.0142,0.001267,0
2026-10-02T08:22:38+00:00,M03,DEGRADED,2.0,0.006,0.0041,0.0019,0.0019,0.0152,0.00136,0
2026-10-02T08:22:40+00:00,M03,DEGRADED,2.0,0.00603,0.0041,0.00193,0.00193,0.0154,0.001382,0
2026-10-02T08:22:42+00:00,M03,DEGRADED,2.0,0.00599,0.0041,0.00189,0.00189,0.0151,0.001353,0
2026-10-02T08:22:44+00:00,M03,DEGRADED,2.0,0.00584,0.0041,0.00174,0.00174,0.0139,0.001246,0
2026-10-02T08:22:46+00:00,M03,DEGRADED,2.0,0.00604,0.0041,0.00194,0.00194,0.0155,0.001389,0
2026-10-02T08:22:48+00:00,M03,DEGRADED,2.0,0.00581,0.0041,0.00171,0.00171,0.0137,0.001224,0
2026-10-02T08:22:50+00:00,M03,DEGRADED,2.0,0.0058,0.0041,0.0017,0.0017,0.0136,0.001217,0
2026-10-02T08:22:52+00:00,M03,DEGRADED,2.0,0.00602,0.0041,0.00192,0.00192,0.0154,0.001375,0
2026-10-02T08:22:54+00:00,M03,DEGRADED,2.0,0.00599,0.0041,0.00189,0.00189,0.0151,0.001353,0
2026-10-02T08:22:56+00:00,M03,DEGRADED,2.0,0.00573,0.0041,0.00163,0.00163,0.013,0.001167,0
2026-10-02T08:22:58+00:00,M03,DEGRADED,2.0,0.00584,0.0041,0.00174,0.00174,0.0139,0.001246,1
2026-10-02T08:23:00+00:00,M03,DEGRADED,2.0,0.00594,0.0041,0.00184,0.00184,0.0147,0.001317,0
2026-10-02T08:23:02+00:00,M03,RUNNING,2.0,0.00538,0.003872,0.001508,0.001508,0.0121,0.00108,0
2026-10-02T08:23:04+00:00,M03,RUNNING,2.0,0.00512,0.003872,0.001248,0.001248,0.01,0.000893,0
2026-10-02T08:23:06+00:00,M03,RUNNING,2.0,0.00523,0.003872,0.001358,0.001358,0.0109,0.000972,0
2026-10-02T08:23:08+00:00,M03,RUNNING,2.0,0.00497,0.003872,0.001098,0.001098,0.0088,0.000786,0
2026-10-02T08:23:10+00:00,M03,RUNNING,2.0,0.00495,0.003872,0.001078,0.001078,0.0086,0.000772,0
2026-10-02T08:23:12+00:00,M03,RUNNING,2.0,0.00493,0.003872,0.001058,0.001058,0.0085,0.000757,0
2026-10-02T08:23:14+00:00,M03,RUNNING,2.0,0.00492,0.003872,0.001048,0.001048,0.0084,0.00075,0
2026-10-02T08:23:16+00:00,M03,RUNNING,2.0,0.00505,0.003872,0.001178,0.001178,0.0094,0.000843,0
2026-10-02T08:23:18+00:00,M03,RUNNING,2.0,0.005,0.003872,0.001128,0.001128,0.009,0.000807,0
2026-10-02T08:23:20+00:00,M03,RUNNING,2.0,0.00481,0.003872,0.000938,0.000938,0.0075,0.000671,0
2026-10-02T08:23:22+00:00,M03,RUNNING,2.0,0.00498,0.003872,0.001108,0.001108,0.0089,0.000793,0
2026-10-02T08:23:24+00:00,M03,RUNNING,2.0,0.0047,0.003872,0.000828,0.000828,0.0066,0.000593,0
2026-10-02T08:23:26+00:00,M03,RUNNING,2.0,0.00459,0.003872,0.000718,0.000718,0.0057,0.000514,0
2026-10-02T08:23:28+00:00,M03,RUNNING,2.0,0.00462,0.003872,0.000748,0.000748,0.006,0.000535,1
2026-10-02T08:23:30+00:00,M03,RUNNING,2.0,0.00471,0.003872,0.000838,0.000838,0.0067,0.0006,0
2026-10-02T08:23:32+00:00,M03,RUNNING,2.0,0.0047,0.003872,0.000828,0.000828,0.0066,0.000593,0
2026-10-02T08:23:34+00:00,M03,RUNNING,2.0,0.00477,0.003872,0.000898,0.000898,0.0072,0.000643,0
2026-10-02T08:23:36+00:00,M03,RUNNING,2.0,0.00478,0.003872,0.000908,0.000908,0.0073,0.00065,0
2026-10-02T08:23:38+00:00,M03,RUNNING,2.0,0.00463,0.003872,0.000758,0.000758,0.0061,0.000543,0
2026-10-02T08:23:40+00:00,M03,RUNNING,2.0,0.00447,0.003872,0.000598,0.000598,0.0048,0.000428,0
2026-10-02T08:23:42+00:00,M03,RUNNING,2.0,0.00476,0.003872,0.000888,0.000888,0.0071,0.000636,0
2026-10-02T08:23:44+00:00,M03,RUNNING,2.0,0.00472,0.003872,0.000848,0.000848,0.0068,0.000607,0
2026-10-02T08:23:46+00:00,M03,RUNNING,2.0,0.00479,0.003872,0.000918,0.000918,0.0073,0.000657,0
2026-10-02T08:23:48+00:00,M03,RUNNING,2.0,0.00453,0.003872,0.000658,0.000658,0.0053,0.000471,0
2026-10-02T08:23:50+00:00,M03,RUNNING,2.0,0.0047,0.003872,0.000828,0.000828,0.0066,0.000593,0
2026-10-02T08:23:52+00:00,M03,RUNNING,2.0,0.00457,0.003872,0.000698,0.000698,0.0056,0.0005,0
2026-10-02T08:23:54+00:00,M03,RUNNING,2.0,0.00468,0.003872,0.000808,0.000808,0.0065,0.000578,0
2026-10-02T08:23:56+00:00,M03,RUNNING,2.0,0.00481,0.003872,0.000938,0.000938,0.0075,0.000671,1
2026-10-02T08:23:58+00:00,M03,RUNNING,2.0,0.00452,0.003872,0.000648,0.000648,0.0052,0.000464,0
2026-10-02T08:24:00+00:00,M03,RUNNING,2.0,0.00449,0.003872,0.000618,0.000618,0.0049,0.000442,0
2026-10-02T08:24:02+00:00,M03,RUNNING,2.0,0.00476,0.003872,0.000888,0.000888,0.0071,0.000636,0
2026-10-02T08:24:04+00:00,M03,RUNNING,2.0,0.00452,0.003872,0.000648,0.000648,0.0052,0.000464,0
2026-10-02T08:24:06+00:00,M03,RUNNING,2.0,0.0047,0.003872,0.000828,0.000828,0.0066,0.000593,0
2026-10-02T08:24:08+00:00,M03,RUNNING,2.0,0.00463,0.003872,0.000758,0.000758,0.0061,0.000543,0
2026-10-02T08:24:10+00:00,M03,RUNNING,2.0,0.00462,0.003872,0.000748,0.000748,0.006,0.000535,0
2026-10-02T08:24:12+00:00,M03,RUNNING,2.0,0.00468,0.003872,0.000808,0.000808,0.0065,0.000578,0
2026-10-02T08:24:14+00:00,M03,RUNNING,2.0,0.00456,0.003872,0.000688,0.000688,0.0055,0.000492,0
2026-10-02T08:24:16+00:00,M03,RUNNING,2.0,0.00455,0.003872,0.000678,0.000678,0.0054,0.000485,0
2026-10-02T08:24:18+00:00,M03,RUNNING,2.0,0.00461,0.003872,0.000738,0.000738,0.0059,0.000528,0
2026-10-02T08:24:20+00:00,M03,RUNNING,2.0,0.00473,0.003872,0.000858,0.000858,0.0069,0.000614,0
2026-10-02T08:24:22+00:00,M03,RUNNING,2.0,0.00465,0.003872,0.000778,0.000778,0.0062,0.000557,0
2026-10-02T08:24:24+00:00,M03,RUNNING,2.0,0.00469,0.003872,0.000818,0.000818,0.0065,0.000586,1
2026-10-02T08:24:26+00:00,M03,RUNNING,2.0,0.00473,0.003872,0.000858,0.000858,0.0069,0.000614,0
2026-10-02T08:24:28+00:00,M03,RUNNING,2.0,0.00457,0.003872,0.000698,0.000698,0.0056,0.0005,0
2026-10-02T08:24:30+00:00,M03,RUNNING,2.0,0.0047,0.003872,0.000828,0.000828,0.0066,0.000593,0
2026-10-02T08:24:32+00:00,M03,RUNNING,2.0,0.00457,0.003872,0.000698,0.000698,0.0056,0.0005,0
2026-10-02T08:24:34+00:00,M03,RUNNING,2.0,0.00476,0.003872,0.000888,0.000888,0.0071,0.000636,0
2026-10-02T08:24:36+00:00,M03,RUNNING,2.0,0.00458,0.003872,0.000708,0.000708,0.0057,0.000507,0
2026-10-02T08:24:38+00:00,M03,RUNNING,2.0,0.00481,0.003872,0.000938,0.000938,0.0075,0.000671,0
2026-10-02T08:24:40+00:00,M03,RUNNING,2.0,0.00459,0.003872,0.000718,0.000718,0.0057,0.000514,0
2026-10-02T08:24:42+00:00,M03,RUNNING,2.0,0.00478,0.003872,0.000908,0.000908,0.0073,0.00065,0
2026-10-02T08:24:44+00:00,M03,RUNNING,2.0,0.0048,0.003872,0.000928,0.000928,0.0074,0.000664,0
2026-10-02T08:24:46+00:00,M03,RUNNING,2.0,0.00473,0.003872,0.000858,0.000858,0.0069,0.000614,0
2026-10-02T08:24:48+00:00,M03,RUNNING,2.0,0.00464,0.003872,0.000768,0.000768,0.0061,0.00055,0
2026-10-02T08:24:50+00:00,M03,RUNNING,2.0,0.00459,0.003872,0.000718,0.000718,0.0057,0.000514,0
2026-10-02T08:24:52+00:00,M03,RUNNING,2.0,0.00476,0.003872,0.000888,0.000888,0.0071,0.000636,1
2026-10-02T08:24:54+00:00,M03,RUNNING,2.0,0.00468,0.003872,0.000808,0.000808,0.0065,0.000578,0
2026-10-02T08:24:56+00:00,M03,RUNNING,2.0,0.00462,0.003872,0.000748,0.000748,0.006,0.000535,0
2026-10-02T08:24:58+00:00,M03,RUNNING,2.0,0.00464,0.003872,0.000768,0.000768,0.0061,0.00055,0
2026-10-02T08:25:00+00:00,M03,RUNNING,2.0,0.00446,0.003872,0.000588,0.000588,0.0047,0.000421,0
2026-10-02T08:25:02+00:00,M03,RUNNING,2.0,0.00449,0.003872,0.000618,0.000618,0.0049,0.000442,0
2026-10-02T08:25:04+00:00,M03,RUNNING,2.0,0.00454,0.003872,0.000668,0.000668,0.0053,0.000478,0
2026-10-02T08:25:06+00:00,M03,RUNNING,2.0,0.00474,0.003872,0.000868,0.000868,0.0069,0.000621,0
2026-10-02T08:25:08+00:00,M03,RUNNING,2.0,0.00456,0.003872,0.000688,0.000688,0.0055,0.000492,0
2026-10-02T08:25:10+00:00,M03,RUNNING,2.0,0.00461,0.003872,0.000738,0.000738,0.0059,0.000528,0
2026-10-02T08:25:12+00:00,M03,RUNNING,2.0,0.00464,0.003872,0.000768,0.000768,0.0061,0.00055,0
2026-10-02T08:25:14+00:00,M03,RUNNING,2.0,0.0045,0.003872,0.000628,0.000628,0.005,0.000449,0
2026-10-02T08:25:16+00:00,M03,RUNNING,2.0,0.00448,0.003872,0.000608,0.000608,0.0049,0.000435,0
2026-10-02T08:25:18+00:00,M03,RUNNING,2.0,0.00462,0.003872,0.000748,0.000748,0.006,0.000535,0
2026-10-02T08:25:20+00:00,M03,RUNNING,2.0,0.00479,0.003872,0.000918,0.000918,0.0073,0.000657,1
2026-10-02T08:25:22+00:00,M03,RUNNING,2.0,0.00478,0.003872,0.000908,0.000908,0.0073,0.00065,0
2026-10-02T08:25:24+00:00,M03,RUNNING,2.0,0.00448,0.003872,0.000608,0.000608,0.0049,0.000435,0
2026-10-02T08:25:26+00:00,M03,RUNNING,2.0,0.00462,0.003872,0.000748,0.000748,0.006,0.000535,0
2026-10-02T08:25:28+00:00,M03,RUNNING,2.0,0.00457,0.003872,0.000698,0.000698,0.0056,0.0005,0
2026-10-02T08:25:30+00:00,M03,RUNNING,2.0,0.00474,0.003872,0.000868,0.000868,0.0069,0.000621,0
2026-10-02T08:25:32+00:00,M03,RUNNING,2.0,0.00465,0.003872,0.000778,0.000778,0.0062,0.000557,0
2026-10-02T08:25:34+00:00,M03,RUNNING,2.0,0.00472,0.003872,0.000848,0.000848,0.0068,0.000607,0
2026-10-02T08:25:36+00:00,M03,RUNNING,2.0,0.00449,0.003872,0.000618,0.000618,0.0049,0.000442,0
2026-10-02T08:25:38+00:00,M03,RUNNING,2.0,0.00459,0.003872,0.000718,0.000718,0.0057,0.000514,0
2026-10-02T08:25:40+00:00,M03,RUNNING,2.0,0.00452,0.003872,0.000648,0.000648,0.0052,0.000464,0
2026-10-02T08:25:42+00:00,M03,RUNNING,2.0,0.00472,0.003872,0.000848,0.000848,0.0068,0.000607,0
2026-10-02T08:25:44+00:00,M03,RUNNING,2.0,0.00473,0.003872,0.000858,0.000858,0.0069,0.000614,0
2026-10-02T08:25:46+00:00,M03,RUNNING,2.0,0.00457,0.003872,0.000698,0.000698,0.0056,0.0005,1
2026-10-02T08:25:48+00:00,M03,RUNNING,2.0,0.00472,0.003872,0.000848,0.000848,0.0068,0.000607,0
2026-10-02T08:25:50+00:00,M03,RUNNING,2.0,0.00479,0.003872,0.000918,0.000918,0.0073,0.000657,0
2026-10-02T08:25:52+00:00,M03,RUNNING,2.0,0.00472,0.003872,0.000848,0.000848,0.0068,0.000607,0
2026-10-02T08:25:54+00:00,M03,RUNNING,2.0,0.00477,0.003872,0.000898,0.000898,0.0072,0.000643,0
2026-10-02T08:25:56+00:00,M03,RUNNING,2.0,0.00469,0.003872,0.000818,0.000818,0.0065,0.000586,0
2026-10-02T08:25:58+00:00,M03,RUNNING,2.0,0.00473,0.003872,0.000858,0.000858,0.0069,0.000614,0
2026-10-02T08:26:00+00:00,M03,RUNNING,2.0,0.00469,0.003872,0.000818,0.000818,0.0065,0.000586,0
2026-10-02T08:26:02+00:00,M03,RUNNING,2.0,0.00451,0.003872,0.000638,0.000638,0.0051,0.000457,0
2026-10-02T08:26:04+00:00,M03,RUNNING,2.0,0.00458,0.003872,0.000708,0.000708,0.0057,0.000507,0
2026-10-02T08:26:06+00:00,M03,RUNNING,2.0,0.00461,0.003872,0.000738,0.000738,0.0059,0.000528,0
2026-10-02T08:26:08+00:00,M03,RUNNING,2.0,0.00447,0.003872,0.000598,0.000598,0.0048,0.000428,0
2026-10-02T08:26:10+00:00,M03,RUNNING,2.0,0.00452,0.003872,0.000648,0.000648,0.0052,0.000464,0
2026-10-02T08:26:12+00:00,M03,RUNNING,2.0,0.00472,0.003872,0.000848,0.000848,0.0068,0.000607,0
2026-10-02T08:26:14+00:00,M03,RUNNING,2.0,0.00475,0.003872,0.000878,0.000878,0.007,0.000628,1
2026-10-02T08:26:16+00:00,M03,RUNNING,2.0,0.00461,0.003872,0.000738,0.000738,0.0059,0.000528,0
2026-10-02T08:26:18+00:00,M03,RUNNING,2.0,0.00469,0.003872,0.000818,0.000818,0.0065,0.000586,0
2026-10-02T08:26:20+00:00,M03,RUNNING,2.0,0.00464,0.003872,0.000768,0.000768,0.0061,0.00055,0
2026-10-02T08:26:22+00:00,M03,RUNNING,2.0,0.00448,0.003872,0.000608,0.000608,0.0049,0.000435,0
2026-10-02T08:26:24+00:00,M03,RUNNING,2.0,0.00461,0.003872,0.000738,0.000738,0.0059,0.000528,0
2026-10-02T08:26:26+00:00,M03,RUNNING,2.0,0.00465,0.003872,0.000778,0.000778,0.0062,0.000557,0
2026-10-02T08:26:28+00:00,M03,RUNNING,2.0,0.00449,0.003872,0.000618,0.000618,0.0049,0.000442,0
2026-10-02T08:26:30+00:00,M03,RUNNING,2.0,0.00458,0.003872,0.000708,0.000708,0.0057,0.000507,0
2026-10-02T08:26:32+00:00,M03,RUNNING,2.0,0.0046,0.003872,0.000728,0.000728,0.0058,0.000521,0
2026-10-02T08:26:34+00:00,M03,RUNNING,2.0,0.00457,0.003872,0.000698,0.000698,0.0056,0.0005,0
2026-10-02T08:26:36+00:00,M03,RUNNING,2.0,0.00472,0.003872,0.000848,0.000848,0.0068,0.000607,0
2026-10-02T08:26:38+00:00,M03,RUNNING,2.0,0.00448,0.003872,0.000608,0.000608,0.0049,0.000435,0
2026-10-02T08:26:40+00:00,M03,RUNNING,2.0,0.00455,0.003872,0.000678,0.000678,0.0054,0.000485,0
2026-10-02T08:26:42+00:00,M03,RUNNING,2.0,0.00473,0.003872,0.000858,0.000858,0.0069,0.000614,1
2026-10-02T08:26:44+00:00,M03,RUNNING,2.0,0.00447,0.003872,0.000598,0.000598,0.0048,0.000428,0
2026-10-02T08:26:46+00:00,M03,RUNNING,2.0,0.00475,0.003872,0.000878,0.000878,0.007,0.000628,0
2026-10-02T08:26:48+00:00,M03,RUNNING,2.0,0.00448,0.003872,0.000608,0.000608,0.0049,0.000435,0
2026-10-02T08:26:50+00:00,M03,RUNNING,2.0,0.00474,0.003872,0.000868,0.000868,0.0069,0.000621,0
2026-10-02T08:26:52+00:00,M03,RUNNING,2.0,0.00451,0.003872,0.000638,0.000638,0.0051,0.000457,0
2026-10-02T08:26:54+00:00,M03,RUNNING,2.0,0.00475,0.003872,0.000878,0.000878,0.007,0.000628,0
2026-10-02T08:26:56+00:00,M03,RUNNING,2.0,0.00473,0.003872,0.000858,0.000858,0.0069,0.000614,0
2026-10-02T08:26:58+00:00,M03,RUNNING,2.0,0.00459,0.003872,0.000718,0.000718,0.0057,0.000514,0
2026-10-02T08:27:00+00:00,M03,RUNNING,2.0,0.00448,0.003872,0.000608,0.000608,0.0049,0.000435,0
2026-10-02T08:27:02+00:00,M03,DEGRADED,2.0,0.00576,0.0041,0.00166,0.00166,0.0133,0.001189,0
2026-10-02T08:27:04+00:00,M03,DEGRADED,2.0,0.00561,0.0041,0.00151,0.00151,0.0121,0.001081,0
2026-10-02T08:27:06+00:00,M03,DEGRADED,2.0,0.00558,0.0041,0.00148,0.00148,0.0118,0.00106,0
2026-10-02T08:27:08+00:00,M03,DEGRADED,2.0,0.00567,0.0041,0.00157,0.00157,0.0126,0.001124,0
2026-10-02T08:27:10+00:00,M03,DEGRADED,2.0,0.00581,0.0041,0.00171,0.00171,0.0137,0.001224,0
2026-10-02T08:27:12+00:00,M03,DEGRADED,2.0,0.0057,0.0041,0.0016,0.0016,0.0128,0.001146,1
2026-10-02T08:27:14+00:00,M03,DEGRADED,2.0,0.00583,0.0041,0.00173,0.00173,0.0138,0.001239,0
2026-10-02T08:27:16+00:00,M03,DEGRADED,2.0,0.00566,0.0041,0.00156,0.00156,0.0125,0.001117,0
2026-10-02T08:27:18+00:00,M03,DEGRADED,2.0,0.00576,0.0041,0.00166,0.00166,0.0133,0.001189,0
2026-10-02T08:27:20+00:00,M03,DEGRADED,2.0,0.00583,0.0041,0.00173,0.00173,0.0138,0.001239,0
2026-10-02T08:27:22+00:00,M03,DEGRADED,2.0,0.00584,0.0041,0.00174,0.00174,0.0139,0.001246,0
2026-10-02T08:27:24+00:00,M03,DEGRADED,2.0,0.00552,0.0041,0.00142,0.00142,0.0114,0.001017,0
2026-10-02T08:27:26+00:00,M03,DEGRADED,2.0,0.00565,0.0041,0.00155,0.00155,0.0124,0.00111,0
2026-10-02T08:27:28+00:00,M03,DEGRADED,2.0,0.00567,0.0041,0.00157,0.00157,0.0126,0.001124,0
2026-10-02T08:27:30+00:00,M03,DEGRADED,2.0,0.00559,0.0041,0.00149,0.00149,0.0119,0.001067,0
2026-10-02T08:27:32+00:00,M03,DEGRADED,2.0,0.00573,0.0041,0.00163,0.00163,0.013,0.001167,0
2026-10-02T08:27:34+00:00,M03,DEGRADED,2.0,0.0058,0.0041,0.0017,0.0017,0.0136,0.001217,0
2026-10-02T08:27:36+00:00,M03,DEGRADED,2.0,0.00558,0.0041,0.00148,0.00148,0.0118,0.00106,0
2026-10-02T08:27:38+00:00,M03,DEGRADED,2.0,0.00569,0.0041,0.00159,0.00159,0.0127,0.001138,0
2026-10-02T08:27:40+00:00,M03,DEGRADED,2.0,0.00573,0.0041,0.00163,0.00163,0.013,0.001167,0
2026-10-02T08:27:42+00:00,M03,DEGRADED,2.0,0.00571,0.0041,0.00161,0.00161,0.0129,0.001153,0
2026-10-02T08:27:44+00:00,M03,DEGRADED,2.0,0.00571,0.0041,0.00161,0.00161,0.0129,0.001153,0
2026-10-02T08:27:46+00:00,M03,DEGRADED,2.0,0.0056,0.0041,0.0015,0.0015,0.012,0.001074,0
2026-10-02T08:27:48+00:00,M03,DEGRADED,2.0,0.00569,0.0041,0.00159,0.00159,0.0127,0.001138,0
2026-10-02T08:27:50+00:00,M03,DEGRADED,2.0,0.00589,0.0041,0.00179,0.00179,0.0143,0.001282,1
2026-10-02T08:27:52+00:00,M03,DEGRADED,2.0,0.00568,0.0041,0.00158,0.00158,0.0126,0.001131,0
2026-10-02T08:27:54+00:00,M03,DEGRADED,2.0,0.00587,0.0041,0.00177,0.00177,0.0142,0.001267,0
2026-10-02T08:27:56+00:00,M03,DEGRADED,2.0,0.00586,0.0041,0.00176,0.00176,0.0141,0.00126,0
2026-10-02T08:27:58+00:00,M03,DEGRADED,2.0,0.00578,0.0041,0.00168,0.00168,0.0134,0.001203,0
2026-10-02T08:28:00+00:00,M03,DEGRADED,2.0,0.00594,0.0041,0.00184,0.00184,0.0147,0.001317,0
2026-10-02T08:28:02+00:00,M03,DEGRADED,2.0,0.0059,0.0041,0.0018,0.0018,0.0144,0.001289,0
2026-10-02T08:28:04+00:00,M03,DEGRADED,2.0,0.00595,0.0041,0.00185,0.00185,0.0148,0.001325,0
2026-10-02T08:28:06+00:00,M03,DEGRADED,2.0,0.0059,0.0041,0.0018,0.0018,0.0144,0.001289,0
2026-10-02T08:28:08+00:00,M03,DEGRADED,2.0,0.00595,0.0041,0.00185,0.00185,0.0148,0.001325,0
2026-10-02T08:28:10+00:00,M03,DEGRADED,2.0,0.00582,0.0041,0.00172,0.00172,0.0138,0.001232,0
2026-10-02T08:28:12+00:00,M03,DEGRADED,2.0,0.00581,0.0041,0.00171,0.00171,0.0137,0.001224,0
2026-10-02T08:28:14+00:00,M03,DEGRADED,2.0,0.0059,0.0041,0.0018,0.0018,0.0144,0.001289,0
2026-10-02T08:28:16+00:00,M03,DEGRADED,2.0,0.00589,0.0041,0.00179,0.00179,0.0143,0.001282,0
2026-10-02T08:28:18+00:00,M03,DEGRADED,2.0,0.00591,0.0041,0.00181,0.00181,0.0145,0.001296,0
2026-10-02T08:28:20+00:00,M03,DEGRADED,2.0,0.00577,0.0041,0.00167,0.00167,0.0134,0.001196,0
2026-10-02T08:28:22+00:00,M03,DEGRADED,2.0,0.00582,0.0041,0.00172,0.00172,0.0138,0.001232,0
2026-10-02T08:28:24+00:00,M03,DEGRADED,2.0,0.00569,0.0041,0.00159,0.00159,0.0127,0.001138,0
2026-10-02T08:28:26+00:00,M03,DEGRADED,2.0,0.00586,0.0041,0.00176,0.00176,0.0141,0.00126,0
2026-10-02T08:28:28+00:00,M03,DEGRADED,2.0,0.00575,0.0041,0.00165,0.00165,0.0132,0.001181,1
2026-10-02T08:28:30+00:00,M03,DEGRADED,2.0,0.00592,0.0041,0.00182,0.00182,0.0146,0.001303,0
2026-10-02T08:28:32+00:00,M03,DEGRADED,2.0,0.00584,0.0041,0.00174,0.00174,0.0139,0.001246,0
2026-10-02T08:28:34+00:00,M03,DEGRADED,2.0,0.00578,0.0041,0.00168,0.00168,0.0134,0.001203,0
2026-10-02T08:28:36+00:00,M03,DEGRADED,2.0,0.00585,0.0041,0.00175,0.00175,0.014,0.001253,0
2026-10-02T08:28:38+00:00,M03,DEGRADED,2.0,0.00593,0.0041,0.00183,0.00183,0.0146,0.00131,0
2026-10-02T08:28:40+00:00,M03,DEGRADED,2.0,0.006,0.0041,0.0019,0.0019,0.0152,0.00136,0
2026-10-02T08:28:42+00:00,M03,DEGRADED,2.0,0.00571,0.0041,0.00161,0.00161,0.0129,0.001153,0
2026-10-02T08:28:44+00:00,M03,DEGRADED,2.0,0.00582,0.0041,0.00172,0.00172,0.0138,0.001232,0
2026-10-02T08:28:46+00:00,M03,DEGRADED,2.0,0.00599,0.0041,0.00189,0.00189,0.0151,0.001353,0
2026-10-02T08:28:48+00:00,M03,DEGRADED,2.0,0.0059,0.0041,0.0018,0.0018,0.0144,0.001289,0
2026-10-02T08:28:50+00:00,M03,DEGRADED,2.0,0.00591,0.0041,0.00181,0.00181,0.0145,0.001296,0
2026-10-02T08:28:52+00:00,M03,DEGRADED,2.0,0.00572,0.0041,0.00162,0.00162,0.013,0.00116,0
2026-10-02T08:28:54+00:00,M03,DEGRADED,2.0,0.00576,0.0041,0.00166,0.00166,0.0133,0.001189,0
2026-10-02T08:28:56+00:00,M03,DEGRADED,2.0,0.00591,0.0041,0.00181,0.00181,0.0145,0.001296,0
2026-10-02T08:28:58+00:00,M03,DEGRADED,2.0,0.00585,0.0041,0.00175,0.00175,0.014,0.001253,0
2026-10-02T08:29:00+00:00,M03,DEGRADED,2.0,0.00607,0.0041,0.00197,0.00197,0.0158,0.001411,0
2026-10-02T08:29:02+00:00,M03,RUNNING,2.0,0.00512,0.003872,0.001248,0.001248,0.01,0.000893,0
2026-10-02T08:29:04+00:00,M03,RUNNING,2.0,0.00526,0.003872,0.001388,0.001388,0.0111,0.000994,0
2026-10-02T08:29:06+00:00,M03,RUNNING,2.0,0.00525,0.003872,0.001378,0.001378,0.011,0.000986,1
2026-10-02T08:29:08+00:00,M03,RUNNING,2.0,0.00522,0.003872,0.001348,0.001348,0.0108,0.000965,0
2026-10-02T08:29:10+00:00,M03,RUNNING,2.0,0.00502,0.003872,0.001148,0.001148,0.0092,0.000822,0
2026-10-02T08:29:12+00:00,M03,RUNNING,2.0,0.00493,0.003872,0.001058,0.001058,0.0085,0.000757,0
2026-10-02T08:29:14+00:00,M03,RUNNING,2.0,0.00486,0.003872,0.000988,0.000988,0.0079,0.000707,0
2026-10-02T08:29:16+00:00,M03,RUNNING,2.0,0.00474,0.003872,0.000868,0.000868,0.0069,0.000621,0
2026-10-02T08:29:18+00:00,M03,RUNNING,2.0,0.00497,0.003872,0.001098,0.001098,0.0088,0.000786,0
2026-10-02T08:29:20+00:00,M03,RUNNING,2.0,0.00501,0.003872,0.001138,0.001138,0.0091,0.000815,0
2026-10-02T08:29:22+00:00,M03,RUNNING,2.0,0.0049,0.003872,0.001028,0.001028,0.0082,0.000736,0
2026-10-02T08:29:24+00:00,M03,RUNNING,2.0,0.00478,0.003872,0.000908,0.000908,0.0073,0.00065,0
2026-10-02T08:29:26+00:00,M03,RUNNING,2.0,0.00489,0.003872,0.001018,0.001018,0.0081,0.000729,0
2026-10-02T08:29:28+00:00,M03,RUNNING,2.0,0.00483,0.003872,0.000958,0.000958,0.0077,0.000686,0
2026-10-02T08:29:30+00:00,M03,RUNNING,2.0,0.00452,0.003872,0.000648,0.000648,0.0052,0.000464,0
2026-10-02T08:29:32+00:00,M03,RUNNING,2.0,0.00449,0.003872,0.000618,0.000618,0.0049,0.000442,0
2026-10-02T08:29:34+00:00,M03,RUNNING,2.0,0.0045,0.003872,0.000628,0.000628,0.005,0.000449,1
2026-10-02T08:29:36+00:00,M03,RUNNING,2.0,0.00482,0.003872,0.000948,0.000948,0.0076,0.000679,0
2026-10-02T08:29:38+00:00,M03,RUNNING,2.0,0.00483,0.003872,0.000958,0.000958,0.0077,0.000686,0
2026-10-02T08:29:40+00:00,M03,RUNNING,2.0,0.00459,0.003872,0.000718,0.000718,0.0057,0.000514,0
2026-10-02T08:29:42+00:00,M03,RUNNING,2.0,0.0045,0.003872,0.000628,0.000628,0.005,0.000449,0
2026-10-02T08:29:44+00:00,M03,RUNNING,2.0,0.0045,0.003872,0.000628,0.000628,0.005,0.000449,0
2026-10-02T08:29:46+00:00,M03,RUNNING,2.0,0.0047,0.003872,0.000828,0.000828,0.0066,0.000593,0
2026-10-02T08:29:48+00:00,M03,RUNNING,2.0,0.00457,0.003872,0.000698,0.000698,0.0056,0.0005,0
2026-10-02T08:29:50+00:00,M03,RUNNING,2.0,0.00481,0.003872,0.000938,0.000938,0.0075,0.000671,0
2026-10-02T08:29:52+00:00,M03,RUNNING,2.0,0.00459,0.003872,0.000718,0.000718,0.0057,0.000514,0
2026-10-02T08:29:54+00:00,M03,RUNNING,2.0,0.00473,0.003872,0.000858,0.000858,0.0069,0.000614,0
2026-10-02T08:29:56+00:00,M03,RUNNING,2.0,0.00465,0.003872,0.000778,0.000778,0.0062,0.000557,0
2026-10-02T08:29:58+00:00,M03,RUNNING,2.0,0.00464,0.003872,0.000768,0.000768,0.0061,0.00055,0
2026-10-02T08:30:00+00:00,M03,RUNNING,2.0,0.00463,0.003872,0.000758,0.000758,0.0061,0.000543,0
2026-10-02T08:00:04+00:00,M04,RUNNING,2.0,0.00303,0.002597,0.000433,0.000433,0.0035,0.00031,0
2026-10-02T08:00:06+00:00,M04,RUNNING,2.0,0.0031,0.002597,0.000503,0.000503,0.004,0.00036,0
2026-10-02T08:00:08+00:00,M04,RUNNING,2.0,0.00319,0.002597,0.000593,0.000593,0.0047,0.000424,0
2026-10-02T08:00:10+00:00,M04,RUNNING,2.0,0.0032,0.002597,0.000603,0.000603,0.0048,0.000432,0
2026-10-02T08:00:12+00:00,M04,RUNNING,2.0,0.00313,0.002597,0.000533,0.000533,0.0043,0.000381,0
2026-10-02T08:00:14+00:00,M04,RUNNING,2.0,0.00317,0.002597,0.000573,0.000573,0.0046,0.00041,0
2026-10-02T08:00:16+00:00,M04,RUNNING,2.0,0.00304,0.002597,0.000443,0.000443,0.0035,0.000317,0
2026-10-02T08:00:18+00:00,M04,RUNNING,2.0,0.00313,0.002597,0.000533,0.000533,0.0043,0.000381,0
2026-10-02T08:00:20+00:00,M04,RUNNING,2.0,0.0031,0.002597,0.000503,0.000503,0.004,0.00036,0
2026-10-02T08:00:22+00:00,M04,RUNNING,2.0,0.00315,0.002597,0.000553,0.000553,0.0044,0.000396,0
2026-10-02T08:00:24+00:00,M04,RUNNING,2.0,0.00317,0.002597,0.000573,0.000573,0.0046,0.00041,0
2026-10-02T08:00:26+00:00,M04,RUNNING,2.0,0.00312,0.002597,0.000523,0.000523,0.0042,0.000374,0
2026-10-02T08:00:28+00:00,M04,RUNNING,2.0,0.00317,0.002597,0.000573,0.000573,0.0046,0.00041,0
2026-10-02T08:00:30+00:00,M04,RUNNING,2.0,0.00314,0.002597,0.000543,0.000543,0.0043,0.000389,0
2026-10-02T08:00:32+00:00,M04,RUNNING,2.0,0.00318,0.002597,0.000583,0.000583,0.0047,0.000417,0
2026-10-02T08:00:34+00:00,M04,RUNNING,2.0,0.00315,0.002597,0.000553,0.000553,0.0044,0.000396,0
2026-10-02T08:00:36+00:00,M04,RUNNING,2.0,0.00308,0.002597,0.000483,0.000483,0.0039,0.000346,0
2026-10-02T08:00:38+00:00,M04,RUNNING,2.0,0.00304,0.002597,0.000443,0.000443,0.0035,0.000317,0
2026-10-02T08:00:40+00:00,M04,RUNNING,2.0,0.00303,0.002597,0.000433,0.000433,0.0035,0.00031,1
2026-10-02T08:00:42+00:00,M04,RUNNING,2.0,0.00323,0.002597,0.000633,0.000633,0.0051,0.000453,0
2026-10-02T08:00:44+00:00,M04,RUNNING,2.0,0.00312,0.002597,0.000523,0.000523,0.0042,0.000374,0
2026-10-02T08:00:46+00:00,M04,RUNNING,2.0,0.00306,0.002597,0.000463,0.000463,0.0037,0.000331,0
2026-10-02T08:00:48+00:00,M04,RUNNING,2.0,0.0032,0.002597,0.000603,0.000603,0.0048,0.000432,0
2026-10-02T08:00:50+00:00,M04,RUNNING,2.0,0.00317,0.002597,0.000573,0.000573,0.0046,0.00041,0
2026-10-02T08:00:52+00:00,M04,RUNNING,2.0,0.0031,0.002597,0.000503,0.000503,0.004,0.00036,0
2026-10-02T08:00:54+00:00,M04,RUNNING,2.0,0.00308,0.002597,0.000483,0.000483,0.0039,0.000346,0
2026-10-02T08:00:56+00:00,M04,RUNNING,2.0,0.00301,0.002597,0.000413,0.000413,0.0033,0.000296,0
2026-10-02T08:00:58+00:00,M04,RUNNING,2.0,0.00302,0.002597,0.000423,0.000423,0.0034,0.000303,0
2026-10-02T08:01:00+00:00,M04,RUNNING,2.0,0.00313,0.002597,0.000533,0.000533,0.0043,0.000381,0
2026-10-02T08:01:02+00:00,M04,RUNNING,2.0,0.00308,0.002597,0.000483,0.000483,0.0039,0.000346,0
2026-10-02T08:01:04+00:00,M04,RUNNING,2.0,0.00302,0.002597,0.000423,0.000423,0.0034,0.000303,0
2026-10-02T08:01:06+00:00,M04,RUNNING,2.0,0.00321,0.002597,0.000613,0.000613,0.0049,0.000439,0
2026-10-02T08:01:08+00:00,M04,RUNNING,2.0,0.00321,0.002597,0.000613,0.000613,0.0049,0.000439,0
2026-10-02T08:01:10+00:00,M04,RUNNING,2.0,0.00313,0.002597,0.000533,0.000533,0.0043,0.000381,0
2026-10-02T08:01:12+00:00,M04,RUNNING,2.0,0.00305,0.002597,0.000453,0.000453,0.0036,0.000324,0
2026-10-02T08:01:14+00:00,M04,RUNNING,2.0,0.00324,0.002597,0.000643,0.000643,0.0051,0.00046,0
2026-10-02T08:01:16+00:00,M04,RUNNING,2.0,0.00316,0.002597,0.000563,0.000563,0.0045,0.000403,0
2026-10-02T08:01:18+00:00,M04,RUNNING,2.0,0.00317,0.002597,0.000573,0.000573,0.0046,0.00041,0
2026-10-02T08:01:20+00:00,M04,RUNNING,2.0,0.00307,0.002597,0.000473,0.000473,0.0038,0.000339,1
2026-10-02T08:01:22+00:00,M04,RUNNING,2.0,0.00304,0.002597,0.000443,0.000443,0.0035,0.000317,0
2026-10-02T08:01:24+00:00,M04,RUNNING,2.0,0.00314,0.002597,0.000543,0.000543,0.0043,0.000389,0
2026-10-02T08:01:26+00:00,M04,RUNNING,2.0,0.00308,0.002597,0.000483,0.000483,0.0039,0.000346,0
2026-10-02T08:01:28+00:00,M04,RUNNING,2.0,0.0032,0.002597,0.000603,0.000603,0.0048,0.000432,0
2026-10-02T08:01:30+00:00,M04,RUNNING,2.0,0.00312,0.002597,0.000523,0.000523,0.0042,0.000374,0
2026-10-02T08:01:32+00:00,M04,RUNNING,2.0,0.00305,0.002597,0.000453,0.000453,0.0036,0.000324,0
2026-10-02T08:01:34+00:00,M04,RUNNING,2.0,0.00305,0.002597,0.000453,0.000453,0.0036,0.000324,0
2026-10-02T08:01:36+00:00,M04,RUNNING,2.0,0.00316,0.002597,0.000563,0.000563,0.0045,0.000403,0
2026-10-02T08:01:38+00:00,M04,RUNNING,2.0,0.00308,0.002597,0.000483,0.000483,0.0039,0.000346,0
2026-10-02T08:01:40+00:00,M04,RUNNING,2.0,0.00323,0.002597,0.000633,0.000633,0.0051,0.000453,0
2026-10-02T08:01:42+00:00,M04,RUNNING,2.0,0.00323,0.002597,0.000633,0.000633,0.0051,0.000453,0
2026-10-02T08:01:44+00:00,M04,RUNNING,2.0,0.0031,0.002597,0.000503,0.000503,0.004,0.00036,0
2026-10-02T08:01:46+00:00,M04,RUNNING,2.0,0.00306,0.002597,0.000463,0.000463,0.0037,0.000331,0
2026-10-02T08:01:48+00:00,M04,RUNNING,2.0,0.00323,0.002597,0.000633,0.000633,0.0051,0.000453,0
2026-10-02T08:01:50+00:00,M04,RUNNING,2.0,0.00309,0.002597,0.000493,0.000493,0.0039,0.000353,0
2026-10-02T08:01:52+00:00,M04,RUNNING,2.0,0.00305,0.002597,0.000453,0.000453,0.0036,0.000324,0
2026-10-02T08:01:54+00:00,M04,RUNNING,2.0,0.00322,0.002597,0.000623,0.000623,0.005,0.000446,0
2026-10-02T08:01:56+00:00,M04,RUNNING,2.0,0.00313,0.002597,0.000533,0.000533,0.0043,0.000381,0
2026-10-02T08:01:58+00:00,M04,RUNNING,2.0,0.00315,0.002597,0.000553,0.000553,0.0044,0.000396,0
2026-10-02T08:02:00+00:00,M04,RUNNING,2.0,0.00306,0.002597,0.000463,0.000463,0.0037,0.000331,1
2026-10-02T08:02:02+00:00,M04,RUNNING,2.0,0.00321,0.002597,0.000613,0.000613,0.0049,0.000439,0
2026-10-02T08:02:04+00:00,M04,RUNNING,2.0,0.00305,0.002597,0.000453,0.000453,0.0036,0.000324,0
2026-10-02T08:02:06+00:00,M04,RUNNING,2.0,0.00318,0.002597,0.000583,0.000583,0.0047,0.000417,0
2026-10-02T08:02:08+00:00,M04,RUNNING,2.0,0.00322,0.002597,0.000623,0.000623,0.005,0.000446,0
2026-10-02T08:02:10+00:00,M04,RUNNING,2.0,0.00318,0.002597,0.000583,0.000583,0.0047,0.000417,0
2026-10-02T08:02:12+00:00,M04,RUNNING,2.0,0.00323,0.002597,0.000633,0.000633,0.0051,0.000453,0
2026-10-02T08:02:14+00:00,M04,RUNNING,2.0,0.0031,0.002597,0.000503,0.000503,0.004,0.00036,0
2026-10-02T08:02:16+00:00,M04,RUNNING,2.0,0.00312,0.002597,0.000523,0.000523,0.0042,0.000374,0
2026-10-02T08:02:18+00:00,M04,RUNNING,2.0,0.00302,0.002597,0.000423,0.000423,0.0034,0.000303,0
2026-10-02T08:02:20+00:00,M04,RUNNING,2.0,0.00312,0.002597,0.000523,0.000523,0.0042,0.000374,0
2026-10-02T08:02:22+00:00,M04,RUNNING,2.0,0.00307,0.002597,0.000473,0.000473,0.0038,0.000339,0
2026-10-02T08:02:24+00:00,M04,RUNNING,2.0,0.00322,0.002597,0.000623,0.000623,0.005,0.000446,0
2026-10-02T08:02:26+00:00,M04,RUNNING,2.0,0.00311,0.002597,0.000513,0.000513,0.0041,0.000367,0
2026-10-02T08:02:28+00:00,M04,RUNNING,2.0,0.00314,0.002597,0.000543,0.000543,0.0043,0.000389,0
2026-10-02T08:02:30+00:00,M04,RUNNING,2.0,0.00317,0.002597,0.000573,0.000573,0.0046,0.00041,0
2026-10-02T08:02:32+00:00,M04,RUNNING,2.0,0.00312,0.002597,0.000523,0.000523,0.0042,0.000374,0
2026-10-02T08:02:34+00:00,M04,RUNNING,2.0,0.0031,0.002597,0.000503,0.000503,0.004,0.00036,0
2026-10-02T08:02:36+00:00,M04,RUNNING,2.0,0.00322,0.002597,0.000623,0.000623,0.005,0.000446,0
2026-10-02T08:02:38+00:00,M04,RUNNING,2.0,0.00306,0.002597,0.000463,0.000463,0.0037,0.000331,0
2026-10-02T08:02:40+00:00,M04,RUNNING,2.0,0.00305,0.002597,0.000453,0.000453,0.0036,0.000324,1
2026-10-02T08:02:42+00:00,M04,RUNNING,2.0,0.0031,0.002597,0.000503,0.000503,0.004,0.00036,0
2026-10-02T08:02:44+00:00,M04,RUNNING,2.0,0.00317,0.002597,0.000573,0.000573,0.0046,0.00041,0
2026-10-02T08:02:46+00:00,M04,RUNNING,2.0,0.00318,0.002597,0.000583,0.000583,0.0047,0.000417,0
2026-10-02T08:02:48+00:00,M04,RUNNING,2.0,0.00303,0.002597,0.000433,0.000433,0.0035,0.00031,0
2026-10-02T08:02:50+00:00,M04,RUNNING,2.0,0.00307,0.002597,0.000473,0.000473,0.0038,0.000339,0
2026-10-02T08:02:52+00:00,M04,RUNNING,2.0,0.00322,0.002597,0.000623,0.000623,0.005,0.000446,0
2026-10-02T08:02:54+00:00,M04,RUNNING,2.0,0.00306,0.002597,0.000463,0.000463,0.0037,0.000331,0
2026-10-02T08:02:56+00:00,M04,RUNNING,2.0,0.00318,0.002597,0.000583,0.000583,0.0047,0.000417,0
2026-10-02T08:02:58+00:00,M04,RUNNING,2.0,0.00314,0.002597,0.000543,0.000543,0.0043,0.000389,0
2026-10-02T08:03:00+00:00,M04,RUNNING,2.0,0.00314,0.002597,0.000543,0.000543,0.0043,0.000389,0
2026-10-02T08:03:02+00:00,M04,RUNNING,2.0,0.00324,0.002597,0.000643,0.000643,0.0051,0.00046,0
2026-10-02T08:03:04+00:00,M04,RUNNING,2.0,0.00322,0.002597,0.000623,0.000623,0.005,0.000446,0
2026-10-02T08:03:06+00:00,M04,RUNNING,2.0,0.00317,0.002597,0.000573,0.000573,0.0046,0.00041,0
2026-10-02T08:03:08+00:00,M04,RUNNING,2.0,0.00311,0.002597,0.000513,0.000513,0.0041,0.000367,0
2026-10-02T08:03:10+00:00,M04,RUNNING,2.0,0.00303,0.002597,0.000433,0.000433,0.0035,0.00031,0
2026-10-02T08:03:12+00:00,M04,RUNNING,2.0,0.00309,0.002597,0.000493,0.000493,0.0039,0.000353,0
2026-10-02T08:03:14+00:00,M04,RUNNING,2.0,0.0032,0.002597,0.000603,0.000603,0.0048,0.000432,0
2026-10-02T08:03:16+00:00,M04,RUNNING,2.0,0.00322,0.002597,0.000623,0.000623,0.005,0.000446,0
2026-10-02T08:03:18+00:00,M04,RUNNING,2.0,0.00315,0.002597,0.000553,0.000553,0.0044,0.000396,0
2026-10-02T08:03:20+00:00,M04,RUNNING,2.0,0.00308,0.002597,0.000483,0.000483,0.0039,0.000346,1
2026-10-02T08:03:22+00:00,M04,RUNNING,2.0,0.00299,0.002597,0.000393,0.000393,0.0031,0.000281,0
2026-10-02T08:03:24+00:00,M04,RUNNING,2.0,0.00303,0.002597,0.000433,0.000433,0.0035,0.00031,0
2026-10-02T08:03:26+00:00,M04,RUNNING,2.0,0.00299,0.002597,0.000393,0.000393,0.0031,0.000281,0
2026-10-02T08:03:28+00:00,M04,RUNNING,2.0,0.00302,0.002597,0.000423,0.000423,0.0034,0.000303,0
2026-10-02T08:03:30+00:00,M04,RUNNING,2.0,0.00311,0.002597,0.000513,0.000513,0.0041,0.000367,0
2026-10-02T08:03:32+00:00,M04,RUNNING,2.0,0.00321,0.002597,0.000613,0.000613,0.0049,0.000439,0
2026-10-02T08:03:34+00:00,M04,RUNNING,2.0,0.00302,0.002597,0.000423,0.000423,0.0034,0.000303,0
2026-10-02T08:03:36+00:00,M04,RUNNING,2.0,0.00302,0.002597,0.000423,0.000423,0.0034,0.000303,0
2026-10-02T08:03:38+00:00,M04,RUNNING,2.0,0.00312,0.002597,0.000523,0.000523,0.0042,0.000374,0
2026-10-02T08:03:40+00:00,M04,RUNNING,2.0,0.00309,0.002597,0.000493,0.000493,0.0039,0.000353,0
2026-10-02T08:03:42+00:00,M04,RUNNING,2.0,0.00305,0.002597,0.000453,0.000453,0.0036,0.000324,0
2026-10-02T08:03:44+00:00,M04,RUNNING,2.0,0.00319,0.002597,0.000593,0.000593,0.0047,0.000424,0
2026-10-02T08:03:46+00:00,M04,RUNNING,2.0,0.00299,0.002597,0.000393,0.000393,0.0031,0.000281,0
2026-10-02T08:03:48+00:00,M04,RUNNING,2.0,0.00304,0.002597,0.000443,0.000443,0.0035,0.000317,0
2026-10-02T08:03:50+00:00,M04,RUNNING,2.0,0.00318,0.002597,0.000583,0.000583,0.0047,0.000417,0
2026-10-02T08:03:52+00:00,M04,RUNNING,2.0,0.00312,0.002597,0.000523,0.000523,0.0042,0.000374,0
2026-10-02T08:03:54+00:00,M04,RUNNING,2.0,0.00305,0.002597,0.000453,0.000453,0.0036,0.000324,0
2026-10-02T08:03:56+00:00,M04,RUNNING,2.0,0.00319,0.002597,0.000593,0.000593,0.0047,0.000424,0
2026-10-02T08:03:58+00:00,M04,RUNNING,2.0,0.00304,0.002597,0.000443,0.000443,0.0035,0.000317,0
2026-10-02T08:04:00+00:00,M04,RUNNING,2.0,0.00316,0.002597,0.000563,0.000563,0.0045,0.000403,1
2026-10-02T08:04:02+00:00,M04,RUNNING,2.0,0.00309,0.002597,0.000493,0.000493,0.0039,0.000353,0
2026-10-02T08:04:04+00:00,M04,RUNNING,2.0,0.00305,0.002597,0.000453,0.000453,0.0036,0.000324,0
2026-10-02T08:04:06+00:00,M04,RUNNING,2.0,0.00319,0.002597,0.000593,0.000593,0.0047,0.000424,0
2026-10-02T08:04:08+00:00,M04,RUNNING,2.0,0.00302,0.002597,0.000423,0.000423,0.0034,0.000303,0
2026-10-02T08:04:10+00:00,M04,RUNNING,2.0,0.00311,0.002597,0.000513,0.000513,0.0041,0.000367,0
2026-10-02T08:04:12+00:00,M04,RUNNING,2.0,0.00316,0.002597,0.000563,0.000563,0.0045,0.000403,0
2026-10-02T08:04:14+00:00,M04,RUNNING,2.0,0.00317,0.002597,0.000573,0.000573,0.0046,0.00041,0
2026-10-02T08:04:16+00:00,M04,RUNNING,2.0,0.00321,0.002597,0.000613,0.000613,0.0049,0.000439,0
2026-10-02T08:04:18+00:00,M04,RUNNING,2.0,0.00324,0.002597,0.000643,0.000643,0.0051,0.00046,0
2026-10-02T08:04:20+00:00,M04,RUNNING,2.0,0.0032,0.002597,0.000603,0.000603,0.0048,0.000432,0
2026-10-02T08:04:22+00:00,M04,RUNNING,2.0,0.00301,0.002597,0.000413,0.000413,0.0033,0.000296,0
2026-10-02T08:04:24+00:00,M04,RUNNING,2.0,0.00304,0.002597,0.000443,0.000443,0.0035,0.000317,0
2026-10-02T08:04:26+00:00,M04,RUNNING,2.0,0.00322,0.002597,0.000623,0.000623,0.005,0.000446,0
2026-10-02T08:04:28+00:00,M04,RUNNING,2.0,0.00321,0.002597,0.000613,0.000613,0.0049,0.000439,0
2026-10-02T08:04:30+00:00,M04,RUNNING,2.0,0.00319,0.002597,0.000593,0.000593,0.0047,0.000424,0
2026-10-02T08:04:32+00:00,M04,RUNNING,2.0,0.00309,0.002597,0.000493,0.000493,0.0039,0.000353,0
2026-10-02T08:04:34+00:00,M04,RUNNING,2.0,0.00319,0.002597,0.000593,0.000593,0.0047,0.000424,0
2026-10-02T08:04:36+00:00,M04,RUNNING,2.0,0.00305,0.002597,0.000453,0.000453,0.0036,0.000324,0
2026-10-02T08:04:38+00:00,M04,RUNNING,2.0,0.00307,0.002597,0.000473,0.000473,0.0038,0.000339,0
2026-10-02T08:04:40+00:00,M04,RUNNING,2.0,0.00316,0.002597,0.000563,0.000563,0.0045,0.000403,1
2026-10-02T08:04:42+00:00,M04,RUNNING,2.0,0.00307,0.002597,0.000473,0.000473,0.0038,0.000339,0
2026-10-02T08:04:44+00:00,M04,RUNNING,2.0,0.0031,0.002597,0.000503,0.000503,0.004,0.00036,0
2026-10-02T08:04:46+00:00,M04,RUNNING,2.0,0.00312,0.002597,0.000523,0.000523,0.0042,0.000374,0
2026-10-02T08:04:48+00:00,M04,RUNNING,2.0,0.00308,0.002597,0.000483,0.000483,0.0039,0.000346,0
2026-10-02T08:04:50+00:00,M04,RUNNING,2.0,0.00313,0.002597,0.000533,0.000533,0.0043,0.000381,0
2026-10-02T08:04:52+00:00,M04,RUNNING,2.0,0.00323,0.002597,0.000633,0.000633,0.0051,0.000453,0
2026-10-02T08:04:54+00:00,M04,RUNNING,2.0,0.00305,0.002597,0.000453,0.000453,0.0036,0.000324,0
2026-10-02T08:04:56+00:00,M04,RUNNING,2.0,0.00301,0.002597,0.000413,0.000413,0.0033,0.000296,0
2026-10-02T08:04:58+00:00,M04,RUNNING,2.0,0.003,0.002597,0.000403,0.000403,0.0032,0.000288,0
2026-10-02T08:05:00+00:00,M04,RUNNING,2.0,0.00318,0.002597,0.000583,0.000583,0.0047,0.000417,0
2026-10-02T08:05:02+00:00,M04,RUNNING,2.0,0.00306,0.002597,0.000463,0.000463,0.0037,0.000331,0
2026-10-02T08:05:04+00:00,M04,RUNNING,2.0,0.00306,0.002597,0.000463,0.000463,0.0037,0.000331,0
2026-10-02T08:05:06+00:00,M04,RUNNING,2.0,0.00323,0.002597,0.000633,0.000633,0.0051,0.000453,0
2026-10-02T08:05:08+00:00,M04,RUNNING,2.0,0.003,0.002597,0.000403,0.000403,0.0032,0.000288,0
2026-10-02T08:05:10+00:00,M04,RUNNING,2.0,0.00319,0.002597,0.000593,0.000593,0.0047,0.000424,0
2026-10-02T08:05:12+00:00,M04,RUNNING,2.0,0.00323,0.002597,0.000633,0.000633,0.0051,0.000453,0
2026-10-02T08:05:14+00:00,M04,RUNNING,2.0,0.00315,0.002597,0.000553,0.000553,0.0044,0.000396,0
2026-10-02T08:05:16+00:00,M04,RUNNING,2.0,0.003,0.002597,0.000403,0.000403,0.0032,0.000288,0
2026-10-02T08:05:18+00:00,M04,RUNNING,2.0,0.00312,0.002597,0.000523,0.000523,0.0042,0.000374,0
2026-10-02T08:05:20+00:00,M04,RUNNING,2.0,0.00301,0.002597,0.000413,0.000413,0.0033,0.000296,1
2026-10-02T08:05:22+00:00,M04,RUNNING,2.0,0.00319,0.002597,0.000593,0.000593,0.0047,0.000424,0
2026-10-02T08:05:24+00:00,M04,RUNNING,2.0,0.00314,0.002597,0.000543,0.000543,0.0043,0.000389,0
2026-10-02T08:05:26+00:00,M04,RUNNING,2.0,0.00316,0.002597,0.000563,0.000563,0.0045,0.000403,0
2026-10-02T08:05:28+00:00,M04,RUNNING,2.0,0.003,0.002597,0.000403,0.000403,0.0032,0.000288,0
2026-10-02T08:05:30+00:00,M04,RUNNING,2.0,0.00318,0.002597,0.000583,0.000583,0.0047,0.000417,0
2026-10-02T08:05:32+00:00,M04,RUNNING,2.0,0.00302,0.002597,0.000423,0.000423,0.0034,0.000303,0
2026-10-02T08:05:34+00:00,M04,RUNNING,2.0,0.00321,0.002597,0.000613,0.000613,0.0049,0.000439,0
2026-10-02T08:05:36+00:00,M04,RUNNING,2.0,0.00317,0.002597,0.000573,0.000573,0.0046,0.00041,0
2026-10-02T08:05:38+00:00,M04,RUNNING,2.0,0.00305,0.002597,0.000453,0.000453,0.0036,0.000324,0
2026-10-02T08:05:40+00:00,M04,RUNNING,2.0,0.00323,0.002597,0.000633,0.000633,0.0051,0.000453,0
2026-10-02T08:05:42+00:00,M04,RUNNING,2.0,0.00318,0.002597,0.000583,0.000583,0.0047,0.000417,0
2026-10-02T08:05:44+00:00,M04,RUNNING,2.0,0.00302,0.002597,0.000423,0.000423,0.0034,0.000303,0
2026-10-02T08:05:46+00:00,M04,RUNNING,2.0,0.00308,0.002597,0.000483,0.000483,0.0039,0.000346,0
2026-10-02T08:05:48+00:00,M04,RUNNING,2.0,0.00306,0.002597,0.000463,0.000463,0.0037,0.000331,0
2026-10-02T08:05:50+00:00,M04,RUNNING,2.0,0.00323,0.002597,0.000633,0.000633,0.0051,0.000453,0
2026-10-02T08:05:52+00:00,M04,RUNNING,2.0,0.00322,0.002597,0.000623,0.000623,0.005,0.000446,0
2026-10-02T08:05:54+00:00,M04,RUNNING,2.0,0.00314,0.002597,0.000543,0.000543,0.0043,0.000389,0
2026-10-02T08:05:56+00:00,M04,RUNNING,2.0,0.00318,0.002597,0.000583,0.000583,0.0047,0.000417,0
2026-10-02T08:05:58+00:00,M04,RUNNING,2.0,0.00312,0.002597,0.000523,0.000523,0.0042,0.000374,0
2026-10-02T08:06:00+00:00,M04,RUNNING,2.0,0.00324,0.002597,0.000643,0.000643,0.0051,0.00046,1
2026-10-02T08:06:02+00:00,M04,RUNNING,2.0,0.00312,0.002597,0.000523,0.000523,0.0042,0.000374,0
2026-10-02T08:06:04+00:00,M04,RUNNING,2.0,0.00307,0.002597,0.000473,0.000473,0.0038,0.000339,0
2026-10-02T08:06:06+00:00,M04,RUNNING,2.0,0.00306,0.002597,0.000463,0.000463,0.0037,0.000331,0
2026-10-02T08:06:08+00:00,M04,RUNNING,2.0,0.00299,0.002597,0.000393,0.000393,0.0031,0.000281,0
2026-10-02T08:06:10+00:00,M04,RUNNING,2.0,0.00307,0.002597,0.000473,0.000473,0.0038,0.000339,0
2026-10-02T08:06:12+00:00,M04,RUNNING,2.0,0.00323,0.002597,0.000633,0.000633,0.0051,0.000453,0
2026-10-02T08:06:14+00:00,M04,RUNNING,2.0,0.00302,0.002597,0.000423,0.000423,0.0034,0.000303,0
2026-10-02T08:06:16+00:00,M04,RUNNING,2.0,0.00322,0.002597,0.000623,0.000623,0.005,0.000446,0
2026-10-02T08:06:18+00:00,M04,RUNNING,2.0,0.00318,0.002597,0.000583,0.000583,0.0047,0.000417,0
2026-10-02T08:06:20+00:00,M04,RUNNING,2.0,0.00313,0.002597,0.000533,0.000533,0.0043,0.000381,0
2026-10-02T08:06:22+00:00,M04,RUNNING,2.0,0.00313,0.002597,0.000533,0.000533,0.0043,0.000381,0
2026-10-02T08:06:24+00:00,M04,RUNNING,2.0,0.00312,0.002597,0.000523,0.000523,0.0042,0.000374,0
2026-10-02T08:06:26+00:00,M04,RUNNING,2.0,0.00317,0.002597,0.000573,0.000573,0.0046,0.00041,0
2026-10-02T08:06:28+00:00,M04,RUNNING,2.0,0.00306,0.002597,0.000463,0.000463,0.0037,0.000331,0
2026-10-02T08:06:30+00:00,M04,RUNNING,2.0,0.0032,0.002597,0.000603,0.000603,0.0048,0.000432,0
2026-10-02T08:06:32+00:00,M04,RUNNING,2.0,0.00302,0.002597,0.000423,0.000423,0.0034,0.000303,0
2026-10-02T08:06:34+00:00,M04,RUNNING,2.0,0.00318,0.002597,0.000583,0.000583,0.0047,0.000417,0
2026-10-02T08:06:36+00:00,M04,RUNNING,2.0,0.00308,0.002597,0.000483,0.000483,0.0039,0.000346,0
2026-10-02T08:06:38+00:00,M04,RUNNING,2.0,0.00301,0.002597,0.000413,0.000413,0.0033,0.000296,0
2026-10-02T08:06:40+00:00,M04,RUNNING,2.0,0.00304,0.002597,0.000443,0.000443,0.0035,0.000317,1
2026-10-02T08:06:42+00:00,M04,RUNNING,2.0,0.0032,0.002597,0.000603,0.000603,0.0048,0.000432,0
2026-10-02T08:06:44+00:00,M04,RUNNING,2.0,0.00309,0.002597,0.000493,0.000493,0.0039,0.000353,0
2026-10-02T08:06:46+00:00,M04,RUNNING,2.0,0.00301,0.002597,0.000413,0.000413,0.0033,0.000296,0
2026-10-02T08:06:48+00:00,M04,RUNNING,2.0,0.003,0.002597,0.000403,0.000403,0.0032,0.000288,0
2026-10-02T08:06:50+00:00,M04,RUNNING,2.0,0.00313,0.002597,0.000533,0.000533,0.0043,0.000381,0
2026-10-02T08:06:52+00:00,M04,RUNNING,2.0,0.00318,0.002597,0.000583,0.000583,0.0047,0.000417,0
2026-10-02T08:06:54+00:00,M04,RUNNING,2.0,0.00311,0.002597,0.000513,0.000513,0.0041,0.000367,0
2026-10-02T08:06:56+00:00,M04,RUNNING,2.0,0.00323,0.002597,0.000633,0.000633,0.0051,0.000453,0
2026-10-02T08:06:58+00:00,M04,RUNNING,2.0,0.00308,0.002597,0.000483,0.000483,0.0039,0.000346,0
2026-10-02T08:07:00+00:00,M04,RUNNING,2.0,0.0031,0.002597,0.000503,0.000503,0.004,0.00036,0
2026-10-02T08:07:02+00:00,M04,RUNNING,2.0,0.0032,0.002597,0.000603,0.000603,0.0048,0.000432,0
2026-10-02T08:07:04+00:00,M04,RUNNING,2.0,0.00303,0.002597,0.000433,0.000433,0.0035,0.00031,0
2026-10-02T08:07:06+00:00,M04,RUNNING,2.0,0.00321,0.002597,0.000613,0.000613,0.0049,0.000439,0
2026-10-02T08:07:08+00:00,M04,RUNNING,2.0,0.00315,0.002597,0.000553,0.000553,0.0044,0.000396,0
2026-10-02T08:07:10+00:00,M04,RUNNING,2.0,0.00319,0.002597,0.000593,0.000593,0.0047,0.000424,0
2026-10-02T08:07:12+00:00,M04,RUNNING,2.0,0.00312,0.002597,0.000523,0.000523,0.0042,0.000374,0
2026-10-02T08:07:14+00:00,M04,RUNNING,2.0,0.00314,0.002597,0.000543,0.000543,0.0043,0.000389,0
2026-10-02T08:07:16+00:00,M04,RUNNING,2.0,0.00315,0.002597,0.000553,0.000553,0.0044,0.000396,0
2026-10-02T08:07:18+00:00,M04,RUNNING,2.0,0.0032,0.002597,0.000603,0.000603,0.0048,0.000432,0
2026-10-02T08:07:20+00:00,M04,RUNNING,2.0,0.00303,0.002597,0.000433,0.000433,0.0035,0.00031,1
2026-10-02T08:07:22+00:00,M04,RUNNING,2.0,0.00303,0.002597,0.000433,0.000433,0.0035,0.00031,0
2026-10-02T08:07:24+00:00,M04,RUNNING,2.0,0.00312,0.002597,0.000523,0.000523,0.0042,0.000374,0
2026-10-02T08:07:26+00:00,M04,RUNNING,2.0,0.00322,0.002597,0.000623,0.000623,0.005,0.000446,0
2026-10-02T08:07:28+00:00,M04,RUNNING,2.0,0.00308,0.002597,0.000483,0.000483,0.0039,0.000346,0
2026-10-02T08:07:30+00:00,M04,RUNNING,2.0,0.00313,0.002597,0.000533,0.000533,0.0043,0.000381,0
2026-10-02T08:07:32+00:00,M04,RUNNING,2.0,0.00308,0.002597,0.000483,0.000483,0.0039,0.000346,0
2026-10-02T08:07:34+00:00,M04,RUNNING,2.0,0.0032,0.002597,0.000603,0.000603,0.0048,0.000432,0
2026-10-02T08:07:36+00:00,M04,RUNNING,2.0,0.00306,0.002597,0.000463,0.000463,0.0037,0.000331,0
2026-10-02T08:07:38+00:00,M04,RUNNING,2.0,0.00312,0.002597,0.000523,0.000523,0.0042,0.000374,0
2026-10-02T08:07:40+00:00,M04,RUNNING,2.0,0.00302,0.002597,0.000423,0.000423,0.0034,0.000303,0
2026-10-02T08:07:42+00:00,M04,RUNNING,2.0,0.00307,0.002597,0.000473,0.000473,0.0038,0.000339,0
2026-10-02T08:07:44+00:00,M04,RUNNING,2.0,0.00305,0.002597,0.000453,0.000453,0.0036,0.000324,0
2026-10-02T08:07:46+00:00,M04,RUNNING,2.0,0.00312,0.002597,0.000523,0.000523,0.0042,0.000374,0
2026-10-02T08:07:48+00:00,M04,RUNNING,2.0,0.00313,0.002597,0.000533,0.000533,0.0043,0.000381,0
2026-10-02T08:07:50+00:00,M04,RUNNING,2.0,0.00315,0.002597,0.000553,0.000553,0.0044,0.000396,0
2026-10-02T08:07:52+00:00,M04,RUNNING,2.0,0.00317,0.002597,0.000573,0.000573,0.0046,0.00041,0
2026-10-02T08:07:54+00:00,M04,RUNNING,2.0,0.00303,0.002597,0.000433,0.000433,0.0035,0.00031,0
2026-10-02T08:07:56+00:00,M04,RUNNING,2.0,0.003,0.002597,0.000403,0.000403,0.0032,0.000288,0
2026-10-02T08:07:58+00:00,M04,RUNNING,2.0,0.00305,0.002597,0.000453,0.000453,0.0036,0.000324,0
2026-10-02T08:08:00+00:00,M04,RUNNING,2.0,0.00304,0.002597,0.000443,0.000443,0.0035,0.000317,1
2026-10-02T08:08:02+00:00,M04,RUNNING,2.0,0.00314,0.002597,0.000543,0.000543,0.0043,0.000389,0
2026-10-02T08:08:04+00:00,M04,RUNNING,2.0,0.003,0.002597,0.000403,0.000403,0.0032,0.000288,0
2026-10-02T08:08:06+00:00,M04,RUNNING,2.0,0.00308,0.002597,0.000483,0.000483,0.0039,0.000346,0
2026-10-02T08:08:08+00:00,M04,RUNNING,2.0,0.00311,0.002597,0.000513,0.000513,0.0041,0.000367,0
2026-10-02T08:08:10+00:00,M04,RUNNING,2.0,0.00323,0.002597,0.000633,0.000633,0.0051,0.000453,0
2026-10-02T08:08:12+00:00,M04,RUNNING,2.0,0.0032,0.002597,0.000603,0.000603,0.0048,0.000432,0
2026-10-02T08:08:14+00:00,M04,RUNNING,2.0,0.00321,0.002597,0.000613,0.000613,0.0049,0.000439,0
2026-10-02T08:08:16+00:00,M04,RUNNING,2.0,0.00302,0.002597,0.000423,0.000423,0.0034,0.000303,0
2026-10-02T08:08:18+00:00,M04,RUNNING,2.0,0.00301,0.002597,0.000413,0.000413,0.0033,0.000296,0
2026-10-02T08:08:20+00:00,M04,RUNNING,2.0,0.00313,0.002597,0.000533,0.000533,0.0043,0.000381,0
2026-10-02T08:08:22+00:00,M04,RUNNING,2.0,0.00304,0.002597,0.000443,0.000443,0.0035,0.000317,0
2026-10-02T08:08:24+00:00,M04,RUNNING,2.0,0.00311,0.002597,0.000513,0.000513,0.0041,0.000367,0
2026-10-02T08:08:26+00:00,M04,RUNNING,2.0,0.003,0.002597,0.000403,0.000403,0.0032,0.000288,0
2026-10-02T08:08:28+00:00,M04,RUNNING,2.0,0.00316,0.002597,0.000563,0.000563,0.0045,0.000403,0
2026-10-02T08:08:30+00:00,M04,RUNNING,2.0,0.00308,0.002597,0.000483,0.000483,0.0039,0.000346,0
2026-10-02T08:08:32+00:00,M04,RUNNING,2.0,0.00308,0.002597,0.000483,0.000483,0.0039,0.000346,0
2026-10-02T08:08:34+00:00,M04,RUNNING,2.0,0.00301,0.002597,0.000413,0.000413,0.0033,0.000296,0
2026-10-02T08:08:36+00:00,M04,RUNNING,2.0,0.00303,0.002597,0.000433,0.000433,0.0035,0.00031,0
2026-10-02T08:08:38+00:00,M04,RUNNING,2.0,0.00309,0.002597,0.000493,0.000493,0.0039,0.000353,0
2026-10-02T08:08:40+00:00,M04,RUNNING,2.0,0.00299,0.002597,0.000393,0.000393,0.0031,0.000281,1
2026-10-02T08:08:42+00:00,M04,RUNNING,2.0,0.00313,0.002597,0.000533,0.000533,0.0043,0.000381,0
2026-10-02T08:08:44+00:00,M04,RUNNING,2.0,0.0031,0.002597,0.000503,0.000503,0.004,0.00036,0
2026-10-02T08:08:46+00:00,M04,RUNNING,2.0,0.00315,0.002597,0.000553,0.000553,0.0044,0.000396,0
2026-10-02T08:08:48+00:00,M04,RUNNING,2.0,0.00316,0.002597,0.000563,0.000563,0.0045,0.000403,0
2026-10-02T08:08:50+00:00,M04,RUNNING,2.0,0.00304,0.002597,0.000443,0.000443,0.0035,0.000317,0
2026-10-02T08:08:52+00:00,M04,RUNNING,2.0,0.00318,0.002597,0.000583,0.000583,0.0047,0.000417,0
2026-10-02T08:08:54+00:00,M04,RUNNING,2.0,0.00304,0.002597,0.000443,0.000443,0.0035,0.000317,0
2026-10-02T08:08:56+00:00,M04,RUNNING,2.0,0.00302,0.002597,0.000423,0.000423,0.0034,0.000303,0
2026-10-02T08:08:58+00:00,M04,RUNNING,2.0,0.00309,0.002597,0.000493,0.000493,0.0039,0.000353,0
2026-10-02T08:09:00+00:00,M04,RUNNING,2.0,0.0031,0.002597,0.000503,0.000503,0.004,0.00036,0
2026-10-02T08:09:02+00:00,M04,RUNNING,2.0,0.0032,0.002597,0.000603,0.000603,0.0048,0.000432,0
2026-10-02T08:09:04+00:00,M04,RUNNING,2.0,0.0032,0.002597,0.000603,0.000603,0.0048,0.000432,0
2026-10-02T08:09:06+00:00,M04,RUNNING,2.0,0.0032,0.002597,0.000603,0.000603,0.0048,0.000432,0
2026-10-02T08:09:08+00:00,M04,RUNNING,2.0,0.00318,0.002597,0.000583,0.000583,0.0047,0.000417,0
2026-10-02T08:09:10+00:00,M04,RUNNING,2.0,0.00316,0.002597,0.000563,0.000563,0.0045,0.000403,0
2026-10-02T08:09:12+00:00,M04,RUNNING,2.0,0.00303,0.002597,0.000433,0.000433,0.0035,0.00031,0
2026-10-02T08:09:14+00:00,M04,RUNNING,2.0,0.00308,0.002597,0.000483,0.000483,0.0039,0.000346,0
2026-10-02T08:09:16+00:00,M04,RUNNING,2.0,0.00309,0.002597,0.000493,0.000493,0.0039,0.000353,0
2026-10-02T08:09:18+00:00,M04,RUNNING,2.0,0.00318,0.002597,0.000583,0.000583,0.0047,0.000417,0
2026-10-02T08:09:20+00:00,M04,RUNNING,2.0,0.00301,0.002597,0.000413,0.000413,0.0033,0.000296,1
2026-10-02T08:09:22+00:00,M04,RUNNING,2.0,0.00317,0.002597,0.000573,0.000573,0.0046,0.00041,0
2026-10-02T08:09:24+00:00,M04,RUNNING,2.0,0.00323,0.002597,0.000633,0.000633,0.0051,0.000453,0
2026-10-02T08:09:26+00:00,M04,RUNNING,2.0,0.00316,0.002597,0.000563,0.000563,0.0045,0.000403,0
2026-10-02T08:09:28+00:00,M04,RUNNING,2.0,0.00319,0.002597,0.000593,0.000593,0.0047,0.000424,0
2026-10-02T08:09:30+00:00,M04,RUNNING,2.0,0.00307,0.002597,0.000473,0.000473,0.0038,0.000339,0
2026-10-02T08:09:32+00:00,M04,RUNNING,2.0,0.00315,0.002597,0.000553,0.000553,0.0044,0.000396,0
2026-10-02T08:09:34+00:00,M04,RUNNING,2.0,0.00314,0.002597,0.000543,0.000543,0.0043,0.000389,0
2026-10-02T08:09:36+00:00,M04,RUNNING,2.0,0.00321,0.002597,0.000613,0.000613,0.0049,0.000439,0
2026-10-02T08:09:38+00:00,M04,RUNNING,2.0,0.00307,0.002597,0.000473,0.000473,0.0038,0.000339,0
2026-10-02T08:09:40+00:00,M04,RUNNING,2.0,0.00305,0.002597,0.000453,0.000453,0.0036,0.000324,0
2026-10-02T08:09:42+00:00,M04,RUNNING,2.0,0.00318,0.002597,0.000583,0.000583,0.0047,0.000417,0
2026-10-02T08:09:44+00:00,M04,RUNNING,2.0,0.0031,0.002597,0.000503,0.000503,0.004,0.00036,0
2026-10-02T08:09:46+00:00,M04,RUNNING,2.0,0.00312,0.002597,0.000523,0.000523,0.0042,0.000374,0
2026-10-02T08:09:48+00:00,M04,RUNNING,2.0,0.00317,0.002597,0.000573,0.000573,0.0046,0.00041,0
2026-10-02T08:09:50+00:00,M04,RUNNING,2.0,0.0032,0.002597,0.000603,0.000603,0.0048,0.000432,0
2026-10-02T08:09:52+00:00,M04,RUNNING,2.0,0.00315,0.002597,0.000553,0.000553,0.0044,0.000396,0
2026-10-02T08:09:54+00:00,M04,RUNNING,2.0,0.00318,0.002597,0.000583,0.000583,0.0047,0.000417,0
2026-10-02T08:09:56+00:00,M04,RUNNING,2.0,0.00323,0.002597,0.000633,0.000633,0.0051,0.000453,0
2026-10-02T08:09:58+00:00,M04,RUNNING,2.0,0.00305,0.002597,0.000453,0.000453,0.0036,0.000324,0
2026-10-02T08:10:00+00:00,M04,RUNNING,2.0,0.00313,0.002597,0.000533,0.000533,0.0043,0.000381,1
2026-10-02T08:10:02+00:00,M04,RUNNING,2.0,0.00304,0.002597,0.000443,0.000443,0.0035,0.000317,0
2026-10-02T08:10:04+00:00,M04,RUNNING,2.0,0.00302,0.002597,0.000423,0.000423,0.0034,0.000303,0
2026-10-02T08:10:06+00:00,M04,RUNNING,2.0,0.00314,0.002597,0.000543,0.000543,0.0043,0.000389,0
2026-10-02T08:10:08+00:00,M04,RUNNING,2.0,0.00312,0.002597,0.000523,0.000523,0.0042,0.000374,0
2026-10-02T08:10:10+00:00,M04,RUNNING,2.0,0.00307,0.002597,0.000473,0.000473,0.0038,0.000339,0
2026-10-02T08:10:12+00:00,M04,RUNNING,2.0,0.00323,0.002597,0.000633,0.000633,0.0051,0.000453,0
2026-10-02T08:10:14+00:00,M04,RUNNING,2.0,0.00311,0.002597,0.000513,0.000513,0.0041,0.000367,0
2026-10-02T08:10:16+00:00,M04,RUNNING,2.0,0.00305,0.002597,0.000453,0.000453,0.0036,0.000324,0
2026-10-02T08:10:18+00:00,M04,RUNNING,2.0,0.003,0.002597,0.000403,0.000403,0.0032,0.000288,0
2026-10-02T08:10:20+00:00,M04,RUNNING,2.0,0.00301,0.002597,0.000413,0.000413,0.0033,0.000296,0
2026-10-02T08:10:22+00:00,M04,RUNNING,2.0,0.00307,0.002597,0.000473,0.000473,0.0038,0.000339,0
2026-10-02T08:10:24+00:00,M04,RUNNING,2.0,0.00321,0.002597,0.000613,0.000613,0.0049,0.000439,0
2026-10-02T08:10:26+00:00,M04,RUNNING,2.0,0.00312,0.002597,0.000523,0.000523,0.0042,0.000374,0
2026-10-02T08:10:28+00:00,M04,RUNNING,2.0,0.00319,0.002597,0.000593,0.000593,0.0047,0.000424,0
2026-10-02T08:10:30+00:00,M04,RUNNING,2.0,0.00304,0.002597,0.000443,0.000443,0.0035,0.000317,0
2026-10-02T08:10:32+00:00,M04,RUNNING,2.0,0.00304,0.002597,0.000443,0.000443,0.0035,0.000317,0
2026-10-02T08:10:34+00:00,M04,RUNNING,2.0,0.00318,0.002597,0.000583,0.000583,0.0047,0.000417,0
2026-10-02T08:10:36+00:00,M04,RUNNING,2.0,0.00304,0.002597,0.000443,0.000443,0.0035,0.000317,0
2026-10-02T08:10:38+00:00,M04,RUNNING,2.0,0.00317,0.002597,0.000573,0.000573,0.0046,0.00041,0
2026-10-02T08:10:40+00:00,M04,RUNNING,2.0,0.00311,0.002597,0.000513,0.000513,0.0041,0.000367,1
2026-10-02T08:10:42+00:00,M04,RUNNING,2.0,0.00309,0.002597,0.000493,0.000493,0.0039,0.000353,0
2026-10-02T08:10:44+00:00,M04,RUNNING,2.0,0.00321,0.002597,0.000613,0.000613,0.0049,0.000439,0
2026-10-02T08:10:46+00:00,M04,RUNNING,2.0,0.00314,0.002597,0.000543,0.000543,0.0043,0.000389,0
2026-10-02T08:10:48+00:00,M04,RUNNING,2.0,0.00318,0.002597,0.000583,0.000583,0.0047,0.000417,0
2026-10-02T08:10:50+00:00,M04,RUNNING,2.0,0.00313,0.002597,0.000533,0.000533,0.0043,0.000381,0
2026-10-02T08:10:52+00:00,M04,RUNNING,2.0,0.00311,0.002597,0.000513,0.000513,0.0041,0.000367,0
2026-10-02T08:10:54+00:00,M04,RUNNING,2.0,0.00301,0.002597,0.000413,0.000413,0.0033,0.000296,0
2026-10-02T08:10:56+00:00,M04,RUNNING,2.0,0.00319,0.002597,0.000593,0.000593,0.0047,0.000424,0
2026-10-02T08:10:58+00:00,M04,RUNNING,2.0,0.00321,0.002597,0.000613,0.000613,0.0049,0.000439,0
2026-10-02T08:11:00+00:00,M04,RUNNING,2.0,0.00321,0.002597,0.000613,0.000613,0.0049,0.000439,0
2026-10-02T08:11:02+00:00,M04,RUNNING,2.0,0.00308,0.002597,0.000483,0.000483,0.0039,0.000346,0
2026-10-02T08:11:04+00:00,M04,RUNNING,2.0,0.00306,0.002597,0.000463,0.000463,0.0037,0.000331,0
2026-10-02T08:11:06+00:00,M04,RUNNING,2.0,0.00309,0.002597,0.000493,0.000493,0.0039,0.000353,0
2026-10-02T08:11:08+00:00,M04,RUNNING,2.0,0.0031,0.002597,0.000503,0.000503,0.004,0.00036,0
2026-10-02T08:11:10+00:00,M04,RUNNING,2.0,0.00302,0.002597,0.000423,0.000423,0.0034,0.000303,0
2026-10-02T08:11:12+00:00,M04,RUNNING,2.0,0.003,0.002597,0.000403,0.000403,0.0032,0.000288,0
2026-10-02T08:11:14+00:00,M04,RUNNING,2.0,0.00305,0.002597,0.000453,0.000453,0.0036,0.000324,0
2026-10-02T08:11:16+00:00,M04,RUNNING,2.0,0.00306,0.002597,0.000463,0.000463,0.0037,0.000331,0
2026-10-02T08:11:18+00:00,M04,RUNNING,2.0,0.00307,0.002597,0.000473,0.000473,0.0038,0.000339,0
2026-10-02T08:11:20+00:00,M04,RUNNING,2.0,0.0031,0.002597,0.000503,0.000503,0.004,0.00036,1
2026-10-02T08:11:22+00:00,M04,RUNNING,2.0,0.00313,0.002597,0.000533,0.000533,0.0043,0.000381,0
2026-10-02T08:11:24+00:00,M04,RUNNING,2.0,0.00306,0.002597,0.000463,0.000463,0.0037,0.000331,0
2026-10-02T08:11:26+00:00,M04,RUNNING,2.0,0.00301,0.002597,0.000413,0.000413,0.0033,0.000296,0
2026-10-02T08:11:28+00:00,M04,RUNNING,2.0,0.00305,0.002597,0.000453,0.000453,0.0036,0.000324,0
2026-10-02T08:11:30+00:00,M04,RUNNING,2.0,0.00306,0.002597,0.000463,0.000463,0.0037,0.000331,0
2026-10-02T08:11:32+00:00,M04,RUNNING,2.0,0.003,0.002597,0.000403,0.000403,0.0032,0.000288,0
2026-10-02T08:11:34+00:00,M04,RUNNING,2.0,0.00301,0.002597,0.000413,0.000413,0.0033,0.000296,0
2026-10-02T08:11:36+00:00,M04,RUNNING,2.0,0.00309,0.002597,0.000493,0.000493,0.0039,0.000353,0
2026-10-02T08:11:38+00:00,M04,RUNNING,2.0,0.00301,0.002597,0.000413,0.000413,0.0033,0.000296,0
2026-10-02T08:11:40+00:00,M04,RUNNING,2.0,0.00299,0.002597,0.000393,0.000393,0.0031,0.000281,0
2026-10-02T08:11:42+00:00,M04,RUNNING,2.0,0.0032,0.002597,0.000603,0.000603,0.0048,0.000432,0
2026-10-02T08:11:44+00:00,M04,RUNNING,2.0,0.00309,0.002597,0.000493,0.000493,0.0039,0.000353,0
2026-10-02T08:11:46+00:00,M04,RUNNING,2.0,0.00302,0.002597,0.000423,0.000423,0.0034,0.000303,0
2026-10-02T08:11:48+00:00,M04,RUNNING,2.0,0.00305,0.002597,0.000453,0.000453,0.0036,0.000324,0
2026-10-02T08:11:50+00:00,M04,RUNNING,2.0,0.0031,0.002597,0.000503,0.000503,0.004,0.00036,0
2026-10-02T08:11:52+00:00,M04,RUNNING,2.0,0.00305,0.002597,0.000453,0.000453,0.0036,0.000324,0
2026-10-02T08:11:54+00:00,M04,RUNNING,2.0,0.00315,0.002597,0.000553,0.000553,0.0044,0.000396,0
2026-10-02T08:11:56+00:00,M04,RUNNING,2.0,0.00301,0.002597,0.000413,0.000413,0.0033,0.000296,0
2026-10-02T08:11:58+00:00,M04,RUNNING,2.0,0.00317,0.002597,0.000573,0.000573,0.0046,0.00041,0
2026-10-02T08:12:00+00:00,M04,RUNNING,2.0,0.00317,0.002597,0.000573,0.000573,0.0046,0.00041,1
2026-10-02T08:12:02+00:00,M04,RUNNING,2.0,0.00312,0.002597,0.000523,0.000523,0.0042,0.000374,0
2026-10-02T08:12:04+00:00,M04,RUNNING,2.0,0.00307,0.002597,0.000473,0.000473,0.0038,0.000339,0
2026-10-02T08:12:06+00:00,M04,RUNNING,2.0,0.00317,0.002597,0.000573,0.000573,0.0046,0.00041,0
2026-10-02T08:12:08+00:00,M04,RUNNING,2.0,0.00315,0.002597,0.000553,0.000553,0.0044,0.000396,0
2026-10-02T08:12:10+00:00,M04,RUNNING,2.0,0.00306,0.002597,0.000463,0.000463,0.0037,0.000331,0
2026-10-02T08:12:12+00:00,M04,RUNNING,2.0,0.00319,0.002597,0.000593,0.000593,0.0047,0.000424,0
2026-10-02T08:12:14+00:00,M04,RUNNING,2.0,0.00322,0.002597,0.000623,0.000623,0.005,0.000446,0
2026-10-02T08:12:16+00:00,M04,RUNNING,2.0,0.00307,0.002597,0.000473,0.000473,0.0038,0.000339,0
2026-10-02T08:12:18+00:00,M04,RUNNING,2.0,0.00301,0.002597,0.000413,0.000413,0.0033,0.000296,0
2026-10-02T08:12:20+00:00,M04,RUNNING,2.0,0.0032,0.002597,0.000603,0.000603,0.0048,0.000432,0
2026-10-02T08:12:22+00:00,M04,RUNNING,2.0,0.00312,0.002597,0.000523,0.000523,0.0042,0.000374,0
2026-10-02T08:12:24+00:00,M04,RUNNING,2.0,0.003,0.002597,0.000403,0.000403,0.0032,0.000288,0
2026-10-02T08:12:26+00:00,M04,RUNNING,2.0,0.00308,0.002597,0.000483,0.000483,0.0039,0.000346,0
2026-10-02T08:12:28+00:00,M04,RUNNING,2.0,0.00301,0.002597,0.000413,0.000413,0.0033,0.000296,0
2026-10-02T08:12:30+00:00,M04,RUNNING,2.0,0.00301,0.002597,0.000413,0.000413,0.0033,0.000296,0
2026-10-02T08:12:32+00:00,M04,RUNNING,2.0,0.00308,0.002597,0.000483,0.000483,0.0039,0.000346,0
2026-10-02T08:12:34+00:00,M04,RUNNING,2.0,0.00303,0.002597,0.000433,0.000433,0.0035,0.00031,0
2026-10-02T08:12:36+00:00,M04,RUNNING,2.0,0.003,0.002597,0.000403,0.000403,0.0032,0.000288,0
2026-10-02T08:12:38+00:00,M04,RUNNING,2.0,0.00317,0.002597,0.000573,0.000573,0.0046,0.00041,0
2026-10-02T08:12:40+00:00,M04,RUNNING,2.0,0.003,0.002597,0.000403,0.000403,0.0032,0.000288,1
2026-10-02T08:12:42+00:00,M04,RUNNING,2.0,0.00301,0.002597,0.000413,0.000413,0.0033,0.000296,0
2026-10-02T08:12:44+00:00,M04,RUNNING,2.0,0.00312,0.002597,0.000523,0.000523,0.0042,0.000374,0
2026-10-02T08:12:46+00:00,M04,RUNNING,2.0,0.00309,0.002597,0.000493,0.000493,0.0039,0.000353,0
2026-10-02T08:12:48+00:00,M04,RUNNING,2.0,0.00303,0.002597,0.000433,0.000433,0.0035,0.00031,0
2026-10-02T08:12:50+00:00,M04,RUNNING,2.0,0.00321,0.002597,0.000613,0.000613,0.0049,0.000439,0
2026-10-02T08:12:52+00:00,M04,RUNNING,2.0,0.00307,0.002597,0.000473,0.000473,0.0038,0.000339,0
2026-10-02T08:12:54+00:00,M04,RUNNING,2.0,0.00319,0.002597,0.000593,0.000593,0.0047,0.000424,0
2026-10-02T08:12:56+00:00,M04,RUNNING,2.0,0.00308,0.002597,0.000483,0.000483,0.0039,0.000346,0
2026-10-02T08:12:58+00:00,M04,RUNNING,2.0,0.00314,0.002597,0.000543,0.000543,0.0043,0.000389,0
2026-10-02T08:13:00+00:00,M04,RUNNING,2.0,0.00305,0.002597,0.000453,0.000453,0.0036,0.000324,0
2026-10-02T08:13:02+00:00,M04,RUNNING,2.0,0.00314,0.002597,0.000543,0.000543,0.0043,0.000389,0
2026-10-02T08:13:04+00:00,M04,RUNNING,2.0,0.00323,0.002597,0.000633,0.000633,0.0051,0.000453,0
2026-10-02T08:13:06+00:00,M04,RUNNING,2.0,0.00323,0.002597,0.000633,0.000633,0.0051,0.000453,0
2026-10-02T08:13:08+00:00,M04,RUNNING,2.0,0.00319,0.002597,0.000593,0.000593,0.0047,0.000424,0
2026-10-02T08:13:10+00:00,M04,RUNNING,2.0,0.00321,0.002597,0.000613,0.000613,0.0049,0.000439,0
2026-10-02T08:13:12+00:00,M04,RUNNING,2.0,0.00314,0.002597,0.000543,0.000543,0.0043,0.000389,0
2026-10-02T08:13:14+00:00,M04,RUNNING,2.0,0.00305,0.002597,0.000453,0.000453,0.0036,0.000324,0
2026-10-02T08:13:16+00:00,M04,RUNNING,2.0,0.0031,0.002597,0.000503,0.000503,0.004,0.00036,0
2026-10-02T08:13:18+00:00,M04,RUNNING,2.0,0.00321,0.002597,0.000613,0.000613,0.0049,0.000439,0
2026-10-02T08:13:20+00:00,M04,RUNNING,2.0,0.0032,0.002597,0.000603,0.000603,0.0048,0.000432,1
2026-10-02T08:13:22+00:00,M04,RUNNING,2.0,0.0032,0.002597,0.000603,0.000603,0.0048,0.000432,0
2026-10-02T08:13:24+00:00,M04,RUNNING,2.0,0.00323,0.002597,0.000633,0.000633,0.0051,0.000453,0
2026-10-02T08:13:26+00:00,M04,RUNNING,2.0,0.0032,0.002597,0.000603,0.000603,0.0048,0.000432,0
2026-10-02T08:13:28+00:00,M04,RUNNING,2.0,0.00313,0.002597,0.000533,0.000533,0.0043,0.000381,0
2026-10-02T08:13:30+00:00,M04,RUNNING,2.0,0.0032,0.002597,0.000603,0.000603,0.0048,0.000432,0
2026-10-02T08:13:32+00:00,M04,RUNNING,2.0,0.00307,0.002597,0.000473,0.000473,0.0038,0.000339,0
2026-10-02T08:13:34+00:00,M04,RUNNING,2.0,0.003,0.002597,0.000403,0.000403,0.0032,0.000288,0
2026-10-02T08:13:36+00:00,M04,RUNNING,2.0,0.00309,0.002597,0.000493,0.000493,0.0039,0.000353,0
2026-10-02T08:13:38+00:00,M04,RUNNING,2.0,0.00307,0.002597,0.000473,0.000473,0.0038,0.000339,0
2026-10-02T08:13:40+00:00,M04,RUNNING,2.0,0.00314,0.002597,0.000543,0.000543,0.0043,0.000389,0
2026-10-02T08:13:42+00:00,M04,RUNNING,2.0,0.00313,0.002597,0.000533,0.000533,0.0043,0.000381,0
2026-10-02T08:13:44+00:00,M04,RUNNING,2.0,0.0032,0.002597,0.000603,0.000603,0.0048,0.000432,0
2026-10-02T08:13:46+00:00,M04,RUNNING,2.0,0.00305,0.002597,0.000453,0.000453,0.0036,0.000324,0
2026-10-02T08:13:48+00:00,M04,RUNNING,2.0,0.00305,0.002597,0.000453,0.000453,0.0036,0.000324,0
2026-10-02T08:13:50+00:00,M04,RUNNING,2.0,0.00323,0.002597,0.000633,0.000633,0.0051,0.000453,0
2026-10-02T08:13:52+00:00,M04,RUNNING,2.0,0.00311,0.002597,0.000513,0.000513,0.0041,0.000367,0
2026-10-02T08:13:54+00:00,M04,RUNNING,2.0,0.00306,0.002597,0.000463,0.000463,0.0037,0.000331,0
2026-10-02T08:13:56+00:00,M04,RUNNING,2.0,0.00308,0.002597,0.000483,0.000483,0.0039,0.000346,0
2026-10-02T08:13:58+00:00,M04,RUNNING,2.0,0.00317,0.002597,0.000573,0.000573,0.0046,0.00041,0
2026-10-02T08:14:00+00:00,M04,RUNNING,2.0,0.0032,0.002597,0.000603,0.000603,0.0048,0.000432,1
2026-10-02T08:14:02+00:00,M04,RUNNING,2.0,0.00315,0.002597,0.000553,0.000553,0.0044,0.000396,0
2026-10-02T08:14:04+00:00,M04,RUNNING,2.0,0.00308,0.002597,0.000483,0.000483,0.0039,0.000346,0
2026-10-02T08:14:06+00:00,M04,RUNNING,2.0,0.00321,0.002597,0.000613,0.000613,0.0049,0.000439,0
2026-10-02T08:14:08+00:00,M04,RUNNING,2.0,0.00324,0.002597,0.000643,0.000643,0.0051,0.00046,0
2026-10-02T08:14:10+00:00,M04,RUNNING,2.0,0.00302,0.002597,0.000423,0.000423,0.0034,0.000303,0
2026-10-02T08:14:12+00:00,M04,RUNNING,2.0,0.00301,0.002597,0.000413,0.000413,0.0033,0.000296,0
2026-10-02T08:14:14+00:00,M04,RUNNING,2.0,0.00323,0.002597,0.000633,0.000633,0.0051,0.000453,0
2026-10-02T08:14:16+00:00,M04,RUNNING,2.0,0.00313,0.002597,0.000533,0.000533,0.0043,0.000381,0
2026-10-02T08:14:18+00:00,M04,RUNNING,2.0,0.0032,0.002597,0.000603,0.000603,0.0048,0.000432,0
2026-10-02T08:14:20+00:00,M04,RUNNING,2.0,0.00301,0.002597,0.000413,0.000413,0.0033,0.000296,0
2026-10-02T08:14:22+00:00,M04,RUNNING,2.0,0.00322,0.002597,0.000623,0.000623,0.005,0.000446,0
2026-10-02T08:14:24+00:00,M04,RUNNING,2.0,0.00319,0.002597,0.000593,0.000593,0.0047,0.000424,0
2026-10-02T08:14:26+00:00,M04,RUNNING,2.0,0.00311,0.002597,0.000513,0.000513,0.0041,0.000367,0
2026-10-02T08:14:28+00:00,M04,RUNNING,2.0,0.00301,0.002597,0.000413,0.000413,0.0033,0.000296,0
2026-10-02T08:14:30+00:00,M04,RUNNING,2.0,0.00301,0.002597,0.000413,0.000413,0.0033,0.000296,0
2026-10-02T08:14:32+00:00,M04,RUNNING,2.0,0.00306,0.002597,0.000463,0.000463,0.0037,0.000331,0
2026-10-02T08:14:34+00:00,M04,RUNNING,2.0,0.0031,0.002597,0.000503,0.000503,0.004,0.00036,0
2026-10-02T08:14:36+00:00,M04,RUNNING,2.0,0.00313,0.002597,0.000533,0.000533,0.0043,0.000381,0
2026-10-02T08:14:38+00:00,M04,RUNNING,2.0,0.00313,0.002597,0.000533,0.000533,0.0043,0.000381,0
2026-10-02T08:14:40+00:00,M04,RUNNING,2.0,0.00301,0.002597,0.000413,0.000413,0.0033,0.000296,1
2026-10-02T08:14:42+00:00,M04,RUNNING,2.0,0.00309,0.002597,0.000493,0.000493,0.0039,0.000353,0
2026-10-02T08:14:44+00:00,M04,RUNNING,2.0,0.00309,0.002597,0.000493,0.000493,0.0039,0.000353,0
2026-10-02T08:14:46+00:00,M04,RUNNING,2.0,0.00318,0.002597,0.000583,0.000583,0.0047,0.000417,0
2026-10-02T08:14:48+00:00,M04,RUNNING,2.0,0.00317,0.002597,0.000573,0.000573,0.0046,0.00041,0
2026-10-02T08:14:50+00:00,M04,RUNNING,2.0,0.00317,0.002597,0.000573,0.000573,0.0046,0.00041,0
2026-10-02T08:14:52+00:00,M04,RUNNING,2.0,0.00306,0.002597,0.000463,0.000463,0.0037,0.000331,0
2026-10-02T08:14:54+00:00,M04,RUNNING,2.0,0.0032,0.002597,0.000603,0.000603,0.0048,0.000432,0
2026-10-02T08:14:56+00:00,M04,RUNNING,2.0,0.00315,0.002597,0.000553,0.000553,0.0044,0.000396,0
2026-10-02T08:14:58+00:00,M04,RUNNING,2.0,0.00304,0.002597,0.000443,0.000443,0.0035,0.000317,0
2026-10-02T08:15:00+00:00,M04,RUNNING,2.0,0.00314,0.002597,0.000543,0.000543,0.0043,0.000389,0
2026-10-02T08:15:02+00:00,M04,RUNNING,2.0,0.00317,0.002597,0.000573,0.000573,0.0046,0.00041,0
2026-10-02T08:15:04+00:00,M04,RUNNING,2.0,0.0032,0.002597,0.000603,0.000603,0.0048,0.000432,0
2026-10-02T08:15:06+00:00,M04,RUNNING,2.0,0.00308,0.002597,0.000483,0.000483,0.0039,0.000346,0
2026-10-02T08:15:08+00:00,M04,RUNNING,2.0,0.00312,0.002597,0.000523,0.000523,0.0042,0.000374,0
2026-10-02T08:15:10+00:00,M04,RUNNING,2.0,0.00314,0.002597,0.000543,0.000543,0.0043,0.000389,0
2026-10-02T08:15:12+00:00,M04,RUNNING,2.0,0.00312,0.002597,0.000523,0.000523,0.0042,0.000374,0
2026-10-02T08:15:14+00:00,M04,RUNNING,2.0,0.00314,0.002597,0.000543,0.000543,0.0043,0.000389,0
2026-10-02T08:15:16+00:00,M04,RUNNING,2.0,0.00299,0.002597,0.000393,0.000393,0.0031,0.000281,0
2026-10-02T08:15:18+00:00,M04,RUNNING,2.0,0.00318,0.002597,0.000583,0.000583,0.0047,0.000417,0
2026-10-02T08:15:20+00:00,M04,RUNNING,2.0,0.00315,0.002597,0.000553,0.000553,0.0044,0.000396,1
2026-10-02T08:15:22+00:00,M04,RUNNING,2.0,0.00318,0.002597,0.000583,0.000583,0.0047,0.000417,0
2026-10-02T08:15:24+00:00,M04,RUNNING,2.0,0.00311,0.002597,0.000513,0.000513,0.0041,0.000367,0
2026-10-02T08:15:26+00:00,M04,RUNNING,2.0,0.00313,0.002597,0.000533,0.000533,0.0043,0.000381,0
2026-10-02T08:15:28+00:00,M04,RUNNING,2.0,0.00314,0.002597,0.000543,0.000543,0.0043,0.000389,0
2026-10-02T08:15:30+00:00,M04,RUNNING,2.0,0.00303,0.002597,0.000433,0.000433,0.0035,0.00031,0
2026-10-02T08:15:32+00:00,M04,RUNNING,2.0,0.003,0.002597,0.000403,0.000403,0.0032,0.000288,0
2026-10-02T08:15:34+00:00,M04,RUNNING,2.0,0.00323,0.002597,0.000633,0.000633,0.0051,0.000453,0
2026-10-02T08:15:36+00:00,M04,RUNNING,2.0,0.00301,0.002597,0.000413,0.000413,0.0033,0.000296,0
2026-10-02T08:15:38+00:00,M04,RUNNING,2.0,0.00322,0.002597,0.000623,0.000623,0.005,0.000446,0
2026-10-02T08:15:40+00:00,M04,RUNNING,2.0,0.003,0.002597,0.000403,0.000403,0.0032,0.000288,0
2026-10-02T08:15:42+00:00,M04,RUNNING,2.0,0.00322,0.002597,0.000623,0.000623,0.005,0.000446,0
2026-10-02T08:15:44+00:00,M04,RUNNING,2.0,0.00305,0.002597,0.000453,0.000453,0.0036,0.000324,0
2026-10-02T08:15:46+00:00,M04,RUNNING,2.0,0.00321,0.002597,0.000613,0.000613,0.0049,0.000439,0
2026-10-02T08:15:48+00:00,M04,RUNNING,2.0,0.00302,0.002597,0.000423,0.000423,0.0034,0.000303,0
2026-10-02T08:15:50+00:00,M04,RUNNING,2.0,0.00302,0.002597,0.000423,0.000423,0.0034,0.000303,0
2026-10-02T08:15:52+00:00,M04,RUNNING,2.0,0.00311,0.002597,0.000513,0.000513,0.0041,0.000367,0
2026-10-02T08:15:54+00:00,M04,RUNNING,2.0,0.00304,0.002597,0.000443,0.000443,0.0035,0.000317,0
2026-10-02T08:15:56+00:00,M04,RUNNING,2.0,0.00322,0.002597,0.000623,0.000623,0.005,0.000446,0
2026-10-02T08:15:58+00:00,M04,RUNNING,2.0,0.00306,0.002597,0.000463,0.000463,0.0037,0.000331,0
2026-10-02T08:16:00+00:00,M04,RUNNING,2.0,0.00315,0.002597,0.000553,0.000553,0.0044,0.000396,1
2026-10-02T08:16:02+00:00,M04,RUNNING,2.0,0.00308,0.002597,0.000483,0.000483,0.0039,0.000346,0
2026-10-02T08:16:04+00:00,M04,RUNNING,2.0,0.00319,0.002597,0.000593,0.000593,0.0047,0.000424,0
2026-10-02T08:16:06+00:00,M04,RUNNING,2.0,0.00309,0.002597,0.000493,0.000493,0.0039,0.000353,0
2026-10-02T08:16:08+00:00,M04,RUNNING,2.0,0.00318,0.002597,0.000583,0.000583,0.0047,0.000417,0
2026-10-02T08:16:10+00:00,M04,RUNNING,2.0,0.00313,0.002597,0.000533,0.000533,0.0043,0.000381,0
2026-10-02T08:16:12+00:00,M04,RUNNING,2.0,0.003,0.002597,0.000403,0.000403,0.0032,0.000288,0
2026-10-02T08:16:14+00:00,M04,RUNNING,2.0,0.00307,0.002597,0.000473,0.000473,0.0038,0.000339,0
2026-10-02T08:16:16+00:00,M04,RUNNING,2.0,0.00319,0.002597,0.000593,0.000593,0.0047,0.000424,0
2026-10-02T08:16:18+00:00,M04,RUNNING,2.0,0.00321,0.002597,0.000613,0.000613,0.0049,0.000439,0
2026-10-02T08:16:20+00:00,M04,RUNNING,2.0,0.00315,0.002597,0.000553,0.000553,0.0044,0.000396,0
2026-10-02T08:16:22+00:00,M04,RUNNING,2.0,0.00309,0.002597,0.000493,0.000493,0.0039,0.000353,0
2026-10-02T08:16:24+00:00,M04,RUNNING,2.0,0.00302,0.002597,0.000423,0.000423,0.0034,0.000303,0
2026-10-02T08:16:26+00:00,M04,RUNNING,2.0,0.003,0.002597,0.000403,0.000403,0.0032,0.000288,0
2026-10-02T08:16:28+00:00,M04,RUNNING,2.0,0.00319,0.002597,0.000593,0.000593,0.0047,0.000424,0
2026-10-02T08:16:30+00:00,M04,RUNNING,2.0,0.00313,0.002597,0.000533,0.000533,0.0043,0.000381,0
2026-10-02T08:16:32+00:00,M04,RUNNING,2.0,0.00312,0.002597,0.000523,0.000523,0.0042,0.000374,0
2026-10-02T08:16:34+00:00,M04,RUNNING,2.0,0.00313,0.002597,0.000533,0.000533,0.0043,0.000381,0
2026-10-02T08:16:36+00:00,M04,RUNNING,2.0,0.00304,0.002597,0.000443,0.000443,0.0035,0.000317,0
2026-10-02T08:16:38+00:00,M04,RUNNING,2.0,0.00309,0.002597,0.000493,0.000493,0.0039,0.000353,0
2026-10-02T08:16:40+00:00,M04,RUNNING,2.0,0.00315,0.002597,0.000553,0.000553,0.0044,0.000396,1
2026-10-02T08:16:42+00:00,M04,RUNNING,2.0,0.00315,0.002597,0.000553,0.000553,0.0044,0.000396,0
2026-10-02T08:16:44+00:00,M04,RUNNING,2.0,0.00302,0.002597,0.000423,0.000423,0.0034,0.000303,0
2026-10-02T08:16:46+00:00,M04,RUNNING,2.0,0.00312,0.002597,0.000523,0.000523,0.0042,0.000374,0
2026-10-02T08:16:48+00:00,M04,RUNNING,2.0,0.00317,0.002597,0.000573,0.000573,0.0046,0.00041,0
2026-10-02T08:16:50+00:00,M04,RUNNING,2.0,0.0031,0.002597,0.000503,0.000503,0.004,0.00036,0
2026-10-02T08:16:52+00:00,M04,RUNNING,2.0,0.00315,0.002597,0.000553,0.000553,0.0044,0.000396,0
2026-10-02T08:16:54+00:00,M04,RUNNING,2.0,0.0032,0.002597,0.000603,0.000603,0.0048,0.000432,0
2026-10-02T08:16:56+00:00,M04,RUNNING,2.0,0.00303,0.002597,0.000433,0.000433,0.0035,0.00031,0
2026-10-02T08:16:58+00:00,M04,RUNNING,2.0,0.003,0.002597,0.000403,0.000403,0.0032,0.000288,0
2026-10-02T08:17:00+00:00,M04,RUNNING,2.0,0.00306,0.002597,0.000463,0.000463,0.0037,0.000331,0
2026-10-02T08:17:02+00:00,M04,RUNNING,2.0,0.00301,0.002597,0.000413,0.000413,0.0033,0.000296,0
2026-10-02T08:17:04+00:00,M04,RUNNING,2.0,0.00303,0.002597,0.000433,0.000433,0.0035,0.00031,0
2026-10-02T08:17:06+00:00,M04,RUNNING,2.0,0.00323,0.002597,0.000633,0.000633,0.0051,0.000453,0
2026-10-02T08:17:08+00:00,M04,RUNNING,2.0,0.00319,0.002597,0.000593,0.000593,0.0047,0.000424,0
2026-10-02T08:17:10+00:00,M04,RUNNING,2.0,0.00305,0.002597,0.000453,0.000453,0.0036,0.000324,0
2026-10-02T08:17:12+00:00,M04,RUNNING,2.0,0.00304,0.002597,0.000443,0.000443,0.0035,0.000317,0
2026-10-02T08:17:14+00:00,M04,RUNNING,2.0,0.00312,0.002597,0.000523,0.000523,0.0042,0.000374,0
2026-10-02T08:17:16+00:00,M04,RUNNING,2.0,0.003,0.002597,0.000403,0.000403,0.0032,0.000288,0
2026-10-02T08:17:18+00:00,M04,RUNNING,2.0,0.003,0.002597,0.000403,0.000403,0.0032,0.000288,0
2026-10-02T08:17:20+00:00,M04,RUNNING,2.0,0.00316,0.002597,0.000563,0.000563,0.0045,0.000403,1
2026-10-02T08:17:22+00:00,M04,RUNNING,2.0,0.00319,0.002597,0.000593,0.000593,0.0047,0.000424,0
2026-10-02T08:17:24+00:00,M04,RUNNING,2.0,0.00321,0.002597,0.000613,0.000613,0.0049,0.000439,0
2026-10-02T08:17:26+00:00,M04,RUNNING,2.0,0.00302,0.002597,0.000423,0.000423,0.0034,0.000303,0
2026-10-02T08:17:28+00:00,M04,RUNNING,2.0,0.00311,0.002597,0.000513,0.000513,0.0041,0.000367,0
2026-10-02T08:17:30+00:00,M04,RUNNING,2.0,0.00313,0.002597,0.000533,0.000533,0.0043,0.000381,0
2026-10-02T08:17:32+00:00,M04,RUNNING,2.0,0.00307,0.002597,0.000473,0.000473,0.0038,0.000339,0
2026-10-02T08:17:34+00:00,M04,RUNNING,2.0,0.00317,0.002597,0.000573,0.000573,0.0046,0.00041,0
2026-10-02T08:17:36+00:00,M04,RUNNING,2.0,0.00303,0.002597,0.000433,0.000433,0.0035,0.00031,0
2026-10-02T08:17:38+00:00,M04,RUNNING,2.0,0.00314,0.002597,0.000543,0.000543,0.0043,0.000389,0
2026-10-02T08:17:40+00:00,M04,RUNNING,2.0,0.00319,0.002597,0.000593,0.000593,0.0047,0.000424,0
2026-10-02T08:17:42+00:00,M04,RUNNING,2.0,0.00321,0.002597,0.000613,0.000613,0.0049,0.000439,0
2026-10-02T08:17:44+00:00,M04,RUNNING,2.0,0.00302,0.002597,0.000423,0.000423,0.0034,0.000303,0
2026-10-02T08:17:46+00:00,M04,RUNNING,2.0,0.00304,0.002597,0.000443,0.000443,0.0035,0.000317,0
2026-10-02T08:17:48+00:00,M04,RUNNING,2.0,0.0031,0.002597,0.000503,0.000503,0.004,0.00036,0
2026-10-02T08:17:50+00:00,M04,RUNNING,2.0,0.00303,0.002597,0.000433,0.000433,0.0035,0.00031,0
2026-10-02T08:17:52+00:00,M04,RUNNING,2.0,0.00305,0.002597,0.000453,0.000453,0.0036,0.000324,0
2026-10-02T08:17:54+00:00,M04,RUNNING,2.0,0.00311,0.002597,0.000513,0.000513,0.0041,0.000367,0
2026-10-02T08:17:56+00:00,M04,RUNNING,2.0,0.00309,0.002597,0.000493,0.000493,0.0039,0.000353,0
2026-10-02T08:17:58+00:00,M04,RUNNING,2.0,0.00302,0.002597,0.000423,0.000423,0.0034,0.000303,0
2026-10-02T08:18:00+00:00,M04,RUNNING,2.0,0.00313,0.002597,0.000533,0.000533,0.0043,0.000381,1
2026-10-02T08:18:02+00:00,M04,RUNNING,2.0,0.00315,0.002597,0.000553,0.000553,0.0044,0.000396,0
2026-10-02T08:18:04+00:00,M04,RUNNING,2.0,0.00304,0.002597,0.000443,0.000443,0.0035,0.000317,0
2026-10-02T08:18:06+00:00,M04,RUNNING,2.0,0.00318,0.002597,0.000583,0.000583,0.0047,0.000417,0
2026-10-02T08:18:08+00:00,M04,RUNNING,2.0,0.00303,0.002597,0.000433,0.000433,0.0035,0.00031,0
2026-10-02T08:18:10+00:00,M04,RUNNING,2.0,0.00311,0.002597,0.000513,0.000513,0.0041,0.000367,0
2026-10-02T08:18:12+00:00,M04,RUNNING,2.0,0.00317,0.002597,0.000573,0.000573,0.0046,0.00041,0
2026-10-02T08:18:14+00:00,M04,RUNNING,2.0,0.00301,0.002597,0.000413,0.000413,0.0033,0.000296,0
2026-10-02T08:18:16+00:00,M04,RUNNING,2.0,0.00323,0.002597,0.000633,0.000633,0.0051,0.000453,0
2026-10-02T08:18:18+00:00,M04,RUNNING,2.0,0.0032,0.002597,0.000603,0.000603,0.0048,0.000432,0
2026-10-02T08:18:20+00:00,M04,RUNNING,2.0,0.00309,0.002597,0.000493,0.000493,0.0039,0.000353,0
2026-10-02T08:18:22+00:00,M04,RUNNING,2.0,0.00317,0.002597,0.000573,0.000573,0.0046,0.00041,0
2026-10-02T08:18:24+00:00,M04,RUNNING,2.0,0.00301,0.002597,0.000413,0.000413,0.0033,0.000296,0
2026-10-02T08:18:26+00:00,M04,RUNNING,2.0,0.003,0.002597,0.000403,0.000403,0.0032,0.000288,0
2026-10-02T08:18:28+00:00,M04,RUNNING,2.0,0.00305,0.002597,0.000453,0.000453,0.0036,0.000324,0
2026-10-02T08:18:30+00:00,M04,RUNNING,2.0,0.0031,0.002597,0.000503,0.000503,0.004,0.00036,0
2026-10-02T08:18:32+00:00,M04,RUNNING,2.0,0.00315,0.002597,0.000553,0.000553,0.0044,0.000396,0
2026-10-02T08:18:34+00:00,M04,RUNNING,2.0,0.00314,0.002597,0.000543,0.000543,0.0043,0.000389,0
2026-10-02T08:18:36+00:00,M04,RUNNING,2.0,0.003,0.002597,0.000403,0.000403,0.0032,0.000288,0
2026-10-02T08:18:38+00:00,M04,RUNNING,2.0,0.00315,0.002597,0.000553,0.000553,0.0044,0.000396,0
2026-10-02T08:18:40+00:00,M04,RUNNING,2.0,0.00314,0.002597,0.000543,0.000543,0.0043,0.000389,1
2026-10-02T08:18:42+00:00,M04,RUNNING,2.0,0.00316,0.002597,0.000563,0.000563,0.0045,0.000403,0
2026-10-02T08:18:44+00:00,M04,RUNNING,2.0,0.00318,0.002597,0.000583,0.000583,0.0047,0.000417,0
2026-10-02T08:18:46+00:00,M04,RUNNING,2.0,0.00311,0.002597,0.000513,0.000513,0.0041,0.000367,0
2026-10-02T08:18:48+00:00,M04,RUNNING,2.0,0.00309,0.002597,0.000493,0.000493,0.0039,0.000353,0
2026-10-02T08:18:50+00:00,M04,RUNNING,2.0,0.0031,0.002597,0.000503,0.000503,0.004,0.00036,0
2026-10-02T08:18:52+00:00,M04,RUNNING,2.0,0.00302,0.002597,0.000423,0.000423,0.0034,0.000303,0
2026-10-02T08:18:54+00:00,M04,RUNNING,2.0,0.00321,0.002597,0.000613,0.000613,0.0049,0.000439,0
2026-10-02T08:18:56+00:00,M04,RUNNING,2.0,0.00312,0.002597,0.000523,0.000523,0.0042,0.000374,0
2026-10-02T08:18:58+00:00,M04,RUNNING,2.0,0.00311,0.002597,0.000513,0.000513,0.0041,0.000367,0
2026-10-02T08:19:00+00:00,M04,RUNNING,2.0,0.00319,0.002597,0.000593,0.000593,0.0047,0.000424,0
2026-10-02T08:19:02+00:00,M04,RUNNING,2.0,0.00323,0.002597,0.000633,0.000633,0.0051,0.000453,0
2026-10-02T08:19:04+00:00,M04,RUNNING,2.0,0.00315,0.002597,0.000553,0.000553,0.0044,0.000396,0
2026-10-02T08:19:06+00:00,M04,RUNNING,2.0,0.00312,0.002597,0.000523,0.000523,0.0042,0.000374,0
2026-10-02T08:19:08+00:00,M04,RUNNING,2.0,0.0032,0.002597,0.000603,0.000603,0.0048,0.000432,0
2026-10-02T08:19:10+00:00,M04,RUNNING,2.0,0.00304,0.002597,0.000443,0.000443,0.0035,0.000317,0
2026-10-02T08:19:12+00:00,M04,RUNNING,2.0,0.00314,0.002597,0.000543,0.000543,0.0043,0.000389,0
2026-10-02T08:19:14+00:00,M04,RUNNING,2.0,0.00319,0.002597,0.000593,0.000593,0.0047,0.000424,0
2026-10-02T08:19:16+00:00,M04,RUNNING,2.0,0.00307,0.002597,0.000473,0.000473,0.0038,0.000339,0
2026-10-02T08:19:18+00:00,M04,RUNNING,2.0,0.0031,0.002597,0.000503,0.000503,0.004,0.00036,0
2026-10-02T08:19:20+00:00,M04,RUNNING,2.0,0.00303,0.002597,0.000433,0.000433,0.0035,0.00031,1
2026-10-02T08:19:22+00:00,M04,RUNNING,2.0,0.00324,0.002597,0.000643,0.000643,0.0051,0.00046,0
2026-10-02T08:19:24+00:00,M04,RUNNING,2.0,0.00303,0.002597,0.000433,0.000433,0.0035,0.00031,0
2026-10-02T08:19:26+00:00,M04,RUNNING,2.0,0.00324,0.002597,0.000643,0.000643,0.0051,0.00046,0
2026-10-02T08:19:28+00:00,M04,RUNNING,2.0,0.00315,0.002597,0.000553,0.000553,0.0044,0.000396,0
2026-10-02T08:19:30+00:00,M04,RUNNING,2.0,0.00301,0.002597,0.000413,0.000413,0.0033,0.000296,0
2026-10-02T08:19:32+00:00,M04,RUNNING,2.0,0.00313,0.002597,0.000533,0.000533,0.0043,0.000381,0
2026-10-02T08:19:34+00:00,M04,RUNNING,2.0,0.00314,0.002597,0.000543,0.000543,0.0043,0.000389,0
2026-10-02T08:19:36+00:00,M04,RUNNING,2.0,0.0032,0.002597,0.000603,0.000603,0.0048,0.000432,0
2026-10-02T08:19:38+00:00,M04,RUNNING,2.0,0.00311,0.002597,0.000513,0.000513,0.0041,0.000367,0
2026-10-02T08:19:40+00:00,M04,RUNNING,2.0,0.0032,0.002597,0.000603,0.000603,0.0048,0.000432,0
2026-10-02T08:19:42+00:00,M04,RUNNING,2.0,0.00322,0.002597,0.000623,0.000623,0.005,0.000446,0
2026-10-02T08:19:44+00:00,M04,RUNNING,2.0,0.003,0.002597,0.000403,0.000403,0.0032,0.000288,0
2026-10-02T08:19:46+00:00,M04,RUNNING,2.0,0.00313,0.002597,0.000533,0.000533,0.0043,0.000381,0
2026-10-02T08:19:48+00:00,M04,RUNNING,2.0,0.00316,0.002597,0.000563,0.000563,0.0045,0.000403,0
2026-10-02T08:19:50+00:00,M04,RUNNING,2.0,0.003,0.002597,0.000403,0.000403,0.0032,0.000288,0
2026-10-02T08:19:52+00:00,M04,RUNNING,2.0,0.00302,0.002597,0.000423,0.000423,0.0034,0.000303,0
2026-10-02T08:19:54+00:00,M04,RUNNING,2.0,0.00321,0.002597,0.000613,0.000613,0.0049,0.000439,0
2026-10-02T08:19:56+00:00,M04,RUNNING,2.0,0.00323,0.002597,0.000633,0.000633,0.0051,0.000453,0
2026-10-02T08:19:58+00:00,M04,RUNNING,2.0,0.00315,0.002597,0.000553,0.000553,0.0044,0.000396,0
2026-10-02T08:20:00+00:00,M04,RUNNING,2.0,0.00318,0.002597,0.000583,0.000583,0.0047,0.000417,1
2026-10-02T08:20:02+00:00,M04,RUNNING,2.0,0.00301,0.002597,0.000413,0.000413,0.0033,0.000296,0
2026-10-02T08:20:04+00:00,M04,RUNNING,2.0,0.00317,0.002597,0.000573,0.000573,0.0046,0.00041,0
2026-10-02T08:20:06+00:00,M04,RUNNING,2.0,0.0031,0.002597,0.000503,0.000503,0.004,0.00036,0
2026-10-02T08:20:08+00:00,M04,RUNNING,2.0,0.00319,0.002597,0.000593,0.000593,0.0047,0.000424,0
2026-10-02T08:20:10+00:00,M04,RUNNING,2.0,0.00308,0.002597,0.000483,0.000483,0.0039,0.000346,0
2026-10-02T08:20:12+00:00,M04,RUNNING,2.0,0.00302,0.002597,0.000423,0.000423,0.0034,0.000303,0
2026-10-02T08:20:14+00:00,M04,RUNNING,2.0,0.00323,0.002597,0.000633,0.000633,0.0051,0.000453,0
2026-10-02T08:20:16+00:00,M04,RUNNING,2.0,0.00303,0.002597,0.000433,0.000433,0.0035,0.00031,0
2026-10-02T08:20:18+00:00,M04,RUNNING,2.0,0.00307,0.002597,0.000473,0.000473,0.0038,0.000339,0
2026-10-02T08:20:20+00:00,M04,RUNNING,2.0,0.00303,0.002597,0.000433,0.000433,0.0035,0.00031,0
2026-10-02T08:20:22+00:00,M04,RUNNING,2.0,0.003,0.002597,0.000403,0.000403,0.0032,0.000288,0
2026-10-02T08:20:24+00:00,M04,RUNNING,2.0,0.00303,0.002597,0.000433,0.000433,0.0035,0.00031,0
2026-10-02T08:20:26+00:00,M04,RUNNING,2.0,0.00307,0.002597,0.000473,0.000473,0.0038,0.000339,0
2026-10-02T08:20:28+00:00,M04,RUNNING,2.0,0.00309,0.002597,0.000493,0.000493,0.0039,0.000353,0
2026-10-02T08:20:30+00:00,M04,RUNNING,2.0,0.00307,0.002597,0.000473,0.000473,0.0038,0.000339,0
2026-10-02T08:20:32+00:00,M04,RUNNING,2.0,0.00318,0.002597,0.000583,0.000583,0.0047,0.000417,0
2026-10-02T08:20:34+00:00,M04,RUNNING,2.0,0.00313,0.002597,0.000533,0.000533,0.0043,0.000381,0
2026-10-02T08:20:36+00:00,M04,RUNNING,2.0,0.00316,0.002597,0.000563,0.000563,0.0045,0.000403,0
2026-10-02T08:20:38+00:00,M04,RUNNING,2.0,0.00308,0.002597,0.000483,0.000483,0.0039,0.000346,0
2026-10-02T08:20:40+00:00,M04,RUNNING,2.0,0.003,0.002597,0.000403,0.000403,0.0032,0.000288,1
2026-10-02T08:20:42+00:00,M04,RUNNING,2.0,0.00301,0.002597,0.000413,0.000413,0.0033,0.000296,0
2026-10-02T08:20:44+00:00,M04,RUNNING,2.0,0.00321,0.002597,0.000613,0.000613,0.0049,0.000439,0
2026-10-02T08:20:46+00:00,M04,RUNNING,2.0,0.00316,0.002597,0.000563,0.000563,0.0045,0.000403,0
2026-10-02T08:20:48+00:00,M04,RUNNING,2.0,0.00303,0.002597,0.000433,0.000433,0.0035,0.00031,0
2026-10-02T08:20:50+00:00,M04,RUNNING,2.0,0.00309,0.002597,0.000493,0.000493,0.0039,0.000353,0
2026-10-02T08:20:52+00:00,M04,RUNNING,2.0,0.00301,0.002597,0.000413,0.000413,0.0033,0.000296,0
2026-10-02T08:20:54+00:00,M04,RUNNING,2.0,0.0031,0.002597,0.000503,0.000503,0.004,0.00036,0
2026-10-02T08:20:56+00:00,M04,RUNNING,2.0,0.00323,0.002597,0.000633,0.000633,0.0051,0.000453,0
2026-10-02T08:20:58+00:00,M04,RUNNING,2.0,0.00303,0.002597,0.000433,0.000433,0.0035,0.00031,0
2026-10-02T08:21:00+00:00,M04,RUNNING,2.0,0.00307,0.002597,0.000473,0.000473,0.0038,0.000339,0
2026-10-02T08:21:02+00:00,M04,RUNNING,2.0,0.00302,0.002597,0.000423,0.000423,0.0034,0.000303,0
2026-10-02T08:21:04+00:00,M04,RUNNING,2.0,0.00309,0.002597,0.000493,0.000493,0.0039,0.000353,0
2026-10-02T08:21:06+00:00,M04,RUNNING,2.0,0.00316,0.002597,0.000563,0.000563,0.0045,0.000403,0
2026-10-02T08:21:08+00:00,M04,RUNNING,2.0,0.00309,0.002597,0.000493,0.000493,0.0039,0.000353,0
2026-10-02T08:21:10+00:00,M04,RUNNING,2.0,0.00305,0.002597,0.000453,0.000453,0.0036,0.000324,0
2026-10-02T08:21:12+00:00,M04,RUNNING,2.0,0.00311,0.002597,0.000513,0.000513,0.0041,0.000367,0
2026-10-02T08:21:14+00:00,M04,RUNNING,2.0,0.0032,0.002597,0.000603,0.000603,0.0048,0.000432,0
2026-10-02T08:21:16+00:00,M04,RUNNING,2.0,0.00309,0.002597,0.000493,0.000493,0.0039,0.000353,0
2026-10-02T08:21:18+00:00,M04,RUNNING,2.0,0.00305,0.002597,0.000453,0.000453,0.0036,0.000324,0
2026-10-02T08:21:20+00:00,M04,RUNNING,2.0,0.00301,0.002597,0.000413,0.000413,0.0033,0.000296,1
2026-10-02T08:21:22+00:00,M04,RUNNING,2.0,0.00319,0.002597,0.000593,0.000593,0.0047,0.000424,0
2026-10-02T08:21:24+00:00,M04,RUNNING,2.0,0.00314,0.002597,0.000543,0.000543,0.0043,0.000389,0
2026-10-02T08:21:26+00:00,M04,RUNNING,2.0,0.00318,0.002597,0.000583,0.000583,0.0047,0.000417,0
2026-10-02T08:21:28+00:00,M04,RUNNING,2.0,0.00319,0.002597,0.000593,0.000593,0.0047,0.000424,0
2026-10-02T08:21:30+00:00,M04,RUNNING,2.0,0.00305,0.002597,0.000453,0.000453,0.0036,0.000324,0
2026-10-02T08:21:32+00:00,M04,RUNNING,2.0,0.00309,0.002597,0.000493,0.000493,0.0039,0.000353,0
2026-10-02T08:21:34+00:00,M04,RUNNING,2.0,0.00318,0.002597,0.000583,0.000583,0.0047,0.000417,0
2026-10-02T08:21:36+00:00,M04,RUNNING,2.0,0.00316,0.002597,0.000563,0.000563,0.0045,0.000403,0
2026-10-02T08:21:38+00:00,M04,RUNNING,2.0,0.00303,0.002597,0.000433,0.000433,0.0035,0.00031,0
2026-10-02T08:21:40+00:00,M04,RUNNING,2.0,0.00321,0.002597,0.000613,0.000613,0.0049,0.000439,0
2026-10-02T08:21:42+00:00,M04,RUNNING,2.0,0.00312,0.002597,0.000523,0.000523,0.0042,0.000374,0
2026-10-02T08:21:44+00:00,M04,RUNNING,2.0,0.00303,0.002597,0.000433,0.000433,0.0035,0.00031,0
2026-10-02T08:21:46+00:00,M04,RUNNING,2.0,0.00302,0.002597,0.000423,0.000423,0.0034,0.000303,0
2026-10-02T08:21:48+00:00,M04,RUNNING,2.0,0.0031,0.002597,0.000503,0.000503,0.004,0.00036,0
2026-10-02T08:21:50+00:00,M04,RUNNING,2.0,0.00304,0.002597,0.000443,0.000443,0.0035,0.000317,0
2026-10-02T08:21:52+00:00,M04,RUNNING,2.0,0.00322,0.002597,0.000623,0.000623,0.005,0.000446,0
2026-10-02T08:21:54+00:00,M04,RUNNING,2.0,0.00318,0.002597,0.000583,0.000583,0.0047,0.000417,0
2026-10-02T08:21:56+00:00,M04,RUNNING,2.0,0.00319,0.002597,0.000593,0.000593,0.0047,0.000424,0
2026-10-02T08:21:58+00:00,M04,RUNNING,2.0,0.00299,0.002597,0.000393,0.000393,0.0031,0.000281,0
2026-10-02T08:22:00+00:00,M04,RUNNING,2.0,0.00313,0.002597,0.000533,0.000533,0.0043,0.000381,1
2026-10-02T08:22:02+00:00,M04,RUNNING,2.0,0.00305,0.002597,0.000453,0.000453,0.0036,0.000324,0
2026-10-02T08:22:04+00:00,M04,RUNNING,2.0,0.00322,0.002597,0.000623,0.000623,0.005,0.000446,0
2026-10-02T08:22:06+00:00,M04,RUNNING,2.0,0.00312,0.002597,0.000523,0.000523,0.0042,0.000374,0
2026-10-02T08:22:08+00:00,M04,RUNNING,2.0,0.00308,0.002597,0.000483,0.000483,0.0039,0.000346,0
2026-10-02T08:22:10+00:00,M04,RUNNING,2.0,0.00314,0.002597,0.000543,0.000543,0.0043,0.000389,0
2026-10-02T08:22:12+00:00,M04,RUNNING,2.0,0.00305,0.002597,0.000453,0.000453,0.0036,0.000324,0
2026-10-02T08:22:14+00:00,M04,RUNNING,2.0,0.00308,0.002597,0.000483,0.000483,0.0039,0.000346,0
2026-10-02T08:22:16+00:00,M04,RUNNING,2.0,0.00311,0.002597,0.000513,0.000513,0.0041,0.000367,0
2026-10-02T08:22:18+00:00,M04,RUNNING,2.0,0.00302,0.002597,0.000423,0.000423,0.0034,0.000303,0
2026-10-02T08:22:20+00:00,M04,RUNNING,2.0,0.00323,0.002597,0.000633,0.000633,0.0051,0.000453,0
2026-10-02T08:22:22+00:00,M04,RUNNING,2.0,0.00316,0.002597,0.000563,0.000563,0.0045,0.000403,0
2026-10-02T08:22:24+00:00,M04,RUNNING,2.0,0.00323,0.002597,0.000633,0.000633,0.0051,0.000453,0
2026-10-02T08:22:26+00:00,M04,RUNNING,2.0,0.00301,0.002597,0.000413,0.000413,0.0033,0.000296,0
2026-10-02T08:22:28+00:00,M04,RUNNING,2.0,0.00302,0.002597,0.000423,0.000423,0.0034,0.000303,0
2026-10-02T08:22:30+00:00,M04,RUNNING,2.0,0.00307,0.002597,0.000473,0.000473,0.0038,0.000339,0
2026-10-02T08:22:32+00:00,M04,RUNNING,2.0,0.00306,0.002597,0.000463,0.000463,0.0037,0.000331,0
2026-10-02T08:22:34+00:00,M04,RUNNING,2.0,0.00308,0.002597,0.000483,0.000483,0.0039,0.000346,0
2026-10-02T08:22:36+00:00,M04,RUNNING,2.0,0.00321,0.002597,0.000613,0.000613,0.0049,0.000439,0
2026-10-02T08:22:38+00:00,M04,RUNNING,2.0,0.00321,0.002597,0.000613,0.000613,0.0049,0.000439,0
2026-10-02T08:22:40+00:00,M04,RUNNING,2.0,0.00303,0.002597,0.000433,0.000433,0.0035,0.00031,1
2026-10-02T08:22:42+00:00,M04,RUNNING,2.0,0.00313,0.002597,0.000533,0.000533,0.0043,0.000381,0
2026-10-02T08:22:44+00:00,M04,RUNNING,2.0,0.00309,0.002597,0.000493,0.000493,0.0039,0.000353,0
2026-10-02T08:22:46+00:00,M04,RUNNING,2.0,0.00302,0.002597,0.000423,0.000423,0.0034,0.000303,0
2026-10-02T08:22:48+00:00,M04,RUNNING,2.0,0.00314,0.002597,0.000543,0.000543,0.0043,0.000389,0
2026-10-02T08:22:50+00:00,M04,RUNNING,2.0,0.00314,0.002597,0.000543,0.000543,0.0043,0.000389,0
2026-10-02T08:22:52+00:00,M04,RUNNING,2.0,0.0032,0.002597,0.000603,0.000603,0.0048,0.000432,0
2026-10-02T08:22:54+00:00,M04,RUNNING,2.0,0.00312,0.002597,0.000523,0.000523,0.0042,0.000374,0
2026-10-02T08:22:56+00:00,M04,RUNNING,2.0,0.00305,0.002597,0.000453,0.000453,0.0036,0.000324,0
2026-10-02T08:22:58+00:00,M04,RUNNING,2.0,0.00309,0.002597,0.000493,0.000493,0.0039,0.000353,0
2026-10-02T08:23:00+00:00,M04,RUNNING,2.0,0.00307,0.002597,0.000473,0.000473,0.0038,0.000339,0
2026-10-02T08:23:02+00:00,M04,RUNNING,2.0,0.003,0.002597,0.000403,0.000403,0.0032,0.000288,0
2026-10-02T08:23:04+00:00,M04,RUNNING,2.0,0.0032,0.002597,0.000603,0.000603,0.0048,0.000432,0
2026-10-02T08:23:06+00:00,M04,RUNNING,2.0,0.00312,0.002597,0.000523,0.000523,0.0042,0.000374,0
2026-10-02T08:23:08+00:00,M04,RUNNING,2.0,0.00302,0.002597,0.000423,0.000423,0.0034,0.000303,0
2026-10-02T08:23:10+00:00,M04,RUNNING,2.0,0.00316,0.002597,0.000563,0.000563,0.0045,0.000403,0
2026-10-02T08:23:12+00:00,M04,RUNNING,2.0,0.0031,0.002597,0.000503,0.000503,0.004,0.00036,0
2026-10-02T08:23:14+00:00,M04,RUNNING,2.0,0.0031,0.002597,0.000503,0.000503,0.004,0.00036,0
2026-10-02T08:23:16+00:00,M04,RUNNING,2.0,0.00303,0.002597,0.000433,0.000433,0.0035,0.00031,0
2026-10-02T08:23:18+00:00,M04,RUNNING,2.0,0.00307,0.002597,0.000473,0.000473,0.0038,0.000339,0
2026-10-02T08:23:20+00:00,M04,RUNNING,2.0,0.00321,0.002597,0.000613,0.000613,0.0049,0.000439,1
2026-10-02T08:23:22+00:00,M04,RUNNING,2.0,0.00322,0.002597,0.000623,0.000623,0.005,0.000446,0
2026-10-02T08:23:24+00:00,M04,RUNNING,2.0,0.00304,0.002597,0.000443,0.000443,0.0035,0.000317,0
2026-10-02T08:23:26+00:00,M04,RUNNING,2.0,0.00301,0.002597,0.000413,0.000413,0.0033,0.000296,0
2026-10-02T08:23:28+00:00,M04,RUNNING,2.0,0.00301,0.002597,0.000413,0.000413,0.0033,0.000296,0
2026-10-02T08:23:30+00:00,M04,RUNNING,2.0,0.00309,0.002597,0.000493,0.000493,0.0039,0.000353,0
2026-10-02T08:23:32+00:00,M04,RUNNING,2.0,0.00303,0.002597,0.000433,0.000433,0.0035,0.00031,0
2026-10-02T08:23:34+00:00,M04,RUNNING,2.0,0.00308,0.002597,0.000483,0.000483,0.0039,0.000346,0
2026-10-02T08:23:36+00:00,M04,RUNNING,2.0,0.00315,0.002597,0.000553,0.000553,0.0044,0.000396,0
2026-10-02T08:23:38+00:00,M04,RUNNING,2.0,0.00315,0.002597,0.000553,0.000553,0.0044,0.000396,0
2026-10-02T08:23:40+00:00,M04,RUNNING,2.0,0.00304,0.002597,0.000443,0.000443,0.0035,0.000317,0
2026-10-02T08:23:42+00:00,M04,RUNNING,2.0,0.00317,0.002597,0.000573,0.000573,0.0046,0.00041,0
2026-10-02T08:23:44+00:00,M04,RUNNING,2.0,0.0031,0.002597,0.000503,0.000503,0.004,0.00036,0
2026-10-02T08:23:46+00:00,M04,RUNNING,2.0,0.00319,0.002597,0.000593,0.000593,0.0047,0.000424,0
2026-10-02T08:23:48+00:00,M04,RUNNING,2.0,0.00319,0.002597,0.000593,0.000593,0.0047,0.000424,0
2026-10-02T08:23:50+00:00,M04,RUNNING,2.0,0.00304,0.002597,0.000443,0.000443,0.0035,0.000317,0
2026-10-02T08:23:52+00:00,M04,RUNNING,2.0,0.00309,0.002597,0.000493,0.000493,0.0039,0.000353,0
2026-10-02T08:23:54+00:00,M04,RUNNING,2.0,0.00314,0.002597,0.000543,0.000543,0.0043,0.000389,0
2026-10-02T08:23:56+00:00,M04,RUNNING,2.0,0.00304,0.002597,0.000443,0.000443,0.0035,0.000317,0
2026-10-02T08:23:58+00:00,M04,RUNNING,2.0,0.00313,0.002597,0.000533,0.000533,0.0043,0.000381,0
2026-10-02T08:24:00+00:00,M04,RUNNING,2.0,0.00321,0.002597,0.000613,0.000613,0.0049,0.000439,1
2026-10-02T08:24:02+00:00,M04,RUNNING,2.0,0.00302,0.002597,0.000423,0.000423,0.0034,0.000303,0
2026-10-02T08:24:04+00:00,M04,RUNNING,2.0,0.0031,0.002597,0.000503,0.000503,0.004,0.00036,0
2026-10-02T08:24:06+00:00,M04,RUNNING,2.0,0.00305,0.002597,0.000453,0.000453,0.0036,0.000324,0
2026-10-02T08:24:08+00:00,M04,RUNNING,2.0,0.003,0.002597,0.000403,0.000403,0.0032,0.000288,0
2026-10-02T08:24:10+00:00,M04,RUNNING,2.0,0.00307,0.002597,0.000473,0.000473,0.0038,0.000339,0
2026-10-02T08:24:12+00:00,M04,RUNNING,2.0,0.00309,0.002597,0.000493,0.000493,0.0039,0.000353,0
2026-10-02T08:24:14+00:00,M04,RUNNING,2.0,0.00321,0.002597,0.000613,0.000613,0.0049,0.000439,0
2026-10-02T08:24:16+00:00,M04,RUNNING,2.0,0.00314,0.002597,0.000543,0.000543,0.0043,0.000389,0
2026-10-02T08:24:18+00:00,M04,RUNNING,2.0,0.00317,0.002597,0.000573,0.000573,0.0046,0.00041,0
2026-10-02T08:24:20+00:00,M04,RUNNING,2.0,0.00305,0.002597,0.000453,0.000453,0.0036,0.000324,0
2026-10-02T08:24:22+00:00,M04,RUNNING,2.0,0.00308,0.002597,0.000483,0.000483,0.0039,0.000346,0
2026-10-02T08:24:24+00:00,M04,RUNNING,2.0,0.00314,0.002597,0.000543,0.000543,0.0043,0.000389,0
2026-10-02T08:24:26+00:00,M04,RUNNING,2.0,0.00309,0.002597,0.000493,0.000493,0.0039,0.000353,0
2026-10-02T08:24:28+00:00,M04,RUNNING,2.0,0.00324,0.002597,0.000643,0.000643,0.0051,0.00046,0
2026-10-02T08:24:30+00:00,M04,RUNNING,2.0,0.00316,0.002597,0.000563,0.000563,0.0045,0.000403,0
2026-10-02T08:24:32+00:00,M04,RUNNING,2.0,0.00323,0.002597,0.000633,0.000633,0.0051,0.000453,0
2026-10-02T08:24:34+00:00,M04,RUNNING,2.0,0.0031,0.002597,0.000503,0.000503,0.004,0.00036,0
2026-10-02T08:24:36+00:00,M04,RUNNING,2.0,0.003,0.002597,0.000403,0.000403,0.0032,0.000288,0
2026-10-02T08:24:38+00:00,M04,RUNNING,2.0,0.00321,0.002597,0.000613,0.000613,0.0049,0.000439,0
2026-10-02T08:24:40+00:00,M04,RUNNING,2.0,0.00323,0.002597,0.000633,0.000633,0.0051,0.000453,1
2026-10-02T08:24:42+00:00,M04,RUNNING,2.0,0.00302,0.002597,0.000423,0.000423,0.0034,0.000303,0
2026-10-02T08:24:44+00:00,M04,RUNNING,2.0,0.00312,0.002597,0.000523,0.000523,0.0042,0.000374,0
2026-10-02T08:24:46+00:00,M04,RUNNING,2.0,0.00322,0.002597,0.000623,0.000623,0.005,0.000446,0
2026-10-02T08:24:48+00:00,M04,RUNNING,2.0,0.00309,0.002597,0.000493,0.000493,0.0039,0.000353,0
2026-10-02T08:24:50+00:00,M04,RUNNING,2.0,0.0032,0.002597,0.000603,0.000603,0.0048,0.000432,0
2026-10-02T08:24:52+00:00,M04,RUNNING,2.0,0.00308,0.002597,0.000483,0.000483,0.0039,0.000346,0
2026-10-02T08:24:54+00:00,M04,RUNNING,2.0,0.00305,0.002597,0.000453,0.000453,0.0036,0.000324,0
2026-10-02T08:24:56+00:00,M04,RUNNING,2.0,0.00322,0.002597,0.000623,0.000623,0.005,0.000446,0
2026-10-02T08:24:58+00:00,M04,RUNNING,2.0,0.00318,0.002597,0.000583,0.000583,0.0047,0.000417,0
2026-10-02T08:25:00+00:00,M04,RUNNING,2.0,0.00323,0.002597,0.000633,0.000633,0.0051,0.000453,0
2026-10-02T08:25:02+00:00,M04,RUNNING,2.0,0.00302,0.002597,0.000423,0.000423,0.0034,0.000303,0
2026-10-02T08:25:04+00:00,M04,RUNNING,2.0,0.003,0.002597,0.000403,0.000403,0.0032,0.000288,0
2026-10-02T08:25:06+00:00,M04,RUNNING,2.0,0.00322,0.002597,0.000623,0.000623,0.005,0.000446,0
2026-10-02T08:25:08+00:00,M04,RUNNING,2.0,0.00317,0.002597,0.000573,0.000573,0.0046,0.00041,0
2026-10-02T08:25:10+00:00,M04,RUNNING,2.0,0.00316,0.002597,0.000563,0.000563,0.0045,0.000403,0
2026-10-02T08:25:12+00:00,M04,RUNNING,2.0,0.00317,0.002597,0.000573,0.000573,0.0046,0.00041,0
2026-10-02T08:25:14+00:00,M04,RUNNING,2.0,0.00302,0.002597,0.000423,0.000423,0.0034,0.000303,0
2026-10-02T08:25:16+00:00,M04,RUNNING,2.0,0.00306,0.002597,0.000463,0.000463,0.0037,0.000331,0
2026-10-02T08:25:18+00:00,M04,RUNNING,2.0,0.00323,0.002597,0.000633,0.000633,0.0051,0.000453,0
2026-10-02T08:25:20+00:00,M04,RUNNING,2.0,0.00308,0.002597,0.000483,0.000483,0.0039,0.000346,1
2026-10-02T08:25:22+00:00,M04,RUNNING,2.0,0.00305,0.002597,0.000453,0.000453,0.0036,0.000324,0
2026-10-02T08:25:24+00:00,M04,RUNNING,2.0,0.00323,0.002597,0.000633,0.000633,0.0051,0.000453,0
2026-10-02T08:25:26+00:00,M04,RUNNING,2.0,0.00319,0.002597,0.000593,0.000593,0.0047,0.000424,0
2026-10-02T08:25:28+00:00,M04,RUNNING,2.0,0.00307,0.002597,0.000473,0.000473,0.0038,0.000339,0
2026-10-02T08:25:30+00:00,M04,RUNNING,2.0,0.00312,0.002597,0.000523,0.000523,0.0042,0.000374,0
2026-10-02T08:25:32+00:00,M04,RUNNING,2.0,0.00305,0.002597,0.000453,0.000453,0.0036,0.000324,0
2026-10-02T08:25:34+00:00,M04,RUNNING,2.0,0.00301,0.002597,0.000413,0.000413,0.0033,0.000296,0
2026-10-02T08:25:36+00:00,M04,RUNNING,2.0,0.00301,0.002597,0.000413,0.000413,0.0033,0.000296,0
2026-10-02T08:25:38+00:00,M04,RUNNING,2.0,0.00309,0.002597,0.000493,0.000493,0.0039,0.000353,0
2026-10-02T08:25:40+00:00,M04,RUNNING,2.0,0.00324,0.002597,0.000643,0.000643,0.0051,0.00046,0
2026-10-02T08:25:42+00:00,M04,RUNNING,2.0,0.00317,0.002597,0.000573,0.000573,0.0046,0.00041,0
2026-10-02T08:25:44+00:00,M04,RUNNING,2.0,0.00311,0.002597,0.000513,0.000513,0.0041,0.000367,0
2026-10-02T08:25:46+00:00,M04,RUNNING,2.0,0.00302,0.002597,0.000423,0.000423,0.0034,0.000303,0
2026-10-02T08:25:48+00:00,M04,RUNNING,2.0,0.00322,0.002597,0.000623,0.000623,0.005,0.000446,0
2026-10-02T08:25:50+00:00,M04,RUNNING,2.0,0.00321,0.002597,0.000613,0.000613,0.0049,0.000439,0
2026-10-02T08:25:52+00:00,M04,RUNNING,2.0,0.00324,0.002597,0.000643,0.000643,0.0051,0.00046,0
2026-10-02T08:25:54+00:00,M04,RUNNING,2.0,0.003,0.002597,0.000403,0.000403,0.0032,0.000288,0
2026-10-02T08:25:56+00:00,M04,RUNNING,2.0,0.00309,0.002597,0.000493,0.000493,0.0039,0.000353,0
2026-10-02T08:25:58+00:00,M04,RUNNING,2.0,0.00318,0.002597,0.000583,0.000583,0.0047,0.000417,0
2026-10-02T08:26:00+00:00,M04,RUNNING,2.0,0.00314,0.002597,0.000543,0.000543,0.0043,0.000389,1
2026-10-02T08:26:02+00:00,M04,RUNNING,2.0,0.00314,0.002597,0.000543,0.000543,0.0043,0.000389,0
2026-10-02T08:26:04+00:00,M04,RUNNING,2.0,0.003,0.002597,0.000403,0.000403,0.0032,0.000288,0
2026-10-02T08:26:06+00:00,M04,RUNNING,2.0,0.0032,0.002597,0.000603,0.000603,0.0048,0.000432,0
2026-10-02T08:26:08+00:00,M04,RUNNING,2.0,0.00317,0.002597,0.000573,0.000573,0.0046,0.00041,0
2026-10-02T08:26:10+00:00,M04,RUNNING,2.0,0.00302,0.002597,0.000423,0.000423,0.0034,0.000303,0
2026-10-02T08:26:12+00:00,M04,RUNNING,2.0,0.00312,0.002597,0.000523,0.000523,0.0042,0.000374,0
2026-10-02T08:26:14+00:00,M04,RUNNING,2.0,0.00306,0.002597,0.000463,0.000463,0.0037,0.000331,0
2026-10-02T08:26:16+00:00,M04,RUNNING,2.0,0.00301,0.002597,0.000413,0.000413,0.0033,0.000296,0
2026-10-02T08:26:18+00:00,M04,RUNNING,2.0,0.00306,0.002597,0.000463,0.000463,0.0037,0.000331,0
2026-10-02T08:26:20+00:00,M04,RUNNING,2.0,0.00307,0.002597,0.000473,0.000473,0.0038,0.000339,0
2026-10-02T08:26:22+00:00,M04,RUNNING,2.0,0.0032,0.002597,0.000603,0.000603,0.0048,0.000432,0
2026-10-02T08:26:24+00:00,M04,RUNNING,2.0,0.00311,0.002597,0.000513,0.000513,0.0041,0.000367,0
2026-10-02T08:26:26+00:00,M04,RUNNING,2.0,0.00311,0.002597,0.000513,0.000513,0.0041,0.000367,0
2026-10-02T08:26:28+00:00,M04,RUNNING,2.0,0.00317,0.002597,0.000573,0.000573,0.0046,0.00041,0
2026-10-02T08:26:30+00:00,M04,RUNNING,2.0,0.00316,0.002597,0.000563,0.000563,0.0045,0.000403,0
2026-10-02T08:26:32+00:00,M04,RUNNING,2.0,0.00311,0.002597,0.000513,0.000513,0.0041,0.000367,0
2026-10-02T08:26:34+00:00,M04,RUNNING,2.0,0.00314,0.002597,0.000543,0.000543,0.0043,0.000389,0
2026-10-02T08:26:36+00:00,M04,RUNNING,2.0,0.00306,0.002597,0.000463,0.000463,0.0037,0.000331,0
2026-10-02T08:26:38+00:00,M04,RUNNING,2.0,0.00306,0.002597,0.000463,0.000463,0.0037,0.000331,0
2026-10-02T08:26:40+00:00,M04,RUNNING,2.0,0.00321,0.002597,0.000613,0.000613,0.0049,0.000439,1
2026-10-02T08:26:42+00:00,M04,RUNNING,2.0,0.00302,0.002597,0.000423,0.000423,0.0034,0.000303,0
2026-10-02T08:26:44+00:00,M04,RUNNING,2.0,0.00309,0.002597,0.000493,0.000493,0.0039,0.000353,0
2026-10-02T08:26:46+00:00,M04,RUNNING,2.0,0.00304,0.002597,0.000443,0.000443,0.0035,0.000317,0
2026-10-02T08:26:48+00:00,M04,RUNNING,2.0,0.00314,0.002597,0.000543,0.000543,0.0043,0.000389,0
2026-10-02T08:26:50+00:00,M04,RUNNING,2.0,0.00314,0.002597,0.000543,0.000543,0.0043,0.000389,0
2026-10-02T08:26:52+00:00,M04,RUNNING,2.0,0.00299,0.002597,0.000393,0.000393,0.0031,0.000281,0
2026-10-02T08:26:54+00:00,M04,RUNNING,2.0,0.00319,0.002597,0.000593,0.000593,0.0047,0.000424,0
2026-10-02T08:26:56+00:00,M04,RUNNING,2.0,0.00302,0.002597,0.000423,0.000423,0.0034,0.000303,0
2026-10-02T08:26:58+00:00,M04,RUNNING,2.0,0.00324,0.002597,0.000643,0.000643,0.0051,0.00046,0
2026-10-02T08:27:00+00:00,M04,RUNNING,2.0,0.00309,0.002597,0.000493,0.000493,0.0039,0.000353,0
2026-10-02T08:27:02+00:00,M04,RUNNING,2.0,0.00318,0.002597,0.000583,0.000583,0.0047,0.000417,0
2026-10-02T08:27:04+00:00,M04,RUNNING,2.0,0.00314,0.002597,0.000543,0.000543,0.0043,0.000389,0
2026-10-02T08:27:06+00:00,M04,RUNNING,2.0,0.00307,0.002597,0.000473,0.000473,0.0038,0.000339,0
2026-10-02T08:27:08+00:00,M04,RUNNING,2.0,0.00305,0.002597,0.000453,0.000453,0.0036,0.000324,0
2026-10-02T08:27:10+00:00,M04,RUNNING,2.0,0.00306,0.002597,0.000463,0.000463,0.0037,0.000331,0
2026-10-02T08:27:12+00:00,M04,RUNNING,2.0,0.00323,0.002597,0.000633,0.000633,0.0051,0.000453,0
2026-10-02T08:27:14+00:00,M04,RUNNING,2.0,0.00311,0.002597,0.000513,0.000513,0.0041,0.000367,0
2026-10-02T08:27:16+00:00,M04,RUNNING,2.0,0.00307,0.002597,0.000473,0.000473,0.0038,0.000339,0
2026-10-02T08:27:18+00:00,M04,RUNNING,2.0,0.00303,0.002597,0.000433,0.000433,0.0035,0.00031,0
2026-10-02T08:27:20+00:00,M04,RUNNING,2.0,0.00308,0.002597,0.000483,0.000483,0.0039,0.000346,1
2026-10-02T08:27:22+00:00,M04,RUNNING,2.0,0.00319,0.002597,0.000593,0.000593,0.0047,0.000424,0
2026-10-02T08:27:24+00:00,M04,RUNNING,2.0,0.00305,0.002597,0.000453,0.000453,0.0036,0.000324,0
2026-10-02T08:27:26+00:00,M04,RUNNING,2.0,0.00301,0.002597,0.000413,0.000413,0.0033,0.000296,0
2026-10-02T08:27:28+00:00,M04,RUNNING,2.0,0.00308,0.002597,0.000483,0.000483,0.0039,0.000346,0
2026-10-02T08:27:30+00:00,M04,RUNNING,2.0,0.00313,0.002597,0.000533,0.000533,0.0043,0.000381,0
2026-10-02T08:27:32+00:00,M04,RUNNING,2.0,0.00309,0.002597,0.000493,0.000493,0.0039,0.000353,0
2026-10-02T08:27:34+00:00,M04,RUNNING,2.0,0.00314,0.002597,0.000543,0.000543,0.0043,0.000389,0
2026-10-02T08:27:36+00:00,M04,RUNNING,2.0,0.00319,0.002597,0.000593,0.000593,0.0047,0.000424,0
2026-10-02T08:27:38+00:00,M04,RUNNING,2.0,0.00317,0.002597,0.000573,0.000573,0.0046,0.00041,0
2026-10-02T08:27:40+00:00,M04,RUNNING,2.0,0.00323,0.002597,0.000633,0.000633,0.0051,0.000453,0
2026-10-02T08:27:42+00:00,M04,RUNNING,2.0,0.00303,0.002597,0.000433,0.000433,0.0035,0.00031,0
2026-10-02T08:27:44+00:00,M04,RUNNING,2.0,0.00312,0.002597,0.000523,0.000523,0.0042,0.000374,0
2026-10-02T08:27:46+00:00,M04,RUNNING,2.0,0.00305,0.002597,0.000453,0.000453,0.0036,0.000324,0
2026-10-02T08:27:48+00:00,M04,RUNNING,2.0,0.00312,0.002597,0.000523,0.000523,0.0042,0.000374,0
2026-10-02T08:27:50+00:00,M04,RUNNING,2.0,0.00312,0.002597,0.000523,0.000523,0.0042,0.000374,0
2026-10-02T08:27:52+00:00,M04,RUNNING,2.0,0.00307,0.002597,0.000473,0.000473,0.0038,0.000339,0
2026-10-02T08:27:54+00:00,M04,RUNNING,2.0,0.00304,0.002597,0.000443,0.000443,0.0035,0.000317,0
2026-10-02T08:27:56+00:00,M04,RUNNING,2.0,0.00301,0.002597,0.000413,0.000413,0.0033,0.000296,0
2026-10-02T08:27:58+00:00,M04,RUNNING,2.0,0.00319,0.002597,0.000593,0.000593,0.0047,0.000424,0
2026-10-02T08:28:00+00:00,M04,RUNNING,2.0,0.00314,0.002597,0.000543,0.000543,0.0043,0.000389,1
2026-10-02T08:28:02+00:00,M04,RUNNING,2.0,0.00319,0.002597,0.000593,0.000593,0.0047,0.000424,0
2026-10-02T08:28:04+00:00,M04,RUNNING,2.0,0.00323,0.002597,0.000633,0.000633,0.0051,0.000453,0
2026-10-02T08:28:06+00:00,M04,RUNNING,2.0,0.0032,0.002597,0.000603,0.000603,0.0048,0.000432,0
2026-10-02T08:28:08+00:00,M04,RUNNING,2.0,0.00301,0.002597,0.000413,0.000413,0.0033,0.000296,0
2026-10-02T08:28:10+00:00,M04,RUNNING,2.0,0.0032,0.002597,0.000603,0.000603,0.0048,0.000432,0
2026-10-02T08:28:12+00:00,M04,RUNNING,2.0,0.00323,0.002597,0.000633,0.000633,0.0051,0.000453,0
2026-10-02T08:28:14+00:00,M04,RUNNING,2.0,0.0032,0.002597,0.000603,0.000603,0.0048,0.000432,0
2026-10-02T08:28:16+00:00,M04,RUNNING,2.0,0.00323,0.002597,0.000633,0.000633,0.0051,0.000453,0
2026-10-02T08:28:18+00:00,M04,RUNNING,2.0,0.00304,0.002597,0.000443,0.000443,0.0035,0.000317,0
2026-10-02T08:28:20+00:00,M04,RUNNING,2.0,0.0031,0.002597,0.000503,0.000503,0.004,0.00036,0
2026-10-02T08:28:22+00:00,M04,RUNNING,2.0,0.00315,0.002597,0.000553,0.000553,0.0044,0.000396,0
2026-10-02T08:28:24+00:00,M04,RUNNING,2.0,0.00306,0.002597,0.000463,0.000463,0.0037,0.000331,0
2026-10-02T08:28:26+00:00,M04,RUNNING,2.0,0.00314,0.002597,0.000543,0.000543,0.0043,0.000389,0
2026-10-02T08:28:28+00:00,M04,RUNNING,2.0,0.00303,0.002597,0.000433,0.000433,0.0035,0.00031,0
2026-10-02T08:28:30+00:00,M04,RUNNING,2.0,0.00315,0.002597,0.000553,0.000553,0.0044,0.000396,0
2026-10-02T08:28:32+00:00,M04,RUNNING,2.0,0.00303,0.002597,0.000433,0.000433,0.0035,0.00031,0
2026-10-02T08:28:34+00:00,M04,RUNNING,2.0,0.00301,0.002597,0.000413,0.000413,0.0033,0.000296,0
2026-10-02T08:28:36+00:00,M04,RUNNING,2.0,0.00303,0.002597,0.000433,0.000433,0.0035,0.00031,0
2026-10-02T08:28:38+00:00,M04,RUNNING,2.0,0.0032,0.002597,0.000603,0.000603,0.0048,0.000432,0
2026-10-02T08:28:40+00:00,M04,RUNNING,2.0,0.00307,0.002597,0.000473,0.000473,0.0038,0.000339,1
2026-10-02T08:28:42+00:00,M04,RUNNING,2.0,0.00315,0.002597,0.000553,0.000553,0.0044,0.000396,0
2026-10-02T08:28:44+00:00,M04,RUNNING,2.0,0.00316,0.002597,0.000563,0.000563,0.0045,0.000403,0
2026-10-02T08:28:46+00:00,M04,RUNNING,2.0,0.00318,0.002597,0.000583,0.000583,0.0047,0.000417,0
2026-10-02T08:28:48+00:00,M04,RUNNING,2.0,0.00303,0.002597,0.000433,0.000433,0.0035,0.00031,0
2026-10-02T08:28:50+00:00,M04,RUNNING,2.0,0.00319,0.002597,0.000593,0.000593,0.0047,0.000424,0
2026-10-02T08:28:52+00:00,M04,RUNNING,2.0,0.00316,0.002597,0.000563,0.000563,0.0045,0.000403,0
2026-10-02T08:28:54+00:00,M04,RUNNING,2.0,0.00304,0.002597,0.000443,0.000443,0.0035,0.000317,0
2026-10-02T08:28:56+00:00,M04,RUNNING,2.0,0.0031,0.002597,0.000503,0.000503,0.004,0.00036,0
2026-10-02T08:28:58+00:00,M04,RUNNING,2.0,0.00303,0.002597,0.000433,0.000433,0.0035,0.00031,0
2026-10-02T08:29:00+00:00,M04,RUNNING,2.0,0.00322,0.002597,0.000623,0.000623,0.005,0.000446,0
2026-10-02T08:29:02+00:00,M04,RUNNING,2.0,0.00319,0.002597,0.000593,0.000593,0.0047,0.000424,0
2026-10-02T08:29:04+00:00,M04,RUNNING,2.0,0.00302,0.002597,0.000423,0.000423,0.0034,0.000303,0
2026-10-02T08:29:06+00:00,M04,RUNNING,2.0,0.00301,0.002597,0.000413,0.000413,0.0033,0.000296,0
2026-10-02T08:29:08+00:00,M04,RUNNING,2.0,0.00306,0.002597,0.000463,0.000463,0.0037,0.000331,0
2026-10-02T08:29:10+00:00,M04,RUNNING,2.0,0.00317,0.002597,0.000573,0.000573,0.0046,0.00041,0
2026-10-02T08:29:12+00:00,M04,RUNNING,2.0,0.0032,0.002597,0.000603,0.000603,0.0048,0.000432,0
2026-10-02T08:29:14+00:00,M04,RUNNING,2.0,0.00305,0.002597,0.000453,0.000453,0.0036,0.000324,0
2026-10-02T08:29:16+00:00,M04,RUNNING,2.0,0.00301,0.002597,0.000413,0.000413,0.0033,0.000296,0
2026-10-02T08:29:18+00:00,M04,RUNNING,2.0,0.00303,0.002597,0.000433,0.000433,0.0035,0.00031,0
2026-10-02T08:29:20+00:00,M04,RUNNING,2.0,0.00317,0.002597,0.000573,0.000573,0.0046,0.00041,1
2026-10-02T08:29:22+00:00,M04,RUNNING,2.0,0.00305,0.002597,0.000453,0.000453,0.0036,0.000324,0
2026-10-02T08:29:24+00:00,M04,RUNNING,2.0,0.00317,0.002597,0.000573,0.000573,0.0046,0.00041,0
2026-10-02T08:29:26+00:00,M04,RUNNING,2.0,0.00318,0.002597,0.000583,0.000583,0.0047,0.000417,0
2026-10-02T08:29:28+00:00,M04,RUNNING,2.0,0.0031,0.002597,0.000503,0.000503,0.004,0.00036,0
2026-10-02T08:29:30+00:00,M04,RUNNING,2.0,0.003,0.002597,0.000403,0.000403,0.0032,0.000288,0
2026-10-02T08:29:32+00:00,M04,RUNNING,2.0,0.00302,0.002597,0.000423,0.000423,0.0034,0.000303,0
2026-10-02T08:29:34+00:00,M04,RUNNING,2.0,0.00314,0.002597,0.000543,0.000543,0.0043,0.000389,0
2026-10-02T08:29:36+00:00,M04,RUNNING,2.0,0.003,0.002597,0.000403,0.000403,0.0032,0.000288,0
2026-10-02T08:29:38+00:00,M04,RUNNING,2.0,0.00321,0.002597,0.000613,0.000613,0.0049,0.000439,0
2026-10-02T08:29:40+00:00,M04,RUNNING,2.0,0.00308,0.002597,0.000483,0.000483,0.0039,0.000346,0
2026-10-02T08:29:42+00:00,M04,RUNNING,2.0,0.00317,0.002597,0.000573,0.000573,0.0046,0.00041,0
2026-10-02T08:29:44+00:00,M04,RUNNING,2.0,0.00312,0.002597,0.000523,0.000523,0.0042,0.000374,0
2026-10-02T08:29:46+00:00,M04,RUNNING,2.0,0.00305,0.002597,0.000453,0.000453,0.0036,0.000324,0
2026-10-02T08:29:48+00:00,M04,RUNNING,2.0,0.00314,0.002597,0.000543,0.000543,0.0043,0.000389,0
2026-10-02T08:29:50+00:00,M04,RUNNING,2.0,0.0031,0.002597,0.000503,0.000503,0.004,0.00036,0
2026-10-02T08:29:52+00:00,M04,RUNNING,2.0,0.00314,0.002597,0.000543,0.000543,0.0043,0.000389,0
2026-10-02T08:29:54+00:00,M04,RUNNING,2.0,0.00305,0.002597,0.000453,0.000453,0.0036,0.000324,0
2026-10-02T08:29:56+00:00,M04,RUNNING,2.0,0.00313,0.002597,0.000533,0.000533,0.0043,0.000381,0
2026-10-02T08:29:58+00:00,M04,RUNNING,2.0,0.00314,0.002597,0.000543,0.000543,0.0043,0.000389,0
2026-10-02T08:30:00+00:00,M04,RUNNING,2.0,0.00308,0.002597,0.000483,0.000483,0.0039,0.000346,1
