timestamp,machine_id,power_kw,energy_kwh,machine_state,production_count,production_delta,cycle_time_sec,voltage_v,current_a,temperature_c,vibration,rpm,torque_nm,health_score,anomaly_score,source,schema_version
2026-10-02 08:00:02+00:00,M01,7.676,100.00426,RUNNING,0,0,0.0,415.9,12.39,50.02,0.178,1445.5,50.71,96.3,0.03,simulator,1.0
2026-10-02 08:00:04+00:00,M01,7.94,100.00868,RUNNING,0,0,0.0,413.5,12.89,50.05,0.165,1447.1,52.4,96.5,0.03,simulator,1.0
2026-10-02 08:00:06+00:00,M01,7.579,100.01289,RUNNING,0,0,0.0,417.7,12.18,50.09,0.174,1454.6,49.76,96.6,0.02,simulator,1.0
2026-10-02 08:00:08+00:00,M01,7.514,100.01706,RUNNING,0,0,0.0,412.1,12.24,50.07,0.167,1453.7,49.36,96.7,0.02,simulator,1.0
2026-10-02 08:00:10+00:00,M01,7.785,100.02139,RUNNING,0,0,0.0,412.9,12.66,50.09,0.171,1449.1,51.31,96.8,0.02,simulator,1.0
2026-10-02 08:00:12+00:00,M01,7.873,100.02576,RUNNING,0,0,0.0,414.5,12.75,50.13,0.166,1454.3,51.7,96.8,0.02,simulator,1.0
2026-10-02 08:00:14+00:00,M01,7.441,100.02989,RUNNING,0,0,0.0,414.1,12.06,50.17,0.171,1445.1,49.17,96.9,0.02,simulator,1.0
2026-10-02 08:00:16+00:00,M01,7.501,100.03406,RUNNING,0,0,0.0,414.7,12.14,50.21,0.171,1445.6,49.55,96.9,0.02,simulator,1.0
2026-10-02 08:00:18+00:00,M01,7.732,100.03836,RUNNING,0,0,0.0,417.4,12.44,50.23,0.187,1454.2,50.78,96.8,0.02,simulator,1.0
2026-10-02 08:00:20+00:00,M01,7.47,100.04251,RUNNING,0,0,0.0,416.2,12.05,50.2,0.178,1450.7,49.18,96.9,0.02,simulator,1.0
2026-10-02 08:00:22+00:00,M01,7.895,100.04689,RUNNING,0,0,0.0,416.8,12.72,50.19,0.19,1446.0,52.14,96.8,0.02,simulator,1.0
2026-10-02 08:00:24+00:00,M01,7.925,100.0513,RUNNING,0,0,0.0,417.8,12.73,50.17,0.195,1453.6,52.07,96.7,0.03,simulator,1.0
2026-10-02 08:00:26+00:00,M01,7.468,100.05544,RUNNING,0,0,0.0,415.5,12.07,50.14,0.171,1453.6,49.06,96.8,0.03,simulator,1.0
2026-10-02 08:00:28+00:00,M01,7.485,100.0596,RUNNING,0,0,0.0,411.9,12.2,50.19,0.175,1452.1,49.23,96.8,0.02,simulator,1.0
2026-10-02 08:00:30+00:00,M01,7.732,100.0639,RUNNING,0,0,0.0,418.1,12.42,50.21,0.172,1454.4,50.77,96.9,0.02,simulator,1.0
2026-10-02 08:00:32+00:00,M01,7.791,100.06823,RUNNING,1,1,30.0,414.2,12.63,50.26,0.188,1447.5,51.4,96.8,0.02,simulator,1.0
2026-10-02 08:00:34+00:00,M01,7.672,100.07249,RUNNING,1,0,0.0,418.1,12.32,50.25,0.186,1455.0,50.36,96.8,0.03,simulator,1.0
2026-10-02 08:00:36+00:00,M01,7.613,100.07672,RUNNING,1,0,0.0,417.4,12.24,50.21,0.192,1454.1,50.0,96.7,0.02,simulator,1.0
2026-10-02 08:00:38+00:00,M01,7.858,100.08108,RUNNING,1,0,0.0,417.8,12.63,50.25,0.193,1449.1,51.79,96.7,0.02,simulator,1.0
2026-10-02 08:00:40+00:00,M01,7.8,100.08542,RUNNING,1,0,0.0,413.6,12.66,50.23,0.18,1447.7,51.45,96.8,0.02,simulator,1.0
2026-10-02 08:00:42+00:00,M01,7.454,100.08956,RUNNING,1,0,0.0,415.6,12.04,50.21,0.172,1451.5,49.04,96.8,0.02,simulator,1.0
2026-10-02 08:00:44+00:00,M01,7.494,100.09372,RUNNING,1,0,0.0,416.7,12.07,50.17,0.176,1451.7,49.3,96.8,0.02,simulator,1.0
2026-10-02 08:00:46+00:00,M01,7.44,100.09785,RUNNING,1,0,0.0,415.7,12.02,50.21,0.165,1454.5,48.85,96.9,0.02,simulator,1.0
2026-10-02 08:00:48+00:00,M01,7.44,100.10199,RUNNING,1,0,0.0,413.7,12.07,50.18,0.175,1454.9,48.84,96.9,0.02,simulator,1.0
2026-10-02 08:00:50+00:00,M01,7.389,100.10609,RUNNING,1,0,0.0,416.2,11.92,50.21,0.169,1447.6,48.75,96.9,0.02,simulator,1.0
2026-10-02 08:00:52+00:00,M01,7.598,100.11031,RUNNING,1,0,0.0,412.1,12.38,50.22,0.175,1451.7,49.98,96.9,0.02,simulator,1.0
2026-10-02 08:00:54+00:00,M01,7.811,100.11465,RUNNING,1,0,0.0,416.3,12.6,50.2,0.169,1447.4,51.54,96.9,0.02,simulator,1.0
2026-10-02 08:00:56+00:00,M01,7.903,100.11904,RUNNING,1,0,0.0,415.2,12.78,50.23,0.168,1445.5,52.21,96.9,0.02,simulator,1.0
2026-10-02 08:00:58+00:00,M01,7.926,100.12345,RUNNING,1,0,0.0,417.0,12.76,50.24,0.174,1449.7,52.21,96.9,0.02,simulator,1.0
2026-10-02 08:01:00+00:00,M01,7.424,100.12757,RUNNING,1,0,0.0,413.4,12.06,50.2,0.184,1453.2,48.79,96.9,0.02,simulator,1.0
2026-10-02 08:01:02+00:00,M01,1.314,100.1283,IDLE,1,0,0.0,416.9,2.12,49.86,0.074,17.61234911111469,3.75,96.9,0.02,simulator,1.0
2026-10-02 08:01:04+00:00,M01,1.286,100.12902,IDLE,1,0,0.0,416.3,2.07,49.55,0.039,19.556218818263616,3.75,96.9,0.02,simulator,1.0
2026-10-02 08:01:06+00:00,M01,1.396,100.12979,IDLE,1,0,0.0,416.7,2.25,49.2,0.039,17.50892451110873,3.75,97.0,0.02,simulator,1.0
2026-10-02 08:01:08+00:00,M01,1.357,100.13055,IDLE,1,0,0.0,415.1,2.19,48.91,0.025,10.219603069234164,3.75,97.0,0.02,simulator,1.0
2026-10-02 08:01:10+00:00,M01,1.389,100.13132,IDLE,1,0,0.0,415.7,2.24,48.55,0.03,12.585536721304361,3.75,97.0,0.02,simulator,1.0
2026-10-02 08:01:12+00:00,M01,1.326,100.13205,IDLE,1,0,0.0,413.7,2.15,48.27,0.041,18.654254514534387,3.75,97.0,0.02,simulator,1.0
2026-10-02 08:01:14+00:00,M01,1.299,100.13278,IDLE,1,0,0.0,414.6,2.1,47.98,0.024,13.404324316958093,3.75,97.0,0.02,simulator,1.0
2026-10-02 08:01:16+00:00,M01,1.418,100.13356,IDLE,1,0,0.0,417.5,2.28,47.72,0.031,13.603463804417752,3.75,97.0,0.02,simulator,1.0
2026-10-02 08:01:18+00:00,M01,1.386,100.13433,IDLE,1,0,0.0,416.0,2.24,47.47,0.042,13.033447412087352,3.75,97.0,0.02,simulator,1.0
2026-10-02 08:01:20+00:00,M01,1.374,100.1351,IDLE,1,0,0.0,417.8,2.21,47.16,0.044,11.668379929966155,3.75,97.0,0.02,simulator,1.0
2026-10-02 08:01:22+00:00,M01,1.29,100.13581,IDLE,1,0,0.0,416.0,2.08,46.89,0.043,10.460928285622861,3.75,97.0,0.02,simulator,1.0
2026-10-02 08:01:24+00:00,M01,1.337,100.13656,IDLE,1,0,0.0,413.8,2.17,46.61,0.043,11.443677594755393,3.75,97.0,0.02,simulator,1.0
2026-10-02 08:01:26+00:00,M01,1.292,100.13727,IDLE,1,0,0.0,414.1,2.09,46.35,0.027,15.192555704600963,3.75,97.0,0.02,simulator,1.0
2026-10-02 08:01:28+00:00,M01,1.357,100.13803,IDLE,1,0,0.0,416.5,2.19,46.11,0.048,14.404636399876072,3.75,97.0,0.02,simulator,1.0
2026-10-02 08:01:30+00:00,M01,1.304,100.13875,IDLE,1,0,0.0,415.0,2.11,45.81,0.024,18.585627870959037,3.75,97.0,0.02,simulator,1.0
2026-10-02 08:01:32+00:00,M01,1.301,100.13948,IDLE,1,0,0.0,414.2,2.11,45.56,0.037,13.070679936621907,3.75,97.0,0.02,simulator,1.0
2026-10-02 08:01:34+00:00,M01,1.303,100.1402,IDLE,1,0,0.0,414.3,2.11,45.34,0.035,16.60182486038425,3.75,97.0,0.02,simulator,1.0
2026-10-02 08:01:36+00:00,M01,1.29,100.14092,IDLE,1,0,0.0,413.2,2.1,45.05,0.029,18.682806006414154,3.75,97.0,0.02,simulator,1.0
2026-10-02 08:01:38+00:00,M01,1.358,100.14167,IDLE,1,0,0.0,418.5,2.18,44.84,0.038,17.649305478234073,3.75,97.0,0.02,simulator,1.0
2026-10-02 08:01:40+00:00,M01,1.364,100.14243,IDLE,1,0,0.0,412.2,2.22,44.63,0.051,14.383246214099149,3.75,97.0,0.02,simulator,1.0
2026-10-02 08:01:42+00:00,M01,1.36,100.14318,IDLE,1,0,0.0,416.6,2.19,44.39,0.039,13.64024829118453,3.75,97.0,0.02,simulator,1.0
2026-10-02 08:01:44+00:00,M01,1.368,100.14394,IDLE,1,0,0.0,418.0,2.2,44.14,0.025,19.959137663321123,3.75,97.0,0.02,simulator,1.0
2026-10-02 08:01:46+00:00,M01,1.415,100.14473,IDLE,1,0,0.0,411.7,2.31,43.89,0.041,12.78586690044606,3.75,97.0,0.02,simulator,1.0
2026-10-02 08:01:48+00:00,M01,1.342,100.14547,IDLE,1,0,0.0,412.8,2.18,43.62,0.046,13.260866413328321,3.75,97.0,0.02,simulator,1.0
2026-10-02 08:01:50+00:00,M01,1.343,100.14622,IDLE,1,0,0.0,418.5,2.15,43.34,0.025,15.970514825667784,3.75,97.0,0.02,simulator,1.0
2026-10-02 08:01:52+00:00,M01,1.406,100.147,IDLE,1,0,0.0,415.1,2.27,43.1,0.026,14.228983650690264,3.75,97.0,0.02,simulator,1.0
2026-10-02 08:01:54+00:00,M01,1.311,100.14773,IDLE,1,0,0.0,417.5,2.11,42.9,0.036,17.235284489730702,3.75,97.0,0.02,simulator,1.0
2026-10-02 08:01:56+00:00,M01,1.39,100.1485,IDLE,1,0,0.0,416.9,2.24,42.72,0.032,12.668529694173742,3.75,97.0,0.02,simulator,1.0
2026-10-02 08:01:58+00:00,M01,1.31,100.14923,IDLE,1,0,0.0,416.8,2.11,42.49,0.049,10.334847838582167,3.75,97.0,0.02,simulator,1.0
2026-10-02 08:02:00+00:00,M01,1.422,100.15002,IDLE,1,0,0.0,414.4,2.3,42.32,0.036,17.465691571504557,3.75,97.0,0.02,simulator,1.0
2026-10-02 08:02:02+00:00,M01,0.341,100.15021,SLEEP,1,0,0.0,416.9,0.55,42.08,0.004,0.0,0.0,97.0,0.02,simulator,1.0
2026-10-02 08:02:04+00:00,M01,0.357,100.15041,SLEEP,1,0,0.0,412.3,0.58,41.8,0.004,0.0,0.0,97.0,0.02,simulator,1.0
2026-10-02 08:02:06+00:00,M01,0.343,100.1506,SLEEP,1,0,0.0,411.8,0.56,41.63,0.005,0.0,0.0,97.0,0.02,simulator,1.0
2026-10-02 08:02:08+00:00,M01,0.355,100.1508,SLEEP,1,0,0.0,414.6,0.57,41.45,0.004,0.0,0.0,97.0,0.02,simulator,1.0
2026-10-02 08:02:10+00:00,M01,0.341,100.15099,SLEEP,1,0,0.0,416.0,0.55,41.27,0.005,0.0,0.0,97.0,0.02,simulator,1.0
2026-10-02 08:02:12+00:00,M01,0.339,100.15117,SLEEP,1,0,0.0,416.3,0.55,41.08,0.006,0.0,0.0,97.0,0.02,simulator,1.0
2026-10-02 08:02:14+00:00,M01,0.359,100.15137,SLEEP,1,0,0.0,414.4,0.58,40.88,0.005,0.0,0.0,97.0,0.02,simulator,1.0
2026-10-02 08:02:16+00:00,M01,0.362,100.15157,SLEEP,1,0,0.0,416.7,0.58,40.69,0.004,0.0,0.0,97.0,0.02,simulator,1.0
2026-10-02 08:02:18+00:00,M01,0.359,100.15177,SLEEP,1,0,0.0,411.6,0.59,40.5,0.006,0.0,0.0,97.0,0.02,simulator,1.0
2026-10-02 08:02:20+00:00,M01,0.338,100.15196,SLEEP,1,0,0.0,414.6,0.55,40.27,0.006,0.0,0.0,97.0,0.02,simulator,1.0
2026-10-02 08:02:22+00:00,M01,0.349,100.15216,SLEEP,1,0,0.0,418.3,0.56,40.1,0.006,0.0,0.0,97.0,0.02,simulator,1.0
2026-10-02 08:02:24+00:00,M01,0.345,100.15235,SLEEP,1,0,0.0,417.6,0.55,39.94,0.004,0.0,0.0,97.0,0.02,simulator,1.0
2026-10-02 08:02:26+00:00,M01,0.337,100.15253,SLEEP,1,0,0.0,417.0,0.54,39.8,0.006,0.0,0.0,97.0,0.02,simulator,1.0
2026-10-02 08:02:28+00:00,M01,0.353,100.15273,SLEEP,1,0,0.0,415.2,0.57,39.59,0.004,0.0,0.0,97.0,0.02,simulator,1.0
2026-10-02 08:02:30+00:00,M01,0.337,100.15292,SLEEP,1,0,0.0,417.6,0.54,39.36,0.004,0.0,0.0,97.0,0.02,simulator,1.0
2026-10-02 08:02:32+00:00,M01,0.342,100.15311,SLEEP,1,0,0.0,411.8,0.56,39.18,0.007,0.0,0.0,97.0,0.02,simulator,1.0
2026-10-02 08:02:34+00:00,M01,0.36,100.15331,SLEEP,1,0,0.0,414.6,0.58,39.04,0.006,0.0,0.0,97.0,0.02,simulator,1.0
2026-10-02 08:02:36+00:00,M01,0.348,100.1535,SLEEP,1,0,0.0,417.8,0.56,38.88,0.006,0.0,0.0,97.0,0.02,simulator,1.0
2026-10-02 08:02:38+00:00,M01,0.337,100.15369,SLEEP,1,0,0.0,411.8,0.55,38.71,0.005,0.0,0.0,97.0,0.02,simulator,1.0
2026-10-02 08:02:40+00:00,M01,0.36,100.15389,SLEEP,1,0,0.0,413.7,0.58,38.5,0.006,0.0,0.0,97.0,0.02,simulator,1.0
2026-10-02 08:02:42+00:00,M01,0.353,100.15408,SLEEP,1,0,0.0,413.5,0.57,38.32,0.006,0.0,0.0,97.0,0.02,simulator,1.0
2026-10-02 08:02:44+00:00,M01,0.352,100.15428,SLEEP,1,0,0.0,417.5,0.57,38.15,0.004,0.0,0.0,97.0,0.02,simulator,1.0
2026-10-02 08:02:46+00:00,M01,0.353,100.15448,SLEEP,1,0,0.0,413.6,0.57,37.95,0.005,0.0,0.0,97.0,0.02,simulator,1.0
2026-10-02 08:02:48+00:00,M01,0.36,100.15468,SLEEP,1,0,0.0,415.0,0.58,37.82,0.007,0.0,0.0,97.0,0.02,simulator,1.0
2026-10-02 08:02:50+00:00,M01,0.353,100.15487,SLEEP,1,0,0.0,418.0,0.57,37.7,0.005,0.0,0.0,97.0,0.02,simulator,1.0
2026-10-02 08:02:52+00:00,M01,0.361,100.15507,SLEEP,1,0,0.0,413.6,0.59,37.52,0.006,0.0,0.0,97.0,0.02,simulator,1.0
2026-10-02 08:02:54+00:00,M01,0.361,100.15527,SLEEP,1,0,0.0,418.0,0.58,37.38,0.005,0.0,0.0,97.0,0.02,simulator,1.0
2026-10-02 08:02:56+00:00,M01,0.337,100.15546,SLEEP,1,0,0.0,417.0,0.54,37.27,0.005,0.0,0.0,97.0,0.02,simulator,1.0
2026-10-02 08:02:58+00:00,M01,0.36,100.15566,SLEEP,1,0,0.0,414.9,0.58,37.09,0.005,0.0,0.0,97.0,0.02,simulator,1.0
2026-10-02 08:03:00+00:00,M01,0.343,100.15585,SLEEP,1,0,0.0,412.5,0.56,36.97,0.006,0.0,0.0,97.0,0.02,simulator,1.0
2026-10-02 08:03:02+00:00,M01,0.358,100.15605,SLEEP,1,0,0.0,417.7,0.58,36.8,0.005,0.0,0.0,97.0,0.02,simulator,1.0
2026-10-02 08:03:04+00:00,M01,0.362,100.15625,SLEEP,1,0,0.0,416.5,0.58,36.63,0.005,0.0,0.0,97.0,0.02,simulator,1.0
2026-10-02 08:03:06+00:00,M01,0.351,100.15645,SLEEP,1,0,0.0,412.5,0.57,36.5,0.005,0.0,0.0,97.0,0.02,simulator,1.0
2026-10-02 08:03:08+00:00,M01,0.36,100.15665,SLEEP,1,0,0.0,416.8,0.58,36.34,0.006,0.0,0.0,97.0,0.02,simulator,1.0
2026-10-02 08:03:10+00:00,M01,0.343,100.15684,SLEEP,1,0,0.0,411.6,0.56,36.17,0.006,0.0,0.0,97.0,0.02,simulator,1.0
2026-10-02 08:03:12+00:00,M01,0.336,100.15702,SLEEP,1,0,0.0,414.1,0.54,36.04,0.006,0.0,0.0,97.0,0.02,simulator,1.0
2026-10-02 08:03:14+00:00,M01,0.335,100.15721,SLEEP,1,0,0.0,414.8,0.54,35.95,0.004,0.0,0.0,97.0,0.02,simulator,1.0
2026-10-02 08:03:16+00:00,M01,0.36,100.15741,SLEEP,1,0,0.0,415.3,0.58,35.81,0.005,0.0,0.0,97.0,0.02,simulator,1.0
2026-10-02 08:03:18+00:00,M01,0.358,100.15761,SLEEP,1,0,0.0,413.5,0.58,35.7,0.004,0.0,0.0,97.0,0.02,simulator,1.0
2026-10-02 08:03:20+00:00,M01,0.357,100.15781,SLEEP,1,0,0.0,417.7,0.57,35.6,0.006,0.0,0.0,97.0,0.02,simulator,1.0
2026-10-02 08:03:22+00:00,M01,0.342,100.158,SLEEP,1,0,0.0,417.7,0.55,35.47,0.005,0.0,0.0,97.0,0.02,simulator,1.0
2026-10-02 08:03:24+00:00,M01,0.338,100.15818,SLEEP,1,0,0.0,413.5,0.55,35.33,0.006,0.0,0.0,97.0,0.02,simulator,1.0
2026-10-02 08:03:26+00:00,M01,0.354,100.15838,SLEEP,1,0,0.0,416.6,0.57,35.25,0.006,0.0,0.0,97.0,0.02,simulator,1.0
2026-10-02 08:03:28+00:00,M01,0.349,100.15858,SLEEP,1,0,0.0,415.8,0.56,35.15,0.005,0.0,0.0,97.0,0.02,simulator,1.0
2026-10-02 08:03:30+00:00,M01,0.337,100.15876,SLEEP,1,0,0.0,414.0,0.55,35.03,0.007,0.0,0.0,97.0,0.02,simulator,1.0
2026-10-02 08:03:32+00:00,M01,0.345,100.15895,SLEEP,1,0,0.0,418.0,0.55,34.9,0.007,0.0,0.0,97.0,0.02,simulator,1.0
2026-10-02 08:03:34+00:00,M01,0.346,100.15915,SLEEP,1,0,0.0,412.3,0.56,34.76,0.005,0.0,0.0,97.0,0.02,simulator,1.0
2026-10-02 08:03:36+00:00,M01,0.343,100.15934,SLEEP,1,0,0.0,411.9,0.56,34.66,0.004,0.0,0.0,97.0,0.02,simulator,1.0
2026-10-02 08:03:38+00:00,M01,0.364,100.15954,SLEEP,1,0,0.0,415.8,0.59,34.55,0.006,0.0,0.0,97.0,0.02,simulator,1.0
2026-10-02 08:03:40+00:00,M01,0.341,100.15973,SLEEP,1,0,0.0,417.1,0.55,34.5,0.006,0.0,0.0,97.0,0.02,simulator,1.0
2026-10-02 08:03:42+00:00,M01,0.336,100.15992,SLEEP,1,0,0.0,413.4,0.55,34.38,0.004,0.0,0.0,97.0,0.02,simulator,1.0
2026-10-02 08:03:44+00:00,M01,0.354,100.16011,SLEEP,1,0,0.0,415.7,0.57,34.26,0.005,0.0,0.0,97.0,0.02,simulator,1.0
2026-10-02 08:03:46+00:00,M01,0.348,100.16031,SLEEP,1,0,0.0,416.0,0.56,34.16,0.007,0.0,0.0,97.0,0.02,simulator,1.0
2026-10-02 08:03:48+00:00,M01,0.345,100.1605,SLEEP,1,0,0.0,416.6,0.56,34.1,0.007,0.0,0.0,97.0,0.02,simulator,1.0
2026-10-02 08:03:50+00:00,M01,0.358,100.1607,SLEEP,1,0,0.0,416.7,0.58,34.03,0.006,0.0,0.0,97.0,0.02,simulator,1.0
2026-10-02 08:03:52+00:00,M01,0.357,100.16089,SLEEP,1,0,0.0,413.1,0.58,33.93,0.006,0.0,0.0,97.0,0.02,simulator,1.0
2026-10-02 08:03:54+00:00,M01,0.355,100.16109,SLEEP,1,0,0.0,413.1,0.58,33.87,0.006,0.0,0.0,97.0,0.02,simulator,1.0
2026-10-02 08:03:56+00:00,M01,0.359,100.16129,SLEEP,1,0,0.0,412.6,0.58,33.76,0.005,0.0,0.0,97.0,0.02,simulator,1.0
2026-10-02 08:03:58+00:00,M01,0.361,100.16149,SLEEP,1,0,0.0,415.3,0.58,33.67,0.007,0.0,0.0,97.0,0.02,simulator,1.0
2026-10-02 08:04:00+00:00,M01,0.347,100.16168,SLEEP,1,0,0.0,415.9,0.56,33.56,0.005,0.0,0.0,97.0,0.02,simulator,1.0
2026-10-02 08:04:02+00:00,M01,0.349,100.16188,SLEEP,1,0,0.0,412.9,0.57,33.44,0.007,0.0,0.0,97.0,0.02,simulator,1.0
2026-10-02 08:04:04+00:00,M01,0.336,100.16206,SLEEP,1,0,0.0,414.5,0.54,33.32,0.005,0.0,0.0,97.0,0.02,simulator,1.0
2026-10-02 08:04:06+00:00,M01,0.352,100.16226,SLEEP,1,0,0.0,417.9,0.57,33.25,0.005,0.0,0.0,97.0,0.02,simulator,1.0
2026-10-02 08:04:08+00:00,M01,0.346,100.16245,SLEEP,1,0,0.0,417.5,0.56,33.16,0.006,0.0,0.0,97.0,0.02,simulator,1.0
2026-10-02 08:04:10+00:00,M01,0.362,100.16265,SLEEP,1,0,0.0,413.9,0.59,33.11,0.005,0.0,0.0,97.0,0.02,simulator,1.0
2026-10-02 08:04:12+00:00,M01,0.336,100.16284,SLEEP,1,0,0.0,413.7,0.55,33.02,0.006,0.0,0.0,97.0,0.02,simulator,1.0
2026-10-02 08:04:14+00:00,M01,0.335,100.16303,SLEEP,1,0,0.0,416.2,0.54,32.98,0.005,0.0,0.0,97.0,0.02,simulator,1.0
2026-10-02 08:04:16+00:00,M01,0.349,100.16322,SLEEP,1,0,0.0,417.2,0.56,32.93,0.006,0.0,0.0,97.0,0.02,simulator,1.0
2026-10-02 08:04:18+00:00,M01,0.34,100.16341,SLEEP,1,0,0.0,411.6,0.55,32.88,0.006,0.0,0.0,97.0,0.02,simulator,1.0
2026-10-02 08:04:20+00:00,M01,0.34,100.1636,SLEEP,1,0,0.0,416.5,0.55,32.78,0.007,0.0,0.0,97.0,0.02,simulator,1.0
2026-10-02 08:04:22+00:00,M01,0.348,100.16379,SLEEP,1,0,0.0,414.4,0.56,32.75,0.005,0.0,0.0,97.0,0.02,simulator,1.0
2026-10-02 08:04:24+00:00,M01,0.339,100.16398,SLEEP,1,0,0.0,411.8,0.55,32.68,0.005,0.0,0.0,97.0,0.02,simulator,1.0
2026-10-02 08:04:26+00:00,M01,0.357,100.16418,SLEEP,1,0,0.0,412.9,0.58,32.62,0.006,0.0,0.0,97.0,0.02,simulator,1.0
2026-10-02 08:04:28+00:00,M01,0.351,100.16437,SLEEP,1,0,0.0,415.6,0.57,32.55,0.004,0.0,0.0,97.0,0.02,simulator,1.0
2026-10-02 08:04:30+00:00,M01,0.356,100.16457,SLEEP,1,0,0.0,415.5,0.58,32.48,0.005,0.0,0.0,97.0,0.02,simulator,1.0
2026-10-02 08:04:32+00:00,M01,0.342,100.16476,SLEEP,1,0,0.0,414.3,0.55,32.44,0.005,0.0,0.0,97.0,0.02,simulator,1.0
2026-10-02 08:04:34+00:00,M01,0.344,100.16495,SLEEP,1,0,0.0,416.9,0.55,32.38,0.006,0.0,0.0,97.0,0.02,simulator,1.0
2026-10-02 08:04:36+00:00,M01,0.365,100.16515,SLEEP,1,0,0.0,415.4,0.59,32.36,0.006,0.0,0.0,97.0,0.02,simulator,1.0
2026-10-02 08:04:38+00:00,M01,0.338,100.16534,SLEEP,1,0,0.0,416.7,0.54,32.28,0.005,0.0,0.0,97.0,0.02,simulator,1.0
2026-10-02 08:04:40+00:00,M01,0.352,100.16554,SLEEP,1,0,0.0,416.4,0.57,32.24,0.004,0.0,0.0,97.0,0.02,simulator,1.0
2026-10-02 08:04:42+00:00,M01,0.364,100.16574,SLEEP,1,0,0.0,413.0,0.59,32.21,0.004,0.0,0.0,97.0,0.02,simulator,1.0
2026-10-02 08:04:44+00:00,M01,0.335,100.16593,SLEEP,1,0,0.0,418.1,0.54,32.16,0.006,0.0,0.0,97.0,0.02,simulator,1.0
2026-10-02 08:04:46+00:00,M01,0.337,100.16611,SLEEP,1,0,0.0,413.1,0.55,32.1,0.007,0.0,0.0,97.0,0.02,simulator,1.0
2026-10-02 08:04:48+00:00,M01,0.338,100.1663,SLEEP,1,0,0.0,415.2,0.55,31.99,0.004,0.0,0.0,97.0,0.02,simulator,1.0
2026-10-02 08:04:50+00:00,M01,0.354,100.1665,SLEEP,1,0,0.0,411.6,0.58,31.97,0.004,0.0,0.0,97.0,0.02,simulator,1.0
2026-10-02 08:04:52+00:00,M01,0.337,100.16669,SLEEP,1,0,0.0,415.4,0.54,31.93,0.005,0.0,0.0,97.0,0.02,simulator,1.0
2026-10-02 08:04:54+00:00,M01,0.335,100.16687,SLEEP,1,0,0.0,413.3,0.54,31.87,0.006,0.0,0.0,97.0,0.02,simulator,1.0
2026-10-02 08:04:56+00:00,M01,0.356,100.16707,SLEEP,1,0,0.0,414.0,0.58,31.79,0.007,0.0,0.0,97.0,0.02,simulator,1.0
2026-10-02 08:04:58+00:00,M01,0.358,100.16727,SLEEP,1,0,0.0,412.7,0.58,31.75,0.004,0.0,0.0,97.0,0.02,simulator,1.0
2026-10-02 08:05:00+00:00,M01,0.356,100.16747,SLEEP,1,0,0.0,416.7,0.57,31.72,0.006,0.0,0.0,97.0,0.02,simulator,1.0
2026-10-02 08:05:02+00:00,M01,0.354,100.16766,SLEEP,1,0,0.0,416.1,0.57,31.68,0.005,0.0,0.0,97.0,0.02,simulator,1.0
2026-10-02 08:05:04+00:00,M01,0.345,100.16785,SLEEP,1,0,0.0,413.7,0.56,31.67,0.004,0.0,0.0,97.0,0.02,simulator,1.0
2026-10-02 08:05:06+00:00,M01,0.349,100.16805,SLEEP,1,0,0.0,415.8,0.56,31.61,0.004,0.0,0.0,97.0,0.02,simulator,1.0
2026-10-02 08:05:08+00:00,M01,0.358,100.16825,SLEEP,1,0,0.0,413.8,0.58,31.56,0.005,0.0,0.0,97.0,0.02,simulator,1.0
2026-10-02 08:05:10+00:00,M01,0.362,100.16845,SLEEP,1,0,0.0,416.5,0.58,31.51,0.006,0.0,0.0,97.0,0.02,simulator,1.0
2026-10-02 08:05:12+00:00,M01,0.354,100.16864,SLEEP,1,0,0.0,417.2,0.57,31.49,0.005,0.0,0.0,97.0,0.02,simulator,1.0
2026-10-02 08:05:14+00:00,M01,0.362,100.16885,SLEEP,1,0,0.0,417.7,0.58,31.45,0.006,0.0,0.0,97.0,0.02,simulator,1.0
2026-10-02 08:05:16+00:00,M01,0.358,100.16904,SLEEP,1,0,0.0,416.6,0.58,31.38,0.005,0.0,0.0,97.0,0.02,simulator,1.0
2026-10-02 08:05:18+00:00,M01,0.354,100.16924,SLEEP,1,0,0.0,413.7,0.57,31.36,0.005,0.0,0.0,97.0,0.02,simulator,1.0
2026-10-02 08:05:20+00:00,M01,0.343,100.16943,SLEEP,1,0,0.0,417.1,0.55,31.26,0.005,0.0,0.0,97.0,0.02,simulator,1.0
2026-10-02 08:05:22+00:00,M01,0.343,100.16962,SLEEP,1,0,0.0,418.3,0.55,31.25,0.006,0.0,0.0,97.0,0.02,simulator,1.0
2026-10-02 08:05:24+00:00,M01,0.344,100.16981,SLEEP,1,0,0.0,415.3,0.56,31.17,0.007,0.0,0.0,97.0,0.02,simulator,1.0
2026-10-02 08:05:26+00:00,M01,0.362,100.17001,SLEEP,1,0,0.0,412.4,0.59,31.09,0.005,0.0,0.0,97.0,0.02,simulator,1.0
2026-10-02 08:05:28+00:00,M01,0.356,100.17021,SLEEP,1,0,0.0,417.0,0.57,31.02,0.005,0.0,0.0,97.0,0.02,simulator,1.0
2026-10-02 08:05:30+00:00,M01,0.362,100.17041,SLEEP,1,0,0.0,413.7,0.59,30.95,0.004,0.0,0.0,97.0,0.02,simulator,1.0
2026-10-02 08:05:32+00:00,M01,0.364,100.17062,SLEEP,1,0,0.0,418.0,0.58,30.91,0.006,0.0,0.0,97.0,0.02,simulator,1.0
2026-10-02 08:05:34+00:00,M01,0.357,100.17081,SLEEP,1,0,0.0,412.1,0.58,30.89,0.006,0.0,0.0,97.0,0.02,simulator,1.0
2026-10-02 08:05:36+00:00,M01,0.365,100.17102,SLEEP,1,0,0.0,413.5,0.59,30.82,0.005,0.0,0.0,97.0,0.02,simulator,1.0
2026-10-02 08:05:38+00:00,M01,0.351,100.17121,SLEEP,1,0,0.0,412.9,0.57,30.83,0.005,0.0,0.0,97.0,0.02,simulator,1.0
2026-10-02 08:05:40+00:00,M01,0.348,100.1714,SLEEP,1,0,0.0,415.9,0.56,30.77,0.006,0.0,0.0,97.0,0.02,simulator,1.0
2026-10-02 08:05:42+00:00,M01,0.352,100.1716,SLEEP,1,0,0.0,416.5,0.57,30.76,0.005,0.0,0.0,97.0,0.02,simulator,1.0
2026-10-02 08:05:44+00:00,M01,0.356,100.1718,SLEEP,1,0,0.0,411.9,0.58,30.77,0.005,0.0,0.0,97.0,0.02,simulator,1.0
2026-10-02 08:05:46+00:00,M01,0.339,100.17199,SLEEP,1,0,0.0,417.2,0.55,30.75,0.006,0.0,0.0,97.0,0.02,simulator,1.0
2026-10-02 08:05:48+00:00,M01,0.34,100.17218,SLEEP,1,0,0.0,413.9,0.55,30.72,0.005,0.0,0.0,97.0,0.02,simulator,1.0
2026-10-02 08:05:50+00:00,M01,0.35,100.17237,SLEEP,1,0,0.0,417.4,0.56,30.67,0.006,0.0,0.0,97.0,0.02,simulator,1.0
2026-10-02 08:05:52+00:00,M01,0.346,100.17256,SLEEP,1,0,0.0,416.6,0.56,30.64,0.005,0.0,0.0,97.0,0.02,simulator,1.0
2026-10-02 08:05:54+00:00,M01,0.356,100.17276,SLEEP,1,0,0.0,414.9,0.58,30.64,0.005,0.0,0.0,97.0,0.02,simulator,1.0
2026-10-02 08:05:56+00:00,M01,0.353,100.17296,SLEEP,1,0,0.0,412.3,0.57,30.57,0.006,0.0,0.0,97.0,0.02,simulator,1.0
2026-10-02 08:05:58+00:00,M01,0.344,100.17315,SLEEP,1,0,0.0,412.3,0.56,30.54,0.005,0.0,0.0,97.0,0.02,simulator,1.0
2026-10-02 08:06:00+00:00,M01,0.348,100.17334,SLEEP,1,0,0.0,418.1,0.56,30.48,0.006,0.0,0.0,97.0,0.02,simulator,1.0
2026-10-02 08:06:02+00:00,M01,7.54,100.17753,RUNNING,2,1,30.0,411.7,12.3,30.82,0.151,1451.1,49.62,97.0,0.02,simulator,1.0
2026-10-02 08:06:04+00:00,M01,7.609,100.18176,RUNNING,2,0,0.0,415.8,12.29,31.15,0.164,1454.3,49.97,97.0,0.02,simulator,1.0
2026-10-02 08:06:06+00:00,M01,7.41,100.18587,RUNNING,2,0,0.0,413.1,12.04,31.49,0.191,1446.3,48.93,96.9,0.02,simulator,1.0
2026-10-02 08:06:08+00:00,M01,7.794,100.1902,RUNNING,2,0,0.0,415.8,12.58,31.83,0.197,1450.9,51.3,96.8,0.02,simulator,1.0
2026-10-02 08:06:10+00:00,M01,7.682,100.19447,RUNNING,2,0,0.0,414.5,12.44,32.09,0.181,1452.1,50.52,96.9,0.02,simulator,1.0
2026-10-02 08:06:12+00:00,M01,7.475,100.19862,RUNNING,2,0,0.0,414.0,12.12,32.44,0.19,1448.3,49.29,96.8,0.02,simulator,1.0
2026-10-02 08:06:14+00:00,M01,7.943,100.20304,RUNNING,2,0,0.0,418.4,12.74,32.75,0.172,1453.3,52.2,96.9,0.02,simulator,1.0
2026-10-02 08:06:16+00:00,M01,7.681,100.2073,RUNNING,2,0,0.0,413.9,12.46,32.99,0.185,1450.5,50.57,96.9,0.02,simulator,1.0
2026-10-02 08:06:18+00:00,M01,7.464,100.21145,RUNNING,2,0,0.0,412.5,12.15,33.28,0.188,1445.5,49.31,96.9,0.02,simulator,1.0
2026-10-02 08:06:20+00:00,M01,7.444,100.21559,RUNNING,2,0,0.0,415.1,12.04,33.59,0.193,1449.2,49.05,96.8,0.03,simulator,1.0
2026-10-02 08:06:22+00:00,M01,7.627,100.21982,RUNNING,2,0,0.0,417.4,12.27,33.85,0.186,1451.8,50.17,96.8,0.02,simulator,1.0
2026-10-02 08:06:24+00:00,M01,7.383,100.22392,RUNNING,2,0,0.0,412.8,12.01,34.1,0.179,1448.5,48.68,96.9,0.02,simulator,1.0
2026-10-02 08:06:26+00:00,M01,7.777,100.22825,RUNNING,2,0,0.0,414.9,12.58,34.38,0.177,1452.8,51.12,96.9,0.02,simulator,1.0
2026-10-02 08:06:28+00:00,M01,7.87,100.23262,RUNNING,2,0,0.0,416.7,12.68,34.67,0.189,1450.5,51.82,96.9,0.02,simulator,1.0
2026-10-02 08:06:30+00:00,M01,7.504,100.23679,RUNNING,2,0,0.0,414.7,12.15,34.96,0.196,1452.7,49.33,96.8,0.03,simulator,1.0
2026-10-02 08:06:32+00:00,M01,7.42,100.24091,RUNNING,3,1,30.0,416.5,11.96,35.19,0.182,1448.2,48.93,96.8,0.03,simulator,1.0
2026-10-02 08:06:34+00:00,M01,7.735,100.24521,RUNNING,3,0,0.0,416.9,12.46,35.49,0.181,1445.5,51.1,96.9,0.02,simulator,1.0
2026-10-02 08:06:36+00:00,M01,7.595,100.24943,RUNNING,3,0,0.0,418.0,12.2,35.76,0.191,1452.2,49.95,96.8,0.02,simulator,1.0
2026-10-02 08:06:38+00:00,M01,7.84,100.25378,RUNNING,3,0,0.0,417.2,12.62,36.01,0.184,1452.5,51.55,96.9,0.02,simulator,1.0
2026-10-02 08:06:40+00:00,M01,7.424,100.25791,RUNNING,3,0,0.0,415.3,12.0,36.29,0.178,1449.1,48.93,96.9,0.02,simulator,1.0
2026-10-02 08:06:42+00:00,M01,7.501,100.26207,RUNNING,3,0,0.0,417.4,12.06,36.56,0.173,1445.0,49.57,96.9,0.02,simulator,1.0
2026-10-02 08:06:44+00:00,M01,7.703,100.26635,RUNNING,3,0,0.0,414.8,12.47,36.83,0.179,1448.7,50.78,96.9,0.02,simulator,1.0
2026-10-02 08:06:46+00:00,M01,7.776,100.27067,RUNNING,3,0,0.0,412.3,12.66,37.0,0.17,1446.3,51.35,97.0,0.02,simulator,1.0
2026-10-02 08:06:48+00:00,M01,7.82,100.27502,RUNNING,3,0,0.0,417.9,12.56,37.22,0.176,1450.3,51.49,97.0,0.02,simulator,1.0
2026-10-02 08:06:50+00:00,M01,7.615,100.27925,RUNNING,3,0,0.0,415.1,12.32,37.43,0.193,1447.2,50.25,96.9,0.02,simulator,1.0
2026-10-02 08:06:52+00:00,M01,7.946,100.28366,RUNNING,3,0,0.0,413.6,12.9,37.68,0.174,1453.8,52.2,96.9,0.02,simulator,1.0
2026-10-02 08:06:54+00:00,M01,7.946,100.28808,RUNNING,3,0,0.0,417.4,12.78,37.94,0.178,1447.0,52.44,96.9,0.02,simulator,1.0
2026-10-02 08:06:56+00:00,M01,7.498,100.29224,RUNNING,3,0,0.0,415.7,12.11,38.14,0.166,1452.1,49.31,97.0,0.02,simulator,1.0
2026-10-02 08:06:58+00:00,M01,7.822,100.29659,RUNNING,3,0,0.0,415.1,12.65,38.37,0.189,1451.5,51.46,96.9,0.02,simulator,1.0
2026-10-02 08:07:00+00:00,M01,7.863,100.30096,RUNNING,3,0,0.0,413.9,12.75,38.61,0.189,1445.0,51.97,96.9,0.02,simulator,1.0
2026-10-02 08:07:02+00:00,M01,1.344,100.3017,IDLE,3,0,0.0,412.5,2.19,38.46,0.075,18.98302123148676,3.75,96.9,0.02,simulator,1.0
2026-10-02 08:07:04+00:00,M01,1.397,100.30248,IDLE,3,0,0.0,413.2,2.27,38.35,0.03,11.234642782981538,3.75,96.9,0.02,simulator,1.0
2026-10-02 08:07:06+00:00,M01,1.405,100.30326,IDLE,3,0,0.0,416.4,2.27,38.21,0.026,14.592752303292514,3.75,97.0,0.02,simulator,1.0
2026-10-02 08:07:08+00:00,M01,1.38,100.30403,IDLE,3,0,0.0,412.0,2.25,38.03,0.044,14.644217700195835,3.75,97.0,0.02,simulator,1.0
2026-10-02 08:07:10+00:00,M01,1.295,100.30474,IDLE,3,0,0.0,416.9,2.09,37.86,0.024,13.267104595447528,3.75,97.0,0.02,simulator,1.0
2026-10-02 08:07:12+00:00,M01,1.3,100.30547,IDLE,3,0,0.0,415.1,2.1,37.77,0.026,10.227139597950474,3.75,97.0,0.02,simulator,1.0
2026-10-02 08:07:14+00:00,M01,1.382,100.30623,IDLE,3,0,0.0,417.2,2.22,37.62,0.019,19.74601014915243,3.75,97.0,0.02,simulator,1.0
2026-10-02 08:07:16+00:00,M01,1.395,100.30701,IDLE,3,0,0.0,415.8,2.25,37.52,0.025,10.691839706087256,3.75,97.0,0.02,simulator,1.0
2026-10-02 08:07:18+00:00,M01,1.362,100.30777,IDLE,3,0,0.0,418.5,2.18,37.35,0.025,19.793855507268756,3.75,97.0,0.02,simulator,1.0
2026-10-02 08:07:20+00:00,M01,1.406,100.30855,IDLE,3,0,0.0,417.5,2.26,37.19,0.027,18.30759028912775,3.75,97.0,0.02,simulator,1.0
2026-10-02 08:07:22+00:00,M01,1.293,100.30927,IDLE,3,0,0.0,416.9,2.08,37.11,0.037,17.606971799957158,3.75,97.0,0.02,simulator,1.0
2026-10-02 08:07:24+00:00,M01,1.388,100.31004,IDLE,3,0,0.0,415.7,2.24,36.96,0.044,11.181558094439163,3.75,97.0,0.02,simulator,1.0
2026-10-02 08:07:26+00:00,M01,1.366,100.3108,IDLE,3,0,0.0,415.6,2.21,36.8,0.049,19.459646032491413,3.75,97.0,0.02,simulator,1.0
2026-10-02 08:07:28+00:00,M01,1.384,100.31156,IDLE,3,0,0.0,412.6,2.25,36.68,0.031,16.09288077231073,3.75,97.0,0.02,simulator,1.0
2026-10-02 08:07:30+00:00,M01,1.289,100.31228,IDLE,3,0,0.0,417.6,2.07,36.55,0.028,18.176571367400754,3.75,97.0,0.02,simulator,1.0
2026-10-02 08:07:32+00:00,M01,1.411,100.31306,IDLE,3,0,0.0,412.7,2.3,36.41,0.036,17.44832605636248,3.75,97.0,0.02,simulator,1.0
2026-10-02 08:07:34+00:00,M01,1.316,100.3138,IDLE,3,0,0.0,413.1,2.14,36.3,0.036,12.982767252902688,3.75,97.0,0.02,simulator,1.0
2026-10-02 08:07:36+00:00,M01,1.286,100.31451,IDLE,3,0,0.0,417.0,2.07,36.18,0.036,13.839357810407613,3.75,97.0,0.02,simulator,1.0
2026-10-02 08:07:38+00:00,M01,1.388,100.31528,IDLE,3,0,0.0,412.2,2.26,36.08,0.041,13.942832027769422,3.75,97.0,0.02,simulator,1.0
2026-10-02 08:07:40+00:00,M01,1.282,100.31599,IDLE,3,0,0.0,412.9,2.08,35.99,0.049,16.61518983709862,3.75,97.0,0.02,simulator,1.0
2026-10-02 08:07:42+00:00,M01,1.356,100.31675,IDLE,3,0,0.0,418.4,2.18,35.91,0.046,17.79319552905701,3.75,97.0,0.02,simulator,1.0
2026-10-02 08:07:44+00:00,M01,1.377,100.31751,IDLE,3,0,0.0,416.2,2.22,35.8,0.047,17.27305885824646,3.75,97.0,0.02,simulator,1.0
2026-10-02 08:07:46+00:00,M01,1.385,100.31828,IDLE,3,0,0.0,415.7,2.24,35.73,0.053,14.795570214203897,3.75,97.0,0.02,simulator,1.0
2026-10-02 08:07:48+00:00,M01,1.311,100.31901,IDLE,3,0,0.0,411.5,2.14,35.68,0.026,19.030913692243825,3.75,97.0,0.02,simulator,1.0
2026-10-02 08:07:50+00:00,M01,1.353,100.31976,IDLE,3,0,0.0,413.0,2.2,35.59,0.043,16.980767382631143,3.75,97.0,0.02,simulator,1.0
2026-10-02 08:07:52+00:00,M01,1.329,100.3205,IDLE,3,0,0.0,416.7,2.14,35.5,0.04,13.264282264853001,3.75,97.0,0.02,simulator,1.0
2026-10-02 08:07:54+00:00,M01,1.356,100.32125,IDLE,3,0,0.0,418.4,2.18,35.42,0.027,11.157669290703964,3.75,97.0,0.02,simulator,1.0
2026-10-02 08:07:56+00:00,M01,1.336,100.322,IDLE,3,0,0.0,415.3,2.16,35.3,0.04,18.817743101960836,3.75,97.0,0.02,simulator,1.0
2026-10-02 08:07:58+00:00,M01,1.376,100.32276,IDLE,3,0,0.0,416.2,2.22,35.2,0.03,13.080476512158402,3.75,97.0,0.02,simulator,1.0
2026-10-02 08:08:00+00:00,M01,1.414,100.32355,IDLE,3,0,0.0,417.1,2.28,35.08,0.029,18.166504464974693,3.75,97.0,0.02,simulator,1.0
2026-10-02 08:08:02+00:00,M01,0.339,100.32373,SLEEP,3,0,0.0,415.6,0.55,34.98,0.005,0.0,0.0,97.0,0.02,simulator,1.0
2026-10-02 08:08:04+00:00,M01,0.339,100.32392,SLEEP,3,0,0.0,416.6,0.55,34.89,0.005,0.0,0.0,97.0,0.02,simulator,1.0
2026-10-02 08:08:06+00:00,M01,0.358,100.32412,SLEEP,3,0,0.0,418.0,0.57,34.81,0.005,0.0,0.0,97.0,0.02,simulator,1.0
2026-10-02 08:08:08+00:00,M01,0.354,100.32432,SLEEP,3,0,0.0,417.3,0.57,34.75,0.005,0.0,0.0,97.0,0.02,simulator,1.0
2026-10-02 08:08:10+00:00,M01,0.34,100.32451,SLEEP,3,0,0.0,413.0,0.55,34.65,0.007,0.0,0.0,97.0,0.02,simulator,1.0
2026-10-02 08:08:12+00:00,M01,0.362,100.32471,SLEEP,3,0,0.0,412.7,0.59,34.52,0.006,0.0,0.0,97.0,0.02,simulator,1.0
2026-10-02 08:08:14+00:00,M01,0.358,100.32491,SLEEP,3,0,0.0,411.6,0.58,34.44,0.006,0.0,0.0,97.0,0.02,simulator,1.0
2026-10-02 08:08:16+00:00,M01,0.34,100.3251,SLEEP,3,0,0.0,416.3,0.55,34.34,0.006,0.0,0.0,97.0,0.02,simulator,1.0
2026-10-02 08:08:18+00:00,M01,0.364,100.3253,SLEEP,3,0,0.0,412.2,0.59,34.28,0.007,0.0,0.0,97.0,0.02,simulator,1.0
2026-10-02 08:08:20+00:00,M01,0.35,100.32549,SLEEP,3,0,0.0,416.8,0.56,34.23,0.004,0.0,0.0,97.0,0.02,simulator,1.0
2026-10-02 08:08:22+00:00,M01,0.357,100.32569,SLEEP,3,0,0.0,418.1,0.57,34.13,0.006,0.0,0.0,97.0,0.02,simulator,1.0
2026-10-02 08:08:24+00:00,M01,0.344,100.32588,SLEEP,3,0,0.0,418.0,0.55,34.05,0.006,0.0,0.0,97.0,0.02,simulator,1.0
2026-10-02 08:08:26+00:00,M01,0.356,100.32608,SLEEP,3,0,0.0,416.0,0.57,33.96,0.006,0.0,0.0,97.0,0.02,simulator,1.0
2026-10-02 08:08:28+00:00,M01,0.359,100.32628,SLEEP,3,0,0.0,418.3,0.58,33.88,0.004,0.0,0.0,97.0,0.02,simulator,1.0
2026-10-02 08:08:30+00:00,M01,0.362,100.32648,SLEEP,3,0,0.0,412.1,0.59,33.75,0.006,0.0,0.0,97.0,0.02,simulator,1.0
2026-10-02 08:08:32+00:00,M01,0.355,100.32668,SLEEP,3,0,0.0,414.6,0.57,33.69,0.006,0.0,0.0,97.0,0.02,simulator,1.0
2026-10-02 08:08:34+00:00,M01,0.359,100.32688,SLEEP,3,0,0.0,412.5,0.58,33.62,0.005,0.0,0.0,97.0,0.02,simulator,1.0
2026-10-02 08:08:36+00:00,M01,0.342,100.32707,SLEEP,3,0,0.0,412.9,0.56,33.54,0.007,0.0,0.0,97.0,0.02,simulator,1.0
2026-10-02 08:08:38+00:00,M01,0.34,100.32726,SLEEP,3,0,0.0,416.1,0.55,33.5,0.005,0.0,0.0,97.0,0.02,simulator,1.0
2026-10-02 08:08:40+00:00,M01,0.354,100.32745,SLEEP,3,0,0.0,414.6,0.57,33.44,0.005,0.0,0.0,97.0,0.02,simulator,1.0
2026-10-02 08:08:42+00:00,M01,0.335,100.32764,SLEEP,3,0,0.0,411.7,0.55,33.33,0.006,0.0,0.0,97.0,0.02,simulator,1.0
2026-10-02 08:08:44+00:00,M01,0.365,100.32784,SLEEP,3,0,0.0,411.8,0.6,33.22,0.006,0.0,0.0,97.0,0.02,simulator,1.0
2026-10-02 08:08:46+00:00,M01,0.34,100.32803,SLEEP,3,0,0.0,412.4,0.55,33.17,0.005,0.0,0.0,97.0,0.02,simulator,1.0
2026-10-02 08:08:48+00:00,M01,0.347,100.32822,SLEEP,3,0,0.0,415.8,0.56,33.11,0.005,0.0,0.0,97.0,0.02,simulator,1.0
2026-10-02 08:08:50+00:00,M01,0.357,100.32842,SLEEP,3,0,0.0,414.1,0.58,33.03,0.007,0.0,0.0,97.0,0.02,simulator,1.0
2026-10-02 08:08:52+00:00,M01,0.357,100.32862,SLEEP,3,0,0.0,414.4,0.58,32.98,0.007,0.0,0.0,97.0,0.02,simulator,1.0
2026-10-02 08:08:54+00:00,M01,0.34,100.32881,SLEEP,3,0,0.0,416.8,0.55,32.93,0.006,0.0,0.0,97.0,0.02,simulator,1.0
2026-10-02 08:08:56+00:00,M01,0.349,100.329,SLEEP,3,0,0.0,413.9,0.57,32.88,0.007,0.0,0.0,97.0,0.02,simulator,1.0
2026-10-02 08:08:58+00:00,M01,0.354,100.3292,SLEEP,3,0,0.0,411.7,0.58,32.85,0.006,0.0,0.0,97.0,0.02,simulator,1.0
2026-10-02 08:09:00+00:00,M01,0.345,100.32939,SLEEP,3,0,0.0,411.6,0.56,32.76,0.007,0.0,0.0,97.0,0.02,simulator,1.0
2026-10-02 08:09:02+00:00,M01,0.34,100.32958,SLEEP,3,0,0.0,414.8,0.55,32.72,0.007,0.0,0.0,97.0,0.02,simulator,1.0
2026-10-02 08:09:04+00:00,M01,0.343,100.32977,SLEEP,3,0,0.0,413.6,0.56,32.62,0.005,0.0,0.0,97.0,0.02,simulator,1.0
2026-10-02 08:09:06+00:00,M01,0.356,100.32997,SLEEP,3,0,0.0,418.3,0.57,32.59,0.005,0.0,0.0,97.0,0.02,simulator,1.0
2026-10-02 08:09:08+00:00,M01,0.341,100.33016,SLEEP,3,0,0.0,413.2,0.55,32.56,0.004,0.0,0.0,97.0,0.02,simulator,1.0
2026-10-02 08:09:10+00:00,M01,0.342,100.33035,SLEEP,3,0,0.0,414.0,0.55,32.48,0.005,0.0,0.0,97.0,0.02,simulator,1.0
2026-10-02 08:09:12+00:00,M01,0.337,100.33053,SLEEP,3,0,0.0,413.9,0.55,32.42,0.004,0.0,0.0,97.0,0.02,simulator,1.0
2026-10-02 08:09:14+00:00,M01,0.349,100.33073,SLEEP,3,0,0.0,415.3,0.56,32.3,0.006,0.0,0.0,97.0,0.02,simulator,1.0
2026-10-02 08:09:16+00:00,M01,0.364,100.33093,SLEEP,3,0,0.0,415.2,0.59,32.22,0.007,0.0,0.0,97.0,0.02,simulator,1.0
2026-10-02 08:09:18+00:00,M01,0.344,100.33112,SLEEP,3,0,0.0,412.0,0.56,32.14,0.006,0.0,0.0,97.0,0.02,simulator,1.0
2026-10-02 08:09:20+00:00,M01,0.339,100.33131,SLEEP,3,0,0.0,412.7,0.55,32.08,0.005,0.0,0.0,97.0,0.02,simulator,1.0
2026-10-02 08:09:22+00:00,M01,0.337,100.3315,SLEEP,3,0,0.0,412.6,0.55,32.04,0.005,0.0,0.0,97.0,0.02,simulator,1.0
2026-10-02 08:09:24+00:00,M01,0.343,100.33169,SLEEP,3,0,0.0,416.6,0.55,31.98,0.005,0.0,0.0,97.0,0.02,simulator,1.0
2026-10-02 08:09:26+00:00,M01,0.335,100.33187,SLEEP,3,0,0.0,414.5,0.54,31.91,0.005,0.0,0.0,97.0,0.02,simulator,1.0
2026-10-02 08:09:28+00:00,M01,0.34,100.33206,SLEEP,3,0,0.0,412.2,0.55,31.82,0.006,0.0,0.0,97.0,0.02,simulator,1.0
2026-10-02 08:09:30+00:00,M01,0.358,100.33226,SLEEP,3,0,0.0,416.4,0.58,31.81,0.006,0.0,0.0,97.0,0.02,simulator,1.0
2026-10-02 08:09:32+00:00,M01,0.356,100.33246,SLEEP,3,0,0.0,411.6,0.58,31.72,0.007,0.0,0.0,97.0,0.02,simulator,1.0
2026-10-02 08:09:34+00:00,M01,0.34,100.33265,SLEEP,3,0,0.0,413.0,0.55,31.7,0.007,0.0,0.0,97.0,0.02,simulator,1.0
2026-10-02 08:09:36+00:00,M01,0.339,100.33284,SLEEP,3,0,0.0,415.5,0.55,31.65,0.006,0.0,0.0,97.0,0.02,simulator,1.0
2026-10-02 08:09:38+00:00,M01,0.347,100.33303,SLEEP,3,0,0.0,413.3,0.56,31.62,0.007,0.0,0.0,97.0,0.02,simulator,1.0
2026-10-02 08:09:40+00:00,M01,0.349,100.33322,SLEEP,3,0,0.0,412.0,0.57,31.57,0.006,0.0,0.0,97.0,0.02,simulator,1.0
2026-10-02 08:09:42+00:00,M01,0.352,100.33342,SLEEP,3,0,0.0,411.5,0.57,31.48,0.007,0.0,0.0,97.0,0.02,simulator,1.0
2026-10-02 08:09:44+00:00,M01,0.344,100.33361,SLEEP,3,0,0.0,414.4,0.56,31.44,0.005,0.0,0.0,97.0,0.02,simulator,1.0
2026-10-02 08:09:46+00:00,M01,0.362,100.33381,SLEEP,3,0,0.0,412.9,0.59,31.37,0.004,0.0,0.0,97.0,0.02,simulator,1.0
2026-10-02 08:09:48+00:00,M01,0.356,100.33401,SLEEP,3,0,0.0,417.3,0.57,31.31,0.005,0.0,0.0,97.0,0.02,simulator,1.0
2026-10-02 08:09:50+00:00,M01,0.345,100.3342,SLEEP,3,0,0.0,411.9,0.56,31.28,0.005,0.0,0.0,97.0,0.02,simulator,1.0
2026-10-02 08:09:52+00:00,M01,0.363,100.3344,SLEEP,3,0,0.0,415.3,0.59,31.21,0.005,0.0,0.0,97.0,0.02,simulator,1.0
2026-10-02 08:09:54+00:00,M01,0.354,100.3346,SLEEP,3,0,0.0,416.5,0.57,31.21,0.006,0.0,0.0,97.0,0.02,simulator,1.0
2026-10-02 08:09:56+00:00,M01,0.351,100.33479,SLEEP,3,0,0.0,412.4,0.57,31.13,0.005,0.0,0.0,97.0,0.02,simulator,1.0
2026-10-02 08:09:58+00:00,M01,0.36,100.33499,SLEEP,3,0,0.0,413.1,0.59,31.12,0.005,0.0,0.0,97.0,0.02,simulator,1.0
2026-10-02 08:10:00+00:00,M01,0.358,100.33519,SLEEP,3,0,0.0,411.8,0.58,31.12,0.005,0.0,0.0,97.0,0.02,simulator,1.0
2026-10-02 08:10:02+00:00,M01,0.345,100.33538,SLEEP,3,0,0.0,414.8,0.56,31.13,0.006,0.0,0.0,97.0,0.02,simulator,1.0
2026-10-02 08:10:04+00:00,M01,0.34,100.33557,SLEEP,3,0,0.0,413.5,0.55,31.04,0.007,0.0,0.0,97.0,0.02,simulator,1.0
2026-10-02 08:10:06+00:00,M01,0.339,100.33576,SLEEP,3,0,0.0,412.3,0.55,31.02,0.007,0.0,0.0,97.0,0.02,simulator,1.0
2026-10-02 08:10:08+00:00,M01,0.352,100.33596,SLEEP,3,0,0.0,415.4,0.57,31.03,0.006,0.0,0.0,97.0,0.02,simulator,1.0
2026-10-02 08:10:10+00:00,M01,0.353,100.33615,SLEEP,3,0,0.0,414.3,0.57,30.96,0.005,0.0,0.0,97.0,0.02,simulator,1.0
2026-10-02 08:10:12+00:00,M01,0.337,100.33634,SLEEP,3,0,0.0,412.7,0.55,30.91,0.005,0.0,0.0,97.0,0.02,simulator,1.0
2026-10-02 08:10:14+00:00,M01,0.348,100.33653,SLEEP,3,0,0.0,417.0,0.56,30.91,0.006,0.0,0.0,97.0,0.02,simulator,1.0
2026-10-02 08:10:16+00:00,M01,0.359,100.33673,SLEEP,3,0,0.0,414.2,0.58,30.82,0.006,0.0,0.0,97.0,0.02,simulator,1.0
2026-10-02 08:10:18+00:00,M01,0.357,100.33693,SLEEP,3,0,0.0,411.6,0.58,30.83,0.004,0.0,0.0,97.0,0.02,simulator,1.0
2026-10-02 08:10:20+00:00,M01,0.359,100.33713,SLEEP,3,0,0.0,413.7,0.58,30.8,0.005,0.0,0.0,97.0,0.02,simulator,1.0
2026-10-02 08:10:22+00:00,M01,0.343,100.33732,SLEEP,3,0,0.0,415.1,0.55,30.75,0.006,0.0,0.0,97.0,0.02,simulator,1.0
2026-10-02 08:10:24+00:00,M01,0.357,100.33752,SLEEP,3,0,0.0,412.1,0.58,30.72,0.005,0.0,0.0,97.0,0.02,simulator,1.0
2026-10-02 08:10:26+00:00,M01,0.355,100.33772,SLEEP,3,0,0.0,416.3,0.57,30.66,0.007,0.0,0.0,97.0,0.02,simulator,1.0
2026-10-02 08:10:28+00:00,M01,0.363,100.33792,SLEEP,3,0,0.0,414.4,0.59,30.66,0.005,0.0,0.0,97.0,0.02,simulator,1.0
2026-10-02 08:10:30+00:00,M01,0.35,100.33811,SLEEP,3,0,0.0,412.7,0.57,30.65,0.004,0.0,0.0,97.0,0.02,simulator,1.0
2026-10-02 08:10:32+00:00,M01,0.356,100.33831,SLEEP,3,0,0.0,416.3,0.57,30.65,0.006,0.0,0.0,97.0,0.02,simulator,1.0
2026-10-02 08:10:34+00:00,M01,0.351,100.33851,SLEEP,3,0,0.0,416.9,0.57,30.62,0.004,0.0,0.0,97.0,0.02,simulator,1.0
2026-10-02 08:10:36+00:00,M01,0.343,100.3387,SLEEP,3,0,0.0,416.7,0.55,30.57,0.007,0.0,0.0,97.0,0.02,simulator,1.0
2026-10-02 08:10:38+00:00,M01,0.356,100.33889,SLEEP,3,0,0.0,413.9,0.58,30.57,0.006,0.0,0.0,97.0,0.02,simulator,1.0
2026-10-02 08:10:40+00:00,M01,0.362,100.3391,SLEEP,3,0,0.0,416.1,0.58,30.49,0.007,0.0,0.0,97.0,0.02,simulator,1.0
2026-10-02 08:10:42+00:00,M01,0.35,100.33929,SLEEP,3,0,0.0,411.7,0.57,30.44,0.005,0.0,0.0,97.0,0.02,simulator,1.0
2026-10-02 08:10:44+00:00,M01,0.362,100.33949,SLEEP,3,0,0.0,416.0,0.58,30.39,0.007,0.0,0.0,97.0,0.02,simulator,1.0
2026-10-02 08:10:46+00:00,M01,0.342,100.33968,SLEEP,3,0,0.0,416.3,0.55,30.36,0.005,0.0,0.0,97.0,0.02,simulator,1.0
2026-10-02 08:10:48+00:00,M01,0.356,100.33988,SLEEP,3,0,0.0,415.6,0.58,30.28,0.006,0.0,0.0,97.0,0.02,simulator,1.0
2026-10-02 08:10:50+00:00,M01,0.36,100.34008,SLEEP,3,0,0.0,415.9,0.58,30.29,0.006,0.0,0.0,97.0,0.02,simulator,1.0
2026-10-02 08:10:52+00:00,M01,0.354,100.34028,SLEEP,3,0,0.0,418.0,0.57,30.24,0.004,0.0,0.0,97.0,0.02,simulator,1.0
2026-10-02 08:10:54+00:00,M01,0.35,100.34047,SLEEP,3,0,0.0,412.5,0.57,30.23,0.006,0.0,0.0,97.0,0.02,simulator,1.0
2026-10-02 08:10:56+00:00,M01,0.363,100.34067,SLEEP,3,0,0.0,413.5,0.59,30.21,0.005,0.0,0.0,97.0,0.02,simulator,1.0
2026-10-02 08:10:58+00:00,M01,0.361,100.34087,SLEEP,3,0,0.0,412.0,0.59,30.19,0.006,0.0,0.0,97.0,0.02,simulator,1.0
2026-10-02 08:11:00+00:00,M01,0.352,100.34107,SLEEP,3,0,0.0,412.9,0.57,30.21,0.006,0.0,0.0,97.0,0.02,simulator,1.0
2026-10-02 08:11:02+00:00,M01,0.362,100.34127,SLEEP,3,0,0.0,413.1,0.59,30.16,0.005,0.0,0.0,97.0,0.02,simulator,1.0
2026-10-02 08:11:04+00:00,M01,0.358,100.34147,SLEEP,3,0,0.0,415.8,0.58,30.09,0.005,0.0,0.0,97.0,0.02,simulator,1.0
2026-10-02 08:11:06+00:00,M01,0.355,100.34166,SLEEP,3,0,0.0,415.0,0.57,30.1,0.006,0.0,0.0,97.0,0.02,simulator,1.0
2026-10-02 08:11:08+00:00,M01,0.344,100.34186,SLEEP,3,0,0.0,418.1,0.55,30.05,0.005,0.0,0.0,97.0,0.02,simulator,1.0
2026-10-02 08:11:10+00:00,M01,0.365,100.34206,SLEEP,3,0,0.0,411.5,0.6,30.03,0.006,0.0,0.0,97.0,0.02,simulator,1.0
2026-10-02 08:11:12+00:00,M01,0.352,100.34225,SLEEP,3,0,0.0,415.2,0.57,30.01,0.005,0.0,0.0,97.0,0.02,simulator,1.0
2026-10-02 08:11:14+00:00,M01,0.364,100.34246,SLEEP,3,0,0.0,414.7,0.59,30.03,0.005,0.0,0.0,97.0,0.02,simulator,1.0
2026-10-02 08:11:16+00:00,M01,0.344,100.34265,SLEEP,3,0,0.0,413.3,0.56,29.96,0.004,0.0,0.0,97.0,0.02,simulator,1.0
2026-10-02 08:11:18+00:00,M01,0.355,100.34284,SLEEP,3,0,0.0,417.2,0.57,29.95,0.006,0.0,0.0,97.0,0.02,simulator,1.0
2026-10-02 08:11:20+00:00,M01,0.351,100.34304,SLEEP,3,0,0.0,412.1,0.57,29.93,0.004,0.0,0.0,97.0,0.02,simulator,1.0
2026-10-02 08:11:22+00:00,M01,0.349,100.34323,SLEEP,3,0,0.0,417.5,0.56,29.9,0.006,0.0,0.0,97.0,0.02,simulator,1.0
2026-10-02 08:11:24+00:00,M01,0.348,100.34343,SLEEP,3,0,0.0,418.2,0.56,29.91,0.006,0.0,0.0,97.0,0.02,simulator,1.0
2026-10-02 08:11:26+00:00,M01,0.342,100.34362,SLEEP,3,0,0.0,412.4,0.56,29.87,0.006,0.0,0.0,97.0,0.02,simulator,1.0
2026-10-02 08:11:28+00:00,M01,0.341,100.34381,SLEEP,3,0,0.0,415.2,0.55,29.87,0.007,0.0,0.0,97.0,0.02,simulator,1.0
2026-10-02 08:11:30+00:00,M01,0.352,100.344,SLEEP,3,0,0.0,411.6,0.57,29.82,0.005,0.0,0.0,97.0,0.02,simulator,1.0
2026-10-02 08:11:32+00:00,M01,0.365,100.3442,SLEEP,3,0,0.0,415.9,0.59,29.78,0.005,0.0,0.0,97.0,0.02,simulator,1.0
2026-10-02 08:11:34+00:00,M01,0.362,100.34441,SLEEP,3,0,0.0,415.9,0.58,29.8,0.007,0.0,0.0,97.0,0.02,simulator,1.0
2026-10-02 08:11:36+00:00,M01,0.345,100.3446,SLEEP,3,0,0.0,414.7,0.56,29.81,0.005,0.0,0.0,97.0,0.02,simulator,1.0
2026-10-02 08:11:38+00:00,M01,0.36,100.3448,SLEEP,3,0,0.0,413.1,0.59,29.82,0.006,0.0,0.0,97.0,0.02,simulator,1.0
2026-10-02 08:11:40+00:00,M01,0.351,100.34499,SLEEP,3,0,0.0,417.8,0.56,29.82,0.005,0.0,0.0,97.0,0.02,simulator,1.0
2026-10-02 08:11:42+00:00,M01,0.359,100.34519,SLEEP,3,0,0.0,417.2,0.58,29.81,0.005,0.0,0.0,97.0,0.02,simulator,1.0
2026-10-02 08:11:44+00:00,M01,0.349,100.34539,SLEEP,3,0,0.0,415.3,0.56,29.76,0.006,0.0,0.0,97.0,0.02,simulator,1.0
2026-10-02 08:11:46+00:00,M01,0.359,100.34559,SLEEP,3,0,0.0,416.9,0.58,29.73,0.005,0.0,0.0,97.0,0.02,simulator,1.0
2026-10-02 08:11:48+00:00,M01,0.343,100.34578,SLEEP,3,0,0.0,413.7,0.56,29.75,0.005,0.0,0.0,97.0,0.02,simulator,1.0
2026-10-02 08:11:50+00:00,M01,0.365,100.34598,SLEEP,3,0,0.0,413.6,0.59,29.72,0.005,0.0,0.0,97.0,0.02,simulator,1.0
2026-10-02 08:11:52+00:00,M01,0.349,100.34617,SLEEP,3,0,0.0,414.4,0.57,29.68,0.006,0.0,0.0,97.0,0.02,simulator,1.0
2026-10-02 08:11:54+00:00,M01,0.354,100.34637,SLEEP,3,0,0.0,412.3,0.58,29.65,0.005,0.0,0.0,97.0,0.02,simulator,1.0
2026-10-02 08:11:56+00:00,M01,0.343,100.34656,SLEEP,3,0,0.0,415.6,0.55,29.66,0.006,0.0,0.0,97.0,0.02,simulator,1.0
2026-10-02 08:11:58+00:00,M01,0.355,100.34676,SLEEP,3,0,0.0,414.5,0.57,29.65,0.006,0.0,0.0,97.0,0.02,simulator,1.0
2026-10-02 08:12:00+00:00,M01,0.358,100.34696,SLEEP,3,0,0.0,413.4,0.58,29.64,0.007,0.0,0.0,97.0,0.02,simulator,1.0
2026-10-02 08:12:02+00:00,M01,7.35,100.35104,RUNNING,4,1,30.0,416.2,11.86,29.99,0.132,1450.6,48.39,97.0,0.02,simulator,1.0
2026-10-02 08:12:04+00:00,M01,7.882,100.35542,RUNNING,4,0,0.0,412.2,12.84,30.3,0.184,1447.8,51.99,97.0,0.02,simulator,1.0
2026-10-02 08:12:06+00:00,M01,7.917,100.35982,RUNNING,4,0,0.0,415.2,12.8,30.61,0.19,1450.8,52.11,96.9,0.02,simulator,1.0
2026-10-02 08:12:08+00:00,M01,7.525,100.364,RUNNING,4,0,0.0,417.4,12.1,30.95,0.179,1451.8,49.5,96.9,0.02,simulator,1.0
2026-10-02 08:12:10+00:00,M01,7.712,100.36828,RUNNING,4,0,0.0,411.5,12.58,31.24,0.169,1452.0,50.72,97.0,0.02,simulator,1.0
2026-10-02 08:12:12+00:00,M01,7.4,100.37239,RUNNING,4,0,0.0,413.1,12.03,31.56,0.17,1448.6,48.79,97.0,0.02,simulator,1.0
2026-10-02 08:12:14+00:00,M01,7.593,100.37661,RUNNING,4,0,0.0,412.3,12.36,31.9,0.169,1445.9,50.15,97.0,0.02,simulator,1.0
2026-10-02 08:12:16+00:00,M01,7.737,100.38091,RUNNING,4,0,0.0,416.6,12.47,32.18,0.192,1445.7,51.11,96.9,0.02,simulator,1.0
2026-10-02 08:12:18+00:00,M01,7.859,100.38528,RUNNING,4,0,0.0,417.0,12.65,32.44,0.171,1451.9,51.69,96.9,0.02,simulator,1.0
2026-10-02 08:12:20+00:00,M01,7.775,100.38959,RUNNING,4,0,0.0,415.7,12.56,32.78,0.191,1454.2,51.06,96.9,0.02,simulator,1.0
2026-10-02 08:12:22+00:00,M01,7.363,100.39369,RUNNING,4,0,0.0,417.7,11.83,33.08,0.194,1453.9,48.36,96.8,0.02,simulator,1.0
2026-10-02 08:12:24+00:00,M01,7.655,100.39794,RUNNING,4,0,0.0,412.6,12.46,33.33,0.191,1448.6,50.47,96.8,0.02,simulator,1.0
2026-10-02 08:12:26+00:00,M01,7.422,100.40206,RUNNING,4,0,0.0,411.7,12.1,33.6,0.196,1447.5,48.97,96.7,0.02,simulator,1.0
2026-10-02 08:12:28+00:00,M01,7.778,100.40638,RUNNING,4,0,0.0,415.1,12.58,33.9,0.198,1449.3,51.25,96.7,0.03,simulator,1.0
2026-10-02 08:12:30+00:00,M01,7.636,100.41062,RUNNING,4,0,0.0,411.7,12.45,34.14,0.189,1446.5,50.41,96.7,0.03,simulator,1.0
2026-10-02 08:12:32+00:00,M01,7.76,100.41494,RUNNING,5,1,30.0,418.3,12.45,34.37,0.188,1453.2,51.0,96.7,0.02,simulator,1.0
2026-10-02 08:12:34+00:00,M01,7.428,100.41906,RUNNING,5,0,0.0,412.5,12.09,34.61,0.185,1453.4,48.81,96.8,0.02,simulator,1.0
2026-10-02 08:12:36+00:00,M01,7.473,100.42321,RUNNING,5,0,0.0,415.4,12.08,34.84,0.173,1447.0,49.32,96.8,0.02,simulator,1.0
2026-10-02 08:12:38+00:00,M01,7.479,100.42737,RUNNING,5,0,0.0,415.4,12.09,35.11,0.19,1453.5,49.14,96.8,0.03,simulator,1.0
2026-10-02 08:12:40+00:00,M01,7.424,100.43149,RUNNING,5,0,0.0,415.3,12.0,35.35,0.192,1453.8,48.77,96.8,0.03,simulator,1.0
2026-10-02 08:12:42+00:00,M01,7.658,100.43575,RUNNING,5,0,0.0,417.7,12.31,35.57,0.168,1446.1,50.57,96.8,0.02,simulator,1.0
2026-10-02 08:12:44+00:00,M01,7.899,100.44014,RUNNING,5,0,0.0,412.7,12.85,35.86,0.183,1450.8,52.0,96.9,0.02,simulator,1.0
2026-10-02 08:12:46+00:00,M01,7.658,100.44439,RUNNING,5,0,0.0,414.7,12.4,36.13,0.188,1449.6,50.45,96.8,0.02,simulator,1.0
2026-10-02 08:12:48+00:00,M01,7.416,100.44851,RUNNING,5,0,0.0,417.5,11.92,36.36,0.171,1453.8,48.72,96.9,0.02,simulator,1.0
2026-10-02 08:12:50+00:00,M01,7.669,100.45277,RUNNING,5,0,0.0,417.4,12.33,36.57,0.166,1446.8,50.62,96.9,0.02,simulator,1.0
2026-10-02 08:12:52+00:00,M01,7.772,100.45709,RUNNING,5,0,0.0,416.1,12.54,36.8,0.164,1447.3,51.28,96.9,0.02,simulator,1.0
2026-10-02 08:12:54+00:00,M01,7.557,100.46129,RUNNING,5,0,0.0,413.6,12.27,36.97,0.184,1447.8,49.85,96.9,0.02,simulator,1.0
2026-10-02 08:12:56+00:00,M01,7.933,100.46569,RUNNING,5,0,0.0,413.8,12.87,37.19,0.182,1454.8,52.08,96.9,0.02,simulator,1.0
2026-10-02 08:12:58+00:00,M01,7.886,100.47008,RUNNING,5,0,0.0,413.1,12.82,37.36,0.171,1451.7,51.88,97.0,0.02,simulator,1.0
2026-10-02 08:13:00+00:00,M01,7.799,100.47441,RUNNING,5,0,0.0,412.0,12.71,37.54,0.188,1446.7,51.48,96.9,0.02,simulator,1.0
2026-10-02 08:13:02+00:00,M01,1.315,100.47514,IDLE,5,0,0.0,413.4,2.14,37.39,0.064,16.396490246884706,3.75,96.9,0.02,simulator,1.0
2026-10-02 08:13:04+00:00,M01,1.281,100.47585,IDLE,5,0,0.0,416.6,2.06,37.25,0.048,10.385955841749183,3.75,97.0,0.02,simulator,1.0
2026-10-02 08:13:06+00:00,M01,1.346,100.4766,IDLE,5,0,0.0,415.7,2.17,37.17,0.046,10.428997722831303,3.75,97.0,0.02,simulator,1.0
2026-10-02 08:13:08+00:00,M01,1.376,100.47736,IDLE,5,0,0.0,414.9,2.23,37.1,0.04,12.291019884537263,3.75,97.0,0.02,simulator,1.0
2026-10-02 08:13:10+00:00,M01,1.376,100.47813,IDLE,5,0,0.0,416.5,2.22,37.03,0.044,19.351173103839784,3.75,97.0,0.02,simulator,1.0
2026-10-02 08:13:12+00:00,M01,1.39,100.4789,IDLE,5,0,0.0,412.6,2.26,36.94,0.048,13.593860259206116,3.75,97.0,0.02,simulator,1.0
2026-10-02 08:13:14+00:00,M01,1.307,100.47963,IDLE,5,0,0.0,413.6,2.12,36.79,0.032,17.525795665711474,3.75,97.0,0.02,simulator,1.0
2026-10-02 08:13:16+00:00,M01,1.334,100.48037,IDLE,5,0,0.0,414.7,2.16,36.69,0.031,12.861094793238152,3.75,97.0,0.02,simulator,1.0
2026-10-02 08:13:18+00:00,M01,1.379,100.48113,IDLE,5,0,0.0,417.5,2.22,36.59,0.031,13.963789092492053,3.75,97.0,0.02,simulator,1.0
2026-10-02 08:13:20+00:00,M01,1.351,100.48188,IDLE,5,0,0.0,413.3,2.19,36.51,0.049,19.190861147502243,3.75,97.0,0.02,simulator,1.0
2026-10-02 08:13:22+00:00,M01,1.409,100.48267,IDLE,5,0,0.0,416.2,2.27,36.4,0.045,10.021841786945235,3.75,97.0,0.02,simulator,1.0
2026-10-02 08:13:24+00:00,M01,1.391,100.48344,IDLE,5,0,0.0,413.1,2.26,36.34,0.05,10.890776293393435,3.75,97.0,0.02,simulator,1.0
2026-10-02 08:13:26+00:00,M01,1.351,100.48419,IDLE,5,0,0.0,418.4,2.17,36.18,0.039,12.929923233674637,3.75,97.0,0.02,simulator,1.0
2026-10-02 08:13:28+00:00,M01,1.319,100.48492,IDLE,5,0,0.0,415.0,2.13,36.07,0.04,13.857967740464709,3.75,97.0,0.02,simulator,1.0
2026-10-02 08:13:30+00:00,M01,1.289,100.48564,IDLE,5,0,0.0,413.3,2.09,36.01,0.035,18.770519569475482,3.75,97.0,0.02,simulator,1.0
2026-10-02 08:13:32+00:00,M01,1.299,100.48636,IDLE,5,0,0.0,417.3,2.09,35.9,0.032,19.435032959716636,3.75,97.0,0.02,simulator,1.0
2026-10-02 08:13:34+00:00,M01,1.406,100.48714,IDLE,5,0,0.0,412.4,2.29,35.8,0.048,17.504375420988154,3.75,97.0,0.02,simulator,1.0
2026-10-02 08:13:36+00:00,M01,1.32,100.48787,IDLE,5,0,0.0,416.3,2.13,35.74,0.044,19.727858242256236,3.75,97.0,0.02,simulator,1.0
2026-10-02 08:13:38+00:00,M01,1.406,100.48866,IDLE,5,0,0.0,414.5,2.28,35.62,0.05,15.398391873070647,3.75,97.0,0.02,simulator,1.0
2026-10-02 08:13:40+00:00,M01,1.379,100.48942,IDLE,5,0,0.0,414.2,2.24,35.48,0.049,16.31579372192113,3.75,97.0,0.02,simulator,1.0
2026-10-02 08:13:42+00:00,M01,1.32,100.49016,IDLE,5,0,0.0,413.8,2.14,35.42,0.048,15.437654128606827,3.75,97.0,0.02,simulator,1.0
2026-10-02 08:13:44+00:00,M01,1.283,100.49087,IDLE,5,0,0.0,414.5,2.08,35.36,0.028,18.958265199140236,3.75,97.0,0.02,simulator,1.0
2026-10-02 08:13:46+00:00,M01,1.304,100.49159,IDLE,5,0,0.0,413.1,2.12,35.3,0.022,16.18092632608544,3.75,97.0,0.02,simulator,1.0
2026-10-02 08:13:48+00:00,M01,1.373,100.49236,IDLE,5,0,0.0,411.8,2.24,35.23,0.039,10.562686487871083,3.75,97.0,0.02,simulator,1.0
2026-10-02 08:13:50+00:00,M01,1.407,100.49314,IDLE,5,0,0.0,412.4,2.29,35.16,0.035,16.799745185051528,3.75,97.0,0.02,simulator,1.0
2026-10-02 08:13:52+00:00,M01,1.406,100.49392,IDLE,5,0,0.0,416.6,2.27,35.1,0.044,12.542870161086833,3.75,97.0,0.02,simulator,1.0
2026-10-02 08:13:54+00:00,M01,1.276,100.49463,IDLE,5,0,0.0,411.7,2.08,35.04,0.03,12.723605496015853,3.75,97.0,0.02,simulator,1.0
2026-10-02 08:13:56+00:00,M01,1.343,100.49537,IDLE,5,0,0.0,417.5,2.16,34.94,0.036,16.23706109292816,3.75,97.0,0.02,simulator,1.0
2026-10-02 08:13:58+00:00,M01,1.355,100.49613,IDLE,5,0,0.0,412.8,2.2,34.84,0.027,16.154910324416427,3.75,97.0,0.02,simulator,1.0
2026-10-02 08:14:00+00:00,M01,1.304,100.49685,IDLE,5,0,0.0,416.4,2.1,34.72,0.025,12.797996467395498,3.75,97.0,0.02,simulator,1.0
2026-10-02 08:14:02+00:00,M01,0.342,100.49704,SLEEP,5,0,0.0,411.9,0.56,34.58,0.004,0.0,0.0,97.0,0.02,simulator,1.0
2026-10-02 08:14:04+00:00,M01,0.359,100.49724,SLEEP,5,0,0.0,412.2,0.58,34.51,0.006,0.0,0.0,97.0,0.02,simulator,1.0
2026-10-02 08:14:06+00:00,M01,0.362,100.49744,SLEEP,5,0,0.0,414.3,0.59,34.43,0.006,0.0,0.0,97.0,0.02,simulator,1.0
2026-10-02 08:14:08+00:00,M01,0.337,100.49763,SLEEP,5,0,0.0,412.2,0.55,34.35,0.004,0.0,0.0,97.0,0.02,simulator,1.0
2026-10-02 08:14:10+00:00,M01,0.355,100.49783,SLEEP,5,0,0.0,414.2,0.58,34.25,0.006,0.0,0.0,97.0,0.02,simulator,1.0
2026-10-02 08:14:12+00:00,M01,0.345,100.49802,SLEEP,5,0,0.0,414.8,0.56,34.12,0.006,0.0,0.0,97.0,0.02,simulator,1.0
2026-10-02 08:14:14+00:00,M01,0.338,100.4982,SLEEP,5,0,0.0,417.7,0.54,34.0,0.004,0.0,0.0,97.0,0.02,simulator,1.0
2026-10-02 08:14:16+00:00,M01,0.351,100.4984,SLEEP,5,0,0.0,413.0,0.57,33.9,0.006,0.0,0.0,97.0,0.02,simulator,1.0
2026-10-02 08:14:18+00:00,M01,0.351,100.49859,SLEEP,5,0,0.0,416.1,0.57,33.83,0.007,0.0,0.0,97.0,0.02,simulator,1.0
2026-10-02 08:14:20+00:00,M01,0.336,100.49878,SLEEP,5,0,0.0,418.0,0.54,33.7,0.005,0.0,0.0,97.0,0.02,simulator,1.0
2026-10-02 08:14:22+00:00,M01,0.349,100.49898,SLEEP,5,0,0.0,417.9,0.56,33.6,0.005,0.0,0.0,97.0,0.02,simulator,1.0
2026-10-02 08:14:24+00:00,M01,0.336,100.49916,SLEEP,5,0,0.0,413.6,0.55,33.56,0.004,0.0,0.0,97.0,0.02,simulator,1.0
2026-10-02 08:14:26+00:00,M01,0.355,100.49936,SLEEP,5,0,0.0,416.2,0.57,33.46,0.007,0.0,0.0,97.0,0.02,simulator,1.0
2026-10-02 08:14:28+00:00,M01,0.339,100.49955,SLEEP,5,0,0.0,417.4,0.55,33.36,0.006,0.0,0.0,97.0,0.02,simulator,1.0
2026-10-02 08:14:30+00:00,M01,0.345,100.49974,SLEEP,5,0,0.0,412.2,0.56,33.23,0.006,0.0,0.0,97.0,0.02,simulator,1.0
2026-10-02 08:14:32+00:00,M01,0.35,100.49993,SLEEP,5,0,0.0,414.3,0.57,33.12,0.005,0.0,0.0,97.0,0.02,simulator,1.0
2026-10-02 08:14:34+00:00,M01,0.335,100.50012,SLEEP,5,0,0.0,415.0,0.54,33.03,0.005,0.0,0.0,97.0,0.02,simulator,1.0
2026-10-02 08:14:36+00:00,M01,0.344,100.50031,SLEEP,5,0,0.0,412.7,0.56,32.92,0.007,0.0,0.0,97.0,0.02,simulator,1.0
2026-10-02 08:14:38+00:00,M01,0.338,100.5005,SLEEP,5,0,0.0,413.6,0.55,32.84,0.005,0.0,0.0,97.0,0.02,simulator,1.0
2026-10-02 08:14:40+00:00,M01,0.343,100.50069,SLEEP,5,0,0.0,413.7,0.56,32.77,0.007,0.0,0.0,97.0,0.02,simulator,1.0
2026-10-02 08:14:42+00:00,M01,0.365,100.50089,SLEEP,5,0,0.0,417.8,0.59,32.73,0.005,0.0,0.0,97.0,0.02,simulator,1.0
2026-10-02 08:14:44+00:00,M01,0.359,100.50109,SLEEP,5,0,0.0,416.1,0.58,32.67,0.007,0.0,0.0,97.0,0.02,simulator,1.0
2026-10-02 08:14:46+00:00,M01,0.344,100.50128,SLEEP,5,0,0.0,415.7,0.56,32.6,0.005,0.0,0.0,97.0,0.02,simulator,1.0
2026-10-02 08:14:48+00:00,M01,0.356,100.50148,SLEEP,5,0,0.0,414.2,0.58,32.55,0.006,0.0,0.0,97.0,0.02,simulator,1.0
2026-10-02 08:14:50+00:00,M01,0.347,100.50167,SLEEP,5,0,0.0,417.7,0.56,32.48,0.005,0.0,0.0,97.0,0.02,simulator,1.0
2026-10-02 08:14:52+00:00,M01,0.346,100.50187,SLEEP,5,0,0.0,414.8,0.56,32.41,0.007,0.0,0.0,97.0,0.02,simulator,1.0
2026-10-02 08:14:54+00:00,M01,0.353,100.50206,SLEEP,5,0,0.0,414.1,0.57,32.38,0.005,0.0,0.0,97.0,0.02,simulator,1.0
2026-10-02 08:14:56+00:00,M01,0.338,100.50225,SLEEP,5,0,0.0,417.1,0.54,32.3,0.007,0.0,0.0,97.0,0.02,simulator,1.0
2026-10-02 08:14:58+00:00,M01,0.336,100.50244,SLEEP,5,0,0.0,412.8,0.55,32.22,0.006,0.0,0.0,97.0,0.02,simulator,1.0
2026-10-02 08:15:00+00:00,M01,0.336,100.50262,SLEEP,5,0,0.0,418.0,0.54,32.13,0.005,0.0,0.0,97.0,0.02,simulator,1.0
2026-10-02 08:15:02+00:00,M01,0.353,100.50282,SLEEP,5,0,0.0,412.4,0.57,32.05,0.006,0.0,0.0,97.0,0.02,simulator,1.0
2026-10-02 08:15:04+00:00,M01,0.353,100.50301,SLEEP,5,0,0.0,413.2,0.57,31.95,0.005,0.0,0.0,97.0,0.02,simulator,1.0
2026-10-02 08:15:06+00:00,M01,0.338,100.5032,SLEEP,5,0,0.0,418.1,0.54,31.94,0.007,0.0,0.0,97.0,0.02,simulator,1.0
2026-10-02 08:15:08+00:00,M01,0.356,100.5034,SLEEP,5,0,0.0,416.0,0.57,31.91,0.005,0.0,0.0,97.0,0.02,simulator,1.0
2026-10-02 08:15:10+00:00,M01,0.337,100.50359,SLEEP,5,0,0.0,417.4,0.54,31.8,0.005,0.0,0.0,97.0,0.02,simulator,1.0
2026-10-02 08:15:12+00:00,M01,0.355,100.50378,SLEEP,5,0,0.0,416.7,0.57,31.7,0.007,0.0,0.0,97.0,0.02,simulator,1.0
2026-10-02 08:15:14+00:00,M01,0.361,100.50399,SLEEP,5,0,0.0,414.2,0.59,31.67,0.006,0.0,0.0,97.0,0.02,simulator,1.0
2026-10-02 08:15:16+00:00,M01,0.34,100.50417,SLEEP,5,0,0.0,417.1,0.55,31.63,0.006,0.0,0.0,97.0,0.02,simulator,1.0
2026-10-02 08:15:18+00:00,M01,0.345,100.50437,SLEEP,5,0,0.0,411.6,0.56,31.6,0.005,0.0,0.0,97.0,0.02,simulator,1.0
2026-10-02 08:15:20+00:00,M01,0.364,100.50457,SLEEP,5,0,0.0,413.2,0.59,31.51,0.006,0.0,0.0,97.0,0.02,simulator,1.0
2026-10-02 08:15:22+00:00,M01,0.362,100.50477,SLEEP,5,0,0.0,416.9,0.58,31.45,0.004,0.0,0.0,97.0,0.02,simulator,1.0
2026-10-02 08:15:24+00:00,M01,0.35,100.50496,SLEEP,5,0,0.0,416.2,0.56,31.38,0.005,0.0,0.0,97.0,0.02,simulator,1.0
2026-10-02 08:15:26+00:00,M01,0.364,100.50517,SLEEP,5,0,0.0,415.8,0.59,31.35,0.006,0.0,0.0,97.0,0.02,simulator,1.0
2026-10-02 08:15:28+00:00,M01,0.337,100.50535,SLEEP,5,0,0.0,411.9,0.55,31.34,0.007,0.0,0.0,97.0,0.02,simulator,1.0
2026-10-02 08:15:30+00:00,M01,0.351,100.50555,SLEEP,5,0,0.0,411.5,0.57,31.33,0.005,0.0,0.0,97.0,0.02,simulator,1.0
2026-10-02 08:15:32+00:00,M01,0.343,100.50574,SLEEP,5,0,0.0,414.8,0.56,31.29,0.005,0.0,0.0,97.0,0.02,simulator,1.0
2026-10-02 08:15:34+00:00,M01,0.339,100.50593,SLEEP,5,0,0.0,415.0,0.55,31.2,0.006,0.0,0.0,97.0,0.02,simulator,1.0
2026-10-02 08:15:36+00:00,M01,0.356,100.50612,SLEEP,5,0,0.0,415.1,0.58,31.15,0.005,0.0,0.0,97.0,0.02,simulator,1.0
2026-10-02 08:15:38+00:00,M01,0.36,100.50632,SLEEP,5,0,0.0,415.5,0.58,31.14,0.007,0.0,0.0,97.0,0.02,simulator,1.0
2026-10-02 08:15:40+00:00,M01,0.348,100.50652,SLEEP,5,0,0.0,416.3,0.56,31.11,0.005,0.0,0.0,97.0,0.02,simulator,1.0
2026-10-02 08:15:42+00:00,M01,0.344,100.50671,SLEEP,5,0,0.0,416.2,0.55,31.06,0.005,0.0,0.0,97.0,0.02,simulator,1.0
2026-10-02 08:15:44+00:00,M01,0.343,100.5069,SLEEP,5,0,0.0,413.8,0.56,31.04,0.004,0.0,0.0,97.0,0.02,simulator,1.0
2026-10-02 08:15:46+00:00,M01,0.355,100.5071,SLEEP,5,0,0.0,416.4,0.57,31.03,0.005,0.0,0.0,97.0,0.02,simulator,1.0
2026-10-02 08:15:48+00:00,M01,0.357,100.5073,SLEEP,5,0,0.0,412.8,0.58,30.98,0.004,0.0,0.0,97.0,0.02,simulator,1.0
2026-10-02 08:15:50+00:00,M01,0.364,100.5075,SLEEP,5,0,0.0,416.9,0.59,30.89,0.007,0.0,0.0,97.0,0.02,simulator,1.0
2026-10-02 08:15:52+00:00,M01,0.34,100.50769,SLEEP,5,0,0.0,418.1,0.55,30.83,0.006,0.0,0.0,97.0,0.02,simulator,1.0
2026-10-02 08:15:54+00:00,M01,0.362,100.50789,SLEEP,5,0,0.0,416.9,0.58,30.78,0.007,0.0,0.0,97.0,0.02,simulator,1.0
2026-10-02 08:15:56+00:00,M01,0.362,100.50809,SLEEP,5,0,0.0,412.3,0.59,30.77,0.005,0.0,0.0,97.0,0.02,simulator,1.0
2026-10-02 08:15:58+00:00,M01,0.355,100.50829,SLEEP,5,0,0.0,415.4,0.57,30.7,0.007,0.0,0.0,97.0,0.02,simulator,1.0
2026-10-02 08:16:00+00:00,M01,0.352,100.50848,SLEEP,5,0,0.0,414.6,0.57,30.71,0.006,0.0,0.0,97.0,0.02,simulator,1.0
2026-10-02 08:16:02+00:00,M01,0.339,100.50867,SLEEP,5,0,0.0,414.9,0.55,30.7,0.004,0.0,0.0,97.0,0.02,simulator,1.0
2026-10-02 08:16:04+00:00,M01,0.356,100.50887,SLEEP,5,0,0.0,416.4,0.57,30.7,0.004,0.0,0.0,97.0,0.02,simulator,1.0
2026-10-02 08:16:06+00:00,M01,0.35,100.50906,SLEEP,5,0,0.0,413.3,0.57,30.66,0.006,0.0,0.0,97.0,0.02,simulator,1.0
2026-10-02 08:16:08+00:00,M01,0.363,100.50926,SLEEP,5,0,0.0,412.9,0.59,30.65,0.006,0.0,0.0,97.0,0.02,simulator,1.0
2026-10-02 08:16:10+00:00,M01,0.365,100.50947,SLEEP,5,0,0.0,414.0,0.59,30.6,0.005,0.0,0.0,97.0,0.02,simulator,1.0
2026-10-02 08:16:12+00:00,M01,0.341,100.50966,SLEEP,5,0,0.0,412.0,0.56,30.56,0.006,0.0,0.0,97.0,0.02,simulator,1.0
2026-10-02 08:16:14+00:00,M01,0.361,100.50986,SLEEP,5,0,0.0,415.6,0.58,30.5,0.006,0.0,0.0,97.0,0.02,simulator,1.0
2026-10-02 08:16:16+00:00,M01,0.347,100.51005,SLEEP,5,0,0.0,417.4,0.56,30.5,0.006,0.0,0.0,97.0,0.02,simulator,1.0
2026-10-02 08:16:18+00:00,M01,0.359,100.51025,SLEEP,5,0,0.0,412.0,0.58,30.47,0.004,0.0,0.0,97.0,0.02,simulator,1.0
2026-10-02 08:16:20+00:00,M01,0.341,100.51044,SLEEP,5,0,0.0,412.3,0.56,30.44,0.006,0.0,0.0,97.0,0.02,simulator,1.0
2026-10-02 08:16:22+00:00,M01,0.36,100.51064,SLEEP,5,0,0.0,418.5,0.58,30.42,0.006,0.0,0.0,97.0,0.02,simulator,1.0
2026-10-02 08:16:24+00:00,M01,0.355,100.51084,SLEEP,5,0,0.0,412.4,0.58,30.37,0.005,0.0,0.0,97.0,0.02,simulator,1.0
2026-10-02 08:16:26+00:00,M01,0.36,100.51104,SLEEP,5,0,0.0,411.9,0.59,30.31,0.005,0.0,0.0,97.0,0.02,simulator,1.0
2026-10-02 08:16:28+00:00,M01,0.361,100.51124,SLEEP,5,0,0.0,413.1,0.59,30.25,0.004,0.0,0.0,97.0,0.02,simulator,1.0
2026-10-02 08:16:30+00:00,M01,0.35,100.51143,SLEEP,5,0,0.0,417.9,0.56,30.25,0.005,0.0,0.0,97.0,0.02,simulator,1.0
2026-10-02 08:16:32+00:00,M01,0.344,100.51162,SLEEP,5,0,0.0,416.4,0.55,30.2,0.005,0.0,0.0,97.0,0.02,simulator,1.0
2026-10-02 08:16:34+00:00,M01,0.337,100.51181,SLEEP,5,0,0.0,415.2,0.54,30.14,0.007,0.0,0.0,97.0,0.02,simulator,1.0
2026-10-02 08:16:36+00:00,M01,0.352,100.512,SLEEP,5,0,0.0,414.8,0.57,30.13,0.006,0.0,0.0,97.0,0.02,simulator,1.0
2026-10-02 08:16:38+00:00,M01,0.35,100.5122,SLEEP,5,0,0.0,412.8,0.57,30.08,0.005,0.0,0.0,97.0,0.02,simulator,1.0
2026-10-02 08:16:40+00:00,M01,0.352,100.51239,SLEEP,5,0,0.0,412.9,0.57,30.05,0.004,0.0,0.0,97.0,0.02,simulator,1.0
2026-10-02 08:16:42+00:00,M01,0.355,100.51259,SLEEP,5,0,0.0,417.8,0.57,30.03,0.005,0.0,0.0,97.0,0.02,simulator,1.0
2026-10-02 08:16:44+00:00,M01,0.363,100.51279,SLEEP,5,0,0.0,415.8,0.59,30.02,0.004,0.0,0.0,97.0,0.02,simulator,1.0
2026-10-02 08:16:46+00:00,M01,0.35,100.51299,SLEEP,5,0,0.0,412.7,0.57,30.0,0.006,0.0,0.0,97.0,0.02,simulator,1.0
2026-10-02 08:16:48+00:00,M01,0.345,100.51318,SLEEP,5,0,0.0,412.4,0.56,29.96,0.006,0.0,0.0,97.0,0.02,simulator,1.0
2026-10-02 08:16:50+00:00,M01,0.361,100.51338,SLEEP,5,0,0.0,414.4,0.58,29.89,0.005,0.0,0.0,97.0,0.02,simulator,1.0
2026-10-02 08:16:52+00:00,M01,0.351,100.51357,SLEEP,5,0,0.0,412.5,0.57,29.91,0.007,0.0,0.0,97.0,0.02,simulator,1.0
2026-10-02 08:16:54+00:00,M01,0.357,100.51377,SLEEP,5,0,0.0,415.2,0.58,29.86,0.005,0.0,0.0,97.0,0.02,simulator,1.0
2026-10-02 08:16:56+00:00,M01,0.35,100.51397,SLEEP,5,0,0.0,413.0,0.57,29.88,0.007,0.0,0.0,97.0,0.02,simulator,1.0
2026-10-02 08:16:58+00:00,M01,0.353,100.51416,SLEEP,5,0,0.0,413.0,0.57,29.83,0.005,0.0,0.0,97.0,0.02,simulator,1.0
2026-10-02 08:17:00+00:00,M01,0.341,100.51435,SLEEP,5,0,0.0,417.4,0.55,29.77,0.006,0.0,0.0,97.0,0.02,simulator,1.0
2026-10-02 08:17:02+00:00,M01,0.362,100.51455,SLEEP,5,0,0.0,412.5,0.59,29.73,0.007,0.0,0.0,97.0,0.02,simulator,1.0
2026-10-02 08:17:04+00:00,M01,0.363,100.51476,SLEEP,5,0,0.0,417.3,0.58,29.71,0.007,0.0,0.0,97.0,0.02,simulator,1.0
2026-10-02 08:17:06+00:00,M01,0.344,100.51495,SLEEP,5,0,0.0,415.9,0.56,29.71,0.004,0.0,0.0,97.0,0.02,simulator,1.0
2026-10-02 08:17:08+00:00,M01,0.339,100.51514,SLEEP,5,0,0.0,413.2,0.55,29.66,0.005,0.0,0.0,97.0,0.02,simulator,1.0
2026-10-02 08:17:10+00:00,M01,0.347,100.51533,SLEEP,5,0,0.0,417.9,0.56,29.68,0.007,0.0,0.0,97.0,0.02,simulator,1.0
2026-10-02 08:17:12+00:00,M01,0.357,100.51553,SLEEP,5,0,0.0,411.6,0.58,29.64,0.007,0.0,0.0,97.0,0.02,simulator,1.0
2026-10-02 08:17:14+00:00,M01,0.341,100.51572,SLEEP,5,0,0.0,411.7,0.56,29.63,0.007,0.0,0.0,97.0,0.02,simulator,1.0
2026-10-02 08:17:16+00:00,M01,0.338,100.5159,SLEEP,5,0,0.0,417.1,0.54,29.65,0.006,0.0,0.0,97.0,0.02,simulator,1.0
2026-10-02 08:17:18+00:00,M01,0.358,100.5161,SLEEP,5,0,0.0,411.7,0.58,29.62,0.006,0.0,0.0,97.0,0.02,simulator,1.0
2026-10-02 08:17:20+00:00,M01,0.351,100.5163,SLEEP,5,0,0.0,418.1,0.56,29.57,0.005,0.0,0.0,97.0,0.02,simulator,1.0
2026-10-02 08:17:22+00:00,M01,0.359,100.5165,SLEEP,5,0,0.0,412.2,0.58,29.51,0.006,0.0,0.0,97.0,0.02,simulator,1.0
2026-10-02 08:17:24+00:00,M01,0.365,100.5167,SLEEP,5,0,0.0,417.6,0.59,29.5,0.004,0.0,0.0,97.0,0.02,simulator,1.0
2026-10-02 08:17:26+00:00,M01,0.336,100.51689,SLEEP,5,0,0.0,416.0,0.54,29.49,0.005,0.0,0.0,97.0,0.02,simulator,1.0
2026-10-02 08:17:28+00:00,M01,0.336,100.51707,SLEEP,5,0,0.0,413.7,0.55,29.48,0.005,0.0,0.0,97.0,0.02,simulator,1.0
2026-10-02 08:17:30+00:00,M01,0.351,100.51727,SLEEP,5,0,0.0,414.3,0.57,29.45,0.005,0.0,0.0,97.0,0.02,simulator,1.0
2026-10-02 08:17:32+00:00,M01,0.349,100.51746,SLEEP,5,0,0.0,416.2,0.56,29.45,0.005,0.0,0.0,97.0,0.02,simulator,1.0
2026-10-02 08:17:34+00:00,M01,0.364,100.51766,SLEEP,5,0,0.0,414.9,0.59,29.41,0.006,0.0,0.0,97.0,0.02,simulator,1.0
2026-10-02 08:17:36+00:00,M01,0.358,100.51786,SLEEP,5,0,0.0,416.3,0.58,29.4,0.005,0.0,0.0,97.0,0.02,simulator,1.0
2026-10-02 08:17:38+00:00,M01,0.358,100.51806,SLEEP,5,0,0.0,417.4,0.58,29.4,0.005,0.0,0.0,97.0,0.02,simulator,1.0
2026-10-02 08:17:40+00:00,M01,0.35,100.51826,SLEEP,5,0,0.0,417.1,0.56,29.38,0.005,0.0,0.0,97.0,0.02,simulator,1.0
2026-10-02 08:17:42+00:00,M01,0.351,100.51845,SLEEP,5,0,0.0,414.8,0.57,29.37,0.007,0.0,0.0,97.0,0.02,simulator,1.0
2026-10-02 08:17:44+00:00,M01,0.353,100.51865,SLEEP,5,0,0.0,418.0,0.57,29.39,0.004,0.0,0.0,97.0,0.02,simulator,1.0
2026-10-02 08:17:46+00:00,M01,0.359,100.51885,SLEEP,5,0,0.0,413.3,0.58,29.33,0.004,0.0,0.0,97.0,0.02,simulator,1.0
2026-10-02 08:17:48+00:00,M01,0.353,100.51904,SLEEP,5,0,0.0,413.0,0.57,29.33,0.005,0.0,0.0,97.0,0.02,simulator,1.0
2026-10-02 08:17:50+00:00,M01,0.336,100.51923,SLEEP,5,0,0.0,415.6,0.54,29.28,0.007,0.0,0.0,97.0,0.02,simulator,1.0
2026-10-02 08:17:52+00:00,M01,0.35,100.51942,SLEEP,5,0,0.0,417.6,0.56,29.3,0.006,0.0,0.0,97.0,0.02,simulator,1.0
2026-10-02 08:17:54+00:00,M01,0.335,100.51961,SLEEP,5,0,0.0,416.3,0.54,29.29,0.006,0.0,0.0,97.0,0.02,simulator,1.0
2026-10-02 08:17:56+00:00,M01,0.365,100.51981,SLEEP,5,0,0.0,412.2,0.59,29.25,0.004,0.0,0.0,97.0,0.02,simulator,1.0
2026-10-02 08:17:58+00:00,M01,0.346,100.52001,SLEEP,5,0,0.0,418.4,0.56,29.25,0.004,0.0,0.0,97.0,0.02,simulator,1.0
2026-10-02 08:18:00+00:00,M01,0.337,100.52019,SLEEP,5,0,0.0,415.6,0.54,29.19,0.004,0.0,0.0,97.0,0.02,simulator,1.0
2026-10-02 08:18:02+00:00,M01,7.534,100.52438,RUNNING,6,1,30.0,416.7,12.14,29.56,0.142,1447.7,49.7,97.0,0.02,simulator,1.0
2026-10-02 08:18:04+00:00,M01,7.521,100.52856,RUNNING,6,0,0.0,417.5,12.09,29.86,0.187,1447.7,49.61,96.9,0.02,simulator,1.0
2026-10-02 08:18:06+00:00,M01,7.457,100.5327,RUNNING,6,0,0.0,412.5,12.14,30.24,0.177,1449.8,49.12,97.0,0.02,simulator,1.0
2026-10-02 08:18:08+00:00,M01,7.896,100.53709,RUNNING,6,0,0.0,416.5,12.73,30.6,0.169,1453.7,51.87,97.0,0.02,simulator,1.0
2026-10-02 08:18:10+00:00,M01,7.77,100.5414,RUNNING,6,0,0.0,411.6,12.67,30.96,0.179,1451.1,51.14,97.0,0.02,simulator,1.0
2026-10-02 08:18:12+00:00,M01,7.647,100.54565,RUNNING,6,0,0.0,415.9,12.34,31.27,0.173,1447.1,50.47,97.0,0.02,simulator,1.0
2026-10-02 08:18:14+00:00,M01,7.7,100.54993,RUNNING,6,0,0.0,412.4,12.53,31.62,0.18,1452.1,50.64,97.0,0.02,simulator,1.0
2026-10-02 08:18:16+00:00,M01,7.853,100.55429,RUNNING,6,0,0.0,413.9,12.74,31.96,0.18,1450.7,51.7,97.0,0.02,simulator,1.0
2026-10-02 08:18:18+00:00,M01,7.576,100.5585,RUNNING,6,0,0.0,417.7,12.18,32.28,0.178,1446.3,50.02,97.0,0.02,simulator,1.0
2026-10-02 08:18:20+00:00,M01,7.7,100.56278,RUNNING,6,0,0.0,416.4,12.41,32.6,0.188,1452.5,50.63,96.9,0.02,simulator,1.0
2026-10-02 08:18:22+00:00,M01,7.361,100.56687,RUNNING,6,0,0.0,415.4,11.9,32.86,0.181,1453.3,48.37,96.9,0.02,simulator,1.0
2026-10-02 08:18:24+00:00,M01,7.385,100.57097,RUNNING,6,0,0.0,412.1,12.03,33.1,0.179,1447.8,48.71,97.0,0.02,simulator,1.0
2026-10-02 08:18:26+00:00,M01,7.717,100.57526,RUNNING,6,0,0.0,418.2,12.39,33.42,0.17,1448.2,50.89,97.0,0.02,simulator,1.0
2026-10-02 08:18:28+00:00,M01,7.416,100.57938,RUNNING,6,0,0.0,412.1,12.08,33.66,0.192,1453.0,48.74,96.9,0.02,simulator,1.0
2026-10-02 08:18:30+00:00,M01,7.581,100.58359,RUNNING,6,0,0.0,416.1,12.23,33.89,0.191,1446.1,50.06,96.8,0.02,simulator,1.0
2026-10-02 08:18:32+00:00,M01,7.528,100.58777,RUNNING,7,1,30.0,414.8,12.18,34.16,0.169,1454.1,49.44,96.9,0.02,simulator,1.0
2026-10-02 08:18:34+00:00,M01,7.506,100.59194,RUNNING,7,0,0.0,412.2,12.22,34.46,0.181,1451.9,49.37,96.9,0.02,simulator,1.0
2026-10-02 08:18:36+00:00,M01,7.588,100.59616,RUNNING,7,0,0.0,413.0,12.33,34.7,0.177,1448.4,50.03,96.9,0.02,simulator,1.0
2026-10-02 08:18:38+00:00,M01,7.817,100.6005,RUNNING,7,0,0.0,411.8,12.74,34.93,0.173,1448.5,51.54,97.0,0.02,simulator,1.0
2026-10-02 08:18:40+00:00,M01,7.557,100.6047,RUNNING,7,0,0.0,413.9,12.26,35.16,0.184,1447.9,49.84,96.9,0.02,simulator,1.0
2026-10-02 08:18:42+00:00,M01,7.603,100.60892,RUNNING,7,0,0.0,413.5,12.34,35.42,0.184,1449.1,50.11,96.9,0.02,simulator,1.0
2026-10-02 08:18:44+00:00,M01,7.84,100.61328,RUNNING,7,0,0.0,414.2,12.71,35.69,0.179,1448.0,51.71,97.0,0.02,simulator,1.0
2026-10-02 08:18:46+00:00,M01,7.5,100.61744,RUNNING,7,0,0.0,417.8,12.05,35.95,0.187,1452.4,49.31,96.9,0.02,simulator,1.0
2026-10-02 08:18:48+00:00,M01,7.917,100.62184,RUNNING,7,0,0.0,413.7,12.85,36.16,0.17,1452.0,52.07,96.9,0.02,simulator,1.0
2026-10-02 08:18:50+00:00,M01,7.465,100.62599,RUNNING,7,0,0.0,417.4,12.01,36.44,0.169,1449.5,49.18,97.0,0.02,simulator,1.0
2026-10-02 08:18:52+00:00,M01,7.789,100.63032,RUNNING,7,0,0.0,414.5,12.62,36.65,0.186,1454.5,51.14,96.9,0.02,simulator,1.0
2026-10-02 08:18:54+00:00,M01,7.899,100.63471,RUNNING,7,0,0.0,414.5,12.79,36.87,0.175,1449.2,52.05,96.9,0.02,simulator,1.0
2026-10-02 08:18:56+00:00,M01,7.926,100.63911,RUNNING,7,0,0.0,416.0,12.79,37.05,0.182,1448.2,52.27,96.9,0.02,simulator,1.0
2026-10-02 08:18:58+00:00,M01,7.856,100.64347,RUNNING,7,0,0.0,417.3,12.64,37.25,0.183,1446.0,51.88,96.9,0.02,simulator,1.0
2026-10-02 08:19:00+00:00,M01,7.797,100.6478,RUNNING,7,0,0.0,414.1,12.64,37.46,0.174,1450.4,51.34,97.0,0.02,simulator,1.0
2026-10-02 08:19:02+00:00,M01,1.326,100.64854,IDLE,7,0,0.0,418.2,2.13,37.35,0.074,16.445102766718513,3.75,97.0,0.02,simulator,1.0
2026-10-02 08:19:04+00:00,M01,1.329,100.64928,IDLE,7,0,0.0,417.2,2.14,37.27,0.049,11.109999089911373,3.75,97.0,0.02,simulator,1.0
2026-10-02 08:19:06+00:00,M01,1.397,100.65006,IDLE,7,0,0.0,415.3,2.26,37.17,0.044,11.734769375085694,3.75,97.0,0.02,simulator,1.0
2026-10-02 08:19:08+00:00,M01,1.361,100.65081,IDLE,7,0,0.0,414.8,2.2,37.05,0.049,14.276846718408166,3.75,97.0,0.02,simulator,1.0
2026-10-02 08:19:10+00:00,M01,1.392,100.65159,IDLE,7,0,0.0,414.7,2.25,36.91,0.031,19.193895370871758,3.75,97.0,0.02,simulator,1.0
2026-10-02 08:19:12+00:00,M01,1.315,100.65232,IDLE,7,0,0.0,412.2,2.14,36.84,0.041,10.394169862665702,3.75,97.0,0.02,simulator,1.0
2026-10-02 08:19:14+00:00,M01,1.318,100.65305,IDLE,7,0,0.0,417.0,2.12,36.73,0.029,17.990154975530928,3.75,97.0,0.02,simulator,1.0
2026-10-02 08:19:16+00:00,M01,1.348,100.6538,IDLE,7,0,0.0,414.5,2.18,36.64,0.026,13.843018585538836,3.75,97.0,0.02,simulator,1.0
2026-10-02 08:19:18+00:00,M01,1.283,100.65451,IDLE,7,0,0.0,412.0,2.09,36.55,0.037,11.46201080889035,3.75,97.0,0.02,simulator,1.0
2026-10-02 08:19:20+00:00,M01,1.373,100.65527,IDLE,7,0,0.0,415.1,2.22,36.41,0.024,13.488417942191191,3.75,97.0,0.02,simulator,1.0
2026-10-02 08:19:22+00:00,M01,1.413,100.65606,IDLE,7,0,0.0,418.1,2.27,36.27,0.027,12.618292287730148,3.75,97.0,0.02,simulator,1.0
2026-10-02 08:19:24+00:00,M01,1.381,100.65682,IDLE,7,0,0.0,417.1,2.22,36.15,0.044,17.658700668556932,3.75,97.0,0.02,simulator,1.0
2026-10-02 08:19:26+00:00,M01,1.353,100.65758,IDLE,7,0,0.0,414.6,2.19,36.02,0.034,19.14491076877308,3.75,97.0,0.02,simulator,1.0
2026-10-02 08:19:28+00:00,M01,1.388,100.65835,IDLE,7,0,0.0,412.6,2.26,35.89,0.047,13.137388893495842,3.75,97.0,0.02,simulator,1.0
2026-10-02 08:19:30+00:00,M01,1.421,100.65914,IDLE,7,0,0.0,415.3,2.3,35.79,0.035,18.039109865037616,3.75,97.0,0.02,simulator,1.0
2026-10-02 08:19:32+00:00,M01,1.355,100.65989,IDLE,7,0,0.0,412.4,2.21,35.69,0.046,16.932264618079696,3.75,97.0,0.02,simulator,1.0
2026-10-02 08:19:34+00:00,M01,1.386,100.66066,IDLE,7,0,0.0,414.2,2.25,35.62,0.038,12.892398849963815,3.75,97.0,0.02,simulator,1.0
2026-10-02 08:19:36+00:00,M01,1.376,100.66142,IDLE,7,0,0.0,418.4,2.21,35.54,0.046,11.41296535592216,3.75,97.0,0.02,simulator,1.0
2026-10-02 08:19:38+00:00,M01,1.294,100.66214,IDLE,7,0,0.0,413.6,2.1,35.44,0.033,19.256529593323076,3.75,97.0,0.02,simulator,1.0
2026-10-02 08:19:40+00:00,M01,1.323,100.66288,IDLE,7,0,0.0,414.7,2.14,35.35,0.045,18.040641479603664,3.75,97.0,0.02,simulator,1.0
2026-10-02 08:19:42+00:00,M01,1.366,100.66364,IDLE,7,0,0.0,414.2,2.21,35.29,0.031,16.75388209383354,3.75,97.0,0.02,simulator,1.0
2026-10-02 08:19:44+00:00,M01,1.288,100.66435,IDLE,7,0,0.0,416.8,2.07,35.23,0.044,17.527291287762107,3.75,97.0,0.02,simulator,1.0
2026-10-02 08:19:46+00:00,M01,1.398,100.66513,IDLE,7,0,0.0,417.4,2.25,35.17,0.036,12.618526575138066,3.75,97.0,0.02,simulator,1.0
2026-10-02 08:19:48+00:00,M01,1.293,100.66585,IDLE,7,0,0.0,411.8,2.11,35.08,0.024,15.722297543293351,3.75,97.0,0.02,simulator,1.0
2026-10-02 08:19:50+00:00,M01,1.359,100.6666,IDLE,7,0,0.0,413.1,2.21,34.98,0.022,13.578493748533814,3.75,97.0,0.02,simulator,1.0
2026-10-02 08:19:52+00:00,M01,1.388,100.66737,IDLE,7,0,0.0,415.0,2.25,34.87,0.037,12.779481018225454,3.75,97.0,0.02,simulator,1.0
2026-10-02 08:19:54+00:00,M01,1.412,100.66816,IDLE,7,0,0.0,416.9,2.27,34.79,0.028,10.221080238652032,3.75,97.0,0.02,simulator,1.0
2026-10-02 08:19:56+00:00,M01,1.396,100.66893,IDLE,7,0,0.0,411.7,2.28,34.69,0.027,14.67687624751731,3.75,97.0,0.02,simulator,1.0
2026-10-02 08:19:58+00:00,M01,1.343,100.66968,IDLE,7,0,0.0,413.0,2.18,34.65,0.038,19.140146930032948,3.75,97.0,0.02,simulator,1.0
2026-10-02 08:20:00+00:00,M01,1.389,100.67045,IDLE,7,0,0.0,414.7,2.25,34.59,0.046,15.339772140375956,3.75,97.0,0.02,simulator,1.0
2026-10-02 08:20:02+00:00,M01,0.346,100.67064,SLEEP,7,0,0.0,417.5,0.56,34.53,0.006,0.0,0.0,97.0,0.02,simulator,1.0
2026-10-02 08:20:04+00:00,M01,0.361,100.67084,SLEEP,7,0,0.0,412.6,0.59,34.45,0.005,0.0,0.0,97.0,0.02,simulator,1.0
2026-10-02 08:20:06+00:00,M01,0.365,100.67105,SLEEP,7,0,0.0,416.2,0.59,34.32,0.005,0.0,0.0,97.0,0.02,simulator,1.0
2026-10-02 08:20:08+00:00,M01,0.344,100.67124,SLEEP,7,0,0.0,418.3,0.55,34.21,0.006,0.0,0.0,97.0,0.02,simulator,1.0
2026-10-02 08:20:10+00:00,M01,0.35,100.67143,SLEEP,7,0,0.0,411.8,0.57,34.09,0.006,0.0,0.0,97.0,0.02,simulator,1.0
2026-10-02 08:20:12+00:00,M01,0.357,100.67163,SLEEP,7,0,0.0,415.5,0.58,34.04,0.006,0.0,0.0,97.0,0.02,simulator,1.0
2026-10-02 08:20:14+00:00,M01,0.336,100.67182,SLEEP,7,0,0.0,414.2,0.54,33.91,0.006,0.0,0.0,97.0,0.02,simulator,1.0
2026-10-02 08:20:16+00:00,M01,0.344,100.67201,SLEEP,7,0,0.0,412.4,0.56,33.8,0.004,0.0,0.0,97.0,0.02,simulator,1.0
2026-10-02 08:20:18+00:00,M01,0.335,100.67219,SLEEP,7,0,0.0,416.6,0.54,33.69,0.006,0.0,0.0,97.0,0.02,simulator,1.0
2026-10-02 08:20:20+00:00,M01,0.338,100.67238,SLEEP,7,0,0.0,416.7,0.54,33.56,0.004,0.0,0.0,97.0,0.02,simulator,1.0
2026-10-02 08:20:22+00:00,M01,0.364,100.67258,SLEEP,7,0,0.0,415.6,0.59,33.46,0.005,0.0,0.0,97.0,0.02,simulator,1.0
2026-10-02 08:20:24+00:00,M01,0.364,100.67279,SLEEP,7,0,0.0,414.7,0.59,33.4,0.006,0.0,0.0,97.0,0.02,simulator,1.0
2026-10-02 08:20:26+00:00,M01,0.362,100.67299,SLEEP,7,0,0.0,415.6,0.58,33.31,0.007,0.0,0.0,97.0,0.02,simulator,1.0
2026-10-02 08:20:28+00:00,M01,0.338,100.67318,SLEEP,7,0,0.0,414.7,0.55,33.22,0.006,0.0,0.0,97.0,0.02,simulator,1.0
2026-10-02 08:20:30+00:00,M01,0.355,100.67337,SLEEP,7,0,0.0,415.7,0.57,33.1,0.005,0.0,0.0,97.0,0.02,simulator,1.0
2026-10-02 08:20:32+00:00,M01,0.335,100.67356,SLEEP,7,0,0.0,416.0,0.54,33.06,0.006,0.0,0.0,97.0,0.02,simulator,1.0
2026-10-02 08:20:34+00:00,M01,0.36,100.67376,SLEEP,7,0,0.0,414.8,0.58,32.96,0.005,0.0,0.0,97.0,0.02,simulator,1.0
2026-10-02 08:20:36+00:00,M01,0.35,100.67395,SLEEP,7,0,0.0,411.6,0.57,32.92,0.006,0.0,0.0,97.0,0.02,simulator,1.0
2026-10-02 08:20:38+00:00,M01,0.348,100.67415,SLEEP,7,0,0.0,413.8,0.56,32.87,0.004,0.0,0.0,97.0,0.02,simulator,1.0
2026-10-02 08:20:40+00:00,M01,0.347,100.67434,SLEEP,7,0,0.0,417.1,0.56,32.82,0.005,0.0,0.0,97.0,0.02,simulator,1.0
2026-10-02 08:20:42+00:00,M01,0.34,100.67453,SLEEP,7,0,0.0,416.8,0.55,32.77,0.006,0.0,0.0,97.0,0.02,simulator,1.0
2026-10-02 08:20:44+00:00,M01,0.338,100.67472,SLEEP,7,0,0.0,415.2,0.55,32.71,0.004,0.0,0.0,97.0,0.02,simulator,1.0
2026-10-02 08:20:46+00:00,M01,0.336,100.6749,SLEEP,7,0,0.0,414.8,0.54,32.67,0.006,0.0,0.0,97.0,0.02,simulator,1.0
2026-10-02 08:20:48+00:00,M01,0.363,100.6751,SLEEP,7,0,0.0,413.8,0.59,32.58,0.007,0.0,0.0,97.0,0.02,simulator,1.0
2026-10-02 08:20:50+00:00,M01,0.339,100.67529,SLEEP,7,0,0.0,414.2,0.55,32.54,0.007,0.0,0.0,97.0,0.02,simulator,1.0
2026-10-02 08:20:52+00:00,M01,0.343,100.67548,SLEEP,7,0,0.0,414.2,0.56,32.47,0.004,0.0,0.0,97.0,0.02,simulator,1.0
2026-10-02 08:20:54+00:00,M01,0.338,100.67567,SLEEP,7,0,0.0,415.0,0.55,32.38,0.006,0.0,0.0,97.0,0.02,simulator,1.0
2026-10-02 08:20:56+00:00,M01,0.351,100.67587,SLEEP,7,0,0.0,414.4,0.57,32.27,0.006,0.0,0.0,97.0,0.02,simulator,1.0
2026-10-02 08:20:58+00:00,M01,0.354,100.67606,SLEEP,7,0,0.0,414.9,0.57,32.16,0.005,0.0,0.0,97.0,0.02,simulator,1.0
2026-10-02 08:21:00+00:00,M01,0.335,100.67625,SLEEP,7,0,0.0,411.6,0.55,32.11,0.006,0.0,0.0,97.0,0.02,simulator,1.0
2026-10-02 08:21:02+00:00,M01,0.346,100.67644,SLEEP,7,0,0.0,412.6,0.56,32.0,0.007,0.0,0.0,97.0,0.02,simulator,1.0
2026-10-02 08:21:04+00:00,M01,0.338,100.67663,SLEEP,7,0,0.0,416.7,0.54,31.97,0.006,0.0,0.0,97.0,0.02,simulator,1.0
2026-10-02 08:21:06+00:00,M01,0.359,100.67683,SLEEP,7,0,0.0,417.7,0.58,31.87,0.004,0.0,0.0,97.0,0.02,simulator,1.0
2026-10-02 08:21:08+00:00,M01,0.357,100.67703,SLEEP,7,0,0.0,414.5,0.58,31.82,0.006,0.0,0.0,97.0,0.02,simulator,1.0
2026-10-02 08:21:10+00:00,M01,0.356,100.67722,SLEEP,7,0,0.0,411.9,0.58,31.72,0.006,0.0,0.0,97.0,0.02,simulator,1.0
2026-10-02 08:21:12+00:00,M01,0.34,100.67741,SLEEP,7,0,0.0,415.1,0.55,31.69,0.004,0.0,0.0,97.0,0.02,simulator,1.0
2026-10-02 08:21:14+00:00,M01,0.358,100.67761,SLEEP,7,0,0.0,413.1,0.58,31.6,0.006,0.0,0.0,97.0,0.02,simulator,1.0
2026-10-02 08:21:16+00:00,M01,0.352,100.67781,SLEEP,7,0,0.0,416.8,0.57,31.53,0.005,0.0,0.0,97.0,0.02,simulator,1.0
2026-10-02 08:21:18+00:00,M01,0.335,100.67799,SLEEP,7,0,0.0,412.6,0.55,31.49,0.005,0.0,0.0,97.0,0.02,simulator,1.0
2026-10-02 08:21:20+00:00,M01,0.363,100.6782,SLEEP,7,0,0.0,414.1,0.59,31.41,0.005,0.0,0.0,97.0,0.02,simulator,1.0
2026-10-02 08:21:22+00:00,M01,0.336,100.67838,SLEEP,7,0,0.0,412.9,0.55,31.41,0.006,0.0,0.0,97.0,0.02,simulator,1.0
2026-10-02 08:21:24+00:00,M01,0.363,100.67858,SLEEP,7,0,0.0,416.7,0.58,31.39,0.006,0.0,0.0,97.0,0.02,simulator,1.0
2026-10-02 08:21:26+00:00,M01,0.341,100.67877,SLEEP,7,0,0.0,417.8,0.55,31.29,0.005,0.0,0.0,97.0,0.02,simulator,1.0
2026-10-02 08:21:28+00:00,M01,0.352,100.67897,SLEEP,7,0,0.0,414.2,0.57,31.27,0.005,0.0,0.0,97.0,0.02,simulator,1.0
2026-10-02 08:21:30+00:00,M01,0.364,100.67917,SLEEP,7,0,0.0,413.4,0.59,31.21,0.005,0.0,0.0,97.0,0.02,simulator,1.0
2026-10-02 08:21:32+00:00,M01,0.346,100.67936,SLEEP,7,0,0.0,414.7,0.56,31.12,0.004,0.0,0.0,97.0,0.02,simulator,1.0
2026-10-02 08:21:34+00:00,M01,0.342,100.67955,SLEEP,7,0,0.0,418.0,0.55,31.11,0.006,0.0,0.0,97.0,0.02,simulator,1.0
2026-10-02 08:21:36+00:00,M01,0.337,100.67974,SLEEP,7,0,0.0,414.8,0.55,31.1,0.007,0.0,0.0,97.0,0.02,simulator,1.0
2026-10-02 08:21:38+00:00,M01,0.336,100.67993,SLEEP,7,0,0.0,412.6,0.55,31.02,0.006,0.0,0.0,97.0,0.02,simulator,1.0
2026-10-02 08:21:40+00:00,M01,0.337,100.68011,SLEEP,7,0,0.0,417.3,0.54,31.01,0.004,0.0,0.0,97.0,0.02,simulator,1.0
2026-10-02 08:21:42+00:00,M01,0.364,100.68032,SLEEP,7,0,0.0,414.4,0.59,30.99,0.006,0.0,0.0,97.0,0.02,simulator,1.0
2026-10-02 08:21:44+00:00,M01,0.358,100.68052,SLEEP,7,0,0.0,416.2,0.58,30.91,0.007,0.0,0.0,97.0,0.02,simulator,1.0
2026-10-02 08:21:46+00:00,M01,0.348,100.68071,SLEEP,7,0,0.0,412.6,0.57,30.9,0.005,0.0,0.0,97.0,0.02,simulator,1.0
2026-10-02 08:21:48+00:00,M01,0.344,100.6809,SLEEP,7,0,0.0,414.4,0.56,30.88,0.005,0.0,0.0,97.0,0.02,simulator,1.0
2026-10-02 08:21:50+00:00,M01,0.341,100.68109,SLEEP,7,0,0.0,416.7,0.55,30.87,0.006,0.0,0.0,97.0,0.02,simulator,1.0
2026-10-02 08:21:52+00:00,M01,0.354,100.68129,SLEEP,7,0,0.0,413.2,0.58,30.79,0.004,0.0,0.0,97.0,0.02,simulator,1.0
2026-10-02 08:21:54+00:00,M01,0.356,100.68148,SLEEP,7,0,0.0,412.5,0.58,30.78,0.007,0.0,0.0,97.0,0.02,simulator,1.0
2026-10-02 08:21:56+00:00,M01,0.36,100.68168,SLEEP,7,0,0.0,414.0,0.58,30.75,0.006,0.0,0.0,97.0,0.02,simulator,1.0
2026-10-02 08:21:58+00:00,M01,0.357,100.68188,SLEEP,7,0,0.0,416.3,0.58,30.68,0.006,0.0,0.0,97.0,0.02,simulator,1.0
2026-10-02 08:22:00+00:00,M01,0.355,100.68208,SLEEP,7,0,0.0,413.5,0.58,30.63,0.006,0.0,0.0,97.0,0.02,simulator,1.0
2026-10-02 08:22:02+00:00,M01,0.337,100.68227,SLEEP,7,0,0.0,412.9,0.55,30.55,0.006,0.0,0.0,97.0,0.02,simulator,1.0
2026-10-02 08:22:04+00:00,M01,0.338,100.68245,SLEEP,7,0,0.0,413.9,0.55,30.52,0.004,0.0,0.0,97.0,0.02,simulator,1.0
2026-10-02 08:22:06+00:00,M01,0.346,100.68265,SLEEP,7,0,0.0,416.5,0.56,30.48,0.006,0.0,0.0,97.0,0.02,simulator,1.0
2026-10-02 08:22:08+00:00,M01,0.338,100.68283,SLEEP,7,0,0.0,416.8,0.54,30.42,0.007,0.0,0.0,97.0,0.02,simulator,1.0
2026-10-02 08:22:10+00:00,M01,0.345,100.68303,SLEEP,7,0,0.0,415.5,0.56,30.41,0.005,0.0,0.0,97.0,0.02,simulator,1.0
2026-10-02 08:22:12+00:00,M01,0.353,100.68322,SLEEP,7,0,0.0,416.1,0.57,30.38,0.007,0.0,0.0,97.0,0.02,simulator,1.0
2026-10-02 08:22:14+00:00,M01,0.34,100.68341,SLEEP,7,0,0.0,414.4,0.55,30.31,0.004,0.0,0.0,97.0,0.02,simulator,1.0
2026-10-02 08:22:16+00:00,M01,0.347,100.6836,SLEEP,7,0,0.0,417.1,0.56,30.27,0.005,0.0,0.0,97.0,0.02,simulator,1.0
2026-10-02 08:22:18+00:00,M01,0.341,100.68379,SLEEP,7,0,0.0,416.0,0.55,30.27,0.006,0.0,0.0,97.0,0.02,simulator,1.0
2026-10-02 08:22:20+00:00,M01,0.343,100.68398,SLEEP,7,0,0.0,418.2,0.55,30.21,0.007,0.0,0.0,97.0,0.02,simulator,1.0
2026-10-02 08:22:22+00:00,M01,0.338,100.68417,SLEEP,7,0,0.0,412.5,0.55,30.16,0.007,0.0,0.0,97.0,0.02,simulator,1.0
2026-10-02 08:22:24+00:00,M01,0.351,100.68437,SLEEP,7,0,0.0,417.5,0.56,30.13,0.006,0.0,0.0,97.0,0.02,simulator,1.0
2026-10-02 08:22:26+00:00,M01,0.365,100.68457,SLEEP,7,0,0.0,415.3,0.59,30.09,0.006,0.0,0.0,97.0,0.02,simulator,1.0
2026-10-02 08:22:28+00:00,M01,0.345,100.68476,SLEEP,7,0,0.0,414.0,0.56,30.04,0.006,0.0,0.0,97.0,0.02,simulator,1.0
2026-10-02 08:22:30+00:00,M01,0.346,100.68495,SLEEP,7,0,0.0,413.5,0.56,29.96,0.004,0.0,0.0,97.0,0.02,simulator,1.0
2026-10-02 08:22:32+00:00,M01,0.363,100.68516,SLEEP,7,0,0.0,417.2,0.58,29.96,0.006,0.0,0.0,97.0,0.02,simulator,1.0
2026-10-02 08:22:34+00:00,M01,0.343,100.68535,SLEEP,7,0,0.0,414.7,0.56,29.93,0.006,0.0,0.0,97.0,0.02,simulator,1.0
2026-10-02 08:22:36+00:00,M01,0.364,100.68555,SLEEP,7,0,0.0,413.5,0.59,29.86,0.005,0.0,0.0,97.0,0.02,simulator,1.0
2026-10-02 08:22:38+00:00,M01,0.356,100.68575,SLEEP,7,0,0.0,414.3,0.58,29.88,0.005,0.0,0.0,97.0,0.02,simulator,1.0
2026-10-02 08:22:40+00:00,M01,0.363,100.68595,SLEEP,7,0,0.0,416.8,0.58,29.83,0.004,0.0,0.0,97.0,0.02,simulator,1.0
2026-10-02 08:22:42+00:00,M01,0.359,100.68615,SLEEP,7,0,0.0,412.8,0.58,29.82,0.007,0.0,0.0,97.0,0.02,simulator,1.0
2026-10-02 08:22:44+00:00,M01,0.343,100.68634,SLEEP,7,0,0.0,414.0,0.56,29.78,0.006,0.0,0.0,97.0,0.02,simulator,1.0
2026-10-02 08:22:46+00:00,M01,0.339,100.68653,SLEEP,7,0,0.0,418.3,0.54,29.8,0.005,0.0,0.0,97.0,0.02,simulator,1.0
2026-10-02 08:22:48+00:00,M01,0.343,100.68672,SLEEP,7,0,0.0,414.1,0.56,29.79,0.005,0.0,0.0,97.0,0.02,simulator,1.0
2026-10-02 08:22:50+00:00,M01,0.348,100.68691,SLEEP,7,0,0.0,413.6,0.56,29.74,0.006,0.0,0.0,97.0,0.02,simulator,1.0
2026-10-02 08:22:52+00:00,M01,0.362,100.68711,SLEEP,7,0,0.0,411.6,0.59,29.73,0.004,0.0,0.0,97.0,0.02,simulator,1.0
2026-10-02 08:22:54+00:00,M01,0.338,100.6873,SLEEP,7,0,0.0,413.0,0.55,29.73,0.006,0.0,0.0,97.0,0.02,simulator,1.0
2026-10-02 08:22:56+00:00,M01,0.353,100.68749,SLEEP,7,0,0.0,416.4,0.57,29.71,0.005,0.0,0.0,97.0,0.02,simulator,1.0
2026-10-02 08:22:58+00:00,M01,0.352,100.68769,SLEEP,7,0,0.0,412.2,0.57,29.67,0.007,0.0,0.0,97.0,0.02,simulator,1.0
2026-10-02 08:23:00+00:00,M01,0.335,100.68788,SLEEP,7,0,0.0,413.2,0.54,29.65,0.004,0.0,0.0,97.0,0.02,simulator,1.0
2026-10-02 08:23:02+00:00,M01,0.343,100.68807,SLEEP,7,0,0.0,414.5,0.56,29.62,0.007,0.0,0.0,97.0,0.02,simulator,1.0
2026-10-02 08:23:04+00:00,M01,0.341,100.68826,SLEEP,7,0,0.0,415.8,0.55,29.59,0.005,0.0,0.0,97.0,0.02,simulator,1.0
2026-10-02 08:23:06+00:00,M01,0.361,100.68846,SLEEP,7,0,0.0,412.2,0.59,29.56,0.004,0.0,0.0,97.0,0.02,simulator,1.0
2026-10-02 08:23:08+00:00,M01,0.358,100.68866,SLEEP,7,0,0.0,413.5,0.58,29.53,0.005,0.0,0.0,97.0,0.02,simulator,1.0
2026-10-02 08:23:10+00:00,M01,0.347,100.68885,SLEEP,7,0,0.0,413.5,0.56,29.47,0.006,0.0,0.0,97.0,0.02,simulator,1.0
2026-10-02 08:23:12+00:00,M01,0.34,100.68904,SLEEP,7,0,0.0,415.0,0.55,29.44,0.007,0.0,0.0,97.0,0.02,simulator,1.0
2026-10-02 08:23:14+00:00,M01,0.341,100.68923,SLEEP,7,0,0.0,417.6,0.55,29.42,0.005,0.0,0.0,97.0,0.02,simulator,1.0
2026-10-02 08:23:16+00:00,M01,0.357,100.68943,SLEEP,7,0,0.0,414.4,0.58,29.37,0.006,0.0,0.0,97.0,0.02,simulator,1.0
2026-10-02 08:23:18+00:00,M01,0.352,100.68962,SLEEP,7,0,0.0,413.3,0.57,29.32,0.006,0.0,0.0,97.0,0.02,simulator,1.0
2026-10-02 08:23:20+00:00,M01,0.34,100.68981,SLEEP,7,0,0.0,417.6,0.55,29.34,0.005,0.0,0.0,97.0,0.02,simulator,1.0
2026-10-02 08:23:22+00:00,M01,0.348,100.69,SLEEP,7,0,0.0,413.3,0.57,29.36,0.006,0.0,0.0,97.0,0.02,simulator,1.0
2026-10-02 08:23:24+00:00,M01,0.336,100.69019,SLEEP,7,0,0.0,417.5,0.54,29.33,0.005,0.0,0.0,97.0,0.02,simulator,1.0
2026-10-02 08:23:26+00:00,M01,0.345,100.69038,SLEEP,7,0,0.0,413.2,0.56,29.29,0.004,0.0,0.0,97.0,0.02,simulator,1.0
2026-10-02 08:23:28+00:00,M01,0.338,100.69057,SLEEP,7,0,0.0,412.6,0.55,29.29,0.006,0.0,0.0,97.0,0.02,simulator,1.0
2026-10-02 08:23:30+00:00,M01,0.338,100.69076,SLEEP,7,0,0.0,411.5,0.55,29.28,0.006,0.0,0.0,97.0,0.02,simulator,1.0
2026-10-02 08:23:32+00:00,M01,0.364,100.69096,SLEEP,7,0,0.0,417.9,0.58,29.27,0.005,0.0,0.0,97.0,0.02,simulator,1.0
2026-10-02 08:23:34+00:00,M01,0.354,100.69116,SLEEP,7,0,0.0,416.5,0.57,29.24,0.005,0.0,0.0,97.0,0.02,simulator,1.0
2026-10-02 08:23:36+00:00,M01,0.347,100.69135,SLEEP,7,0,0.0,413.5,0.56,29.23,0.004,0.0,0.0,97.0,0.02,simulator,1.0
2026-10-02 08:23:38+00:00,M01,0.362,100.69155,SLEEP,7,0,0.0,414.6,0.59,29.22,0.005,0.0,0.0,97.0,0.02,simulator,1.0
2026-10-02 08:23:40+00:00,M01,0.364,100.69175,SLEEP,7,0,0.0,412.5,0.59,29.23,0.005,0.0,0.0,97.0,0.02,simulator,1.0
2026-10-02 08:23:42+00:00,M01,0.344,100.69194,SLEEP,7,0,0.0,418.1,0.55,29.19,0.006,0.0,0.0,97.0,0.02,simulator,1.0
2026-10-02 08:23:44+00:00,M01,0.36,100.69214,SLEEP,7,0,0.0,418.4,0.58,29.18,0.006,0.0,0.0,97.0,0.02,simulator,1.0
2026-10-02 08:23:46+00:00,M01,0.361,100.69234,SLEEP,7,0,0.0,411.9,0.59,29.12,0.005,0.0,0.0,97.0,0.02,simulator,1.0
2026-10-02 08:23:48+00:00,M01,0.362,100.69254,SLEEP,7,0,0.0,414.8,0.59,29.1,0.004,0.0,0.0,97.0,0.02,simulator,1.0
2026-10-02 08:23:50+00:00,M01,0.341,100.69273,SLEEP,7,0,0.0,414.5,0.55,29.05,0.004,0.0,0.0,97.0,0.02,simulator,1.0
2026-10-02 08:23:52+00:00,M01,0.346,100.69293,SLEEP,7,0,0.0,418.5,0.56,29.02,0.004,0.0,0.0,97.0,0.02,simulator,1.0
2026-10-02 08:23:54+00:00,M01,0.36,100.69313,SLEEP,7,0,0.0,418.5,0.58,28.98,0.006,0.0,0.0,97.0,0.02,simulator,1.0
2026-10-02 08:23:56+00:00,M01,0.351,100.69332,SLEEP,7,0,0.0,415.3,0.57,28.94,0.006,0.0,0.0,97.0,0.02,simulator,1.0
2026-10-02 08:23:58+00:00,M01,0.338,100.69351,SLEEP,7,0,0.0,415.7,0.55,28.97,0.005,0.0,0.0,97.0,0.02,simulator,1.0
2026-10-02 08:24:00+00:00,M01,0.357,100.69371,SLEEP,7,0,0.0,414.5,0.58,28.99,0.007,0.0,0.0,97.0,0.02,simulator,1.0
2026-10-02 08:24:02+00:00,M01,7.502,100.69788,RUNNING,8,1,30.0,416.8,12.08,29.37,0.143,1450.6,49.39,97.0,0.02,simulator,1.0
2026-10-02 08:24:04+00:00,M01,7.434,100.70201,RUNNING,8,0,0.0,412.5,12.1,29.74,0.164,1447.5,49.05,97.0,0.02,simulator,1.0
2026-10-02 08:24:06+00:00,M01,7.801,100.70634,RUNNING,8,0,0.0,413.0,12.68,30.04,0.173,1445.6,51.54,97.0,0.02,simulator,1.0
2026-10-02 08:24:08+00:00,M01,7.914,100.71074,RUNNING,8,0,0.0,418.0,12.71,30.42,0.164,1448.8,52.17,97.0,0.02,simulator,1.0
2026-10-02 08:24:10+00:00,M01,7.828,100.71508,RUNNING,8,0,0.0,413.7,12.7,30.78,0.173,1454.4,51.4,97.0,0.02,simulator,1.0
2026-10-02 08:24:12+00:00,M01,7.551,100.71928,RUNNING,8,0,0.0,415.0,12.22,31.08,0.172,1448.0,49.8,97.0,0.02,simulator,1.0
2026-10-02 08:24:14+00:00,M01,7.717,100.72357,RUNNING,8,0,0.0,417.4,12.41,31.35,0.187,1454.7,50.66,96.9,0.02,simulator,1.0
2026-10-02 08:24:16+00:00,M01,7.394,100.72767,RUNNING,8,0,0.0,415.5,11.95,31.64,0.194,1449.6,48.71,96.9,0.02,simulator,1.0
2026-10-02 08:24:18+00:00,M01,7.867,100.73205,RUNNING,8,0,0.0,417.8,12.64,31.91,0.186,1445.5,51.97,96.9,0.02,simulator,1.0
2026-10-02 08:24:20+00:00,M01,7.627,100.73628,RUNNING,8,0,0.0,417.3,12.27,32.22,0.194,1453.9,50.1,96.8,0.02,simulator,1.0
2026-10-02 08:24:22+00:00,M01,7.656,100.74054,RUNNING,8,0,0.0,414.3,12.41,32.48,0.179,1452.5,50.34,96.9,0.02,simulator,1.0
2026-10-02 08:24:24+00:00,M01,7.407,100.74465,RUNNING,8,0,0.0,417.5,11.91,32.78,0.19,1450.1,48.78,96.8,0.02,simulator,1.0
2026-10-02 08:24:26+00:00,M01,7.613,100.74888,RUNNING,8,0,0.0,415.0,12.32,33.05,0.195,1451.7,50.08,96.8,0.02,simulator,1.0
2026-10-02 08:24:28+00:00,M01,7.763,100.75319,RUNNING,8,0,0.0,413.9,12.59,33.37,0.175,1449.7,51.14,96.8,0.02,simulator,1.0
2026-10-02 08:24:30+00:00,M01,7.945,100.75761,RUNNING,8,0,0.0,417.1,12.79,33.59,0.169,1445.2,52.5,96.9,0.02,simulator,1.0
2026-10-02 08:24:32+00:00,M01,7.495,100.76177,RUNNING,9,1,30.0,415.9,12.1,33.91,0.192,1445.0,49.53,96.8,0.02,simulator,1.0
2026-10-02 08:24:34+00:00,M01,7.5,100.76594,RUNNING,9,0,0.0,415.1,12.13,34.2,0.184,1447.4,49.49,96.9,0.02,simulator,1.0
2026-10-02 08:24:36+00:00,M01,7.746,100.77024,RUNNING,9,0,0.0,416.6,12.48,34.45,0.178,1453.1,50.91,96.9,0.02,simulator,1.0
2026-10-02 08:24:38+00:00,M01,7.811,100.77458,RUNNING,9,0,0.0,417.5,12.56,34.71,0.179,1450.3,51.43,96.9,0.02,simulator,1.0
2026-10-02 08:24:40+00:00,M01,7.777,100.7789,RUNNING,9,0,0.0,416.6,12.53,35.0,0.188,1450.5,51.2,96.9,0.02,simulator,1.0
2026-10-02 08:24:42+00:00,M01,7.819,100.78324,RUNNING,9,0,0.0,418.5,12.54,35.25,0.194,1445.5,51.66,96.8,0.02,simulator,1.0
2026-10-02 08:24:44+00:00,M01,7.419,100.78737,RUNNING,9,0,0.0,417.9,11.92,35.46,0.169,1449.2,48.89,96.9,0.02,simulator,1.0
2026-10-02 08:24:46+00:00,M01,7.855,100.79173,RUNNING,9,0,0.0,415.3,12.7,35.69,0.187,1450.5,51.72,96.9,0.02,simulator,1.0
2026-10-02 08:24:48+00:00,M01,7.708,100.79601,RUNNING,9,0,0.0,412.5,12.54,35.89,0.185,1447.2,50.86,96.9,0.02,simulator,1.0
2026-10-02 08:24:50+00:00,M01,7.421,100.80014,RUNNING,9,0,0.0,414.7,12.01,36.1,0.173,1449.5,48.89,96.9,0.02,simulator,1.0
2026-10-02 08:24:52+00:00,M01,7.494,100.8043,RUNNING,9,0,0.0,418.1,12.03,36.32,0.184,1452.0,49.29,96.9,0.02,simulator,1.0
2026-10-02 08:24:54+00:00,M01,7.827,100.80865,RUNNING,9,0,0.0,412.6,12.74,36.56,0.177,1453.4,51.43,96.9,0.02,simulator,1.0
2026-10-02 08:24:56+00:00,M01,7.551,100.81284,RUNNING,9,0,0.0,418.3,12.12,36.81,0.189,1448.6,49.78,96.9,0.02,simulator,1.0
2026-10-02 08:24:58+00:00,M01,7.516,100.81702,RUNNING,9,0,0.0,415.6,12.14,37.08,0.167,1447.7,49.58,96.9,0.02,simulator,1.0
2026-10-02 08:25:00+00:00,M01,7.468,100.82117,RUNNING,9,0,0.0,417.5,12.01,37.32,0.186,1453.4,49.07,96.9,0.02,simulator,1.0
2026-10-02 08:25:02+00:00,M01,1.399,100.82194,IDLE,9,0,0.0,416.7,2.25,37.15,0.062,19.825300870226137,3.75,96.9,0.02,simulator,1.0
2026-10-02 08:25:04+00:00,M01,1.378,100.82271,IDLE,9,0,0.0,415.3,2.23,37.06,0.027,14.942301856114943,3.75,97.0,0.02,simulator,1.0
2026-10-02 08:25:06+00:00,M01,1.334,100.82345,IDLE,9,0,0.0,415.2,2.16,36.94,0.036,10.21541799480229,3.75,97.0,0.02,simulator,1.0
2026-10-02 08:25:08+00:00,M01,1.3,100.82417,IDLE,9,0,0.0,416.2,2.1,36.78,0.047,15.95464467201555,3.75,97.0,0.02,simulator,1.0
2026-10-02 08:25:10+00:00,M01,1.351,100.82492,IDLE,9,0,0.0,413.6,2.19,36.69,0.039,17.390354699211837,3.75,97.0,0.02,simulator,1.0
2026-10-02 08:25:12+00:00,M01,1.373,100.82569,IDLE,9,0,0.0,411.8,2.24,36.53,0.047,17.639409409275366,3.75,97.0,0.02,simulator,1.0
2026-10-02 08:25:14+00:00,M01,1.414,100.82647,IDLE,9,0,0.0,414.9,2.29,36.46,0.023,19.909240005782983,3.75,97.0,0.02,simulator,1.0
2026-10-02 08:25:16+00:00,M01,1.421,100.82726,IDLE,9,0,0.0,418.1,2.28,36.35,0.037,14.20482007461939,3.75,97.0,0.02,simulator,1.0
2026-10-02 08:25:18+00:00,M01,1.325,100.828,IDLE,9,0,0.0,416.4,2.14,36.23,0.038,13.167504837125332,3.75,97.0,0.02,simulator,1.0
2026-10-02 08:25:20+00:00,M01,1.38,100.82876,IDLE,9,0,0.0,411.7,2.25,36.13,0.043,11.040881589688768,3.75,97.0,0.02,simulator,1.0
2026-10-02 08:25:22+00:00,M01,1.368,100.82952,IDLE,9,0,0.0,415.5,2.21,35.99,0.05,16.874477746982038,3.75,97.0,0.02,simulator,1.0
2026-10-02 08:25:24+00:00,M01,1.376,100.83029,IDLE,9,0,0.0,418.0,2.21,35.89,0.051,17.98608645003876,3.75,97.0,0.02,simulator,1.0
2026-10-02 08:25:26+00:00,M01,1.299,100.83101,IDLE,9,0,0.0,415.4,2.1,35.83,0.046,18.890749647647286,3.75,97.0,0.02,simulator,1.0
2026-10-02 08:25:28+00:00,M01,1.354,100.83176,IDLE,9,0,0.0,416.2,2.18,35.72,0.029,15.123070523467955,3.75,97.0,0.02,simulator,1.0
2026-10-02 08:25:30+00:00,M01,1.378,100.83253,IDLE,9,0,0.0,413.0,2.24,35.61,0.02,11.185045633207295,3.75,97.0,0.02,simulator,1.0
2026-10-02 08:25:32+00:00,M01,1.323,100.83326,IDLE,9,0,0.0,412.3,2.15,35.49,0.022,13.983869425454051,3.75,97.0,0.02,simulator,1.0
2026-10-02 08:25:34+00:00,M01,1.325,100.834,IDLE,9,0,0.0,418.2,2.13,35.39,0.029,15.742979481235773,3.75,97.0,0.02,simulator,1.0
2026-10-02 08:25:36+00:00,M01,1.407,100.83478,IDLE,9,0,0.0,413.0,2.29,35.26,0.04,14.217791491013044,3.75,97.0,0.02,simulator,1.0
2026-10-02 08:25:38+00:00,M01,1.376,100.83554,IDLE,9,0,0.0,413.6,2.23,35.15,0.027,16.046538261798624,3.75,97.0,0.02,simulator,1.0
2026-10-02 08:25:40+00:00,M01,1.386,100.83631,IDLE,9,0,0.0,414.9,2.24,35.12,0.044,12.906719737778726,3.75,97.0,0.02,simulator,1.0
2026-10-02 08:25:42+00:00,M01,1.306,100.83704,IDLE,9,0,0.0,413.6,2.12,35.07,0.036,12.638378787665157,3.75,97.0,0.02,simulator,1.0
2026-10-02 08:25:44+00:00,M01,1.347,100.83779,IDLE,9,0,0.0,416.0,2.17,34.98,0.047,17.151950692034845,3.75,97.0,0.02,simulator,1.0
2026-10-02 08:25:46+00:00,M01,1.383,100.83856,IDLE,9,0,0.0,412.0,2.25,34.85,0.03,19.537203154390983,3.75,97.0,0.02,simulator,1.0
2026-10-02 08:25:48+00:00,M01,1.421,100.83935,IDLE,9,0,0.0,414.0,2.3,34.72,0.048,14.245627707539283,3.75,97.0,0.02,simulator,1.0
2026-10-02 08:25:50+00:00,M01,1.335,100.84009,IDLE,9,0,0.0,411.9,2.18,34.61,0.045,15.217429906262808,3.75,97.0,0.02,simulator,1.0
2026-10-02 08:25:52+00:00,M01,1.39,100.84086,IDLE,9,0,0.0,412.5,2.26,34.53,0.045,10.639850547710543,3.75,97.0,0.02,simulator,1.0
2026-10-02 08:25:54+00:00,M01,1.352,100.84161,IDLE,9,0,0.0,415.0,2.19,34.45,0.049,18.370552086772484,3.75,97.0,0.02,simulator,1.0
2026-10-02 08:25:56+00:00,M01,1.385,100.84238,IDLE,9,0,0.0,415.2,2.24,34.37,0.037,12.581748122046807,3.75,97.0,0.02,simulator,1.0
2026-10-02 08:25:58+00:00,M01,1.305,100.84311,IDLE,9,0,0.0,416.1,2.11,34.25,0.034,18.17127797184585,3.75,97.0,0.02,simulator,1.0
2026-10-02 08:26:00+00:00,M01,1.415,100.84389,IDLE,9,0,0.0,418.4,2.27,34.16,0.049,10.254709487278166,3.75,97.0,0.02,simulator,1.0
2026-10-02 08:26:02+00:00,M01,0.352,100.84409,SLEEP,9,0,0.0,415.3,0.57,34.08,0.006,0.0,0.0,97.0,0.02,simulator,1.0
2026-10-02 08:26:04+00:00,M01,0.346,100.84428,SLEEP,9,0,0.0,412.8,0.56,33.99,0.004,0.0,0.0,97.0,0.02,simulator,1.0
2026-10-02 08:26:06+00:00,M01,0.357,100.84448,SLEEP,9,0,0.0,413.4,0.58,33.87,0.005,0.0,0.0,97.0,0.02,simulator,1.0
2026-10-02 08:26:08+00:00,M01,0.35,100.84467,SLEEP,9,0,0.0,414.3,0.57,33.82,0.005,0.0,0.0,97.0,0.02,simulator,1.0
2026-10-02 08:26:10+00:00,M01,0.348,100.84487,SLEEP,9,0,0.0,415.6,0.56,33.72,0.006,0.0,0.0,97.0,0.02,simulator,1.0
2026-10-02 08:26:12+00:00,M01,0.363,100.84507,SLEEP,9,0,0.0,418.3,0.58,33.6,0.004,0.0,0.0,97.0,0.02,simulator,1.0
2026-10-02 08:26:14+00:00,M01,0.353,100.84526,SLEEP,9,0,0.0,413.0,0.57,33.5,0.004,0.0,0.0,97.0,0.02,simulator,1.0
2026-10-02 08:26:16+00:00,M01,0.353,100.84546,SLEEP,9,0,0.0,417.4,0.57,33.41,0.006,0.0,0.0,97.0,0.02,simulator,1.0
2026-10-02 08:26:18+00:00,M01,0.345,100.84565,SLEEP,9,0,0.0,416.3,0.56,33.28,0.004,0.0,0.0,97.0,0.02,simulator,1.0
2026-10-02 08:26:20+00:00,M01,0.359,100.84585,SLEEP,9,0,0.0,413.0,0.58,33.2,0.007,0.0,0.0,97.0,0.02,simulator,1.0
2026-10-02 08:26:22+00:00,M01,0.346,100.84604,SLEEP,9,0,0.0,416.2,0.56,33.08,0.005,0.0,0.0,97.0,0.02,simulator,1.0
2026-10-02 08:26:24+00:00,M01,0.351,100.84624,SLEEP,9,0,0.0,413.3,0.57,32.98,0.006,0.0,0.0,97.0,0.02,simulator,1.0
2026-10-02 08:26:26+00:00,M01,0.348,100.84643,SLEEP,9,0,0.0,418.5,0.56,32.95,0.007,0.0,0.0,97.0,0.02,simulator,1.0
2026-10-02 08:26:28+00:00,M01,0.359,100.84663,SLEEP,9,0,0.0,416.5,0.58,32.87,0.006,0.0,0.0,97.0,0.02,simulator,1.0
2026-10-02 08:26:30+00:00,M01,0.346,100.84682,SLEEP,9,0,0.0,412.7,0.56,32.78,0.005,0.0,0.0,97.0,0.02,simulator,1.0
2026-10-02 08:26:32+00:00,M01,0.355,100.84702,SLEEP,9,0,0.0,414.0,0.58,32.67,0.005,0.0,0.0,97.0,0.02,simulator,1.0
2026-10-02 08:26:34+00:00,M01,0.365,100.84722,SLEEP,9,0,0.0,417.8,0.59,32.57,0.006,0.0,0.0,97.0,0.02,simulator,1.0
2026-10-02 08:26:36+00:00,M01,0.36,100.84742,SLEEP,9,0,0.0,414.3,0.58,32.48,0.007,0.0,0.0,97.0,0.02,simulator,1.0
2026-10-02 08:26:38+00:00,M01,0.348,100.84762,SLEEP,9,0,0.0,415.8,0.56,32.4,0.006,0.0,0.0,97.0,0.02,simulator,1.0
2026-10-02 08:26:40+00:00,M01,0.362,100.84782,SLEEP,9,0,0.0,417.3,0.58,32.33,0.006,0.0,0.0,97.0,0.02,simulator,1.0
2026-10-02 08:26:42+00:00,M01,0.34,100.84801,SLEEP,9,0,0.0,416.5,0.55,32.29,0.005,0.0,0.0,97.0,0.02,simulator,1.0
2026-10-02 08:26:44+00:00,M01,0.355,100.8482,SLEEP,9,0,0.0,413.0,0.58,32.23,0.004,0.0,0.0,97.0,0.02,simulator,1.0
2026-10-02 08:26:46+00:00,M01,0.362,100.8484,SLEEP,9,0,0.0,415.6,0.58,32.21,0.004,0.0,0.0,97.0,0.02,simulator,1.0
2026-10-02 08:26:48+00:00,M01,0.348,100.8486,SLEEP,9,0,0.0,413.9,0.56,32.1,0.006,0.0,0.0,97.0,0.02,simulator,1.0
2026-10-02 08:26:50+00:00,M01,0.344,100.84879,SLEEP,9,0,0.0,411.5,0.56,32.08,0.005,0.0,0.0,97.0,0.02,simulator,1.0
2026-10-02 08:26:52+00:00,M01,0.335,100.84898,SLEEP,9,0,0.0,411.7,0.55,31.98,0.007,0.0,0.0,97.0,0.02,simulator,1.0
2026-10-02 08:26:54+00:00,M01,0.362,100.84918,SLEEP,9,0,0.0,417.4,0.58,31.95,0.004,0.0,0.0,97.0,0.02,simulator,1.0
2026-10-02 08:26:56+00:00,M01,0.348,100.84937,SLEEP,9,0,0.0,418.3,0.56,31.92,0.004,0.0,0.0,97.0,0.02,simulator,1.0
2026-10-02 08:26:58+00:00,M01,0.34,100.84956,SLEEP,9,0,0.0,416.2,0.55,31.83,0.005,0.0,0.0,97.0,0.02,simulator,1.0
2026-10-02 08:27:00+00:00,M01,0.348,100.84975,SLEEP,9,0,0.0,418.3,0.56,31.75,0.006,0.0,0.0,97.0,0.02,simulator,1.0
2026-10-02 08:27:02+00:00,M01,0.341,100.84994,SLEEP,9,0,0.0,412.2,0.56,31.7,0.006,0.0,0.0,97.0,0.02,simulator,1.0
2026-10-02 08:27:04+00:00,M01,0.365,100.85014,SLEEP,9,0,0.0,415.6,0.59,31.69,0.006,0.0,0.0,97.0,0.02,simulator,1.0
2026-10-02 08:27:06+00:00,M01,0.343,100.85033,SLEEP,9,0,0.0,413.2,0.56,31.62,0.005,0.0,0.0,97.0,0.02,simulator,1.0
2026-10-02 08:27:08+00:00,M01,0.342,100.85052,SLEEP,9,0,0.0,412.4,0.56,31.54,0.005,0.0,0.0,97.0,0.02,simulator,1.0
2026-10-02 08:27:10+00:00,M01,0.335,100.85071,SLEEP,9,0,0.0,412.6,0.55,31.51,0.005,0.0,0.0,97.0,0.02,simulator,1.0
2026-10-02 08:27:12+00:00,M01,0.358,100.85091,SLEEP,9,0,0.0,413.9,0.58,31.44,0.004,0.0,0.0,97.0,0.02,simulator,1.0
2026-10-02 08:27:14+00:00,M01,0.35,100.8511,SLEEP,9,0,0.0,413.9,0.57,31.43,0.007,0.0,0.0,97.0,0.02,simulator,1.0
2026-10-02 08:27:16+00:00,M01,0.339,100.85129,SLEEP,9,0,0.0,418.3,0.54,31.42,0.007,0.0,0.0,97.0,0.02,simulator,1.0
2026-10-02 08:27:18+00:00,M01,0.336,100.85148,SLEEP,9,0,0.0,414.8,0.54,31.36,0.006,0.0,0.0,97.0,0.02,simulator,1.0
2026-10-02 08:27:20+00:00,M01,0.358,100.85168,SLEEP,9,0,0.0,416.6,0.58,31.31,0.006,0.0,0.0,97.0,0.02,simulator,1.0
2026-10-02 08:27:22+00:00,M01,0.353,100.85187,SLEEP,9,0,0.0,416.8,0.57,31.25,0.006,0.0,0.0,97.0,0.02,simulator,1.0
2026-10-02 08:27:24+00:00,M01,0.346,100.85207,SLEEP,9,0,0.0,416.5,0.56,31.23,0.007,0.0,0.0,97.0,0.02,simulator,1.0
2026-10-02 08:27:26+00:00,M01,0.363,100.85227,SLEEP,9,0,0.0,415.2,0.59,31.22,0.007,0.0,0.0,97.0,0.02,simulator,1.0
2026-10-02 08:27:28+00:00,M01,0.354,100.85246,SLEEP,9,0,0.0,416.2,0.57,31.15,0.004,0.0,0.0,97.0,0.02,simulator,1.0
2026-10-02 08:27:30+00:00,M01,0.342,100.85265,SLEEP,9,0,0.0,412.5,0.56,31.14,0.006,0.0,0.0,97.0,0.02,simulator,1.0
2026-10-02 08:27:32+00:00,M01,0.349,100.85285,SLEEP,9,0,0.0,412.9,0.57,31.13,0.005,0.0,0.0,97.0,0.02,simulator,1.0
2026-10-02 08:27:34+00:00,M01,0.342,100.85304,SLEEP,9,0,0.0,416.7,0.55,31.12,0.005,0.0,0.0,97.0,0.02,simulator,1.0
2026-10-02 08:27:36+00:00,M01,0.361,100.85324,SLEEP,9,0,0.0,418.0,0.58,31.12,0.006,0.0,0.0,97.0,0.02,simulator,1.0
2026-10-02 08:27:38+00:00,M01,0.344,100.85343,SLEEP,9,0,0.0,415.7,0.56,31.05,0.006,0.0,0.0,97.0,0.02,simulator,1.0
2026-10-02 08:27:40+00:00,M01,0.362,100.85363,SLEEP,9,0,0.0,411.6,0.59,31.05,0.007,0.0,0.0,97.0,0.02,simulator,1.0
2026-10-02 08:27:42+00:00,M01,0.355,100.85383,SLEEP,9,0,0.0,418.0,0.57,30.99,0.006,0.0,0.0,97.0,0.02,simulator,1.0
2026-10-02 08:27:44+00:00,M01,0.364,100.85403,SLEEP,9,0,0.0,412.9,0.59,30.95,0.004,0.0,0.0,97.0,0.02,simulator,1.0
2026-10-02 08:27:46+00:00,M01,0.364,100.85423,SLEEP,9,0,0.0,417.0,0.59,30.92,0.006,0.0,0.0,97.0,0.02,simulator,1.0
2026-10-02 08:27:48+00:00,M01,0.357,100.85443,SLEEP,9,0,0.0,413.6,0.58,30.87,0.005,0.0,0.0,97.0,0.02,simulator,1.0
2026-10-02 08:27:50+00:00,M01,0.337,100.85462,SLEEP,9,0,0.0,417.6,0.54,30.78,0.006,0.0,0.0,97.0,0.02,simulator,1.0
2026-10-02 08:27:52+00:00,M01,0.34,100.85481,SLEEP,9,0,0.0,416.2,0.55,30.73,0.005,0.0,0.0,97.0,0.02,simulator,1.0
2026-10-02 08:27:54+00:00,M01,0.358,100.85501,SLEEP,9,0,0.0,418.1,0.57,30.7,0.007,0.0,0.0,97.0,0.02,simulator,1.0
2026-10-02 08:27:56+00:00,M01,0.359,100.85521,SLEEP,9,0,0.0,413.2,0.58,30.68,0.005,0.0,0.0,97.0,0.02,simulator,1.0
2026-10-02 08:27:58+00:00,M01,0.339,100.85539,SLEEP,9,0,0.0,416.8,0.55,30.67,0.005,0.0,0.0,97.0,0.02,simulator,1.0
2026-10-02 08:28:00+00:00,M01,0.358,100.85559,SLEEP,9,0,0.0,417.3,0.58,30.67,0.006,0.0,0.0,97.0,0.02,simulator,1.0
2026-10-02 08:28:02+00:00,M01,0.343,100.85578,SLEEP,9,0,0.0,414.8,0.56,30.65,0.006,0.0,0.0,97.0,0.02,simulator,1.0
2026-10-02 08:28:04+00:00,M01,0.363,100.85599,SLEEP,9,0,0.0,411.8,0.59,30.62,0.006,0.0,0.0,97.0,0.02,simulator,1.0
2026-10-02 08:28:06+00:00,M01,0.353,100.85618,SLEEP,9,0,0.0,412.8,0.57,30.6,0.006,0.0,0.0,97.0,0.02,simulator,1.0
2026-10-02 08:28:08+00:00,M01,0.36,100.85638,SLEEP,9,0,0.0,415.6,0.58,30.53,0.007,0.0,0.0,97.0,0.02,simulator,1.0
2026-10-02 08:28:10+00:00,M01,0.353,100.85658,SLEEP,9,0,0.0,416.1,0.57,30.54,0.006,0.0,0.0,97.0,0.02,simulator,1.0
2026-10-02 08:28:12+00:00,M01,0.344,100.85677,SLEEP,9,0,0.0,412.9,0.56,30.52,0.005,0.0,0.0,97.0,0.02,simulator,1.0
2026-10-02 08:28:14+00:00,M01,0.343,100.85696,SLEEP,9,0,0.0,414.9,0.55,30.44,0.006,0.0,0.0,97.0,0.02,simulator,1.0
2026-10-02 08:28:16+00:00,M01,0.352,100.85715,SLEEP,9,0,0.0,414.0,0.57,30.4,0.007,0.0,0.0,97.0,0.02,simulator,1.0
2026-10-02 08:28:18+00:00,M01,0.358,100.85735,SLEEP,9,0,0.0,418.2,0.57,30.39,0.006,0.0,0.0,97.0,0.02,simulator,1.0
2026-10-02 08:28:20+00:00,M01,0.361,100.85755,SLEEP,9,0,0.0,417.3,0.58,30.32,0.005,0.0,0.0,97.0,0.02,simulator,1.0
2026-10-02 08:28:22+00:00,M01,0.341,100.85774,SLEEP,9,0,0.0,411.8,0.56,30.28,0.007,0.0,0.0,97.0,0.02,simulator,1.0
2026-10-02 08:28:24+00:00,M01,0.348,100.85794,SLEEP,9,0,0.0,416.7,0.56,30.27,0.005,0.0,0.0,97.0,0.02,simulator,1.0
2026-10-02 08:28:26+00:00,M01,0.358,100.85814,SLEEP,9,0,0.0,412.2,0.58,30.23,0.004,0.0,0.0,97.0,0.02,simulator,1.0
2026-10-02 08:28:28+00:00,M01,0.338,100.85832,SLEEP,9,0,0.0,414.8,0.55,30.15,0.005,0.0,0.0,97.0,0.02,simulator,1.0
2026-10-02 08:28:30+00:00,M01,0.356,100.85852,SLEEP,9,0,0.0,417.6,0.57,30.08,0.004,0.0,0.0,97.0,0.02,simulator,1.0
2026-10-02 08:28:32+00:00,M01,0.357,100.85872,SLEEP,9,0,0.0,418.1,0.57,30.1,0.006,0.0,0.0,97.0,0.02,simulator,1.0
2026-10-02 08:28:34+00:00,M01,0.359,100.85892,SLEEP,9,0,0.0,411.7,0.59,30.02,0.004,0.0,0.0,97.0,0.02,simulator,1.0
2026-10-02 08:28:36+00:00,M01,0.343,100.85911,SLEEP,9,0,0.0,413.9,0.56,29.96,0.007,0.0,0.0,97.0,0.02,simulator,1.0
2026-10-02 08:28:38+00:00,M01,0.346,100.8593,SLEEP,9,0,0.0,415.4,0.56,29.97,0.005,0.0,0.0,97.0,0.02,simulator,1.0
2026-10-02 08:28:40+00:00,M01,0.351,100.8595,SLEEP,9,0,0.0,414.8,0.57,29.94,0.005,0.0,0.0,97.0,0.02,simulator,1.0
2026-10-02 08:28:42+00:00,M01,0.361,100.8597,SLEEP,9,0,0.0,415.3,0.58,29.89,0.005,0.0,0.0,97.0,0.02,simulator,1.0
2026-10-02 08:28:44+00:00,M01,0.345,100.85989,SLEEP,9,0,0.0,416.6,0.56,29.85,0.005,0.0,0.0,97.0,0.02,simulator,1.0
2026-10-02 08:28:46+00:00,M01,0.353,100.86009,SLEEP,9,0,0.0,412.9,0.57,29.83,0.006,0.0,0.0,97.0,0.02,simulator,1.0
2026-10-02 08:28:48+00:00,M01,0.342,100.86028,SLEEP,9,0,0.0,414.0,0.55,29.81,0.007,0.0,0.0,97.0,0.02,simulator,1.0
2026-10-02 08:28:50+00:00,M01,0.339,100.86046,SLEEP,9,0,0.0,415.9,0.55,29.81,0.005,0.0,0.0,97.0,0.02,simulator,1.0
2026-10-02 08:28:52+00:00,M01,0.361,100.86066,SLEEP,9,0,0.0,413.7,0.59,29.83,0.006,0.0,0.0,97.0,0.02,simulator,1.0
2026-10-02 08:28:54+00:00,M01,0.342,100.86085,SLEEP,9,0,0.0,411.8,0.56,29.78,0.004,0.0,0.0,97.0,0.02,simulator,1.0
2026-10-02 08:28:56+00:00,M01,0.351,100.86105,SLEEP,9,0,0.0,411.7,0.57,29.77,0.006,0.0,0.0,97.0,0.02,simulator,1.0
2026-10-02 08:28:58+00:00,M01,0.362,100.86125,SLEEP,9,0,0.0,416.6,0.58,29.76,0.007,0.0,0.0,97.0,0.02,simulator,1.0
2026-10-02 08:29:00+00:00,M01,0.355,100.86145,SLEEP,9,0,0.0,416.2,0.57,29.74,0.004,0.0,0.0,97.0,0.02,simulator,1.0
2026-10-02 08:29:02+00:00,M01,0.344,100.86164,SLEEP,9,0,0.0,417.7,0.55,29.76,0.006,0.0,0.0,97.0,0.02,simulator,1.0
2026-10-02 08:29:04+00:00,M01,0.339,100.86183,SLEEP,9,0,0.0,416.9,0.55,29.72,0.006,0.0,0.0,97.0,0.02,simulator,1.0
2026-10-02 08:29:06+00:00,M01,0.342,100.86202,SLEEP,9,0,0.0,417.1,0.55,29.72,0.005,0.0,0.0,97.0,0.02,simulator,1.0
2026-10-02 08:29:08+00:00,M01,0.337,100.8622,SLEEP,9,0,0.0,417.9,0.54,29.67,0.005,0.0,0.0,97.0,0.02,simulator,1.0
2026-10-02 08:29:10+00:00,M01,0.357,100.8624,SLEEP,9,0,0.0,418.4,0.57,29.67,0.006,0.0,0.0,97.0,0.02,simulator,1.0
2026-10-02 08:29:12+00:00,M01,0.358,100.8626,SLEEP,9,0,0.0,413.3,0.58,29.62,0.005,0.0,0.0,97.0,0.02,simulator,1.0
2026-10-02 08:29:14+00:00,M01,0.354,100.8628,SLEEP,9,0,0.0,412.1,0.58,29.63,0.006,0.0,0.0,97.0,0.02,simulator,1.0
2026-10-02 08:29:16+00:00,M01,0.346,100.86299,SLEEP,9,0,0.0,414.9,0.56,29.6,0.006,0.0,0.0,97.0,0.02,simulator,1.0
2026-10-02 08:29:18+00:00,M01,0.352,100.86319,SLEEP,9,0,0.0,413.1,0.57,29.58,0.006,0.0,0.0,97.0,0.02,simulator,1.0
2026-10-02 08:29:20+00:00,M01,0.339,100.86337,SLEEP,9,0,0.0,412.5,0.55,29.6,0.006,0.0,0.0,97.0,0.02,simulator,1.0
2026-10-02 08:29:22+00:00,M01,0.35,100.86357,SLEEP,9,0,0.0,414.6,0.57,29.55,0.004,0.0,0.0,97.0,0.02,simulator,1.0
2026-10-02 08:29:24+00:00,M01,0.358,100.86377,SLEEP,9,0,0.0,415.3,0.58,29.54,0.005,0.0,0.0,97.0,0.02,simulator,1.0
2026-10-02 08:29:26+00:00,M01,0.353,100.86396,SLEEP,9,0,0.0,413.9,0.57,29.53,0.005,0.0,0.0,97.0,0.02,simulator,1.0
2026-10-02 08:29:28+00:00,M01,0.341,100.86415,SLEEP,9,0,0.0,412.1,0.56,29.49,0.005,0.0,0.0,97.0,0.02,simulator,1.0
2026-10-02 08:29:30+00:00,M01,0.346,100.86435,SLEEP,9,0,0.0,416.4,0.56,29.45,0.006,0.0,0.0,97.0,0.02,simulator,1.0
2026-10-02 08:29:32+00:00,M01,0.347,100.86454,SLEEP,9,0,0.0,414.5,0.56,29.42,0.006,0.0,0.0,97.0,0.02,simulator,1.0
2026-10-02 08:29:34+00:00,M01,0.345,100.86473,SLEEP,9,0,0.0,412.4,0.56,29.42,0.005,0.0,0.0,97.0,0.02,simulator,1.0
2026-10-02 08:29:36+00:00,M01,0.349,100.86492,SLEEP,9,0,0.0,417.7,0.56,29.43,0.004,0.0,0.0,97.0,0.02,simulator,1.0
2026-10-02 08:29:38+00:00,M01,0.341,100.86511,SLEEP,9,0,0.0,417.8,0.55,29.43,0.005,0.0,0.0,97.0,0.02,simulator,1.0
2026-10-02 08:29:40+00:00,M01,0.357,100.86531,SLEEP,9,0,0.0,416.0,0.58,29.44,0.004,0.0,0.0,97.0,0.02,simulator,1.0
2026-10-02 08:29:42+00:00,M01,0.363,100.86551,SLEEP,9,0,0.0,412.7,0.59,29.38,0.005,0.0,0.0,97.0,0.02,simulator,1.0
2026-10-02 08:29:44+00:00,M01,0.355,100.86571,SLEEP,9,0,0.0,412.5,0.58,29.34,0.005,0.0,0.0,97.0,0.02,simulator,1.0
2026-10-02 08:29:46+00:00,M01,0.362,100.86591,SLEEP,9,0,0.0,417.3,0.58,29.31,0.007,0.0,0.0,97.0,0.02,simulator,1.0
2026-10-02 08:29:48+00:00,M01,0.339,100.8661,SLEEP,9,0,0.0,415.5,0.55,29.34,0.006,0.0,0.0,97.0,0.02,simulator,1.0
2026-10-02 08:29:50+00:00,M01,0.341,100.86629,SLEEP,9,0,0.0,411.5,0.56,29.28,0.004,0.0,0.0,97.0,0.02,simulator,1.0
2026-10-02 08:29:52+00:00,M01,0.354,100.86649,SLEEP,9,0,0.0,415.5,0.57,29.25,0.006,0.0,0.0,97.0,0.02,simulator,1.0
2026-10-02 08:29:54+00:00,M01,0.35,100.86668,SLEEP,9,0,0.0,412.0,0.57,29.25,0.004,0.0,0.0,97.0,0.02,simulator,1.0
2026-10-02 08:29:56+00:00,M01,0.361,100.86688,SLEEP,9,0,0.0,417.9,0.58,29.2,0.006,0.0,0.0,97.0,0.02,simulator,1.0
2026-10-02 08:29:58+00:00,M01,0.352,100.86708,SLEEP,9,0,0.0,411.6,0.57,29.23,0.006,0.0,0.0,97.0,0.02,simulator,1.0
2026-10-02 08:30:00+00:00,M01,0.339,100.86726,SLEEP,9,0,0.0,414.9,0.55,29.22,0.005,0.0,0.0,97.0,0.02,simulator,1.0
2026-10-02 08:00:02+00:00,M02,7.064,100.00392,RUNNING,0,0,0.0,414.1,11.45,47.97,0.154,1203.0,56.08,96.3,0.03,simulator,1.0
2026-10-02 08:00:04+00:00,M02,6.991,100.00781,RUNNING,0,0,0.0,417.8,11.23,47.96,0.158,1203.3,55.48,96.5,0.03,simulator,1.0
2026-10-02 08:00:06+00:00,M02,6.847,100.01161,RUNNING,0,0,0.0,412.4,11.15,47.96,0.17,1199.5,54.51,96.6,0.03,simulator,1.0
2026-10-02 08:00:08+00:00,M02,6.944,100.01547,RUNNING,0,0,0.0,415.3,11.23,48.0,0.164,1197.1,55.4,96.7,0.02,simulator,1.0
2026-10-02 08:00:10+00:00,M02,6.739,100.01921,RUNNING,0,0,0.0,415.0,10.9,48.01,0.16,1203.6,53.47,96.8,0.02,simulator,1.0
2026-10-02 08:00:12+00:00,M02,7.117,100.02317,RUNNING,0,0,0.0,416.2,11.48,48.04,0.168,1204.6,56.42,96.8,0.02,simulator,1.0
2026-10-02 08:00:14+00:00,M02,6.88,100.02699,RUNNING,0,0,0.0,415.7,11.11,48.07,0.162,1203.4,54.6,96.8,0.02,simulator,1.0
2026-10-02 08:00:16+00:00,M02,6.803,100.03077,RUNNING,0,0,0.0,416.0,10.98,48.09,0.158,1199.7,54.15,96.9,0.02,simulator,1.0
2026-10-02 08:00:18+00:00,M02,6.986,100.03465,RUNNING,0,0,0.0,414.7,11.31,48.07,0.173,1198.8,55.65,96.8,0.03,simulator,1.0
2026-10-02 08:00:20+00:00,M02,7.011,100.03855,RUNNING,0,0,0.0,412.5,11.41,48.09,0.155,1201.5,55.73,96.8,0.02,simulator,1.0
2026-10-02 08:00:22+00:00,M02,6.927,100.04239,RUNNING,0,0,0.0,413.7,11.24,48.09,0.148,1196.3,55.3,96.9,0.02,simulator,1.0
2026-10-02 08:00:24+00:00,M02,6.929,100.04624,RUNNING,0,0,0.0,416.3,11.17,48.12,0.165,1204.9,54.92,96.9,0.02,simulator,1.0
2026-10-02 08:00:26+00:00,M02,6.675,100.04995,RUNNING,0,0,0.0,412.5,10.86,48.08,0.167,1201.2,53.07,96.8,0.02,simulator,1.0
2026-10-02 08:00:28+00:00,M02,7.008,100.05385,RUNNING,0,0,0.0,412.3,11.41,48.09,0.167,1203.1,55.63,96.8,0.03,simulator,1.0
2026-10-02 08:00:30+00:00,M02,6.854,100.05765,RUNNING,0,0,0.0,414.7,11.1,48.08,0.168,1197.0,54.68,96.8,0.03,simulator,1.0
2026-10-02 08:00:32+00:00,M02,7.094,100.06159,RUNNING,0,0,0.0,414.3,11.5,48.11,0.165,1199.2,56.49,96.8,0.03,simulator,1.0
2026-10-02 08:00:34+00:00,M02,7.016,100.06549,RUNNING,0,0,0.0,415.9,11.33,48.11,0.154,1196.0,56.02,96.9,0.02,simulator,1.0
2026-10-02 08:00:36+00:00,M02,7.046,100.06941,RUNNING,1,1,36.0,414.5,11.41,48.15,0.168,1202.0,55.98,96.8,0.02,simulator,1.0
2026-10-02 08:00:38+00:00,M02,6.715,100.07314,RUNNING,1,0,0.0,411.9,10.94,48.15,0.166,1204.6,53.24,96.8,0.02,simulator,1.0
2026-10-02 08:00:40+00:00,M02,6.789,100.07691,RUNNING,1,0,0.0,417.1,10.93,48.13,0.156,1197.7,54.13,96.9,0.02,simulator,1.0
2026-10-02 08:00:42+00:00,M02,6.785,100.08068,RUNNING,1,0,0.0,413.9,11.01,48.12,0.174,1198.9,54.05,96.8,0.02,simulator,1.0
2026-10-02 08:00:44+00:00,M02,6.885,100.0845,RUNNING,1,0,0.0,411.9,11.22,48.14,0.168,1201.8,54.71,96.8,0.02,simulator,1.0
2026-10-02 08:00:46+00:00,M02,6.754,100.08826,RUNNING,1,0,0.0,414.8,10.93,48.13,0.169,1201.6,53.68,96.8,0.02,simulator,1.0
2026-10-02 08:00:48+00:00,M02,6.956,100.09212,RUNNING,1,0,0.0,415.6,11.24,48.11,0.161,1203.5,55.2,96.8,0.02,simulator,1.0
2026-10-02 08:00:50+00:00,M02,6.956,100.09598,RUNNING,1,0,0.0,412.5,11.32,48.12,0.157,1196.6,55.52,96.9,0.02,simulator,1.0
2026-10-02 08:00:52+00:00,M02,6.845,100.09979,RUNNING,1,0,0.0,415.2,11.07,48.09,0.152,1198.1,54.56,96.9,0.02,simulator,1.0
2026-10-02 08:00:54+00:00,M02,7.009,100.10368,RUNNING,1,0,0.0,414.6,11.35,48.08,0.148,1195.1,56.01,96.9,0.02,simulator,1.0
2026-10-02 08:00:56+00:00,M02,6.997,100.10757,RUNNING,1,0,0.0,411.8,11.41,48.06,0.156,1196.2,55.86,96.9,0.02,simulator,1.0
2026-10-02 08:00:58+00:00,M02,7.17,100.11155,RUNNING,1,0,0.0,414.5,11.61,48.03,0.166,1197.1,57.2,96.9,0.02,simulator,1.0
2026-10-02 08:01:00+00:00,M02,6.861,100.11536,RUNNING,1,0,0.0,412.8,11.16,48.06,0.175,1201.6,54.53,96.8,0.03,simulator,1.0
2026-10-02 08:01:02+00:00,M02,6.96,100.11923,RUNNING,1,0,0.0,413.7,11.29,48.11,0.177,1195.9,55.58,96.7,0.03,simulator,1.0
2026-10-02 08:01:04+00:00,M02,6.95,100.12309,RUNNING,1,0,0.0,412.5,11.31,48.09,0.175,1199.6,55.33,96.7,0.03,simulator,1.0
2026-10-02 08:01:06+00:00,M02,7.055,100.12701,RUNNING,1,0,0.0,414.6,11.42,48.12,0.165,1200.0,56.15,96.7,0.03,simulator,1.0
2026-10-02 08:01:08+00:00,M02,6.837,100.13081,RUNNING,1,0,0.0,412.1,11.14,48.12,0.167,1201.4,54.35,96.7,0.03,simulator,1.0
2026-10-02 08:01:10+00:00,M02,7.062,100.13473,RUNNING,1,0,0.0,415.7,11.4,48.1,0.155,1203.8,56.02,96.8,0.02,simulator,1.0
2026-10-02 08:01:12+00:00,M02,7.02,100.13863,RUNNING,2,1,36.0,417.3,11.29,48.07,0.16,1199.0,55.91,96.9,0.02,simulator,1.0
2026-10-02 08:01:14+00:00,M02,6.963,100.1425,RUNNING,2,0,0.0,413.3,11.31,48.04,0.168,1197.8,55.52,96.8,0.02,simulator,1.0
2026-10-02 08:01:16+00:00,M02,6.871,100.14632,RUNNING,2,0,0.0,412.0,11.2,48.03,0.154,1196.2,54.86,96.9,0.02,simulator,1.0
2026-10-02 08:01:18+00:00,M02,6.72,100.15005,RUNNING,2,0,0.0,417.9,10.8,48.05,0.165,1201.6,53.41,96.9,0.02,simulator,1.0
2026-10-02 08:01:20+00:00,M02,7.125,100.15401,RUNNING,2,0,0.0,413.5,11.57,48.0,0.171,1197.8,56.81,96.8,0.02,simulator,1.0
2026-10-02 08:01:22+00:00,M02,6.935,100.15786,RUNNING,2,0,0.0,417.7,11.15,47.96,0.158,1198.3,55.27,96.9,0.02,simulator,1.0
2026-10-02 08:01:24+00:00,M02,7.086,100.1618,RUNNING,2,0,0.0,415.0,11.46,47.98,0.173,1195.0,56.63,96.8,0.03,simulator,1.0
2026-10-02 08:01:26+00:00,M02,7.207,100.1658,RUNNING,2,0,0.0,416.2,11.63,48.01,0.156,1201.9,57.27,96.9,0.02,simulator,1.0
2026-10-02 08:01:28+00:00,M02,7.191,100.1698,RUNNING,2,0,0.0,417.1,11.57,47.97,0.158,1196.1,57.41,96.9,0.02,simulator,1.0
2026-10-02 08:01:30+00:00,M02,7.207,100.1738,RUNNING,2,0,0.0,417.1,11.6,47.99,0.154,1203.6,57.18,96.9,0.02,simulator,1.0
2026-10-02 08:01:32+00:00,M02,7.098,100.17774,RUNNING,2,0,0.0,414.8,11.49,48.01,0.155,1197.1,56.63,97.0,0.02,simulator,1.0
2026-10-02 08:01:34+00:00,M02,7.012,100.18164,RUNNING,2,0,0.0,416.4,11.31,48.04,0.145,1198.4,55.88,97.0,0.02,simulator,1.0
2026-10-02 08:01:36+00:00,M02,7.114,100.18559,RUNNING,2,0,0.0,416.9,11.46,48.02,0.15,1196.1,56.8,97.0,0.02,simulator,1.0
2026-10-02 08:01:38+00:00,M02,7.041,100.1895,RUNNING,2,0,0.0,418.5,11.29,47.98,0.152,1199.4,56.06,97.0,0.02,simulator,1.0
2026-10-02 08:01:40+00:00,M02,7.15,100.19348,RUNNING,2,0,0.0,413.0,11.62,48.0,0.157,1200.4,56.88,97.0,0.02,simulator,1.0
2026-10-02 08:01:42+00:00,M02,6.847,100.19728,RUNNING,2,0,0.0,413.8,11.11,48.04,0.157,1202.2,54.39,97.0,0.02,simulator,1.0
2026-10-02 08:01:44+00:00,M02,6.681,100.20099,RUNNING,2,0,0.0,417.8,10.74,48.08,0.172,1204.8,52.96,96.9,0.02,simulator,1.0
2026-10-02 08:01:46+00:00,M02,6.804,100.20477,RUNNING,2,0,0.0,412.0,11.09,48.05,0.171,1202.2,54.05,96.8,0.02,simulator,1.0
2026-10-02 08:01:48+00:00,M02,7.208,100.20878,RUNNING,3,1,36.0,415.5,11.65,48.02,0.155,1200.3,57.35,96.9,0.02,simulator,1.0
2026-10-02 08:01:50+00:00,M02,7.153,100.21275,RUNNING,3,0,0.0,413.1,11.62,48.0,0.16,1204.3,56.72,96.9,0.02,simulator,1.0
2026-10-02 08:01:52+00:00,M02,6.759,100.21651,RUNNING,3,0,0.0,414.3,10.95,47.95,0.161,1201.2,53.74,96.9,0.02,simulator,1.0
2026-10-02 08:01:54+00:00,M02,7.154,100.22048,RUNNING,3,0,0.0,416.9,11.52,47.94,0.167,1199.2,56.97,96.9,0.02,simulator,1.0
2026-10-02 08:01:56+00:00,M02,7.159,100.22446,RUNNING,3,0,0.0,414.6,11.59,47.89,0.152,1197.7,57.08,96.9,0.02,simulator,1.0
2026-10-02 08:01:58+00:00,M02,7.025,100.22836,RUNNING,3,0,0.0,411.6,11.46,47.9,0.169,1197.4,56.03,96.9,0.02,simulator,1.0
2026-10-02 08:02:00+00:00,M02,7.109,100.23231,RUNNING,3,0,0.0,417.7,11.43,47.86,0.149,1196.8,56.73,96.9,0.02,simulator,1.0
2026-10-02 08:02:02+00:00,M02,6.853,100.23612,RUNNING,3,0,0.0,413.3,11.13,47.91,0.164,1200.4,54.52,96.9,0.02,simulator,1.0
2026-10-02 08:02:04+00:00,M02,6.856,100.23993,RUNNING,3,0,0.0,414.0,11.12,47.95,0.164,1200.2,54.55,96.9,0.02,simulator,1.0
2026-10-02 08:02:06+00:00,M02,6.779,100.24369,RUNNING,3,0,0.0,418.4,10.88,47.95,0.148,1198.1,54.04,96.9,0.02,simulator,1.0
2026-10-02 08:02:08+00:00,M02,6.928,100.24754,RUNNING,3,0,0.0,416.4,11.17,47.92,0.157,1198.1,55.22,97.0,0.02,simulator,1.0
2026-10-02 08:02:10+00:00,M02,6.728,100.25128,RUNNING,3,0,0.0,412.5,10.95,47.97,0.166,1195.4,53.75,96.9,0.02,simulator,1.0
2026-10-02 08:02:12+00:00,M02,6.995,100.25516,RUNNING,3,0,0.0,415.1,11.31,47.93,0.151,1199.6,55.69,96.9,0.02,simulator,1.0
2026-10-02 08:02:14+00:00,M02,6.817,100.25895,RUNNING,3,0,0.0,416.2,11.0,47.92,0.151,1196.3,54.42,97.0,0.02,simulator,1.0
2026-10-02 08:02:16+00:00,M02,6.764,100.26271,RUNNING,3,0,0.0,412.6,11.01,47.9,0.147,1198.5,53.9,97.0,0.02,simulator,1.0
2026-10-02 08:02:18+00:00,M02,7.16,100.26669,RUNNING,3,0,0.0,411.8,11.67,47.87,0.15,1196.9,57.13,97.0,0.02,simulator,1.0
2026-10-02 08:02:20+00:00,M02,6.709,100.27041,RUNNING,3,0,0.0,415.4,10.84,47.87,0.156,1197.7,53.49,97.0,0.02,simulator,1.0
2026-10-02 08:02:22+00:00,M02,6.853,100.27422,RUNNING,3,0,0.0,417.6,11.02,47.84,0.161,1195.5,54.74,97.0,0.02,simulator,1.0
2026-10-02 08:02:24+00:00,M02,6.963,100.27809,RUNNING,4,1,36.0,418.0,11.18,47.8,0.166,1202.2,55.31,96.9,0.02,simulator,1.0
2026-10-02 08:02:26+00:00,M02,6.802,100.28187,RUNNING,4,0,0.0,413.7,11.04,47.77,0.161,1202.9,54.0,97.0,0.02,simulator,1.0
2026-10-02 08:02:28+00:00,M02,6.774,100.28563,RUNNING,4,0,0.0,417.0,10.91,47.81,0.157,1196.4,54.07,97.0,0.02,simulator,1.0
2026-10-02 08:02:30+00:00,M02,7.176,100.28962,RUNNING,4,0,0.0,413.2,11.66,47.82,0.171,1197.4,57.23,96.9,0.02,simulator,1.0
2026-10-02 08:02:32+00:00,M02,7.067,100.29354,RUNNING,4,0,0.0,414.2,11.45,47.87,0.167,1197.9,56.34,96.9,0.02,simulator,1.0
2026-10-02 08:02:34+00:00,M02,6.935,100.2974,RUNNING,4,0,0.0,413.1,11.27,47.87,0.166,1196.6,55.35,96.9,0.02,simulator,1.0
2026-10-02 08:02:36+00:00,M02,6.77,100.30116,RUNNING,4,0,0.0,415.6,10.94,47.91,0.171,1203.1,53.74,96.8,0.03,simulator,1.0
2026-10-02 08:02:38+00:00,M02,7.066,100.30508,RUNNING,4,0,0.0,418.0,11.35,47.9,0.174,1197.9,56.33,96.8,0.02,simulator,1.0
2026-10-02 08:02:40+00:00,M02,6.868,100.3089,RUNNING,4,0,0.0,414.6,11.12,47.86,0.172,1199.4,54.69,96.8,0.03,simulator,1.0
2026-10-02 08:02:42+00:00,M02,7.105,100.31285,RUNNING,4,0,0.0,417.5,11.42,47.84,0.163,1198.5,56.61,96.8,0.03,simulator,1.0
2026-10-02 08:02:44+00:00,M02,7.187,100.31684,RUNNING,4,0,0.0,414.8,11.63,47.83,0.15,1197.7,57.31,96.9,0.02,simulator,1.0
2026-10-02 08:02:46+00:00,M02,6.934,100.32069,RUNNING,4,0,0.0,414.5,11.23,47.87,0.165,1195.5,55.39,96.9,0.02,simulator,1.0
2026-10-02 08:02:48+00:00,M02,6.693,100.32441,RUNNING,4,0,0.0,416.2,10.8,47.84,0.161,1198.3,53.34,96.9,0.02,simulator,1.0
2026-10-02 08:02:50+00:00,M02,6.773,100.32817,RUNNING,4,0,0.0,413.4,11.0,47.82,0.149,1203.5,53.75,96.9,0.02,simulator,1.0
2026-10-02 08:02:52+00:00,M02,6.828,100.33197,RUNNING,4,0,0.0,415.8,11.02,47.83,0.163,1199.4,54.37,96.9,0.02,simulator,1.0
2026-10-02 08:02:54+00:00,M02,6.802,100.33575,RUNNING,4,0,0.0,415.7,10.98,47.79,0.164,1197.9,54.23,96.9,0.02,simulator,1.0
2026-10-02 08:02:56+00:00,M02,6.816,100.33953,RUNNING,4,0,0.0,417.6,10.96,47.81,0.146,1199.7,54.26,96.9,0.02,simulator,1.0
2026-10-02 08:02:58+00:00,M02,7.081,100.34347,RUNNING,4,0,0.0,412.0,11.54,47.8,0.168,1198.1,56.44,96.9,0.02,simulator,1.0
2026-10-02 08:03:00+00:00,M02,6.997,100.34735,RUNNING,5,1,36.0,418.5,11.22,47.8,0.176,1199.3,55.72,96.8,0.02,simulator,1.0
2026-10-02 08:03:02+00:00,M02,7.167,100.35133,RUNNING,5,0,0.0,414.8,11.6,47.84,0.173,1201.8,56.95,96.8,0.03,simulator,1.0
2026-10-02 08:03:04+00:00,M02,7.106,100.35528,RUNNING,5,0,0.0,412.2,11.57,47.89,0.154,1200.7,56.52,96.8,0.03,simulator,1.0
2026-10-02 08:03:06+00:00,M02,6.723,100.35902,RUNNING,5,0,0.0,412.3,10.95,47.91,0.165,1204.7,53.3,96.8,0.02,simulator,1.0
2026-10-02 08:03:08+00:00,M02,7.037,100.36293,RUNNING,5,0,0.0,417.2,11.32,47.94,0.173,1197.0,56.14,96.8,0.03,simulator,1.0
2026-10-02 08:03:10+00:00,M02,6.666,100.36663,RUNNING,5,0,0.0,413.5,10.82,47.93,0.177,1198.1,53.13,96.7,0.03,simulator,1.0
2026-10-02 08:03:12+00:00,M02,6.886,100.37046,RUNNING,5,0,0.0,417.3,11.08,47.94,0.17,1196.7,54.95,96.7,0.02,simulator,1.0
2026-10-02 08:03:14+00:00,M02,7.064,100.37438,RUNNING,5,0,0.0,413.2,11.48,47.95,0.164,1203.7,56.04,96.8,0.02,simulator,1.0
2026-10-02 08:03:16+00:00,M02,6.666,100.37808,RUNNING,5,0,0.0,414.3,10.8,47.99,0.148,1202.7,52.93,96.8,0.02,simulator,1.0
2026-10-02 08:03:18+00:00,M02,7.165,100.38206,RUNNING,5,0,0.0,414.0,11.62,47.97,0.148,1197.5,57.14,96.9,0.02,simulator,1.0
2026-10-02 08:03:20+00:00,M02,6.732,100.3858,RUNNING,5,0,0.0,416.6,10.85,48.02,0.169,1195.4,53.78,96.9,0.02,simulator,1.0
2026-10-02 08:03:22+00:00,M02,6.708,100.38953,RUNNING,5,0,0.0,411.8,10.94,48.06,0.158,1203.7,53.22,96.9,0.02,simulator,1.0
2026-10-02 08:03:24+00:00,M02,6.692,100.39325,RUNNING,5,0,0.0,412.6,10.89,48.05,0.162,1203.5,53.1,96.9,0.02,simulator,1.0
2026-10-02 08:03:26+00:00,M02,6.814,100.39703,RUNNING,5,0,0.0,415.4,11.01,48.01,0.17,1203.0,54.09,96.9,0.02,simulator,1.0
2026-10-02 08:03:28+00:00,M02,6.848,100.40084,RUNNING,5,0,0.0,416.3,11.04,47.97,0.172,1199.8,54.51,96.8,0.03,simulator,1.0
2026-10-02 08:03:30+00:00,M02,7.063,100.40476,RUNNING,5,0,0.0,411.9,11.51,47.95,0.149,1204.7,55.99,96.9,0.02,simulator,1.0
2026-10-02 08:03:32+00:00,M02,6.726,100.4085,RUNNING,5,0,0.0,413.6,10.92,47.98,0.162,1199.0,53.57,96.9,0.02,simulator,1.0
2026-10-02 08:03:34+00:00,M02,6.68,100.41221,RUNNING,5,0,0.0,414.1,10.83,47.98,0.171,1204.0,52.99,96.8,0.02,simulator,1.0
2026-10-02 08:03:36+00:00,M02,6.676,100.41592,RUNNING,6,1,36.0,414.2,10.82,48.0,0.159,1198.0,53.22,96.9,0.02,simulator,1.0
2026-10-02 08:03:38+00:00,M02,6.915,100.41976,RUNNING,6,0,0.0,413.0,11.24,47.95,0.159,1195.5,55.24,96.9,0.02,simulator,1.0
2026-10-02 08:03:40+00:00,M02,7.108,100.42371,RUNNING,6,0,0.0,412.0,11.58,48.0,0.152,1203.6,56.4,96.9,0.02,simulator,1.0
2026-10-02 08:03:42+00:00,M02,7.138,100.42768,RUNNING,6,0,0.0,414.6,11.56,48.03,0.173,1203.5,56.64,96.9,0.02,simulator,1.0
2026-10-02 08:03:44+00:00,M02,6.883,100.4315,RUNNING,6,0,0.0,414.1,11.16,48.07,0.172,1203.6,54.61,96.8,0.02,simulator,1.0
2026-10-02 08:03:46+00:00,M02,6.788,100.43527,RUNNING,6,0,0.0,413.8,11.01,48.06,0.171,1196.9,54.16,96.8,0.03,simulator,1.0
2026-10-02 08:03:48+00:00,M02,6.869,100.43909,RUNNING,6,0,0.0,414.6,11.12,48.07,0.16,1199.8,54.67,96.8,0.02,simulator,1.0
2026-10-02 08:03:50+00:00,M02,7.17,100.44307,RUNNING,6,0,0.0,414.7,11.61,48.09,0.173,1202.0,56.97,96.8,0.03,simulator,1.0
2026-10-02 08:03:52+00:00,M02,6.722,100.4468,RUNNING,6,0,0.0,416.5,10.83,48.06,0.175,1202.6,53.38,96.7,0.03,simulator,1.0
2026-10-02 08:03:54+00:00,M02,7.182,100.45079,RUNNING,6,0,0.0,411.6,11.71,48.08,0.161,1197.4,57.28,96.8,0.02,simulator,1.0
2026-10-02 08:03:56+00:00,M02,6.717,100.45453,RUNNING,6,0,0.0,412.1,10.94,48.1,0.174,1200.7,53.42,96.7,0.03,simulator,1.0
2026-10-02 08:03:58+00:00,M02,6.884,100.45835,RUNNING,6,0,0.0,413.6,11.17,48.13,0.161,1199.4,54.81,96.8,0.03,simulator,1.0
2026-10-02 08:04:00+00:00,M02,7.188,100.46234,RUNNING,6,0,0.0,411.9,11.72,48.17,0.171,1197.4,57.33,96.8,0.03,simulator,1.0
2026-10-02 08:04:02+00:00,M02,11.792,100.46889,OVERLOAD,6,0,0.0,412.8,19.18,48.37,0.388,1151.4,97.81,92.0,0.21,simulator,1.0
2026-10-02 08:04:04+00:00,M02,11.701,100.4754,OVERLOAD,6,0,0.0,414.0,18.97,48.49,0.439,1148.6,97.29,88.1,0.33,simulator,1.0
2026-10-02 08:04:06+00:00,M02,12.453,100.48231,OVERLOAD,6,0,0.0,411.6,20.31,48.69,0.45,1131.8,105.08,85.2,0.41,simulator,1.0
2026-10-02 08:04:08+00:00,M02,11.81,100.48887,OVERLOAD,6,0,0.0,412.6,19.22,48.9,0.457,1138.0,99.11,83.0,0.46,simulator,1.0
2026-10-02 08:04:10+00:00,M02,12.343,100.49573,OVERLOAD,6,0,0.0,416.3,19.9,49.03,0.455,1145.5,102.9,81.3,0.48,simulator,1.0
2026-10-02 08:04:12+00:00,M02,11.97,100.50238,OVERLOAD,7,1,34.62,413.8,19.42,49.25,0.462,1137.3,100.51,80.0,0.51,simulator,1.0
2026-10-02 08:04:14+00:00,M02,12.396,100.50927,OVERLOAD,7,0,0.0,413.2,20.14,49.4,0.448,1133.7,104.42,79.0,0.53,simulator,1.0
2026-10-02 08:04:16+00:00,M02,12.007,100.51594,OVERLOAD,7,0,0.0,416.1,19.37,49.61,0.461,1133.9,101.13,78.1,0.54,simulator,1.0
2026-10-02 08:04:18+00:00,M02,12.489,100.52288,OVERLOAD,7,0,0.0,411.7,20.37,49.77,0.456,1149.6,103.75,77.4,0.55,simulator,1.0
2026-10-02 08:04:20+00:00,M02,11.864,100.52947,OVERLOAD,7,0,0.0,416.9,19.1,49.9,0.444,1141.5,99.26,76.9,0.56,simulator,1.0
2026-10-02 08:04:22+00:00,M02,12.135,100.53621,OVERLOAD,7,0,0.0,413.9,19.68,50.04,0.447,1138.7,101.77,76.4,0.57,simulator,1.0
2026-10-02 08:04:24+00:00,M02,11.962,100.54286,OVERLOAD,7,0,0.0,412.8,19.45,50.18,0.453,1152.0,99.16,75.8,0.57,simulator,1.0
2026-10-02 08:04:26+00:00,M02,12.288,100.54968,OVERLOAD,7,0,0.0,414.3,19.91,50.32,0.446,1144.1,102.57,75.4,0.58,simulator,1.0
2026-10-02 08:04:28+00:00,M02,12.192,100.55646,OVERLOAD,7,0,0.0,414.8,19.73,50.46,0.438,1149.5,101.29,75.0,0.59,simulator,1.0
2026-10-02 08:04:30+00:00,M02,11.859,100.56304,OVERLOAD,7,0,0.0,417.4,19.07,50.62,0.454,1136.4,99.66,74.5,0.6,simulator,1.0
2026-10-02 08:04:32+00:00,M02,11.995,100.56971,OVERLOAD,7,0,0.0,412.9,19.5,50.76,0.44,1148.4,99.75,74.2,0.6,simulator,1.0
2026-10-02 08:04:34+00:00,M02,11.983,100.57637,OVERLOAD,7,0,0.0,413.4,19.46,50.93,0.445,1127.5,101.5,73.7,0.61,simulator,1.0
2026-10-02 08:04:36+00:00,M02,12.259,100.58318,OVERLOAD,7,0,0.0,413.0,19.93,51.15,0.456,1126.7,103.91,73.2,0.62,simulator,1.0
2026-10-02 08:04:38+00:00,M02,12.117,100.58991,OVERLOAD,7,0,0.0,415.6,19.57,51.32,0.435,1131.9,102.23,72.9,0.63,simulator,1.0
2026-10-02 08:04:40+00:00,M02,11.999,100.59657,OVERLOAD,7,0,0.0,411.8,19.56,51.47,0.447,1155.0,99.21,72.5,0.64,simulator,1.0
2026-10-02 08:04:42+00:00,M02,12.369,100.60345,OVERLOAD,7,0,0.0,412.9,20.11,51.64,0.445,1134.0,104.17,72.0,0.65,simulator,1.0
2026-10-02 08:04:44+00:00,M02,12.147,100.61019,OVERLOAD,7,0,0.0,414.4,19.68,51.8,0.439,1130.4,102.62,71.7,0.65,simulator,1.0
2026-10-02 08:04:46+00:00,M02,11.738,100.61671,OVERLOAD,7,0,0.0,415.4,18.97,52.03,0.458,1133.8,98.87,71.1,0.66,simulator,1.0
2026-10-02 08:04:48+00:00,M02,11.904,100.62333,OVERLOAD,8,1,34.62,414.8,19.27,52.17,0.451,1127.1,100.86,70.7,0.67,simulator,1.0
2026-10-02 08:04:50+00:00,M02,11.961,100.62997,OVERLOAD,8,0,0.0,416.6,19.27,52.4,0.461,1143.5,99.89,70.2,0.68,simulator,1.0
2026-10-02 08:04:52+00:00,M02,11.724,100.63649,OVERLOAD,8,0,0.0,418.2,18.82,52.58,0.458,1134.7,98.67,69.7,0.69,simulator,1.0
2026-10-02 08:04:54+00:00,M02,12.375,100.64336,OVERLOAD,8,0,0.0,414.3,20.05,52.81,0.455,1150.0,102.77,69.3,0.71,simulator,1.0
2026-10-02 08:04:56+00:00,M02,11.78,100.64991,OVERLOAD,8,0,0.0,414.5,19.08,53.02,0.448,1133.8,99.22,68.9,0.73,simulator,1.0
2026-10-02 08:04:58+00:00,M02,12.16,100.65666,OVERLOAD,8,0,0.0,416.7,19.59,53.2,0.433,1126.3,103.11,68.6,0.73,simulator,1.0
2026-10-02 08:05:00+00:00,M02,12.41,100.66356,OVERLOAD,8,0,0.0,413.5,20.15,53.36,0.451,1143.2,103.67,68.1,0.74,simulator,1.0
2026-10-02 08:05:02+00:00,M02,7.589,100.66777,RUNNING,8,0,0.0,417.9,12.19,53.34,0.237,1197.7,60.51,72.9,0.59,simulator,1.0
2026-10-02 08:05:04+00:00,M02,7.516,100.67195,RUNNING,8,0,0.0,418.5,12.06,53.33,0.194,1203.4,59.65,76.9,0.47,simulator,1.0
2026-10-02 08:05:06+00:00,M02,7.195,100.67594,RUNNING,8,0,0.0,418.5,11.54,53.3,0.186,1199.7,57.27,80.2,0.37,simulator,1.0
2026-10-02 08:05:08+00:00,M02,7.384,100.68005,RUNNING,8,0,0.0,414.7,11.95,53.29,0.17,1201.5,58.69,83.1,0.3,simulator,1.0
2026-10-02 08:05:10+00:00,M02,7.266,100.68408,RUNNING,8,0,0.0,416.4,11.71,53.28,0.156,1201.7,57.74,85.6,0.25,simulator,1.0
2026-10-02 08:05:12+00:00,M02,7.225,100.6881,RUNNING,8,0,0.0,418.2,11.6,53.22,0.174,1203.1,57.35,87.6,0.21,simulator,1.0
2026-10-02 08:05:14+00:00,M02,6.81,100.69188,RUNNING,8,0,0.0,417.2,10.96,53.16,0.158,1204.1,54.01,89.6,0.16,simulator,1.0
2026-10-02 08:05:16+00:00,M02,6.968,100.69575,RUNNING,8,0,0.0,416.1,11.24,53.11,0.169,1204.3,55.26,91.1,0.15,simulator,1.0
2026-10-02 08:05:18+00:00,M02,6.739,100.6995,RUNNING,8,0,0.0,416.1,10.87,53.0,0.163,1198.9,53.68,92.3,0.13,simulator,1.0
2026-10-02 08:05:20+00:00,M02,6.98,100.70337,RUNNING,8,0,0.0,413.4,11.34,52.88,0.17,1196.5,55.71,93.0,0.12,simulator,1.0
2026-10-02 08:05:22+00:00,M02,6.738,100.70712,RUNNING,9,1,36.0,418.2,10.82,52.76,0.167,1203.0,53.49,93.6,0.12,simulator,1.0
2026-10-02 08:05:24+00:00,M02,7.12,100.71107,RUNNING,9,0,0.0,417.5,11.45,52.73,0.161,1196.4,56.83,94.0,0.11,simulator,1.0
2026-10-02 08:05:26+00:00,M02,7.113,100.71502,RUNNING,9,0,0.0,416.2,11.47,52.64,0.155,1200.6,56.58,94.4,0.11,simulator,1.0
2026-10-02 08:05:28+00:00,M02,6.932,100.71888,RUNNING,9,0,0.0,411.7,11.3,52.56,0.171,1195.6,55.37,94.5,0.11,simulator,1.0
2026-10-02 08:05:30+00:00,M02,6.813,100.72266,RUNNING,9,0,0.0,418.4,10.93,52.46,0.171,1204.4,54.02,94.7,0.11,simulator,1.0
2026-10-02 08:05:32+00:00,M02,6.997,100.72655,RUNNING,9,0,0.0,413.0,11.37,52.38,0.162,1204.9,55.46,94.8,0.1,simulator,1.0
2026-10-02 08:05:34+00:00,M02,7.081,100.73048,RUNNING,9,0,0.0,417.4,11.39,52.26,0.156,1200.9,56.31,95.0,0.1,simulator,1.0
2026-10-02 08:05:36+00:00,M02,7.015,100.73438,RUNNING,9,0,0.0,412.9,11.41,52.24,0.158,1201.2,55.77,95.1,0.09,simulator,1.0
2026-10-02 08:05:38+00:00,M02,7.138,100.73834,RUNNING,9,0,0.0,415.9,11.52,52.15,0.159,1198.1,56.9,95.1,0.09,simulator,1.0
2026-10-02 08:05:40+00:00,M02,6.909,100.74218,RUNNING,9,0,0.0,413.0,11.23,52.07,0.149,1200.9,54.94,95.2,0.09,simulator,1.0
2026-10-02 08:05:42+00:00,M02,7.06,100.7461,RUNNING,9,0,0.0,412.8,11.48,52.02,0.159,1204.5,55.98,95.3,0.09,simulator,1.0
2026-10-02 08:05:44+00:00,M02,7.016,100.75,RUNNING,9,0,0.0,412.7,11.41,51.91,0.174,1200.2,55.83,95.2,0.09,simulator,1.0
2026-10-02 08:05:46+00:00,M02,6.81,100.75379,RUNNING,9,0,0.0,413.3,11.06,51.82,0.17,1199.7,54.21,95.2,0.1,simulator,1.0
2026-10-02 08:05:48+00:00,M02,6.908,100.75762,RUNNING,9,0,0.0,413.0,11.23,51.73,0.175,1204.1,54.79,95.2,0.09,simulator,1.0
2026-10-02 08:05:50+00:00,M02,6.796,100.7614,RUNNING,9,0,0.0,415.0,10.99,51.65,0.16,1203.2,53.94,95.3,0.08,simulator,1.0
2026-10-02 08:05:52+00:00,M02,6.911,100.76524,RUNNING,9,0,0.0,412.2,11.26,51.59,0.152,1199.4,55.03,95.4,0.09,simulator,1.0
2026-10-02 08:05:54+00:00,M02,6.964,100.76911,RUNNING,9,0,0.0,412.7,11.33,51.53,0.153,1197.4,55.54,95.4,0.08,simulator,1.0
2026-10-02 08:05:56+00:00,M02,6.974,100.77298,RUNNING,9,0,0.0,415.9,11.26,51.43,0.156,1202.1,55.4,95.5,0.07,simulator,1.0
2026-10-02 08:05:58+00:00,M02,6.811,100.77677,RUNNING,10,1,36.0,418.0,10.94,51.36,0.152,1204.5,54.0,95.5,0.07,simulator,1.0
2026-10-02 08:06:00+00:00,M02,6.855,100.78057,RUNNING,10,0,0.0,414.5,11.1,51.28,0.155,1197.6,54.66,95.6,0.06,simulator,1.0
2026-10-02 08:06:02+00:00,M02,6.71,100.7843,RUNNING,10,0,0.0,414.9,10.86,51.22,0.151,1203.4,53.25,95.6,0.07,simulator,1.0
2026-10-02 08:06:04+00:00,M02,6.859,100.78811,RUNNING,10,0,0.0,415.9,11.07,51.21,0.153,1201.9,54.5,95.7,0.07,simulator,1.0
2026-10-02 08:06:06+00:00,M02,6.761,100.79187,RUNNING,10,0,0.0,418.2,10.85,51.16,0.163,1199.5,53.83,95.7,0.07,simulator,1.0
2026-10-02 08:06:08+00:00,M02,7.141,100.79584,RUNNING,10,0,0.0,416.7,11.5,51.1,0.155,1200.1,56.83,95.7,0.06,simulator,1.0
2026-10-02 08:06:10+00:00,M02,6.947,100.7997,RUNNING,10,0,0.0,415.5,11.22,51.04,0.168,1203.7,55.12,95.7,0.07,simulator,1.0
2026-10-02 08:06:12+00:00,M02,6.665,100.8034,RUNNING,10,0,0.0,412.4,10.85,51.02,0.17,1198.5,53.11,95.6,0.07,simulator,1.0
2026-10-02 08:06:14+00:00,M02,6.691,100.80712,RUNNING,10,0,0.0,417.9,10.75,50.98,0.149,1196.7,53.4,95.7,0.07,simulator,1.0
2026-10-02 08:06:16+00:00,M02,7.089,100.81105,RUNNING,10,0,0.0,415.3,11.46,50.94,0.162,1196.6,56.58,95.7,0.07,simulator,1.0
2026-10-02 08:06:18+00:00,M02,6.728,100.81479,RUNNING,10,0,0.0,418.4,10.8,50.86,0.146,1196.5,53.7,95.8,0.07,simulator,1.0
2026-10-02 08:06:20+00:00,M02,6.911,100.81863,RUNNING,10,0,0.0,415.3,11.17,50.85,0.164,1201.8,54.92,95.8,0.06,simulator,1.0
2026-10-02 08:06:22+00:00,M02,6.727,100.82237,RUNNING,10,0,0.0,416.8,10.84,50.77,0.159,1196.8,53.68,95.8,0.05,simulator,1.0
2026-10-02 08:06:24+00:00,M02,6.945,100.82623,RUNNING,10,0,0.0,416.5,11.19,50.68,0.15,1200.8,55.23,95.8,0.05,simulator,1.0
2026-10-02 08:06:26+00:00,M02,7.014,100.83012,RUNNING,10,0,0.0,415.9,11.32,50.59,0.149,1196.3,55.99,95.9,0.05,simulator,1.0
2026-10-02 08:06:28+00:00,M02,7.086,100.83406,RUNNING,10,0,0.0,417.4,11.4,50.57,0.147,1199.2,56.43,95.9,0.06,simulator,1.0
2026-10-02 08:06:30+00:00,M02,6.749,100.83781,RUNNING,10,0,0.0,413.4,10.96,50.49,0.163,1199.8,53.72,95.9,0.06,simulator,1.0
2026-10-02 08:06:32+00:00,M02,7.1,100.84175,RUNNING,10,0,0.0,417.8,11.41,50.47,0.172,1200.0,56.5,95.9,0.06,simulator,1.0
2026-10-02 08:06:34+00:00,M02,7.054,100.84567,RUNNING,11,1,36.0,412.8,11.47,50.4,0.161,1203.8,55.96,95.9,0.06,simulator,1.0
2026-10-02 08:06:36+00:00,M02,6.89,100.8495,RUNNING,11,0,0.0,417.1,11.09,50.38,0.162,1197.2,54.96,95.9,0.06,simulator,1.0
2026-10-02 08:06:38+00:00,M02,6.914,100.85334,RUNNING,11,0,0.0,414.8,11.19,50.38,0.147,1200.5,55.0,96.0,0.06,simulator,1.0
2026-10-02 08:06:40+00:00,M02,6.814,100.85713,RUNNING,11,0,0.0,414.2,11.04,50.37,0.147,1200.9,54.19,96.0,0.05,simulator,1.0
2026-10-02 08:06:42+00:00,M02,7.17,100.86111,RUNNING,11,0,0.0,412.6,11.67,50.33,0.145,1204.9,56.83,96.0,0.04,simulator,1.0
2026-10-02 08:06:44+00:00,M02,7.116,100.86506,RUNNING,11,0,0.0,415.1,11.51,50.28,0.145,1203.8,56.45,96.0,0.04,simulator,1.0
2026-10-02 08:06:46+00:00,M02,6.685,100.86878,RUNNING,11,0,0.0,412.6,10.88,50.2,0.161,1195.5,53.4,96.1,0.04,simulator,1.0
2026-10-02 08:06:48+00:00,M02,6.908,100.87262,RUNNING,11,0,0.0,416.0,11.15,50.21,0.149,1198.1,55.06,96.1,0.04,simulator,1.0
2026-10-02 08:06:50+00:00,M02,7.177,100.8766,RUNNING,11,0,0.0,413.9,11.64,50.19,0.162,1204.9,56.88,96.1,0.05,simulator,1.0
2026-10-02 08:06:52+00:00,M02,6.951,100.88046,RUNNING,11,0,0.0,416.5,11.2,50.11,0.163,1201.9,55.23,96.1,0.05,simulator,1.0
2026-10-02 08:06:54+00:00,M02,6.93,100.88431,RUNNING,11,0,0.0,415.8,11.19,50.08,0.149,1200.4,55.13,96.1,0.05,simulator,1.0
2026-10-02 08:06:56+00:00,M02,6.999,100.8882,RUNNING,11,0,0.0,414.9,11.32,50.04,0.15,1198.8,55.76,96.1,0.04,simulator,1.0
2026-10-02 08:06:58+00:00,M02,6.984,100.89208,RUNNING,11,0,0.0,417.4,11.23,50.04,0.155,1195.0,55.81,96.1,0.04,simulator,1.0
2026-10-02 08:07:00+00:00,M02,6.842,100.89588,RUNNING,11,0,0.0,414.7,11.08,50.05,0.147,1202.4,54.34,96.2,0.03,simulator,1.0
2026-10-02 08:07:02+00:00,M02,6.815,100.89967,RUNNING,11,0,0.0,412.2,11.1,50.01,0.154,1198.5,54.3,96.2,0.04,simulator,1.0
2026-10-02 08:07:04+00:00,M02,6.987,100.90355,RUNNING,11,0,0.0,414.9,11.31,49.97,0.155,1198.3,55.68,96.2,0.03,simulator,1.0
2026-10-02 08:07:06+00:00,M02,7.01,100.90745,RUNNING,11,0,0.0,413.6,11.38,49.95,0.163,1198.2,55.87,96.2,0.03,simulator,1.0
2026-10-02 08:07:08+00:00,M02,6.726,100.91118,RUNNING,11,0,0.0,412.4,10.95,49.87,0.166,1201.8,53.45,96.1,0.04,simulator,1.0
2026-10-02 08:07:10+00:00,M02,7.007,100.91508,RUNNING,12,1,36.0,412.2,11.41,49.82,0.175,1197.6,55.88,96.1,0.04,simulator,1.0
2026-10-02 08:07:12+00:00,M02,7.191,100.91907,RUNNING,12,0,0.0,411.7,11.73,49.81,0.169,1195.8,57.43,96.1,0.05,simulator,1.0
2026-10-02 08:07:14+00:00,M02,6.919,100.92291,RUNNING,12,0,0.0,416.9,11.14,49.77,0.158,1198.7,55.12,96.1,0.05,simulator,1.0
2026-10-02 08:07:16+00:00,M02,6.863,100.92673,RUNNING,12,0,0.0,416.3,11.07,49.79,0.172,1201.0,54.57,96.1,0.05,simulator,1.0
2026-10-02 08:07:18+00:00,M02,6.782,100.93049,RUNNING,12,0,0.0,414.3,10.99,49.77,0.163,1199.3,54.0,96.1,0.05,simulator,1.0
2026-10-02 08:07:20+00:00,M02,7.199,100.93449,RUNNING,12,0,0.0,413.9,11.68,49.77,0.156,1197.4,57.42,96.2,0.04,simulator,1.0
2026-10-02 08:07:22+00:00,M02,6.875,100.93831,RUNNING,12,0,0.0,417.6,11.05,49.7,0.168,1204.0,54.53,96.2,0.05,simulator,1.0
2026-10-02 08:07:24+00:00,M02,6.887,100.94214,RUNNING,12,0,0.0,412.3,11.21,49.68,0.162,1200.5,54.79,96.2,0.05,simulator,1.0
2026-10-02 08:07:26+00:00,M02,7.074,100.94607,RUNNING,12,0,0.0,411.6,11.54,49.67,0.163,1199.1,56.34,96.2,0.04,simulator,1.0
2026-10-02 08:07:28+00:00,M02,6.802,100.94985,RUNNING,12,0,0.0,413.8,11.04,49.62,0.175,1196.5,54.29,96.1,0.05,simulator,1.0
2026-10-02 08:07:30+00:00,M02,6.808,100.95363,RUNNING,12,0,0.0,413.3,11.06,49.58,0.17,1197.3,54.3,96.1,0.05,simulator,1.0
2026-10-02 08:07:32+00:00,M02,6.803,100.95741,RUNNING,12,0,0.0,416.0,10.98,49.58,0.162,1195.7,54.34,96.2,0.04,simulator,1.0
2026-10-02 08:07:34+00:00,M02,7.08,100.96134,RUNNING,12,0,0.0,414.8,11.46,49.51,0.169,1201.7,56.27,96.2,0.04,simulator,1.0
2026-10-02 08:07:36+00:00,M02,6.942,100.9652,RUNNING,12,0,0.0,412.5,11.3,49.49,0.164,1197.4,55.37,96.2,0.04,simulator,1.0
2026-10-02 08:07:38+00:00,M02,6.963,100.96907,RUNNING,12,0,0.0,416.6,11.22,49.43,0.161,1203.6,55.25,96.3,0.03,simulator,1.0
2026-10-02 08:07:40+00:00,M02,7.023,100.97297,RUNNING,12,0,0.0,411.7,11.45,49.43,0.156,1204.1,55.7,96.3,0.04,simulator,1.0
2026-10-02 08:07:42+00:00,M02,6.937,100.97682,RUNNING,12,0,0.0,417.3,11.16,49.38,0.146,1200.3,55.19,96.4,0.04,simulator,1.0
2026-10-02 08:07:44+00:00,M02,7.183,100.98081,RUNNING,12,0,0.0,418.5,11.52,49.33,0.165,1204.0,56.97,96.4,0.03,simulator,1.0
2026-10-02 08:07:46+00:00,M02,6.681,100.98453,RUNNING,13,1,36.0,413.7,10.84,49.33,0.163,1200.3,53.16,96.4,0.03,simulator,1.0
2026-10-02 08:07:48+00:00,M02,6.959,100.98839,RUNNING,13,0,0.0,412.3,11.33,49.34,0.175,1199.2,55.42,96.3,0.04,simulator,1.0
2026-10-02 08:07:50+00:00,M02,7.092,100.99233,RUNNING,13,0,0.0,414.5,11.49,49.33,0.163,1196.6,56.6,96.3,0.04,simulator,1.0
2026-10-02 08:07:52+00:00,M02,6.951,100.99619,RUNNING,13,0,0.0,415.6,11.23,49.27,0.157,1195.1,55.55,96.4,0.04,simulator,1.0
2026-10-02 08:07:54+00:00,M02,7.059,101.00012,RUNNING,13,0,0.0,413.4,11.46,49.3,0.146,1198.4,56.25,96.4,0.04,simulator,1.0
2026-10-02 08:07:56+00:00,M02,6.864,101.00393,RUNNING,13,0,0.0,412.6,11.17,49.31,0.144,1197.4,54.74,96.4,0.03,simulator,1.0
2026-10-02 08:07:58+00:00,M02,6.722,101.00766,RUNNING,13,0,0.0,417.2,10.82,49.32,0.169,1195.8,53.68,96.4,0.04,simulator,1.0
2026-10-02 08:08:00+00:00,M02,6.699,101.01139,RUNNING,13,0,0.0,416.7,10.79,49.3,0.171,1195.1,53.53,96.3,0.05,simulator,1.0
2026-10-02 08:08:02+00:00,M02,6.863,101.0152,RUNNING,13,0,0.0,416.5,11.06,49.3,0.164,1200.9,54.58,96.3,0.05,simulator,1.0
2026-10-02 08:08:04+00:00,M02,7.146,101.01917,RUNNING,13,0,0.0,412.8,11.62,49.25,0.175,1196.8,57.02,96.3,0.04,simulator,1.0
2026-10-02 08:08:06+00:00,M02,6.896,101.023,RUNNING,13,0,0.0,418.1,11.07,49.23,0.163,1204.5,54.68,96.3,0.03,simulator,1.0
2026-10-02 08:08:08+00:00,M02,7.032,101.02691,RUNNING,13,0,0.0,415.7,11.36,49.22,0.156,1195.4,56.18,96.4,0.03,simulator,1.0
2026-10-02 08:08:10+00:00,M02,7.168,101.03089,RUNNING,13,0,0.0,418.0,11.51,49.23,0.174,1195.1,57.28,96.3,0.04,simulator,1.0
2026-10-02 08:08:12+00:00,M02,6.706,101.03461,RUNNING,13,0,0.0,414.2,10.87,49.23,0.166,1196.8,53.51,96.3,0.04,simulator,1.0
2026-10-02 08:08:14+00:00,M02,7.046,101.03853,RUNNING,13,0,0.0,412.0,11.48,49.24,0.173,1201.8,55.99,96.3,0.04,simulator,1.0
2026-10-02 08:08:16+00:00,M02,6.909,101.04237,RUNNING,13,0,0.0,412.2,11.25,49.23,0.173,1201.4,54.92,96.3,0.04,simulator,1.0
2026-10-02 08:08:18+00:00,M02,6.891,101.04619,RUNNING,13,0,0.0,416.5,11.11,49.17,0.176,1200.4,54.82,96.2,0.05,simulator,1.0
2026-10-02 08:08:20+00:00,M02,6.671,101.0499,RUNNING,13,0,0.0,414.8,10.8,49.12,0.177,1200.1,53.09,96.2,0.04,simulator,1.0
2026-10-02 08:08:22+00:00,M02,6.682,101.05361,RUNNING,14,1,36.0,412.7,10.87,49.06,0.172,1203.1,53.04,96.2,0.04,simulator,1.0
2026-10-02 08:08:24+00:00,M02,7.113,101.05756,RUNNING,14,0,0.0,411.9,11.59,49.04,0.169,1199.6,56.63,96.3,0.04,simulator,1.0
2026-10-02 08:08:26+00:00,M02,6.886,101.06139,RUNNING,14,0,0.0,412.5,11.21,49.04,0.159,1197.8,54.9,96.4,0.04,simulator,1.0
2026-10-02 08:08:28+00:00,M02,7.016,101.06529,RUNNING,14,0,0.0,411.8,11.44,48.99,0.148,1204.5,55.63,96.4,0.03,simulator,1.0
2026-10-02 08:08:30+00:00,M02,6.676,101.069,RUNNING,14,0,0.0,417.4,10.74,48.94,0.155,1201.1,53.08,96.5,0.03,simulator,1.0
2026-10-02 08:08:32+00:00,M02,7.058,101.07292,RUNNING,14,0,0.0,415.3,11.41,48.92,0.149,1199.5,56.19,96.5,0.03,simulator,1.0
2026-10-02 08:08:34+00:00,M02,6.945,101.07678,RUNNING,14,0,0.0,415.0,11.23,48.91,0.171,1203.4,55.11,96.5,0.02,simulator,1.0
2026-10-02 08:08:36+00:00,M02,6.96,101.08064,RUNNING,14,0,0.0,412.2,11.34,48.88,0.159,1198.4,55.46,96.5,0.02,simulator,1.0
2026-10-02 08:08:38+00:00,M02,7.139,101.08461,RUNNING,14,0,0.0,414.8,11.55,48.9,0.168,1195.5,57.03,96.5,0.02,simulator,1.0
2026-10-02 08:08:40+00:00,M02,6.858,101.08842,RUNNING,14,0,0.0,418.3,11.01,48.85,0.149,1197.3,54.7,96.6,0.03,simulator,1.0
2026-10-02 08:08:42+00:00,M02,6.968,101.09229,RUNNING,14,0,0.0,417.7,11.2,48.85,0.146,1195.8,55.65,96.6,0.02,simulator,1.0
2026-10-02 08:08:44+00:00,M02,7.018,101.09619,RUNNING,14,0,0.0,417.8,11.28,48.84,0.165,1196.6,56.01,96.6,0.02,simulator,1.0
2026-10-02 08:08:46+00:00,M02,6.722,101.09992,RUNNING,14,0,0.0,413.3,10.92,48.86,0.156,1200.2,53.49,96.6,0.02,simulator,1.0
2026-10-02 08:08:48+00:00,M02,6.787,101.10369,RUNNING,14,0,0.0,414.7,10.99,48.83,0.166,1197.7,54.12,96.6,0.02,simulator,1.0
2026-10-02 08:08:50+00:00,M02,6.675,101.1074,RUNNING,14,0,0.0,414.5,10.81,48.83,0.172,1202.6,53.01,96.5,0.03,simulator,1.0
2026-10-02 08:08:52+00:00,M02,7.186,101.11139,RUNNING,14,0,0.0,412.4,11.7,48.77,0.151,1195.4,57.41,96.6,0.03,simulator,1.0
2026-10-02 08:08:54+00:00,M02,6.901,101.11523,RUNNING,14,0,0.0,412.3,11.24,48.72,0.154,1198.9,54.97,96.6,0.02,simulator,1.0
2026-10-02 08:08:56+00:00,M02,7.191,101.11922,RUNNING,14,0,0.0,413.3,11.68,48.67,0.168,1202.4,57.11,96.6,0.03,simulator,1.0
2026-10-02 08:08:58+00:00,M02,7.199,101.12322,RUNNING,15,1,36.0,411.9,11.73,48.63,0.167,1195.3,57.52,96.6,0.02,simulator,1.0
2026-10-02 08:09:00+00:00,M02,7.098,101.12717,RUNNING,15,0,0.0,412.7,11.55,48.58,0.155,1197.9,56.59,96.6,0.02,simulator,1.0
2026-10-02 08:09:02+00:00,M02,7.022,101.13107,RUNNING,15,0,0.0,413.8,11.39,48.6,0.146,1203.8,55.71,96.7,0.02,simulator,1.0
2026-10-02 08:09:04+00:00,M02,6.817,101.13485,RUNNING,15,0,0.0,411.8,11.11,48.61,0.172,1201.5,54.18,96.6,0.02,simulator,1.0
2026-10-02 08:09:06+00:00,M02,6.93,101.1387,RUNNING,15,0,0.0,414.5,11.22,48.6,0.156,1204.7,54.94,96.7,0.03,simulator,1.0
2026-10-02 08:09:08+00:00,M02,7.147,101.14268,RUNNING,15,0,0.0,414.7,11.57,48.55,0.167,1201.0,56.83,96.6,0.03,simulator,1.0
2026-10-02 08:09:10+00:00,M02,6.892,101.1465,RUNNING,15,0,0.0,411.7,11.24,48.58,0.152,1198.0,54.94,96.7,0.03,simulator,1.0
2026-10-02 08:09:12+00:00,M02,6.743,101.15025,RUNNING,15,0,0.0,411.7,11.0,48.58,0.162,1203.4,53.51,96.7,0.02,simulator,1.0
2026-10-02 08:09:14+00:00,M02,6.69,101.15397,RUNNING,15,0,0.0,417.3,10.76,48.52,0.169,1202.8,53.12,96.7,0.02,simulator,1.0
2026-10-02 08:09:16+00:00,M02,7.016,101.15786,RUNNING,15,0,0.0,415.1,11.35,48.51,0.147,1198.1,55.92,96.7,0.02,simulator,1.0
2026-10-02 08:09:18+00:00,M02,7.09,101.1618,RUNNING,15,0,0.0,413.2,11.52,48.46,0.157,1201.0,56.38,96.7,0.02,simulator,1.0
2026-10-02 08:09:20+00:00,M02,6.815,101.16559,RUNNING,15,0,0.0,415.1,11.02,48.5,0.155,1204.2,54.05,96.8,0.02,simulator,1.0
2026-10-02 08:09:22+00:00,M02,7.192,101.16959,RUNNING,15,0,0.0,415.4,11.62,48.47,0.167,1202.3,57.13,96.7,0.02,simulator,1.0
2026-10-02 08:09:24+00:00,M02,7.037,101.17349,RUNNING,15,0,0.0,413.6,11.42,48.5,0.169,1200.6,55.97,96.7,0.02,simulator,1.0
2026-10-02 08:09:26+00:00,M02,6.667,101.1772,RUNNING,15,0,0.0,416.6,10.74,48.49,0.162,1201.1,53.01,96.7,0.02,simulator,1.0
2026-10-02 08:09:28+00:00,M02,6.783,101.18097,RUNNING,15,0,0.0,414.6,10.98,48.43,0.153,1196.8,54.13,96.7,0.02,simulator,1.0
2026-10-02 08:09:30+00:00,M02,7.035,101.18488,RUNNING,15,0,0.0,414.0,11.41,48.45,0.158,1196.7,56.14,96.8,0.02,simulator,1.0
2026-10-02 08:09:32+00:00,M02,6.717,101.18861,RUNNING,15,0,0.0,413.5,10.91,48.45,0.149,1199.2,53.49,96.8,0.02,simulator,1.0
2026-10-02 08:09:34+00:00,M02,7.188,101.1926,RUNNING,16,1,36.0,412.7,11.69,48.41,0.161,1200.5,57.18,96.8,0.02,simulator,1.0
2026-10-02 08:09:36+00:00,M02,6.937,101.19645,RUNNING,16,0,0.0,417.8,11.15,48.42,0.149,1200.8,55.17,96.8,0.02,simulator,1.0
2026-10-02 08:09:38+00:00,M02,7.141,101.20042,RUNNING,16,0,0.0,413.5,11.59,48.44,0.164,1201.6,56.75,96.8,0.02,simulator,1.0
2026-10-02 08:09:40+00:00,M02,6.848,101.20423,RUNNING,16,0,0.0,412.6,11.14,48.4,0.162,1196.0,54.68,96.8,0.02,simulator,1.0
2026-10-02 08:09:42+00:00,M02,7.066,101.20815,RUNNING,16,0,0.0,418.4,11.34,48.37,0.153,1199.0,56.28,96.8,0.02,simulator,1.0
2026-10-02 08:09:44+00:00,M02,6.87,101.21197,RUNNING,16,0,0.0,414.3,11.13,48.35,0.172,1199.4,54.7,96.7,0.03,simulator,1.0
2026-10-02 08:09:46+00:00,M02,6.677,101.21568,RUNNING,16,0,0.0,417.7,10.73,48.39,0.175,1199.1,53.18,96.7,0.03,simulator,1.0
2026-10-02 08:09:48+00:00,M02,6.937,101.21953,RUNNING,16,0,0.0,415.2,11.22,48.34,0.166,1195.7,55.41,96.7,0.03,simulator,1.0
2026-10-02 08:09:50+00:00,M02,7.179,101.22352,RUNNING,16,0,0.0,413.6,11.65,48.39,0.172,1203.5,56.97,96.6,0.03,simulator,1.0
2026-10-02 08:09:52+00:00,M02,7.208,101.22752,RUNNING,16,0,0.0,411.7,11.75,48.39,0.177,1203.3,57.21,96.6,0.02,simulator,1.0
2026-10-02 08:09:54+00:00,M02,7.187,101.23152,RUNNING,16,0,0.0,418.2,11.54,48.41,0.167,1201.4,57.13,96.6,0.02,simulator,1.0
2026-10-02 08:09:56+00:00,M02,6.718,101.23525,RUNNING,16,0,0.0,412.7,10.93,48.45,0.159,1204.7,53.26,96.7,0.02,simulator,1.0
2026-10-02 08:09:58+00:00,M02,6.93,101.2391,RUNNING,16,0,0.0,416.4,11.17,48.41,0.161,1201.3,55.09,96.7,0.02,simulator,1.0
2026-10-02 08:10:00+00:00,M02,6.818,101.24289,RUNNING,16,0,0.0,416.5,10.99,48.43,0.148,1197.6,54.37,96.7,0.02,simulator,1.0
2026-10-02 08:10:02+00:00,M02,11.897,101.2495,OVERLOAD,16,0,0.0,412.9,19.34,48.59,0.389,1140.2,99.65,91.9,0.21,simulator,1.0
2026-10-02 08:10:04+00:00,M02,12.082,101.25621,OVERLOAD,16,0,0.0,417.6,19.42,48.74,0.426,1131.7,101.96,88.2,0.33,simulator,1.0
2026-10-02 08:10:06+00:00,M02,11.942,101.26284,OVERLOAD,16,0,0.0,411.8,19.47,48.94,0.453,1147.6,99.38,85.2,0.4,simulator,1.0
2026-10-02 08:10:08+00:00,M02,12.355,101.26971,OVERLOAD,16,0,0.0,416.2,19.93,49.07,0.453,1145.4,103.01,83.0,0.46,simulator,1.0
2026-10-02 08:10:10+00:00,M02,12.373,101.27658,OVERLOAD,17,1,34.62,412.9,20.12,49.24,0.45,1136.2,104.0,81.3,0.49,simulator,1.0
2026-10-02 08:10:12+00:00,M02,11.864,101.28317,OVERLOAD,17,0,0.0,414.3,19.22,49.39,0.449,1147.6,98.73,80.1,0.52,simulator,1.0
2026-10-02 08:10:14+00:00,M02,12.435,101.29008,OVERLOAD,17,0,0.0,415.4,20.1,49.54,0.447,1139.0,104.26,79.1,0.54,simulator,1.0
2026-10-02 08:10:16+00:00,M02,11.941,101.29671,OVERLOAD,17,0,0.0,414.9,19.32,49.72,0.435,1151.3,99.05,78.3,0.54,simulator,1.0
2026-10-02 08:10:18+00:00,M02,11.749,101.30324,OVERLOAD,17,0,0.0,416.8,18.92,49.93,0.431,1139.2,98.49,77.7,0.55,simulator,1.0
2026-10-02 08:10:20+00:00,M02,11.891,101.30985,OVERLOAD,17,0,0.0,414.4,19.26,50.12,0.438,1148.8,98.85,77.1,0.56,simulator,1.0
2026-10-02 08:10:22+00:00,M02,12.04,101.31654,OVERLOAD,17,0,0.0,412.6,19.59,50.25,0.434,1149.9,99.99,76.6,0.57,simulator,1.0
2026-10-02 08:10:24+00:00,M02,12.28,101.32336,OVERLOAD,17,0,0.0,417.8,19.73,50.43,0.453,1146.6,102.28,76.0,0.58,simulator,1.0
2026-10-02 08:10:26+00:00,M02,11.965,101.33001,OVERLOAD,17,0,0.0,412.0,19.5,50.56,0.45,1143.8,99.9,75.4,0.59,simulator,1.0
2026-10-02 08:10:28+00:00,M02,12.503,101.33695,OVERLOAD,17,0,0.0,412.9,20.33,50.71,0.448,1126.9,105.96,74.9,0.6,simulator,1.0
2026-10-02 08:10:30+00:00,M02,12.13,101.34369,OVERLOAD,17,0,0.0,417.5,19.5,50.92,0.439,1145.1,101.16,74.5,0.61,simulator,1.0
2026-10-02 08:10:32+00:00,M02,11.99,101.35035,OVERLOAD,17,0,0.0,413.0,19.49,51.07,0.439,1136.8,100.73,74.1,0.62,simulator,1.0
2026-10-02 08:10:34+00:00,M02,12.273,101.35717,OVERLOAD,17,0,0.0,413.7,19.92,51.24,0.433,1139.0,102.9,73.8,0.63,simulator,1.0
2026-10-02 08:10:36+00:00,M02,11.751,101.3637,OVERLOAD,17,0,0.0,417.4,18.9,51.43,0.432,1140.8,98.37,73.4,0.63,simulator,1.0
2026-10-02 08:10:38+00:00,M02,12.073,101.37041,OVERLOAD,17,0,0.0,416.3,19.47,51.58,0.455,1130.2,102.01,72.8,0.65,simulator,1.0
2026-10-02 08:10:40+00:00,M02,12.395,101.37729,OVERLOAD,17,0,0.0,414.4,20.08,51.75,0.46,1150.8,102.86,72.3,0.65,simulator,1.0
2026-10-02 08:10:42+00:00,M02,12.496,101.38423,OVERLOAD,17,0,0.0,413.4,20.29,51.92,0.459,1132.3,105.39,71.8,0.67,simulator,1.0
2026-10-02 08:10:44+00:00,M02,11.791,101.39078,OVERLOAD,17,0,0.0,411.7,19.23,52.13,0.449,1147.4,98.14,71.4,0.67,simulator,1.0
2026-10-02 08:10:46+00:00,M02,11.752,101.39731,OVERLOAD,18,1,34.62,412.9,19.11,52.31,0.456,1146.3,97.91,70.9,0.68,simulator,1.0
2026-10-02 08:10:48+00:00,M02,12.139,101.40406,OVERLOAD,18,0,0.0,415.1,19.63,52.53,0.457,1153.0,100.54,70.4,0.69,simulator,1.0
2026-10-02 08:10:50+00:00,M02,12.477,101.41099,OVERLOAD,18,0,0.0,415.0,20.18,52.71,0.436,1134.2,105.06,70.2,0.7,simulator,1.0
2026-10-02 08:10:52+00:00,M02,11.764,101.41752,OVERLOAD,18,0,0.0,412.3,19.16,52.88,0.454,1147.8,97.88,69.7,0.71,simulator,1.0
2026-10-02 08:10:54+00:00,M02,12.057,101.42422,OVERLOAD,18,0,0.0,417.7,19.38,53.01,0.464,1149.8,100.14,69.2,0.71,simulator,1.0
2026-10-02 08:10:56+00:00,M02,12.131,101.43096,OVERLOAD,18,0,0.0,411.9,19.77,53.14,0.46,1130.3,102.5,68.7,0.73,simulator,1.0
2026-10-02 08:10:58+00:00,M02,12.326,101.43781,OVERLOAD,18,0,0.0,413.9,19.99,53.29,0.437,1141.5,103.12,68.4,0.74,simulator,1.0
2026-10-02 08:11:00+00:00,M02,12.014,101.44448,OVERLOAD,18,0,0.0,416.2,19.38,53.49,0.45,1133.2,101.25,68.0,0.75,simulator,1.0
2026-10-02 08:11:02+00:00,M02,7.069,101.44841,RUNNING,18,0,0.0,415.5,11.42,53.44,0.221,1203.6,56.09,72.9,0.59,simulator,1.0
2026-10-02 08:11:04+00:00,M02,7.401,101.45252,RUNNING,18,0,0.0,417.1,11.91,53.38,0.184,1200.4,58.88,77.0,0.47,simulator,1.0
2026-10-02 08:11:06+00:00,M02,7.383,101.45663,RUNNING,18,0,0.0,417.3,11.88,53.36,0.177,1198.9,58.81,80.3,0.38,simulator,1.0
2026-10-02 08:11:08+00:00,M02,7.326,101.4607,RUNNING,18,0,0.0,413.4,11.9,53.36,0.177,1200.9,58.26,83.1,0.31,simulator,1.0
2026-10-02 08:11:10+00:00,M02,7.231,101.46471,RUNNING,18,0,0.0,412.4,11.77,53.28,0.165,1195.6,57.76,85.5,0.24,simulator,1.0
2026-10-02 08:11:12+00:00,M02,7.006,101.4686,RUNNING,18,0,0.0,413.3,11.38,53.22,0.175,1201.4,55.69,87.6,0.22,simulator,1.0
2026-10-02 08:11:14+00:00,M02,7.181,101.47259,RUNNING,18,0,0.0,417.8,11.54,53.12,0.154,1204.0,56.96,89.6,0.18,simulator,1.0
2026-10-02 08:11:16+00:00,M02,7.153,101.47657,RUNNING,18,0,0.0,418.1,11.49,52.99,0.159,1203.0,56.78,91.2,0.15,simulator,1.0
2026-10-02 08:11:18+00:00,M02,6.692,101.48029,RUNNING,18,0,0.0,413.0,10.88,52.96,0.165,1204.8,53.04,92.3,0.13,simulator,1.0
2026-10-02 08:11:20+00:00,M02,7.034,101.48419,RUNNING,19,1,36.0,411.9,11.46,52.84,0.165,1201.6,55.9,93.1,0.12,simulator,1.0
2026-10-02 08:11:22+00:00,M02,6.953,101.48806,RUNNING,19,0,0.0,415.5,11.23,52.73,0.176,1200.1,55.33,93.6,0.13,simulator,1.0
2026-10-02 08:11:24+00:00,M02,6.81,101.49184,RUNNING,19,0,0.0,411.6,11.11,52.65,0.171,1198.2,54.28,94.0,0.12,simulator,1.0
2026-10-02 08:11:26+00:00,M02,7.187,101.49583,RUNNING,19,0,0.0,412.9,11.69,52.55,0.152,1198.5,57.27,94.3,0.11,simulator,1.0
2026-10-02 08:11:28+00:00,M02,6.95,101.49969,RUNNING,19,0,0.0,412.7,11.31,52.48,0.173,1200.4,55.29,94.5,0.11,simulator,1.0
2026-10-02 08:11:30+00:00,M02,6.677,101.5034,RUNNING,19,0,0.0,414.8,10.81,52.4,0.162,1202.6,53.02,94.7,0.11,simulator,1.0
2026-10-02 08:11:32+00:00,M02,6.766,101.50716,RUNNING,19,0,0.0,412.9,11.0,52.33,0.145,1195.2,54.06,94.9,0.11,simulator,1.0
2026-10-02 08:11:34+00:00,M02,6.882,101.51098,RUNNING,19,0,0.0,411.9,11.22,52.25,0.153,1204.9,54.55,95.0,0.1,simulator,1.0
2026-10-02 08:11:36+00:00,M02,6.708,101.51471,RUNNING,19,0,0.0,416.6,10.81,52.16,0.149,1197.3,53.5,95.1,0.1,simulator,1.0
2026-10-02 08:11:38+00:00,M02,6.93,101.51856,RUNNING,19,0,0.0,415.6,11.19,52.11,0.16,1200.8,55.11,95.2,0.08,simulator,1.0
2026-10-02 08:11:40+00:00,M02,6.949,101.52242,RUNNING,19,0,0.0,414.8,11.25,52.09,0.159,1197.9,55.4,95.2,0.08,simulator,1.0
2026-10-02 08:11:42+00:00,M02,6.687,101.52614,RUNNING,19,0,0.0,418.0,10.74,52.0,0.148,1197.9,53.31,95.3,0.07,simulator,1.0
2026-10-02 08:11:44+00:00,M02,7.001,101.53003,RUNNING,19,0,0.0,416.9,11.27,51.92,0.146,1201.5,55.65,95.3,0.07,simulator,1.0
2026-10-02 08:11:46+00:00,M02,7.038,101.53394,RUNNING,19,0,0.0,412.4,11.46,51.87,0.156,1197.7,56.12,95.4,0.08,simulator,1.0
2026-10-02 08:11:48+00:00,M02,6.789,101.53771,RUNNING,19,0,0.0,412.5,11.05,51.8,0.148,1201.1,53.98,95.4,0.08,simulator,1.0
2026-10-02 08:11:50+00:00,M02,7.172,101.54169,RUNNING,19,0,0.0,412.0,11.69,51.71,0.162,1201.6,57.0,95.4,0.08,simulator,1.0
2026-10-02 08:11:52+00:00,M02,6.742,101.54544,RUNNING,19,0,0.0,414.4,10.92,51.7,0.146,1201.7,53.58,95.5,0.08,simulator,1.0
2026-10-02 08:11:54+00:00,M02,7.039,101.54935,RUNNING,19,0,0.0,414.7,11.4,51.65,0.154,1201.7,55.94,95.5,0.08,simulator,1.0
2026-10-02 08:11:56+00:00,M02,6.99,101.55323,RUNNING,20,1,36.0,416.0,11.28,51.62,0.169,1202.6,55.51,95.4,0.08,simulator,1.0
2026-10-02 08:11:58+00:00,M02,6.724,101.55697,RUNNING,20,0,0.0,415.7,10.86,51.54,0.173,1195.9,53.7,95.4,0.09,simulator,1.0
2026-10-02 08:12:00+00:00,M02,6.684,101.56068,RUNNING,20,0,0.0,415.1,10.81,51.47,0.148,1198.5,53.26,95.4,0.08,simulator,1.0
2026-10-02 08:12:02+00:00,M02,6.903,101.56452,RUNNING,20,0,0.0,417.4,11.1,51.38,0.158,1200.0,54.94,95.5,0.08,simulator,1.0
2026-10-02 08:12:04+00:00,M02,6.922,101.56836,RUNNING,20,0,0.0,418.4,11.11,51.36,0.162,1203.1,54.95,95.5,0.08,simulator,1.0
2026-10-02 08:12:06+00:00,M02,6.978,101.57224,RUNNING,20,0,0.0,414.8,11.29,51.27,0.151,1204.4,55.33,95.6,0.07,simulator,1.0
2026-10-02 08:12:08+00:00,M02,6.911,101.57608,RUNNING,20,0,0.0,418.3,11.09,51.26,0.165,1197.6,55.11,95.6,0.08,simulator,1.0
2026-10-02 08:12:10+00:00,M02,6.845,101.57988,RUNNING,20,0,0.0,416.6,11.03,51.16,0.149,1202.7,54.35,95.6,0.08,simulator,1.0
2026-10-02 08:12:12+00:00,M02,6.813,101.58367,RUNNING,20,0,0.0,416.2,10.99,51.12,0.162,1196.1,54.4,95.6,0.08,simulator,1.0
2026-10-02 08:12:14+00:00,M02,7.067,101.58759,RUNNING,20,0,0.0,412.1,11.51,51.03,0.166,1197.9,56.34,95.6,0.07,simulator,1.0
2026-10-02 08:12:16+00:00,M02,6.845,101.59139,RUNNING,20,0,0.0,414.8,11.08,51.01,0.154,1204.2,54.28,95.7,0.07,simulator,1.0
2026-10-02 08:12:18+00:00,M02,6.78,101.59516,RUNNING,20,0,0.0,414.4,10.98,50.92,0.15,1204.2,53.77,95.7,0.06,simulator,1.0
2026-10-02 08:12:20+00:00,M02,7.106,101.59911,RUNNING,20,0,0.0,418.0,11.41,50.84,0.172,1203.3,56.4,95.7,0.07,simulator,1.0
2026-10-02 08:12:22+00:00,M02,6.99,101.60299,RUNNING,20,0,0.0,417.9,11.23,50.83,0.15,1204.1,55.44,95.7,0.06,simulator,1.0
2026-10-02 08:12:24+00:00,M02,7.148,101.60696,RUNNING,20,0,0.0,414.0,11.59,50.83,0.158,1203.5,56.72,95.8,0.06,simulator,1.0
2026-10-02 08:12:26+00:00,M02,7.092,101.6109,RUNNING,20,0,0.0,412.9,11.53,50.77,0.147,1202.9,56.3,95.8,0.05,simulator,1.0
2026-10-02 08:12:28+00:00,M02,6.842,101.6147,RUNNING,20,0,0.0,412.1,11.15,50.75,0.151,1203.5,54.29,95.8,0.06,simulator,1.0
2026-10-02 08:12:30+00:00,M02,6.837,101.6185,RUNNING,20,0,0.0,418.4,10.97,50.68,0.167,1199.9,54.42,95.8,0.06,simulator,1.0
2026-10-02 08:12:32+00:00,M02,6.739,101.62225,RUNNING,21,1,36.0,418.0,10.82,50.61,0.171,1200.4,53.61,95.8,0.07,simulator,1.0
2026-10-02 08:12:34+00:00,M02,6.729,101.62598,RUNNING,21,0,0.0,415.5,10.87,50.6,0.168,1202.7,53.43,95.8,0.06,simulator,1.0
2026-10-02 08:12:36+00:00,M02,6.944,101.62984,RUNNING,21,0,0.0,414.1,11.26,50.51,0.152,1197.5,55.38,95.8,0.05,simulator,1.0
2026-10-02 08:12:38+00:00,M02,6.676,101.63355,RUNNING,21,0,0.0,412.6,10.86,50.47,0.163,1204.8,52.92,95.9,0.06,simulator,1.0
2026-10-02 08:12:40+00:00,M02,6.957,101.63742,RUNNING,21,0,0.0,411.6,11.35,50.38,0.15,1201.6,55.29,95.9,0.06,simulator,1.0
2026-10-02 08:12:42+00:00,M02,6.872,101.64123,RUNNING,21,0,0.0,412.1,11.19,50.37,0.172,1199.0,54.74,95.9,0.06,simulator,1.0
2026-10-02 08:12:44+00:00,M02,7.206,101.64524,RUNNING,21,0,0.0,417.6,11.58,50.36,0.158,1198.0,57.44,95.9,0.06,simulator,1.0
2026-10-02 08:12:46+00:00,M02,6.799,101.64902,RUNNING,21,0,0.0,414.9,11.0,50.29,0.168,1202.8,53.98,95.9,0.06,simulator,1.0
2026-10-02 08:12:48+00:00,M02,6.909,101.65285,RUNNING,21,0,0.0,413.5,11.22,50.21,0.16,1202.7,54.86,96.0,0.05,simulator,1.0
2026-10-02 08:12:50+00:00,M02,7.07,101.65678,RUNNING,21,0,0.0,417.7,11.36,50.2,0.16,1196.3,56.44,96.0,0.05,simulator,1.0
2026-10-02 08:12:52+00:00,M02,7.02,101.66068,RUNNING,21,0,0.0,417.5,11.29,50.12,0.146,1198.3,55.95,96.1,0.05,simulator,1.0
2026-10-02 08:12:54+00:00,M02,6.69,101.6644,RUNNING,21,0,0.0,418.4,10.73,50.11,0.15,1196.1,53.41,96.1,0.05,simulator,1.0
2026-10-02 08:12:56+00:00,M02,6.727,101.66814,RUNNING,21,0,0.0,415.8,10.86,50.06,0.152,1198.7,53.59,96.1,0.05,simulator,1.0
2026-10-02 08:12:58+00:00,M02,6.929,101.67198,RUNNING,21,0,0.0,412.3,11.28,50.0,0.153,1195.8,55.34,96.1,0.04,simulator,1.0
2026-10-02 08:13:00+00:00,M02,7.17,101.67597,RUNNING,21,0,0.0,417.2,11.54,50.02,0.169,1201.5,56.99,96.1,0.05,simulator,1.0
2026-10-02 08:13:02+00:00,M02,6.941,101.67982,RUNNING,21,0,0.0,414.0,11.26,50.02,0.174,1202.4,55.13,96.0,0.06,simulator,1.0
2026-10-02 08:13:04+00:00,M02,7.032,101.68373,RUNNING,21,0,0.0,416.9,11.32,50.04,0.15,1196.0,56.15,96.1,0.05,simulator,1.0
2026-10-02 08:13:06+00:00,M02,7.112,101.68768,RUNNING,21,0,0.0,417.3,11.44,50.04,0.164,1203.9,56.42,96.1,0.05,simulator,1.0
2026-10-02 08:13:08+00:00,M02,6.83,101.69148,RUNNING,22,1,36.0,413.6,11.09,49.98,0.157,1203.2,54.21,96.1,0.04,simulator,1.0
2026-10-02 08:13:10+00:00,M02,7.037,101.69539,RUNNING,22,0,0.0,412.5,11.45,49.92,0.159,1197.6,56.12,96.1,0.04,simulator,1.0
2026-10-02 08:13:12+00:00,M02,7.061,101.69931,RUNNING,22,0,0.0,417.3,11.36,49.85,0.149,1202.1,56.1,96.2,0.04,simulator,1.0
2026-10-02 08:13:14+00:00,M02,6.788,101.70308,RUNNING,22,0,0.0,415.0,10.98,49.81,0.15,1197.2,54.15,96.2,0.03,simulator,1.0
2026-10-02 08:13:16+00:00,M02,6.683,101.70679,RUNNING,22,0,0.0,412.9,10.87,49.75,0.166,1200.1,53.18,96.2,0.04,simulator,1.0
2026-10-02 08:13:18+00:00,M02,7.132,101.71075,RUNNING,22,0,0.0,417.5,11.47,49.69,0.164,1200.0,56.76,96.2,0.04,simulator,1.0
2026-10-02 08:13:20+00:00,M02,6.8,101.71453,RUNNING,22,0,0.0,412.1,11.08,49.64,0.15,1201.9,54.03,96.2,0.04,simulator,1.0
2026-10-02 08:13:22+00:00,M02,6.809,101.71831,RUNNING,22,0,0.0,413.0,11.07,49.65,0.149,1198.0,54.28,96.3,0.04,simulator,1.0
2026-10-02 08:13:24+00:00,M02,6.908,101.72215,RUNNING,22,0,0.0,415.2,11.17,49.62,0.162,1200.7,54.94,96.3,0.04,simulator,1.0
2026-10-02 08:13:26+00:00,M02,6.879,101.72597,RUNNING,22,0,0.0,412.7,11.19,49.54,0.169,1203.7,54.58,96.2,0.04,simulator,1.0
2026-10-02 08:13:28+00:00,M02,7.173,101.72996,RUNNING,22,0,0.0,416.3,11.57,49.48,0.161,1201.3,57.02,96.3,0.04,simulator,1.0
2026-10-02 08:13:30+00:00,M02,6.955,101.73382,RUNNING,22,0,0.0,413.1,11.3,49.43,0.162,1200.1,55.35,96.3,0.04,simulator,1.0
2026-10-02 08:13:32+00:00,M02,6.792,101.7376,RUNNING,22,0,0.0,414.8,10.99,49.4,0.16,1196.6,54.21,96.4,0.03,simulator,1.0
2026-10-02 08:13:34+00:00,M02,7.105,101.74154,RUNNING,22,0,0.0,417.6,11.42,49.42,0.171,1197.2,56.68,96.3,0.04,simulator,1.0
2026-10-02 08:13:36+00:00,M02,6.765,101.7453,RUNNING,22,0,0.0,412.1,11.02,49.4,0.155,1204.5,53.64,96.3,0.04,simulator,1.0
2026-10-02 08:13:38+00:00,M02,6.969,101.74917,RUNNING,22,0,0.0,413.3,11.32,49.41,0.16,1201.8,55.38,96.4,0.03,simulator,1.0
2026-10-02 08:13:40+00:00,M02,6.69,101.75289,RUNNING,22,0,0.0,415.4,10.81,49.41,0.159,1196.0,53.42,96.4,0.03,simulator,1.0
2026-10-02 08:13:42+00:00,M02,7.032,101.7568,RUNNING,22,0,0.0,415.0,11.38,49.39,0.172,1198.9,56.01,96.3,0.03,simulator,1.0
2026-10-02 08:13:44+00:00,M02,6.849,101.7606,RUNNING,23,1,36.0,417.8,11.01,49.35,0.156,1202.2,54.41,96.4,0.02,simulator,1.0
2026-10-02 08:13:46+00:00,M02,7.07,101.76453,RUNNING,23,0,0.0,416.1,11.41,49.29,0.148,1198.4,56.34,96.4,0.02,simulator,1.0
2026-10-02 08:13:48+00:00,M02,7.088,101.76847,RUNNING,23,0,0.0,414.6,11.48,49.23,0.165,1198.4,56.48,96.4,0.02,simulator,1.0
2026-10-02 08:13:50+00:00,M02,7.164,101.77245,RUNNING,23,0,0.0,415.7,11.57,49.19,0.16,1199.0,57.06,96.4,0.02,simulator,1.0
2026-10-02 08:13:52+00:00,M02,6.846,101.77625,RUNNING,23,0,0.0,412.0,11.16,49.21,0.146,1204.0,54.3,96.5,0.02,simulator,1.0
2026-10-02 08:13:54+00:00,M02,6.741,101.78,RUNNING,23,0,0.0,418.0,10.83,49.2,0.163,1198.3,53.72,96.5,0.03,simulator,1.0
2026-10-02 08:13:56+00:00,M02,6.727,101.78373,RUNNING,23,0,0.0,416.0,10.86,49.15,0.167,1199.9,53.54,96.4,0.03,simulator,1.0
2026-10-02 08:13:58+00:00,M02,6.774,101.7875,RUNNING,23,0,0.0,416.0,10.93,49.13,0.158,1198.9,53.96,96.5,0.02,simulator,1.0
2026-10-02 08:14:00+00:00,M02,7.159,101.79147,RUNNING,23,0,0.0,414.9,11.58,49.11,0.153,1196.1,57.16,96.5,0.02,simulator,1.0
2026-10-02 08:14:02+00:00,M02,7.07,101.7954,RUNNING,23,0,0.0,416.6,11.39,49.13,0.166,1196.3,56.44,96.5,0.02,simulator,1.0
2026-10-02 08:14:04+00:00,M02,7.081,101.79934,RUNNING,23,0,0.0,416.7,11.41,49.14,0.176,1196.1,56.54,96.4,0.03,simulator,1.0
2026-10-02 08:14:06+00:00,M02,6.97,101.80321,RUNNING,23,0,0.0,416.3,11.24,49.12,0.164,1204.8,55.25,96.4,0.03,simulator,1.0
2026-10-02 08:14:08+00:00,M02,6.731,101.80695,RUNNING,23,0,0.0,415.0,10.89,49.15,0.162,1196.6,53.72,96.4,0.03,simulator,1.0
2026-10-02 08:14:10+00:00,M02,7.035,101.81086,RUNNING,23,0,0.0,418.0,11.3,49.09,0.165,1195.9,56.18,96.4,0.03,simulator,1.0
2026-10-02 08:14:12+00:00,M02,7.041,101.81477,RUNNING,23,0,0.0,416.4,11.35,49.08,0.168,1195.9,56.23,96.4,0.03,simulator,1.0
2026-10-02 08:14:14+00:00,M02,6.799,101.81854,RUNNING,23,0,0.0,415.4,10.99,49.01,0.156,1196.3,54.28,96.5,0.03,simulator,1.0
2026-10-02 08:14:16+00:00,M02,7.081,101.82248,RUNNING,23,0,0.0,417.6,11.38,48.95,0.144,1204.5,56.14,96.5,0.03,simulator,1.0
2026-10-02 08:14:18+00:00,M02,6.927,101.82633,RUNNING,23,0,0.0,412.8,11.27,48.95,0.145,1197.2,55.26,96.5,0.03,simulator,1.0
2026-10-02 08:14:20+00:00,M02,7.071,101.83026,RUNNING,24,1,36.0,417.7,11.36,48.91,0.149,1199.7,56.29,96.6,0.02,simulator,1.0
2026-10-02 08:14:22+00:00,M02,6.684,101.83397,RUNNING,24,0,0.0,413.9,10.84,48.89,0.172,1199.1,53.23,96.5,0.03,simulator,1.0
2026-10-02 08:14:24+00:00,M02,7.2,101.83797,RUNNING,24,0,0.0,414.5,11.66,48.88,0.177,1196.6,57.46,96.4,0.04,simulator,1.0
2026-10-02 08:14:26+00:00,M02,6.769,101.84173,RUNNING,24,0,0.0,414.5,10.96,48.91,0.158,1195.8,54.06,96.5,0.03,simulator,1.0
2026-10-02 08:14:28+00:00,M02,6.943,101.84559,RUNNING,24,0,0.0,416.8,11.18,48.88,0.17,1203.5,55.09,96.5,0.03,simulator,1.0
2026-10-02 08:14:30+00:00,M02,7.195,101.84958,RUNNING,24,0,0.0,417.0,11.58,48.87,0.168,1201.4,57.19,96.5,0.03,simulator,1.0
2026-10-02 08:14:32+00:00,M02,6.906,101.85342,RUNNING,24,0,0.0,416.9,11.12,48.86,0.154,1195.1,55.19,96.5,0.03,simulator,1.0
2026-10-02 08:14:34+00:00,M02,6.768,101.85718,RUNNING,24,0,0.0,418.1,10.87,48.87,0.173,1198.5,53.93,96.5,0.03,simulator,1.0
2026-10-02 08:14:36+00:00,M02,7.205,101.86118,RUNNING,24,0,0.0,414.7,11.66,48.82,0.159,1204.5,57.13,96.5,0.03,simulator,1.0
2026-10-02 08:14:38+00:00,M02,6.991,101.86507,RUNNING,24,0,0.0,417.2,11.25,48.78,0.16,1196.1,55.82,96.6,0.03,simulator,1.0
2026-10-02 08:14:40+00:00,M02,7.066,101.86899,RUNNING,24,0,0.0,416.0,11.4,48.8,0.16,1196.0,56.42,96.6,0.03,simulator,1.0
2026-10-02 08:14:42+00:00,M02,6.989,101.87288,RUNNING,24,0,0.0,417.7,11.23,48.82,0.165,1203.0,55.48,96.6,0.03,simulator,1.0
2026-10-02 08:14:44+00:00,M02,6.743,101.87662,RUNNING,24,0,0.0,412.8,10.97,48.77,0.16,1202.2,53.56,96.6,0.03,simulator,1.0
2026-10-02 08:14:46+00:00,M02,6.899,101.88045,RUNNING,24,0,0.0,415.7,11.14,48.74,0.164,1199.6,54.92,96.6,0.03,simulator,1.0
2026-10-02 08:14:48+00:00,M02,6.859,101.88426,RUNNING,24,0,0.0,415.4,11.08,48.76,0.152,1198.9,54.64,96.6,0.02,simulator,1.0
2026-10-02 08:14:50+00:00,M02,6.788,101.88804,RUNNING,24,0,0.0,414.5,10.99,48.76,0.152,1197.0,54.16,96.7,0.02,simulator,1.0
2026-10-02 08:14:52+00:00,M02,6.787,101.89181,RUNNING,24,0,0.0,416.5,10.94,48.74,0.158,1199.4,54.04,96.7,0.02,simulator,1.0
2026-10-02 08:14:54+00:00,M02,7.021,101.89571,RUNNING,24,0,0.0,416.9,11.31,48.72,0.165,1196.8,56.02,96.6,0.02,simulator,1.0
2026-10-02 08:14:56+00:00,M02,7.085,101.89964,RUNNING,25,1,36.0,413.4,11.51,48.72,0.161,1198.0,56.48,96.7,0.02,simulator,1.0
2026-10-02 08:14:58+00:00,M02,6.668,101.90335,RUNNING,25,0,0.0,412.4,10.85,48.7,0.153,1201.7,52.99,96.7,0.02,simulator,1.0
2026-10-02 08:15:00+00:00,M02,6.821,101.90714,RUNNING,25,0,0.0,417.1,10.98,48.7,0.161,1199.3,54.32,96.7,0.02,simulator,1.0
2026-10-02 08:15:02+00:00,M02,6.746,101.91088,RUNNING,25,0,0.0,411.7,11.0,48.67,0.173,1199.6,53.7,96.6,0.02,simulator,1.0
2026-10-02 08:15:04+00:00,M02,7.02,101.91478,RUNNING,25,0,0.0,413.2,11.41,48.65,0.162,1199.8,55.88,96.6,0.02,simulator,1.0
2026-10-02 08:15:06+00:00,M02,7.068,101.91871,RUNNING,25,0,0.0,417.0,11.38,48.67,0.158,1197.2,56.38,96.7,0.02,simulator,1.0
2026-10-02 08:15:08+00:00,M02,7.082,101.92265,RUNNING,25,0,0.0,413.6,11.5,48.68,0.169,1197.9,56.46,96.6,0.02,simulator,1.0
2026-10-02 08:15:10+00:00,M02,7.054,101.92656,RUNNING,25,0,0.0,417.6,11.34,48.67,0.153,1197.3,56.26,96.6,0.02,simulator,1.0
2026-10-02 08:15:12+00:00,M02,7.047,101.93048,RUNNING,25,0,0.0,416.3,11.36,48.67,0.148,1202.6,55.96,96.7,0.02,simulator,1.0
2026-10-02 08:15:14+00:00,M02,6.99,101.93436,RUNNING,25,0,0.0,416.6,11.26,48.63,0.164,1202.7,55.5,96.7,0.02,simulator,1.0
2026-10-02 08:15:16+00:00,M02,7.108,101.93831,RUNNING,25,0,0.0,416.8,11.45,48.63,0.169,1195.3,56.79,96.6,0.02,simulator,1.0
2026-10-02 08:15:18+00:00,M02,6.95,101.94217,RUNNING,25,0,0.0,414.3,11.26,48.66,0.172,1195.4,55.52,96.6,0.03,simulator,1.0
2026-10-02 08:15:20+00:00,M02,7.002,101.94606,RUNNING,25,0,0.0,413.4,11.37,48.6,0.168,1201.0,55.68,96.6,0.03,simulator,1.0
2026-10-02 08:15:22+00:00,M02,7.143,101.95003,RUNNING,25,0,0.0,417.1,11.5,48.58,0.148,1202.2,56.74,96.6,0.02,simulator,1.0
2026-10-02 08:15:24+00:00,M02,7.032,101.95394,RUNNING,25,0,0.0,417.2,11.32,48.55,0.16,1196.5,56.13,96.7,0.02,simulator,1.0
2026-10-02 08:15:26+00:00,M02,6.743,101.95768,RUNNING,25,0,0.0,412.5,10.97,48.57,0.161,1201.7,53.59,96.7,0.02,simulator,1.0
2026-10-02 08:15:28+00:00,M02,6.962,101.96155,RUNNING,25,0,0.0,412.7,11.33,48.55,0.155,1203.0,55.27,96.7,0.02,simulator,1.0
2026-10-02 08:15:30+00:00,M02,6.867,101.96537,RUNNING,25,0,0.0,416.0,11.08,48.5,0.155,1200.0,54.65,96.7,0.02,simulator,1.0
2026-10-02 08:15:32+00:00,M02,6.875,101.96919,RUNNING,26,1,36.0,414.5,11.13,48.53,0.156,1198.0,54.8,96.8,0.02,simulator,1.0
2026-10-02 08:15:34+00:00,M02,7.174,101.97317,RUNNING,26,0,0.0,417.4,11.54,48.52,0.161,1203.1,56.95,96.8,0.02,simulator,1.0
2026-10-02 08:15:36+00:00,M02,7.207,101.97718,RUNNING,26,0,0.0,416.3,11.62,48.52,0.169,1204.1,57.16,96.7,0.03,simulator,1.0
2026-10-02 08:15:38+00:00,M02,6.725,101.98091,RUNNING,26,0,0.0,412.6,10.94,48.53,0.15,1196.9,53.66,96.7,0.02,simulator,1.0
2026-10-02 08:15:40+00:00,M02,6.766,101.98467,RUNNING,26,0,0.0,414.7,10.95,48.56,0.157,1201.9,53.76,96.7,0.02,simulator,1.0
2026-10-02 08:15:42+00:00,M02,6.772,101.98843,RUNNING,26,0,0.0,418.4,10.87,48.58,0.158,1202.0,53.8,96.7,0.02,simulator,1.0
2026-10-02 08:15:44+00:00,M02,7.083,101.99237,RUNNING,26,0,0.0,411.6,11.55,48.59,0.148,1197.8,56.47,96.8,0.02,simulator,1.0
2026-10-02 08:15:46+00:00,M02,7.055,101.99629,RUNNING,26,0,0.0,412.4,11.48,48.57,0.148,1204.0,55.96,96.8,0.02,simulator,1.0
2026-10-02 08:15:48+00:00,M02,6.694,102.00001,RUNNING,26,0,0.0,413.4,10.87,48.59,0.172,1197.0,53.41,96.7,0.03,simulator,1.0
2026-10-02 08:15:50+00:00,M02,6.944,102.00386,RUNNING,26,0,0.0,417.7,11.16,48.56,0.163,1196.4,55.43,96.7,0.02,simulator,1.0
2026-10-02 08:15:52+00:00,M02,6.887,102.00769,RUNNING,26,0,0.0,412.1,11.22,48.54,0.162,1199.6,54.83,96.7,0.02,simulator,1.0
2026-10-02 08:15:54+00:00,M02,6.72,102.01142,RUNNING,26,0,0.0,412.6,10.93,48.57,0.148,1204.7,53.27,96.7,0.02,simulator,1.0
2026-10-02 08:15:56+00:00,M02,7.164,102.0154,RUNNING,26,0,0.0,417.5,11.52,48.57,0.152,1195.4,57.23,96.7,0.02,simulator,1.0
2026-10-02 08:15:58+00:00,M02,6.82,102.01919,RUNNING,26,0,0.0,418.3,10.95,48.56,0.151,1200.4,54.26,96.7,0.02,simulator,1.0
2026-10-02 08:16:00+00:00,M02,7.085,102.02313,RUNNING,26,0,0.0,414.9,11.46,48.59,0.162,1200.3,56.37,96.7,0.02,simulator,1.0
2026-10-02 08:16:02+00:00,M02,12.322,102.02997,OVERLOAD,26,0,0.0,411.7,20.09,48.75,0.384,1131.1,104.04,91.9,0.21,simulator,1.0
2026-10-02 08:16:04+00:00,M02,12.253,102.03678,OVERLOAD,26,0,0.0,416.8,19.74,48.93,0.424,1139.8,102.66,88.2,0.33,simulator,1.0
2026-10-02 08:16:06+00:00,M02,12.297,102.04361,OVERLOAD,26,0,0.0,417.4,19.78,49.07,0.432,1139.4,103.07,85.3,0.41,simulator,1.0
2026-10-02 08:16:08+00:00,M02,12.469,102.05054,OVERLOAD,27,1,34.62,418.5,20.0,49.27,0.431,1133.2,105.08,83.2,0.46,simulator,1.0
2026-10-02 08:16:10+00:00,M02,11.719,102.05705,OVERLOAD,27,0,0.0,414.2,18.99,49.48,0.449,1154.3,96.96,81.5,0.49,simulator,1.0
2026-10-02 08:16:12+00:00,M02,12.315,102.06389,OVERLOAD,27,0,0.0,417.1,19.82,49.66,0.439,1127.3,104.33,80.2,0.51,simulator,1.0
2026-10-02 08:16:14+00:00,M02,12.378,102.07077,OVERLOAD,27,0,0.0,414.9,20.03,49.86,0.433,1129.3,104.68,79.2,0.53,simulator,1.0
2026-10-02 08:16:16+00:00,M02,11.7,102.07727,OVERLOAD,27,0,0.0,416.0,18.88,50.03,0.438,1135.9,98.37,78.4,0.55,simulator,1.0
2026-10-02 08:16:18+00:00,M02,12.382,102.08415,OVERLOAD,27,0,0.0,414.7,20.04,50.16,0.457,1144.9,103.28,77.6,0.56,simulator,1.0
2026-10-02 08:16:20+00:00,M02,11.846,102.09073,OVERLOAD,27,0,0.0,413.7,19.22,50.31,0.451,1126.5,100.43,76.9,0.57,simulator,1.0
2026-10-02 08:16:22+00:00,M02,12.347,102.09759,OVERLOAD,27,0,0.0,415.2,19.96,50.51,0.437,1148.4,102.68,76.4,0.59,simulator,1.0
2026-10-02 08:16:24+00:00,M02,12.401,102.10448,OVERLOAD,27,0,0.0,414.0,20.11,50.63,0.459,1149.9,102.99,75.7,0.59,simulator,1.0
2026-10-02 08:16:26+00:00,M02,12.421,102.11138,OVERLOAD,27,0,0.0,413.1,20.19,50.8,0.437,1152.7,102.91,75.3,0.6,simulator,1.0
2026-10-02 08:16:28+00:00,M02,12.37,102.11825,OVERLOAD,27,0,0.0,416.6,19.93,50.96,0.446,1136.3,103.96,74.9,0.61,simulator,1.0
2026-10-02 08:16:30+00:00,M02,12.461,102.12517,OVERLOAD,27,0,0.0,417.4,20.04,51.09,0.461,1139.3,104.45,74.3,0.61,simulator,1.0
2026-10-02 08:16:32+00:00,M02,11.864,102.13176,OVERLOAD,27,0,0.0,416.4,19.13,51.29,0.437,1140.7,99.33,74.0,0.62,simulator,1.0
2026-10-02 08:16:34+00:00,M02,12.389,102.13865,OVERLOAD,27,0,0.0,416.0,19.99,51.42,0.442,1130.0,104.7,73.6,0.63,simulator,1.0
2026-10-02 08:16:36+00:00,M02,12.344,102.14551,OVERLOAD,27,0,0.0,413.1,20.06,51.63,0.461,1144.0,103.05,73.0,0.64,simulator,1.0
2026-10-02 08:16:38+00:00,M02,11.734,102.15202,OVERLOAD,27,0,0.0,414.4,19.01,51.81,0.45,1141.5,98.17,72.6,0.64,simulator,1.0
2026-10-02 08:16:40+00:00,M02,11.994,102.15869,OVERLOAD,27,0,0.0,413.8,19.46,51.98,0.439,1149.5,99.65,72.2,0.65,simulator,1.0
2026-10-02 08:16:42+00:00,M02,11.885,102.16529,OVERLOAD,27,0,0.0,414.5,19.25,52.17,0.434,1153.6,98.39,71.9,0.66,simulator,1.0
2026-10-02 08:16:44+00:00,M02,12.173,102.17205,OVERLOAD,28,1,34.62,412.4,19.82,52.31,0.445,1129.1,102.96,71.5,0.67,simulator,1.0
2026-10-02 08:16:46+00:00,M02,12.055,102.17875,OVERLOAD,28,0,0.0,416.2,19.44,52.53,0.453,1125.9,102.25,71.0,0.69,simulator,1.0
2026-10-02 08:16:48+00:00,M02,11.83,102.18532,OVERLOAD,28,0,0.0,415.7,19.1,52.67,0.436,1149.6,98.27,70.6,0.7,simulator,1.0
2026-10-02 08:16:50+00:00,M02,11.889,102.19193,OVERLOAD,28,0,0.0,413.1,19.32,52.8,0.453,1154.5,98.35,70.1,0.71,simulator,1.0
2026-10-02 08:16:52+00:00,M02,11.87,102.19852,OVERLOAD,28,0,0.0,414.9,19.21,52.95,0.453,1151.3,98.46,69.7,0.72,simulator,1.0
2026-10-02 08:16:54+00:00,M02,11.733,102.20504,OVERLOAD,28,0,0.0,415.2,18.97,53.08,0.454,1126.5,99.47,69.2,0.72,simulator,1.0
2026-10-02 08:16:56+00:00,M02,11.719,102.21155,OVERLOAD,28,0,0.0,412.4,19.08,53.21,0.461,1135.1,98.6,68.7,0.72,simulator,1.0
2026-10-02 08:16:58+00:00,M02,12.487,102.21849,OVERLOAD,28,0,0.0,414.1,20.24,53.41,0.458,1133.9,105.17,68.3,0.73,simulator,1.0
2026-10-02 08:17:00+00:00,M02,11.747,102.22501,OVERLOAD,28,0,0.0,415.0,19.0,53.58,0.442,1144.1,98.05,68.0,0.73,simulator,1.0
2026-10-02 08:17:02+00:00,M02,7.246,102.22904,RUNNING,28,0,0.0,411.7,11.82,53.59,0.225,1202.1,57.57,72.8,0.59,simulator,1.0
2026-10-02 08:17:04+00:00,M02,7.51,102.23321,RUNNING,28,0,0.0,416.2,12.11,53.56,0.177,1202.1,59.66,76.9,0.45,simulator,1.0
2026-10-02 08:17:06+00:00,M02,7.416,102.23733,RUNNING,28,0,0.0,412.5,12.07,53.51,0.163,1199.0,59.07,80.4,0.36,simulator,1.0
2026-10-02 08:17:08+00:00,M02,7.393,102.24144,RUNNING,28,0,0.0,414.2,11.98,53.43,0.175,1200.6,58.81,83.1,0.3,simulator,1.0
2026-10-02 08:17:10+00:00,M02,6.976,102.24531,RUNNING,28,0,0.0,417.4,11.22,53.33,0.168,1200.5,55.49,85.5,0.25,simulator,1.0
2026-10-02 08:17:12+00:00,M02,7.026,102.24922,RUNNING,28,0,0.0,411.8,11.45,53.3,0.164,1195.6,56.12,87.7,0.21,simulator,1.0
2026-10-02 08:17:14+00:00,M02,7.078,102.25315,RUNNING,28,0,0.0,411.6,11.54,53.23,0.149,1200.9,56.29,89.6,0.17,simulator,1.0
2026-10-02 08:17:16+00:00,M02,6.943,102.25701,RUNNING,28,0,0.0,415.2,11.23,53.16,0.163,1197.1,55.39,91.2,0.14,simulator,1.0
2026-10-02 08:17:18+00:00,M02,6.959,102.26087,RUNNING,29,1,36.0,415.2,11.25,53.1,0.172,1198.4,55.46,92.2,0.14,simulator,1.0
2026-10-02 08:17:20+00:00,M02,6.775,102.26464,RUNNING,29,0,0.0,417.1,10.9,52.98,0.151,1199.8,53.93,93.1,0.11,simulator,1.0
2026-10-02 08:17:22+00:00,M02,6.777,102.2684,RUNNING,29,0,0.0,418.0,10.88,52.92,0.173,1204.1,53.75,93.6,0.11,simulator,1.0
2026-10-02 08:17:24+00:00,M02,6.968,102.27227,RUNNING,29,0,0.0,418.3,11.18,52.84,0.156,1201.1,55.4,94.0,0.11,simulator,1.0
2026-10-02 08:17:26+00:00,M02,6.782,102.27604,RUNNING,29,0,0.0,414.4,10.99,52.74,0.167,1199.7,53.99,94.3,0.11,simulator,1.0
2026-10-02 08:17:28+00:00,M02,6.756,102.27979,RUNNING,29,0,0.0,418.2,10.85,52.69,0.176,1196.8,53.91,94.4,0.11,simulator,1.0
2026-10-02 08:17:30+00:00,M02,6.814,102.28358,RUNNING,29,0,0.0,415.7,11.0,52.58,0.17,1195.6,54.43,94.6,0.11,simulator,1.0
2026-10-02 08:17:32+00:00,M02,6.928,102.28743,RUNNING,29,0,0.0,415.3,11.2,52.53,0.153,1196.3,55.31,94.8,0.1,simulator,1.0
2026-10-02 08:17:34+00:00,M02,7.161,102.29141,RUNNING,29,0,0.0,412.5,11.65,52.47,0.152,1204.2,56.79,94.9,0.1,simulator,1.0
2026-10-02 08:17:36+00:00,M02,6.787,102.29518,RUNNING,29,0,0.0,414.8,10.98,52.4,0.151,1202.9,53.88,95.0,0.09,simulator,1.0
2026-10-02 08:17:38+00:00,M02,6.971,102.29905,RUNNING,29,0,0.0,417.1,11.22,52.29,0.165,1197.4,55.6,95.0,0.09,simulator,1.0
2026-10-02 08:17:40+00:00,M02,6.877,102.30287,RUNNING,29,0,0.0,416.8,11.08,52.19,0.158,1200.8,54.69,95.1,0.09,simulator,1.0
2026-10-02 08:17:42+00:00,M02,6.756,102.30662,RUNNING,29,0,0.0,415.2,10.92,52.17,0.169,1195.6,53.96,95.1,0.09,simulator,1.0
2026-10-02 08:17:44+00:00,M02,6.665,102.31033,RUNNING,29,0,0.0,416.6,10.74,52.05,0.152,1201.0,53.0,95.2,0.09,simulator,1.0
2026-10-02 08:17:46+00:00,M02,6.801,102.31411,RUNNING,29,0,0.0,414.8,11.01,52.03,0.149,1197.6,54.23,95.3,0.08,simulator,1.0
2026-10-02 08:17:48+00:00,M02,6.826,102.3179,RUNNING,29,0,0.0,416.6,11.0,51.92,0.152,1197.4,54.44,95.3,0.07,simulator,1.0
2026-10-02 08:17:50+00:00,M02,7.192,102.32189,RUNNING,29,0,0.0,413.3,11.68,51.84,0.169,1199.7,57.25,95.3,0.08,simulator,1.0
2026-10-02 08:17:52+00:00,M02,6.901,102.32573,RUNNING,29,0,0.0,412.5,11.23,51.77,0.156,1203.1,54.78,95.3,0.08,simulator,1.0
2026-10-02 08:17:54+00:00,M02,6.843,102.32953,RUNNING,30,1,36.0,417.1,11.01,51.73,0.17,1199.5,54.48,95.3,0.08,simulator,1.0
2026-10-02 08:17:56+00:00,M02,7.099,102.33347,RUNNING,30,0,0.0,413.9,11.51,51.66,0.167,1197.5,56.61,95.3,0.09,simulator,1.0
2026-10-02 08:17:58+00:00,M02,6.915,102.33731,RUNNING,30,0,0.0,414.0,11.21,51.55,0.158,1199.1,55.07,95.4,0.07,simulator,1.0
2026-10-02 08:18:00+00:00,M02,6.93,102.34116,RUNNING,30,0,0.0,412.8,11.27,51.51,0.16,1201.0,55.11,95.5,0.07,simulator,1.0
2026-10-02 08:18:02+00:00,M02,6.974,102.34504,RUNNING,30,0,0.0,417.5,11.21,51.45,0.152,1204.2,55.31,95.5,0.07,simulator,1.0
2026-10-02 08:18:04+00:00,M02,6.78,102.34881,RUNNING,30,0,0.0,414.2,10.99,51.38,0.161,1196.3,54.12,95.5,0.07,simulator,1.0
2026-10-02 08:18:06+00:00,M02,6.9,102.35264,RUNNING,30,0,0.0,413.3,11.21,51.34,0.174,1198.4,54.99,95.5,0.08,simulator,1.0
2026-10-02 08:18:08+00:00,M02,6.869,102.35645,RUNNING,30,0,0.0,412.4,11.18,51.3,0.168,1195.3,54.88,95.5,0.08,simulator,1.0
2026-10-02 08:18:10+00:00,M02,7.092,102.36039,RUNNING,30,0,0.0,415.7,11.45,51.26,0.173,1197.4,56.56,95.4,0.09,simulator,1.0
2026-10-02 08:18:12+00:00,M02,7.029,102.3643,RUNNING,30,0,0.0,417.0,11.32,51.23,0.171,1203.0,55.8,95.4,0.08,simulator,1.0
2026-10-02 08:18:14+00:00,M02,6.768,102.36806,RUNNING,30,0,0.0,412.2,11.02,51.14,0.167,1195.4,54.07,95.5,0.08,simulator,1.0
2026-10-02 08:18:16+00:00,M02,6.709,102.37179,RUNNING,30,0,0.0,414.8,10.86,51.06,0.149,1202.6,53.28,95.6,0.07,simulator,1.0
2026-10-02 08:18:18+00:00,M02,6.989,102.37567,RUNNING,30,0,0.0,413.0,11.36,50.99,0.146,1195.4,55.83,95.6,0.06,simulator,1.0
2026-10-02 08:18:20+00:00,M02,6.884,102.37949,RUNNING,30,0,0.0,417.1,11.08,50.96,0.163,1201.4,54.72,95.7,0.07,simulator,1.0
2026-10-02 08:18:22+00:00,M02,6.902,102.38333,RUNNING,30,0,0.0,414.4,11.18,50.92,0.171,1201.7,54.85,95.6,0.07,simulator,1.0
2026-10-02 08:18:24+00:00,M02,6.959,102.3872,RUNNING,30,0,0.0,413.4,11.3,50.88,0.159,1195.6,55.59,95.7,0.06,simulator,1.0
2026-10-02 08:18:26+00:00,M02,6.949,102.39106,RUNNING,30,0,0.0,412.8,11.3,50.81,0.158,1198.1,55.39,95.8,0.07,simulator,1.0
2026-10-02 08:18:28+00:00,M02,6.678,102.39477,RUNNING,30,0,0.0,413.6,10.84,50.77,0.173,1196.9,53.28,95.7,0.07,simulator,1.0
2026-10-02 08:18:30+00:00,M02,7.105,102.39871,RUNNING,31,1,36.0,415.4,11.48,50.74,0.176,1200.4,56.53,95.6,0.08,simulator,1.0
2026-10-02 08:18:32+00:00,M02,6.769,102.40247,RUNNING,31,0,0.0,411.6,11.04,50.64,0.157,1195.1,54.09,95.7,0.06,simulator,1.0
2026-10-02 08:18:34+00:00,M02,6.874,102.40629,RUNNING,31,0,0.0,417.2,11.06,50.6,0.162,1200.6,54.68,95.8,0.05,simulator,1.0
2026-10-02 08:18:36+00:00,M02,6.92,102.41014,RUNNING,31,0,0.0,417.9,11.12,50.56,0.175,1199.2,55.11,95.7,0.06,simulator,1.0
2026-10-02 08:18:38+00:00,M02,6.871,102.41395,RUNNING,31,0,0.0,415.8,11.09,50.5,0.159,1202.1,54.59,95.8,0.06,simulator,1.0
2026-10-02 08:18:40+00:00,M02,6.835,102.41775,RUNNING,31,0,0.0,411.7,11.15,50.47,0.155,1203.0,54.26,95.9,0.07,simulator,1.0
2026-10-02 08:18:42+00:00,M02,7.053,102.42167,RUNNING,31,0,0.0,418.3,11.32,50.46,0.16,1197.3,56.26,95.9,0.06,simulator,1.0
2026-10-02 08:18:44+00:00,M02,7.037,102.42558,RUNNING,31,0,0.0,411.5,11.48,50.39,0.155,1197.0,56.14,96.0,0.05,simulator,1.0
2026-10-02 08:18:46+00:00,M02,6.828,102.42937,RUNNING,31,0,0.0,413.3,11.09,50.37,0.145,1204.4,54.14,96.0,0.05,simulator,1.0
2026-10-02 08:18:48+00:00,M02,6.78,102.43314,RUNNING,31,0,0.0,418.0,10.89,50.3,0.148,1195.1,54.18,96.0,0.04,simulator,1.0
2026-10-02 08:18:50+00:00,M02,7.044,102.43705,RUNNING,31,0,0.0,415.3,11.39,50.22,0.162,1199.6,56.08,96.0,0.04,simulator,1.0
2026-10-02 08:18:52+00:00,M02,6.698,102.44077,RUNNING,31,0,0.0,414.1,10.86,50.22,0.158,1195.1,53.52,96.1,0.05,simulator,1.0
2026-10-02 08:18:54+00:00,M02,7.173,102.44476,RUNNING,31,0,0.0,414.7,11.61,50.2,0.163,1196.2,57.27,96.0,0.05,simulator,1.0
2026-10-02 08:18:56+00:00,M02,7.016,102.44866,RUNNING,31,0,0.0,417.2,11.29,50.2,0.17,1201.7,55.76,96.0,0.05,simulator,1.0
2026-10-02 08:18:58+00:00,M02,6.966,102.45253,RUNNING,31,0,0.0,417.5,11.2,50.15,0.165,1201.8,55.35,96.0,0.05,simulator,1.0
2026-10-02 08:19:00+00:00,M02,7.103,102.45647,RUNNING,31,0,0.0,413.9,11.52,50.14,0.173,1203.6,56.36,95.9,0.05,simulator,1.0
2026-10-02 08:19:02+00:00,M02,6.698,102.46019,RUNNING,31,0,0.0,411.6,10.92,50.08,0.162,1204.6,53.1,96.0,0.05,simulator,1.0
2026-10-02 08:19:04+00:00,M02,6.894,102.46402,RUNNING,31,0,0.0,411.7,11.24,50.06,0.149,1196.5,55.03,96.1,0.04,simulator,1.0
2026-10-02 08:19:06+00:00,M02,6.813,102.46781,RUNNING,32,1,36.0,414.0,11.05,50.01,0.148,1200.6,54.19,96.1,0.04,simulator,1.0
2026-10-02 08:19:08+00:00,M02,6.828,102.4716,RUNNING,32,0,0.0,412.1,11.12,49.96,0.156,1195.7,54.53,96.1,0.04,simulator,1.0
2026-10-02 08:19:10+00:00,M02,6.918,102.47544,RUNNING,32,0,0.0,414.0,11.22,49.96,0.159,1204.3,54.86,96.2,0.04,simulator,1.0
2026-10-02 08:19:12+00:00,M02,6.708,102.47917,RUNNING,32,0,0.0,417.1,10.8,49.92,0.17,1203.4,53.23,96.1,0.05,simulator,1.0
2026-10-02 08:19:14+00:00,M02,6.829,102.48297,RUNNING,32,0,0.0,417.0,10.99,49.88,0.158,1200.5,54.32,96.1,0.05,simulator,1.0
2026-10-02 08:19:16+00:00,M02,7.187,102.48696,RUNNING,32,0,0.0,417.9,11.55,49.82,0.166,1204.3,56.99,96.1,0.04,simulator,1.0
2026-10-02 08:19:18+00:00,M02,6.932,102.49081,RUNNING,32,0,0.0,413.9,11.24,49.83,0.162,1196.6,55.32,96.2,0.04,simulator,1.0
2026-10-02 08:19:20+00:00,M02,6.788,102.49458,RUNNING,32,0,0.0,414.8,10.99,49.8,0.147,1197.8,54.12,96.2,0.04,simulator,1.0
2026-10-02 08:19:22+00:00,M02,6.817,102.49837,RUNNING,32,0,0.0,417.4,10.96,49.81,0.155,1203.4,54.1,96.2,0.04,simulator,1.0
2026-10-02 08:19:24+00:00,M02,6.826,102.50216,RUNNING,32,0,0.0,416.2,11.01,49.76,0.146,1196.9,54.46,96.2,0.04,simulator,1.0
2026-10-02 08:19:26+00:00,M02,6.673,102.50587,RUNNING,32,0,0.0,413.4,10.84,49.78,0.146,1204.4,52.91,96.3,0.03,simulator,1.0
2026-10-02 08:19:28+00:00,M02,6.68,102.50958,RUNNING,32,0,0.0,412.7,10.87,49.76,0.146,1196.5,53.32,96.3,0.04,simulator,1.0
2026-10-02 08:19:30+00:00,M02,6.766,102.51334,RUNNING,32,0,0.0,413.0,11.0,49.71,0.17,1200.3,53.83,96.2,0.05,simulator,1.0
2026-10-02 08:19:32+00:00,M02,7.025,102.51724,RUNNING,32,0,0.0,416.5,11.32,49.69,0.174,1195.0,56.14,96.1,0.05,simulator,1.0
2026-10-02 08:19:34+00:00,M02,7.041,102.52115,RUNNING,32,0,0.0,412.2,11.47,49.71,0.151,1202.2,55.93,96.2,0.05,simulator,1.0
2026-10-02 08:19:36+00:00,M02,6.795,102.52493,RUNNING,32,0,0.0,412.5,11.06,49.65,0.167,1200.7,54.05,96.2,0.05,simulator,1.0
2026-10-02 08:19:38+00:00,M02,6.96,102.52879,RUNNING,32,0,0.0,415.8,11.24,49.64,0.152,1200.1,55.39,96.2,0.04,simulator,1.0
2026-10-02 08:19:40+00:00,M02,6.724,102.53253,RUNNING,32,0,0.0,412.5,10.94,49.6,0.159,1199.3,53.54,96.3,0.04,simulator,1.0
2026-10-02 08:19:42+00:00,M02,6.933,102.53638,RUNNING,33,1,36.0,414.4,11.23,49.54,0.159,1200.6,55.15,96.3,0.03,simulator,1.0
2026-10-02 08:19:44+00:00,M02,6.817,102.54017,RUNNING,33,0,0.0,416.2,11.0,49.51,0.172,1198.7,54.31,96.2,0.04,simulator,1.0
2026-10-02 08:19:46+00:00,M02,6.796,102.54394,RUNNING,33,0,0.0,418.1,10.91,49.44,0.16,1204.5,53.88,96.3,0.04,simulator,1.0
2026-10-02 08:19:48+00:00,M02,7.069,102.54787,RUNNING,33,0,0.0,414.2,11.46,49.43,0.171,1201.2,56.2,96.3,0.04,simulator,1.0
2026-10-02 08:19:50+00:00,M02,6.955,102.55173,RUNNING,33,0,0.0,416.4,11.21,49.45,0.153,1197.4,55.47,96.3,0.03,simulator,1.0
2026-10-02 08:19:52+00:00,M02,6.765,102.55549,RUNNING,33,0,0.0,412.7,11.0,49.47,0.154,1200.8,53.8,96.3,0.03,simulator,1.0
2026-10-02 08:19:54+00:00,M02,7.155,102.55947,RUNNING,33,0,0.0,413.3,11.62,49.46,0.169,1204.5,56.73,96.3,0.04,simulator,1.0
2026-10-02 08:19:56+00:00,M02,6.711,102.5632,RUNNING,33,0,0.0,413.2,10.9,49.44,0.158,1197.3,53.53,96.3,0.04,simulator,1.0
2026-10-02 08:19:58+00:00,M02,6.967,102.56707,RUNNING,33,0,0.0,416.3,11.24,49.41,0.147,1203.8,55.27,96.4,0.03,simulator,1.0
2026-10-02 08:20:00+00:00,M02,7.038,102.57098,RUNNING,33,0,0.0,414.3,11.4,49.41,0.147,1202.3,55.9,96.4,0.04,simulator,1.0
2026-10-02 08:20:02+00:00,M02,6.863,102.57479,RUNNING,33,0,0.0,413.5,11.14,49.38,0.172,1202.5,54.5,96.3,0.04,simulator,1.0
2026-10-02 08:20:04+00:00,M02,6.956,102.57865,RUNNING,33,0,0.0,416.6,11.21,49.36,0.154,1197.2,55.49,96.4,0.03,simulator,1.0
2026-10-02 08:20:06+00:00,M02,6.677,102.58236,RUNNING,33,0,0.0,412.9,10.86,49.29,0.166,1200.2,53.13,96.3,0.04,simulator,1.0
2026-10-02 08:20:08+00:00,M02,7.114,102.58632,RUNNING,33,0,0.0,415.7,11.49,49.3,0.167,1204.2,56.42,96.3,0.04,simulator,1.0
2026-10-02 08:20:10+00:00,M02,6.977,102.59019,RUNNING,33,0,0.0,416.3,11.25,49.32,0.158,1203.4,55.37,96.4,0.03,simulator,1.0
2026-10-02 08:20:12+00:00,M02,6.697,102.59391,RUNNING,33,0,0.0,414.1,10.86,49.25,0.159,1201.9,53.21,96.4,0.04,simulator,1.0
2026-10-02 08:20:14+00:00,M02,7.076,102.59784,RUNNING,33,0,0.0,416.5,11.41,49.22,0.165,1199.1,56.36,96.4,0.04,simulator,1.0
2026-10-02 08:20:16+00:00,M02,6.975,102.60172,RUNNING,33,0,0.0,415.3,11.28,49.2,0.15,1198.4,55.58,96.4,0.04,simulator,1.0
2026-10-02 08:20:18+00:00,M02,7.09,102.60566,RUNNING,34,1,36.0,418.4,11.38,49.18,0.169,1200.3,56.41,96.4,0.04,simulator,1.0
2026-10-02 08:20:20+00:00,M02,6.813,102.60944,RUNNING,34,0,0.0,416.1,10.99,49.14,0.17,1201.2,54.17,96.4,0.04,simulator,1.0
2026-10-02 08:20:22+00:00,M02,6.897,102.61327,RUNNING,34,0,0.0,413.3,11.2,49.09,0.16,1201.6,54.82,96.4,0.03,simulator,1.0
2026-10-02 08:20:24+00:00,M02,7.015,102.61717,RUNNING,34,0,0.0,413.5,11.39,49.04,0.155,1203.7,55.66,96.5,0.03,simulator,1.0
2026-10-02 08:20:26+00:00,M02,7.076,102.6211,RUNNING,34,0,0.0,414.9,11.45,49.06,0.171,1202.3,56.21,96.4,0.03,simulator,1.0
2026-10-02 08:20:28+00:00,M02,6.856,102.62491,RUNNING,34,0,0.0,415.3,11.08,49.03,0.166,1200.6,54.54,96.4,0.04,simulator,1.0
2026-10-02 08:20:30+00:00,M02,6.938,102.62877,RUNNING,34,0,0.0,417.3,11.16,49.01,0.159,1198.2,55.3,96.5,0.03,simulator,1.0
2026-10-02 08:20:32+00:00,M02,7.095,102.63271,RUNNING,34,0,0.0,413.4,11.52,49.0,0.164,1200.1,56.46,96.5,0.03,simulator,1.0
2026-10-02 08:20:34+00:00,M02,7.052,102.63662,RUNNING,34,0,0.0,417.9,11.33,48.97,0.174,1200.1,56.12,96.4,0.04,simulator,1.0
2026-10-02 08:20:36+00:00,M02,6.9,102.64046,RUNNING,34,0,0.0,413.0,11.22,48.97,0.167,1202.1,54.82,96.4,0.03,simulator,1.0
2026-10-02 08:20:38+00:00,M02,7.075,102.64439,RUNNING,34,0,0.0,415.1,11.44,48.96,0.147,1201.4,56.24,96.5,0.03,simulator,1.0
2026-10-02 08:20:40+00:00,M02,7.164,102.64837,RUNNING,34,0,0.0,416.3,11.55,48.97,0.163,1202.3,56.9,96.5,0.02,simulator,1.0
2026-10-02 08:20:42+00:00,M02,6.795,102.65214,RUNNING,34,0,0.0,412.2,11.07,48.98,0.159,1201.5,54.01,96.5,0.03,simulator,1.0
2026-10-02 08:20:44+00:00,M02,7.161,102.65612,RUNNING,34,0,0.0,415.2,11.58,48.96,0.162,1195.4,57.21,96.5,0.02,simulator,1.0
2026-10-02 08:20:46+00:00,M02,6.869,102.65994,RUNNING,34,0,0.0,416.3,11.08,48.96,0.162,1197.0,54.8,96.5,0.02,simulator,1.0
2026-10-02 08:20:48+00:00,M02,6.956,102.6638,RUNNING,34,0,0.0,414.6,11.26,48.99,0.166,1199.7,55.37,96.5,0.02,simulator,1.0
2026-10-02 08:20:50+00:00,M02,7.146,102.66777,RUNNING,34,0,0.0,415.5,11.55,49.02,0.158,1202.3,56.76,96.5,0.02,simulator,1.0
2026-10-02 08:20:52+00:00,M02,6.961,102.67164,RUNNING,34,0,0.0,416.8,11.21,49.05,0.162,1202.2,55.3,96.5,0.02,simulator,1.0
2026-10-02 08:20:54+00:00,M02,6.774,102.6754,RUNNING,35,1,36.0,414.1,10.98,48.99,0.157,1202.6,53.79,96.6,0.02,simulator,1.0
2026-10-02 08:20:56+00:00,M02,6.959,102.67927,RUNNING,35,0,0.0,417.0,11.2,48.95,0.154,1204.9,55.16,96.6,0.02,simulator,1.0
2026-10-02 08:20:58+00:00,M02,7.094,102.68321,RUNNING,35,0,0.0,418.1,11.39,48.93,0.145,1203.8,56.28,96.6,0.02,simulator,1.0
2026-10-02 08:21:00+00:00,M02,6.701,102.68693,RUNNING,35,0,0.0,415.0,10.84,48.91,0.161,1201.0,53.28,96.6,0.02,simulator,1.0
2026-10-02 08:21:02+00:00,M02,7.148,102.6909,RUNNING,35,0,0.0,418.2,11.47,48.95,0.161,1198.8,56.94,96.6,0.02,simulator,1.0
2026-10-02 08:21:04+00:00,M02,6.86,102.69472,RUNNING,35,0,0.0,414.8,11.1,48.93,0.158,1198.5,54.66,96.6,0.02,simulator,1.0
2026-10-02 08:21:06+00:00,M02,6.714,102.69845,RUNNING,35,0,0.0,415.3,10.85,48.95,0.156,1198.2,53.51,96.6,0.02,simulator,1.0
2026-10-02 08:21:08+00:00,M02,7.087,102.70238,RUNNING,35,0,0.0,411.9,11.55,48.88,0.147,1200.5,56.38,96.6,0.02,simulator,1.0
2026-10-02 08:21:10+00:00,M02,6.669,102.70609,RUNNING,35,0,0.0,413.2,10.84,48.87,0.146,1197.6,53.18,96.6,0.02,simulator,1.0
2026-10-02 08:21:12+00:00,M02,7.047,102.71,RUNNING,35,0,0.0,412.9,11.46,48.9,0.17,1204.7,55.86,96.6,0.03,simulator,1.0
2026-10-02 08:21:14+00:00,M02,6.751,102.71375,RUNNING,35,0,0.0,414.3,10.94,48.92,0.173,1198.8,53.78,96.5,0.04,simulator,1.0
2026-10-02 08:21:16+00:00,M02,7.102,102.7177,RUNNING,35,0,0.0,416.8,11.44,48.93,0.165,1198.3,56.6,96.5,0.04,simulator,1.0
2026-10-02 08:21:18+00:00,M02,6.769,102.72146,RUNNING,35,0,0.0,411.8,11.04,48.91,0.172,1197.3,53.99,96.4,0.04,simulator,1.0
2026-10-02 08:21:20+00:00,M02,6.859,102.72527,RUNNING,35,0,0.0,415.3,11.09,48.87,0.149,1202.2,54.49,96.5,0.03,simulator,1.0
2026-10-02 08:21:22+00:00,M02,6.76,102.72903,RUNNING,35,0,0.0,417.2,10.88,48.89,0.156,1203.8,53.63,96.5,0.03,simulator,1.0
2026-10-02 08:21:24+00:00,M02,6.714,102.73276,RUNNING,35,0,0.0,414.2,10.88,48.9,0.149,1202.1,53.34,96.6,0.03,simulator,1.0
2026-10-02 08:21:26+00:00,M02,7.168,102.73674,RUNNING,35,0,0.0,412.8,11.66,48.86,0.164,1201.4,56.98,96.6,0.03,simulator,1.0
2026-10-02 08:21:28+00:00,M02,6.669,102.74044,RUNNING,35,0,0.0,412.4,10.86,48.85,0.168,1199.3,53.11,96.5,0.03,simulator,1.0
2026-10-02 08:21:30+00:00,M02,6.672,102.74415,RUNNING,36,1,36.0,415.3,10.79,48.78,0.165,1195.0,53.32,96.5,0.03,simulator,1.0
2026-10-02 08:21:32+00:00,M02,6.949,102.74801,RUNNING,36,0,0.0,412.0,11.32,48.81,0.155,1203.1,55.16,96.6,0.03,simulator,1.0
2026-10-02 08:21:34+00:00,M02,7.111,102.75196,RUNNING,36,0,0.0,412.7,11.57,48.77,0.173,1203.7,56.42,96.5,0.03,simulator,1.0
2026-10-02 08:21:36+00:00,M02,6.705,102.75569,RUNNING,36,0,0.0,413.2,10.89,48.77,0.171,1198.7,53.42,96.5,0.03,simulator,1.0
2026-10-02 08:21:38+00:00,M02,6.749,102.75943,RUNNING,36,0,0.0,413.0,10.97,48.73,0.172,1202.4,53.6,96.5,0.03,simulator,1.0
2026-10-02 08:21:40+00:00,M02,6.977,102.76331,RUNNING,36,0,0.0,415.9,11.26,48.67,0.17,1197.3,55.65,96.5,0.03,simulator,1.0
2026-10-02 08:21:42+00:00,M02,6.929,102.76716,RUNNING,36,0,0.0,416.8,11.16,48.67,0.161,1199.9,55.15,96.5,0.03,simulator,1.0
2026-10-02 08:21:44+00:00,M02,6.932,102.77101,RUNNING,36,0,0.0,417.9,11.14,48.63,0.166,1198.5,55.24,96.6,0.03,simulator,1.0
2026-10-02 08:21:46+00:00,M02,6.672,102.77472,RUNNING,36,0,0.0,413.2,10.84,48.6,0.147,1195.1,53.32,96.6,0.03,simulator,1.0
2026-10-02 08:21:48+00:00,M02,6.985,102.7786,RUNNING,36,0,0.0,417.7,11.23,48.62,0.168,1198.0,55.68,96.6,0.03,simulator,1.0
2026-10-02 08:21:50+00:00,M02,7.035,102.78251,RUNNING,36,0,0.0,411.6,11.47,48.64,0.171,1202.0,55.89,96.6,0.03,simulator,1.0
2026-10-02 08:21:52+00:00,M02,7.025,102.78641,RUNNING,36,0,0.0,416.2,11.33,48.62,0.158,1201.1,55.86,96.6,0.03,simulator,1.0
2026-10-02 08:21:54+00:00,M02,6.89,102.79024,RUNNING,36,0,0.0,415.8,11.12,48.62,0.168,1203.1,54.69,96.6,0.03,simulator,1.0
2026-10-02 08:21:56+00:00,M02,6.926,102.79409,RUNNING,36,0,0.0,418.2,11.12,48.63,0.157,1201.9,55.03,96.6,0.03,simulator,1.0
2026-10-02 08:21:58+00:00,M02,6.664,102.79779,RUNNING,36,0,0.0,417.2,10.72,48.61,0.159,1203.6,52.88,96.7,0.02,simulator,1.0
2026-10-02 08:22:00+00:00,M02,7.083,102.80172,RUNNING,36,0,0.0,413.7,11.49,48.55,0.157,1199.4,56.4,96.7,0.02,simulator,1.0
2026-10-02 08:22:02+00:00,M02,12.448,102.80864,OVERLOAD,36,0,0.0,414.4,20.17,48.73,0.378,1133.8,104.85,92.0,0.22,simulator,1.0
2026-10-02 08:22:04+00:00,M02,11.723,102.81515,OVERLOAD,36,0,0.0,414.9,18.97,48.86,0.429,1127.9,99.26,88.1,0.33,simulator,1.0
2026-10-02 08:22:06+00:00,M02,12.101,102.82187,OVERLOAD,37,1,34.62,417.0,19.48,49.0,0.453,1129.6,102.31,85.2,0.4,simulator,1.0
2026-10-02 08:22:08+00:00,M02,11.829,102.82845,OVERLOAD,37,0,0.0,415.1,19.13,49.18,0.461,1148.2,98.39,82.9,0.45,simulator,1.0
2026-10-02 08:22:10+00:00,M02,11.815,102.83501,OVERLOAD,37,0,0.0,416.1,19.06,49.4,0.46,1136.0,99.33,81.2,0.48,simulator,1.0
2026-10-02 08:22:12+00:00,M02,11.758,102.84154,OVERLOAD,37,0,0.0,412.2,19.15,49.56,0.45,1133.5,99.06,79.9,0.51,simulator,1.0
2026-10-02 08:22:14+00:00,M02,12.023,102.84822,OVERLOAD,37,0,0.0,414.1,19.49,49.68,0.436,1136.8,101.0,79.0,0.52,simulator,1.0
2026-10-02 08:22:16+00:00,M02,12.24,102.85502,OVERLOAD,37,0,0.0,414.6,19.82,49.85,0.433,1138.5,102.67,78.3,0.54,simulator,1.0
2026-10-02 08:22:18+00:00,M02,12.213,102.86181,OVERLOAD,37,0,0.0,415.2,19.75,50.0,0.451,1152.6,101.19,77.6,0.55,simulator,1.0
2026-10-02 08:22:20+00:00,M02,11.755,102.86834,OVERLOAD,37,0,0.0,413.5,19.08,50.21,0.439,1151.0,97.53,77.0,0.57,simulator,1.0
2026-10-02 08:22:22+00:00,M02,12.318,102.87518,OVERLOAD,37,0,0.0,416.8,19.84,50.42,0.444,1151.2,102.19,76.4,0.58,simulator,1.0
2026-10-02 08:22:24+00:00,M02,12.07,102.88189,OVERLOAD,37,0,0.0,415.4,19.51,50.6,0.459,1129.3,102.07,75.8,0.59,simulator,1.0
2026-10-02 08:22:26+00:00,M02,12.206,102.88867,OVERLOAD,37,0,0.0,412.5,19.87,50.81,0.448,1143.2,101.97,75.3,0.59,simulator,1.0
2026-10-02 08:22:28+00:00,M02,11.759,102.8952,OVERLOAD,37,0,0.0,412.7,19.13,50.98,0.445,1133.1,99.11,74.8,0.61,simulator,1.0
2026-10-02 08:22:30+00:00,M02,12.165,102.90196,OVERLOAD,37,0,0.0,411.7,19.84,51.17,0.461,1151.2,100.92,74.3,0.61,simulator,1.0
2026-10-02 08:22:32+00:00,M02,12.227,102.90875,OVERLOAD,37,0,0.0,413.8,19.84,51.29,0.457,1129.7,103.36,73.8,0.62,simulator,1.0
2026-10-02 08:22:34+00:00,M02,12.489,102.91569,OVERLOAD,37,0,0.0,414.1,20.25,51.44,0.442,1152.4,103.5,73.4,0.64,simulator,1.0
2026-10-02 08:22:36+00:00,M02,12.149,102.92244,OVERLOAD,37,0,0.0,414.9,19.66,51.62,0.441,1127.0,102.95,73.1,0.65,simulator,1.0
2026-10-02 08:22:38+00:00,M02,11.849,102.92902,OVERLOAD,37,0,0.0,413.2,19.25,51.82,0.433,1141.2,99.16,72.8,0.66,simulator,1.0
2026-10-02 08:22:40+00:00,M02,11.9,102.93563,OVERLOAD,37,0,0.0,411.7,19.4,51.98,0.432,1154.3,98.45,72.4,0.66,simulator,1.0
2026-10-02 08:22:42+00:00,M02,12.263,102.94244,OVERLOAD,38,1,34.62,415.3,19.82,52.14,0.453,1153.5,101.53,71.9,0.67,simulator,1.0
2026-10-02 08:22:44+00:00,M02,12.408,102.94934,OVERLOAD,38,0,0.0,414.0,20.12,52.31,0.436,1147.5,103.26,71.5,0.67,simulator,1.0
2026-10-02 08:22:46+00:00,M02,12.47,102.95627,OVERLOAD,38,0,0.0,418.2,20.02,52.48,0.436,1134.3,104.99,71.1,0.69,simulator,1.0
2026-10-02 08:22:48+00:00,M02,12.428,102.96317,OVERLOAD,38,0,0.0,417.2,20.0,52.67,0.46,1144.5,103.7,70.6,0.69,simulator,1.0
2026-10-02 08:22:50+00:00,M02,12.327,102.97002,OVERLOAD,38,0,0.0,413.0,20.04,52.83,0.449,1154.7,101.95,70.1,0.7,simulator,1.0
2026-10-02 08:22:52+00:00,M02,12.232,102.97681,OVERLOAD,38,0,0.0,413.0,19.88,52.96,0.438,1128.7,103.5,69.8,0.71,simulator,1.0
2026-10-02 08:22:54+00:00,M02,12.461,102.98374,OVERLOAD,38,0,0.0,415.8,20.12,53.14,0.446,1133.4,105.0,69.3,0.72,simulator,1.0
2026-10-02 08:22:56+00:00,M02,12.44,102.99065,OVERLOAD,38,0,0.0,412.4,20.25,53.32,0.436,1149.5,103.35,69.0,0.73,simulator,1.0
2026-10-02 08:22:58+00:00,M02,12.478,102.99758,OVERLOAD,38,0,0.0,414.1,20.23,53.5,0.434,1127.0,105.74,68.6,0.74,simulator,1.0
2026-10-02 08:23:00+00:00,M02,11.74,103.0041,OVERLOAD,38,0,0.0,416.2,18.94,53.73,0.442,1135.9,98.7,68.2,0.74,simulator,1.0
2026-10-02 08:23:02+00:00,M02,7.558,103.0083,RUNNING,38,0,0.0,411.5,12.33,53.71,0.221,1201.4,60.08,73.0,0.58,simulator,1.0
2026-10-02 08:23:04+00:00,M02,7.518,103.01248,RUNNING,38,0,0.0,412.5,12.24,53.64,0.201,1200.1,59.83,76.9,0.46,simulator,1.0
2026-10-02 08:23:06+00:00,M02,7.472,103.01663,RUNNING,38,0,0.0,412.0,12.18,53.56,0.182,1199.8,59.47,80.2,0.38,simulator,1.0
2026-10-02 08:23:08+00:00,M02,7.042,103.02054,RUNNING,38,0,0.0,418.2,11.3,53.49,0.186,1200.6,56.01,82.9,0.32,simulator,1.0
2026-10-02 08:23:10+00:00,M02,7.113,103.02449,RUNNING,38,0,0.0,412.5,11.58,53.46,0.168,1204.2,56.41,85.4,0.27,simulator,1.0
2026-10-02 08:23:12+00:00,M02,6.894,103.02832,RUNNING,38,0,0.0,413.0,11.21,53.34,0.151,1197.2,54.99,87.6,0.21,simulator,1.0
2026-10-02 08:23:14+00:00,M02,6.9,103.03216,RUNNING,38,0,0.0,413.5,11.2,53.24,0.161,1195.4,55.12,89.6,0.17,simulator,1.0
2026-10-02 08:23:16+00:00,M02,7.014,103.03605,RUNNING,39,1,36.0,413.9,11.38,53.15,0.174,1195.9,56.01,91.1,0.16,simulator,1.0
2026-10-02 08:23:18+00:00,M02,6.992,103.03994,RUNNING,39,0,0.0,417.1,11.25,53.06,0.173,1199.1,55.69,92.1,0.15,simulator,1.0
2026-10-02 08:23:20+00:00,M02,6.917,103.04378,RUNNING,39,0,0.0,416.4,11.15,52.96,0.152,1200.7,55.02,93.0,0.13,simulator,1.0
2026-10-02 08:23:22+00:00,M02,6.893,103.04761,RUNNING,39,0,0.0,417.8,11.08,52.92,0.146,1200.7,54.82,93.6,0.11,simulator,1.0
2026-10-02 08:23:24+00:00,M02,7.191,103.0516,RUNNING,39,0,0.0,416.6,11.59,52.87,0.148,1202.1,57.13,94.0,0.1,simulator,1.0
2026-10-02 08:23:26+00:00,M02,6.714,103.05533,RUNNING,39,0,0.0,413.0,10.91,52.79,0.162,1204.2,53.25,94.3,0.1,simulator,1.0
2026-10-02 08:23:28+00:00,M02,7.119,103.05929,RUNNING,39,0,0.0,415.8,11.49,52.69,0.15,1203.5,56.49,94.6,0.1,simulator,1.0
2026-10-02 08:23:30+00:00,M02,6.697,103.06301,RUNNING,39,0,0.0,413.8,10.87,52.57,0.16,1198.5,53.36,94.8,0.1,simulator,1.0
2026-10-02 08:23:32+00:00,M02,7.045,103.06692,RUNNING,39,0,0.0,416.7,11.35,52.51,0.15,1204.7,55.85,94.9,0.1,simulator,1.0
2026-10-02 08:23:34+00:00,M02,6.978,103.0708,RUNNING,39,0,0.0,415.5,11.27,52.43,0.16,1203.5,55.37,95.0,0.1,simulator,1.0
2026-10-02 08:23:36+00:00,M02,6.677,103.07451,RUNNING,39,0,0.0,418.2,10.72,52.36,0.15,1204.1,52.96,95.1,0.1,simulator,1.0
2026-10-02 08:23:38+00:00,M02,6.992,103.07839,RUNNING,39,0,0.0,417.0,11.26,52.31,0.159,1198.1,55.73,95.1,0.1,simulator,1.0
2026-10-02 08:23:40+00:00,M02,6.761,103.08215,RUNNING,39,0,0.0,417.7,10.87,52.25,0.15,1197.1,53.94,95.2,0.1,simulator,1.0
2026-10-02 08:23:42+00:00,M02,6.73,103.08589,RUNNING,39,0,0.0,414.0,10.91,52.17,0.171,1202.7,53.44,95.1,0.1,simulator,1.0
2026-10-02 08:23:44+00:00,M02,6.741,103.08963,RUNNING,39,0,0.0,414.5,10.92,52.09,0.158,1195.1,53.87,95.2,0.1,simulator,1.0
2026-10-02 08:23:46+00:00,M02,7.081,103.09357,RUNNING,39,0,0.0,414.3,11.47,52.01,0.173,1196.7,56.51,95.2,0.1,simulator,1.0
2026-10-02 08:23:48+00:00,M02,6.671,103.09727,RUNNING,39,0,0.0,415.6,10.78,51.92,0.159,1204.9,52.87,95.2,0.1,simulator,1.0
2026-10-02 08:23:50+00:00,M02,7.083,103.10121,RUNNING,39,0,0.0,411.5,11.56,51.89,0.174,1200.3,56.35,95.2,0.1,simulator,1.0
2026-10-02 08:23:52+00:00,M02,7.194,103.10521,RUNNING,40,1,36.0,412.7,11.7,51.86,0.157,1195.8,57.45,95.3,0.09,simulator,1.0
2026-10-02 08:23:54+00:00,M02,6.799,103.10898,RUNNING,40,0,0.0,411.6,11.09,51.83,0.145,1201.1,54.06,95.3,0.09,simulator,1.0
2026-10-02 08:23:56+00:00,M02,6.799,103.11276,RUNNING,40,0,0.0,412.2,11.07,51.8,0.163,1199.7,54.12,95.4,0.08,simulator,1.0
2026-10-02 08:23:58+00:00,M02,7.099,103.1167,RUNNING,40,0,0.0,413.5,11.53,51.76,0.172,1204.1,56.3,95.3,0.09,simulator,1.0
2026-10-02 08:24:00+00:00,M02,6.942,103.12056,RUNNING,40,0,0.0,416.4,11.19,51.7,0.173,1197.4,55.37,95.3,0.09,simulator,1.0
2026-10-02 08:24:02+00:00,M02,6.773,103.12432,RUNNING,40,0,0.0,414.9,10.96,51.67,0.148,1196.8,54.05,95.4,0.09,simulator,1.0
2026-10-02 08:24:04+00:00,M02,7.108,103.12827,RUNNING,40,0,0.0,416.5,11.46,51.64,0.165,1201.7,56.49,95.4,0.09,simulator,1.0
2026-10-02 08:24:06+00:00,M02,6.994,103.13216,RUNNING,40,0,0.0,413.3,11.36,51.55,0.173,1197.1,55.8,95.3,0.08,simulator,1.0
2026-10-02 08:24:08+00:00,M02,6.825,103.13595,RUNNING,40,0,0.0,417.3,10.98,51.54,0.155,1198.1,54.4,95.4,0.09,simulator,1.0
2026-10-02 08:24:10+00:00,M02,6.999,103.13984,RUNNING,40,0,0.0,416.7,11.28,51.44,0.174,1200.8,55.66,95.4,0.09,simulator,1.0
2026-10-02 08:24:12+00:00,M02,6.941,103.14369,RUNNING,40,0,0.0,415.5,11.21,51.41,0.163,1203.2,55.09,95.4,0.08,simulator,1.0
2026-10-02 08:24:14+00:00,M02,7.155,103.14767,RUNNING,40,0,0.0,415.0,11.57,51.37,0.162,1203.5,56.78,95.5,0.07,simulator,1.0
2026-10-02 08:24:16+00:00,M02,6.806,103.15145,RUNNING,40,0,0.0,415.4,11.0,51.27,0.149,1201.9,54.08,95.5,0.07,simulator,1.0
2026-10-02 08:24:18+00:00,M02,7.124,103.15541,RUNNING,40,0,0.0,418.1,11.44,51.21,0.152,1198.7,56.76,95.6,0.06,simulator,1.0
2026-10-02 08:24:20+00:00,M02,6.837,103.15921,RUNNING,40,0,0.0,411.6,11.15,51.18,0.155,1202.6,54.29,95.6,0.06,simulator,1.0
2026-10-02 08:24:22+00:00,M02,6.683,103.16292,RUNNING,40,0,0.0,413.8,10.84,51.09,0.156,1198.4,53.26,95.7,0.07,simulator,1.0
2026-10-02 08:24:24+00:00,M02,6.983,103.1668,RUNNING,40,0,0.0,414.1,11.32,51.03,0.165,1202.3,55.47,95.7,0.07,simulator,1.0
2026-10-02 08:24:26+00:00,M02,6.95,103.17066,RUNNING,40,0,0.0,415.0,11.24,51.02,0.149,1200.4,55.29,95.7,0.07,simulator,1.0
2026-10-02 08:24:28+00:00,M02,7.039,103.17457,RUNNING,41,1,36.0,416.0,11.36,50.97,0.163,1203.2,55.87,95.7,0.06,simulator,1.0
2026-10-02 08:24:30+00:00,M02,7.025,103.17847,RUNNING,41,0,0.0,412.5,11.43,50.95,0.16,1203.3,55.75,95.7,0.06,simulator,1.0
2026-10-02 08:24:32+00:00,M02,6.72,103.18221,RUNNING,41,0,0.0,412.5,10.94,50.91,0.159,1202.5,53.37,95.8,0.06,simulator,1.0
2026-10-02 08:24:34+00:00,M02,6.741,103.18595,RUNNING,41,0,0.0,417.0,10.85,50.81,0.149,1196.0,53.83,95.8,0.06,simulator,1.0
2026-10-02 08:24:36+00:00,M02,7.184,103.18994,RUNNING,41,0,0.0,415.8,11.6,50.78,0.164,1198.6,57.24,95.8,0.06,simulator,1.0
2026-10-02 08:24:38+00:00,M02,6.978,103.19382,RUNNING,41,0,0.0,414.2,11.31,50.76,0.167,1204.3,55.33,95.8,0.07,simulator,1.0
2026-10-02 08:24:40+00:00,M02,6.976,103.1977,RUNNING,41,0,0.0,415.1,11.28,50.7,0.168,1199.6,55.54,95.8,0.07,simulator,1.0
2026-10-02 08:24:42+00:00,M02,7.089,103.20163,RUNNING,41,0,0.0,415.0,11.47,50.69,0.153,1195.2,56.64,95.8,0.06,simulator,1.0
2026-10-02 08:24:44+00:00,M02,6.911,103.20547,RUNNING,41,0,0.0,417.9,11.1,50.63,0.145,1202.3,54.89,95.9,0.06,simulator,1.0
2026-10-02 08:24:46+00:00,M02,6.956,103.20934,RUNNING,41,0,0.0,415.3,11.24,50.56,0.142,1197.0,55.5,95.9,0.06,simulator,1.0
2026-10-02 08:24:48+00:00,M02,6.878,103.21316,RUNNING,41,0,0.0,417.0,11.07,50.54,0.146,1195.5,54.94,95.9,0.06,simulator,1.0
2026-10-02 08:24:50+00:00,M02,6.696,103.21688,RUNNING,41,0,0.0,414.1,10.86,50.52,0.171,1200.8,53.25,95.9,0.06,simulator,1.0
2026-10-02 08:24:52+00:00,M02,7.022,103.22078,RUNNING,41,0,0.0,416.4,11.32,50.52,0.147,1198.8,55.94,95.9,0.06,simulator,1.0
2026-10-02 08:24:54+00:00,M02,7.109,103.22473,RUNNING,41,0,0.0,414.6,11.51,50.53,0.151,1195.9,56.77,95.9,0.05,simulator,1.0
2026-10-02 08:24:56+00:00,M02,6.815,103.22852,RUNNING,41,0,0.0,413.9,11.05,50.47,0.144,1203.5,54.08,96.0,0.05,simulator,1.0
2026-10-02 08:24:58+00:00,M02,7.161,103.23249,RUNNING,41,0,0.0,416.0,11.56,50.45,0.159,1203.6,56.82,96.0,0.05,simulator,1.0
2026-10-02 08:25:00+00:00,M02,6.809,103.23628,RUNNING,41,0,0.0,417.9,10.94,50.46,0.154,1204.5,53.99,96.0,0.05,simulator,1.0
2026-10-02 08:25:02+00:00,M02,6.94,103.24013,RUNNING,41,0,0.0,416.9,11.18,50.45,0.168,1204.3,55.03,95.9,0.06,simulator,1.0
2026-10-02 08:25:04+00:00,M02,6.732,103.24387,RUNNING,42,1,36.0,415.1,10.89,50.43,0.149,1195.1,53.8,96.0,0.06,simulator,1.0
2026-10-02 08:25:06+00:00,M02,6.713,103.2476,RUNNING,42,0,0.0,416.1,10.83,50.39,0.17,1202.1,53.33,95.9,0.07,simulator,1.0
2026-10-02 08:25:08+00:00,M02,6.748,103.25135,RUNNING,42,0,0.0,418.0,10.84,50.38,0.162,1197.6,53.81,95.9,0.06,simulator,1.0
2026-10-02 08:25:10+00:00,M02,6.801,103.25513,RUNNING,42,0,0.0,412.3,11.07,50.32,0.173,1203.4,53.97,95.9,0.06,simulator,1.0
2026-10-02 08:25:12+00:00,M02,7.037,103.25904,RUNNING,42,0,0.0,414.2,11.41,50.26,0.176,1200.4,55.98,95.8,0.07,simulator,1.0
2026-10-02 08:25:14+00:00,M02,7.003,103.26293,RUNNING,42,0,0.0,412.4,11.4,50.22,0.178,1195.5,55.94,95.8,0.07,simulator,1.0
2026-10-02 08:25:16+00:00,M02,6.753,103.26668,RUNNING,42,0,0.0,414.9,10.93,50.16,0.17,1199.4,53.77,95.8,0.07,simulator,1.0
2026-10-02 08:25:18+00:00,M02,6.961,103.27055,RUNNING,42,0,0.0,417.0,11.21,50.09,0.163,1195.1,55.63,95.9,0.05,simulator,1.0
2026-10-02 08:25:20+00:00,M02,6.963,103.27442,RUNNING,42,0,0.0,412.2,11.34,50.05,0.157,1198.6,55.48,96.0,0.04,simulator,1.0
2026-10-02 08:25:22+00:00,M02,6.963,103.27828,RUNNING,42,0,0.0,414.4,11.28,49.98,0.164,1199.0,55.46,96.0,0.04,simulator,1.0
2026-10-02 08:25:24+00:00,M02,7.009,103.28218,RUNNING,42,0,0.0,418.0,11.26,49.94,0.172,1195.4,55.99,96.0,0.04,simulator,1.0
2026-10-02 08:25:26+00:00,M02,6.782,103.28595,RUNNING,42,0,0.0,411.8,11.06,49.95,0.161,1203.8,53.8,96.1,0.04,simulator,1.0
2026-10-02 08:25:28+00:00,M02,6.795,103.28972,RUNNING,42,0,0.0,416.7,10.95,49.94,0.147,1202.5,53.96,96.1,0.04,simulator,1.0
2026-10-02 08:25:30+00:00,M02,7.202,103.29372,RUNNING,42,0,0.0,417.5,11.58,49.9,0.164,1199.2,57.35,96.1,0.04,simulator,1.0
2026-10-02 08:25:32+00:00,M02,6.787,103.29749,RUNNING,42,0,0.0,418.2,10.9,49.85,0.153,1201.6,53.94,96.2,0.04,simulator,1.0
2026-10-02 08:25:34+00:00,M02,6.726,103.30123,RUNNING,42,0,0.0,415.5,10.87,49.86,0.149,1201.4,53.47,96.2,0.03,simulator,1.0
2026-10-02 08:25:36+00:00,M02,7.145,103.3052,RUNNING,42,0,0.0,414.5,11.57,49.81,0.169,1199.4,56.89,96.1,0.03,simulator,1.0
2026-10-02 08:25:38+00:00,M02,6.813,103.30898,RUNNING,42,0,0.0,417.8,10.95,49.82,0.162,1199.4,54.25,96.2,0.03,simulator,1.0
2026-10-02 08:25:40+00:00,M02,6.707,103.31271,RUNNING,43,1,36.0,411.7,10.94,49.83,0.165,1198.1,53.46,96.2,0.04,simulator,1.0
2026-10-02 08:25:42+00:00,M02,6.713,103.31644,RUNNING,43,0,0.0,413.5,10.9,49.81,0.154,1204.4,53.23,96.2,0.04,simulator,1.0
2026-10-02 08:25:44+00:00,M02,6.784,103.32021,RUNNING,43,0,0.0,416.1,10.95,49.8,0.155,1204.0,53.81,96.2,0.03,simulator,1.0
2026-10-02 08:25:46+00:00,M02,7.126,103.32417,RUNNING,43,0,0.0,418.0,11.44,49.76,0.154,1197.6,56.82,96.2,0.03,simulator,1.0
2026-10-02 08:25:48+00:00,M02,7.04,103.32808,RUNNING,43,0,0.0,416.6,11.34,49.78,0.167,1196.5,56.19,96.2,0.04,simulator,1.0
2026-10-02 08:25:50+00:00,M02,6.716,103.33181,RUNNING,43,0,0.0,414.0,10.89,49.77,0.158,1195.7,53.64,96.2,0.03,simulator,1.0
2026-10-02 08:25:52+00:00,M02,6.762,103.33557,RUNNING,43,0,0.0,417.7,10.87,49.77,0.167,1199.4,53.84,96.2,0.04,simulator,1.0
2026-10-02 08:25:54+00:00,M02,7.068,103.33949,RUNNING,43,0,0.0,414.2,11.46,49.75,0.174,1198.5,56.32,96.1,0.04,simulator,1.0
2026-10-02 08:25:56+00:00,M02,7.151,103.34347,RUNNING,43,0,0.0,416.2,11.53,49.69,0.161,1198.6,56.98,96.2,0.03,simulator,1.0
2026-10-02 08:25:58+00:00,M02,7.18,103.34745,RUNNING,43,0,0.0,415.2,11.61,49.71,0.147,1201.6,57.06,96.2,0.04,simulator,1.0
2026-10-02 08:26:00+00:00,M02,6.872,103.35127,RUNNING,43,0,0.0,413.5,11.16,49.73,0.159,1199.2,54.73,96.2,0.04,simulator,1.0
2026-10-02 08:26:02+00:00,M02,6.87,103.35509,RUNNING,43,0,0.0,417.1,11.06,49.69,0.152,1201.9,54.59,96.3,0.03,simulator,1.0
2026-10-02 08:26:04+00:00,M02,7.132,103.35905,RUNNING,43,0,0.0,412.7,11.6,49.66,0.17,1201.8,56.67,96.2,0.03,simulator,1.0
2026-10-02 08:26:06+00:00,M02,6.778,103.36282,RUNNING,43,0,0.0,415.7,10.95,49.66,0.166,1198.3,54.02,96.2,0.04,simulator,1.0
2026-10-02 08:26:08+00:00,M02,6.827,103.36661,RUNNING,43,0,0.0,417.6,10.98,49.65,0.168,1200.1,54.33,96.2,0.03,simulator,1.0
2026-10-02 08:26:10+00:00,M02,7.037,103.37052,RUNNING,43,0,0.0,416.4,11.35,49.67,0.15,1198.0,56.1,96.2,0.03,simulator,1.0
2026-10-02 08:26:12+00:00,M02,7.003,103.37441,RUNNING,43,0,0.0,412.2,11.41,49.6,0.159,1202.5,55.62,96.3,0.04,simulator,1.0
2026-10-02 08:26:14+00:00,M02,7.014,103.37831,RUNNING,43,0,0.0,412.2,11.42,49.59,0.156,1197.0,55.96,96.3,0.03,simulator,1.0
2026-10-02 08:26:16+00:00,M02,6.846,103.38211,RUNNING,44,1,36.0,415.6,11.06,49.56,0.154,1202.0,54.39,96.3,0.04,simulator,1.0
2026-10-02 08:26:18+00:00,M02,6.754,103.38586,RUNNING,44,0,0.0,414.3,10.94,49.5,0.164,1197.8,53.85,96.3,0.04,simulator,1.0
2026-10-02 08:26:20+00:00,M02,6.665,103.38956,RUNNING,44,0,0.0,412.0,10.86,49.52,0.151,1196.2,53.21,96.3,0.04,simulator,1.0
2026-10-02 08:26:22+00:00,M02,6.781,103.39333,RUNNING,44,0,0.0,415.8,10.95,49.46,0.152,1195.6,54.16,96.4,0.04,simulator,1.0
2026-10-02 08:26:24+00:00,M02,7.033,103.39724,RUNNING,44,0,0.0,412.9,11.44,49.48,0.144,1200.2,55.96,96.4,0.04,simulator,1.0
2026-10-02 08:26:26+00:00,M02,6.667,103.40094,RUNNING,44,0,0.0,414.6,10.8,49.5,0.169,1202.8,52.93,96.3,0.04,simulator,1.0
2026-10-02 08:26:28+00:00,M02,6.741,103.40469,RUNNING,44,0,0.0,412.2,10.98,49.5,0.156,1196.1,53.82,96.3,0.03,simulator,1.0
2026-10-02 08:26:30+00:00,M02,7.078,103.40862,RUNNING,44,0,0.0,413.3,11.5,49.46,0.171,1202.3,56.22,96.3,0.04,simulator,1.0
2026-10-02 08:26:32+00:00,M02,7.123,103.41258,RUNNING,44,0,0.0,414.3,11.54,49.4,0.152,1199.8,56.7,96.3,0.03,simulator,1.0
2026-10-02 08:26:34+00:00,M02,6.723,103.41631,RUNNING,44,0,0.0,414.7,10.88,49.39,0.162,1201.2,53.45,96.3,0.03,simulator,1.0
2026-10-02 08:26:36+00:00,M02,6.943,103.42017,RUNNING,44,0,0.0,413.1,11.28,49.35,0.163,1200.6,55.23,96.4,0.03,simulator,1.0
2026-10-02 08:26:38+00:00,M02,7.056,103.42409,RUNNING,44,0,0.0,413.5,11.46,49.33,0.152,1204.9,55.93,96.4,0.03,simulator,1.0
2026-10-02 08:26:40+00:00,M02,6.862,103.4279,RUNNING,44,0,0.0,414.2,11.12,49.32,0.164,1198.7,54.67,96.4,0.04,simulator,1.0
2026-10-02 08:26:42+00:00,M02,6.909,103.43174,RUNNING,44,0,0.0,413.7,11.21,49.34,0.173,1198.5,55.05,96.3,0.04,simulator,1.0
2026-10-02 08:26:44+00:00,M02,7.146,103.43571,RUNNING,44,0,0.0,417.6,11.49,49.27,0.168,1199.9,56.87,96.3,0.03,simulator,1.0
2026-10-02 08:26:46+00:00,M02,6.939,103.43956,RUNNING,44,0,0.0,413.4,11.27,49.22,0.166,1203.0,55.09,96.3,0.03,simulator,1.0
2026-10-02 08:26:48+00:00,M02,6.801,103.44334,RUNNING,44,0,0.0,413.2,11.05,49.16,0.159,1202.8,54.0,96.4,0.03,simulator,1.0
2026-10-02 08:26:50+00:00,M02,6.763,103.4471,RUNNING,44,0,0.0,415.8,10.92,49.11,0.166,1203.6,53.66,96.4,0.03,simulator,1.0
2026-10-02 08:26:52+00:00,M02,6.96,103.45097,RUNNING,45,1,36.0,413.7,11.29,49.06,0.15,1203.4,55.23,96.4,0.03,simulator,1.0
2026-10-02 08:26:54+00:00,M02,7.178,103.45495,RUNNING,45,0,0.0,415.5,11.6,49.0,0.157,1199.5,57.15,96.5,0.03,simulator,1.0
2026-10-02 08:26:56+00:00,M02,6.992,103.45884,RUNNING,45,0,0.0,416.3,11.28,48.95,0.152,1203.4,55.49,96.5,0.03,simulator,1.0
2026-10-02 08:26:58+00:00,M02,6.802,103.46262,RUNNING,45,0,0.0,418.0,10.92,48.96,0.165,1196.3,54.3,96.5,0.03,simulator,1.0
2026-10-02 08:27:00+00:00,M02,7.114,103.46657,RUNNING,45,0,0.0,416.6,11.46,48.96,0.169,1196.2,56.8,96.5,0.03,simulator,1.0
2026-10-02 08:27:02+00:00,M02,6.93,103.47042,RUNNING,45,0,0.0,416.0,11.18,48.99,0.166,1202.0,55.06,96.5,0.02,simulator,1.0
2026-10-02 08:27:04+00:00,M02,6.715,103.47415,RUNNING,45,0,0.0,415.6,10.85,48.95,0.169,1197.0,53.57,96.4,0.03,simulator,1.0
2026-10-02 08:27:06+00:00,M02,6.894,103.47798,RUNNING,45,0,0.0,414.3,11.17,48.92,0.161,1198.0,54.96,96.5,0.02,simulator,1.0
2026-10-02 08:27:08+00:00,M02,6.754,103.48173,RUNNING,45,0,0.0,418.3,10.84,48.9,0.166,1197.4,53.87,96.5,0.02,simulator,1.0
2026-10-02 08:27:10+00:00,M02,6.904,103.48557,RUNNING,45,0,0.0,417.3,11.11,48.89,0.15,1197.7,55.05,96.5,0.03,simulator,1.0
2026-10-02 08:27:12+00:00,M02,6.904,103.4894,RUNNING,45,0,0.0,412.3,11.24,48.84,0.161,1201.8,54.86,96.6,0.03,simulator,1.0
2026-10-02 08:27:14+00:00,M02,6.732,103.49314,RUNNING,45,0,0.0,415.0,10.89,48.86,0.174,1197.5,53.69,96.5,0.03,simulator,1.0
2026-10-02 08:27:16+00:00,M02,6.922,103.49699,RUNNING,45,0,0.0,413.8,11.23,48.84,0.154,1199.1,55.13,96.5,0.02,simulator,1.0
2026-10-02 08:27:18+00:00,M02,7.05,103.50091,RUNNING,45,0,0.0,415.7,11.39,48.84,0.161,1201.3,56.05,96.6,0.02,simulator,1.0
2026-10-02 08:27:20+00:00,M02,6.771,103.50467,RUNNING,45,0,0.0,414.2,10.97,48.84,0.164,1196.3,54.05,96.6,0.02,simulator,1.0
2026-10-02 08:27:22+00:00,M02,6.834,103.50846,RUNNING,45,0,0.0,412.8,11.11,48.82,0.146,1204.7,54.18,96.6,0.02,simulator,1.0
2026-10-02 08:27:24+00:00,M02,7.061,103.51239,RUNNING,45,0,0.0,415.7,11.4,48.84,0.162,1195.1,56.42,96.6,0.03,simulator,1.0
2026-10-02 08:27:26+00:00,M02,6.879,103.51621,RUNNING,45,0,0.0,414.9,11.13,48.82,0.162,1198.1,54.83,96.6,0.03,simulator,1.0
2026-10-02 08:27:28+00:00,M02,7.014,103.52011,RUNNING,46,1,36.0,412.1,11.43,48.79,0.154,1204.9,55.59,96.6,0.03,simulator,1.0
2026-10-02 08:27:30+00:00,M02,6.742,103.52385,RUNNING,46,0,0.0,412.5,10.97,48.79,0.158,1200.7,53.62,96.6,0.02,simulator,1.0
2026-10-02 08:27:32+00:00,M02,6.712,103.52758,RUNNING,46,0,0.0,416.4,10.82,48.78,0.174,1196.9,53.55,96.6,0.02,simulator,1.0
2026-10-02 08:27:34+00:00,M02,6.754,103.53133,RUNNING,46,0,0.0,412.5,10.99,48.81,0.154,1197.4,53.87,96.6,0.03,simulator,1.0
2026-10-02 08:27:36+00:00,M02,6.718,103.53506,RUNNING,46,0,0.0,415.0,10.87,48.82,0.161,1197.0,53.6,96.6,0.03,simulator,1.0
2026-10-02 08:27:38+00:00,M02,7.066,103.53899,RUNNING,46,0,0.0,415.4,11.42,48.82,0.169,1200.9,56.19,96.6,0.03,simulator,1.0
2026-10-02 08:27:40+00:00,M02,6.931,103.54284,RUNNING,46,0,0.0,418.0,11.13,48.79,0.158,1195.9,55.35,96.6,0.03,simulator,1.0
2026-10-02 08:27:42+00:00,M02,6.77,103.5466,RUNNING,46,0,0.0,417.6,10.88,48.81,0.159,1200.1,53.87,96.6,0.03,simulator,1.0
2026-10-02 08:27:44+00:00,M02,6.72,103.55034,RUNNING,46,0,0.0,414.8,10.88,48.8,0.173,1201.4,53.42,96.5,0.03,simulator,1.0
2026-10-02 08:27:46+00:00,M02,6.965,103.5542,RUNNING,46,0,0.0,416.7,11.22,48.81,0.148,1197.6,55.54,96.6,0.03,simulator,1.0
2026-10-02 08:27:48+00:00,M02,6.704,103.55793,RUNNING,46,0,0.0,417.1,10.79,48.81,0.153,1202.1,53.26,96.6,0.03,simulator,1.0
2026-10-02 08:27:50+00:00,M02,7.204,103.56193,RUNNING,46,0,0.0,417.5,11.58,48.81,0.158,1200.2,57.32,96.6,0.02,simulator,1.0
2026-10-02 08:27:52+00:00,M02,6.774,103.56569,RUNNING,46,0,0.0,414.2,10.98,48.79,0.16,1198.3,53.99,96.6,0.03,simulator,1.0
2026-10-02 08:27:54+00:00,M02,6.749,103.56944,RUNNING,46,0,0.0,417.6,10.85,48.79,0.17,1195.2,53.93,96.6,0.02,simulator,1.0
2026-10-02 08:27:56+00:00,M02,6.978,103.57332,RUNNING,46,0,0.0,417.0,11.23,48.81,0.172,1199.8,55.54,96.5,0.02,simulator,1.0
2026-10-02 08:27:58+00:00,M02,6.702,103.57704,RUNNING,46,0,0.0,414.7,10.85,48.83,0.155,1200.2,53.33,96.6,0.02,simulator,1.0
2026-10-02 08:28:00+00:00,M02,7.084,103.58098,RUNNING,46,0,0.0,412.4,11.53,48.78,0.159,1204.4,56.17,96.6,0.02,simulator,1.0
2026-10-02 08:28:02+00:00,M02,12.18,103.58775,OVERLOAD,46,0,0.0,413.5,19.77,48.9,0.4,1125.8,103.32,91.7,0.22,simulator,1.0
2026-10-02 08:28:04+00:00,M02,11.833,103.59432,OVERLOAD,47,1,34.62,418.3,18.99,49.05,0.442,1135.6,99.51,87.8,0.33,simulator,1.0
2026-10-02 08:28:06+00:00,M02,12.429,103.60123,OVERLOAD,47,0,0.0,416.3,20.04,49.18,0.444,1146.7,103.51,85.0,0.41,simulator,1.0
2026-10-02 08:28:08+00:00,M02,12.133,103.60797,OVERLOAD,47,0,0.0,416.8,19.54,49.36,0.456,1151.6,100.62,82.8,0.46,simulator,1.0
2026-10-02 08:28:10+00:00,M02,11.888,103.61457,OVERLOAD,47,0,0.0,414.3,19.26,49.57,0.456,1148.5,98.85,81.1,0.49,simulator,1.0
2026-10-02 08:28:12+00:00,M02,12.027,103.62125,OVERLOAD,47,0,0.0,414.8,19.47,49.74,0.435,1149.6,99.91,80.0,0.51,simulator,1.0
2026-10-02 08:28:14+00:00,M02,11.816,103.62782,OVERLOAD,47,0,0.0,411.9,19.26,49.93,0.457,1126.9,100.14,78.9,0.53,simulator,1.0
2026-10-02 08:28:16+00:00,M02,12.461,103.63474,OVERLOAD,47,0,0.0,418.4,19.99,50.1,0.463,1133.8,104.96,78.0,0.54,simulator,1.0
2026-10-02 08:28:18+00:00,M02,12.003,103.64141,OVERLOAD,47,0,0.0,417.5,19.3,50.25,0.44,1135.6,100.94,77.4,0.56,simulator,1.0
2026-10-02 08:28:20+00:00,M02,12.283,103.64823,OVERLOAD,47,0,0.0,413.9,19.92,50.39,0.438,1150.5,101.96,76.8,0.57,simulator,1.0
2026-10-02 08:28:22+00:00,M02,12.016,103.65491,OVERLOAD,47,0,0.0,416.6,19.36,50.59,0.44,1152.7,99.55,76.3,0.59,simulator,1.0
2026-10-02 08:28:24+00:00,M02,12.47,103.66183,OVERLOAD,47,0,0.0,413.4,20.25,50.79,0.455,1140.0,104.46,75.7,0.59,simulator,1.0
2026-10-02 08:28:26+00:00,M02,12.234,103.66863,OVERLOAD,47,0,0.0,415.8,19.75,50.97,0.441,1133.1,103.11,75.3,0.6,simulator,1.0
2026-10-02 08:28:28+00:00,M02,11.762,103.67517,OVERLOAD,47,0,0.0,416.7,18.95,51.18,0.436,1141.1,98.44,74.9,0.61,simulator,1.0
2026-10-02 08:28:30+00:00,M02,12.285,103.68199,OVERLOAD,47,0,0.0,411.7,20.03,51.35,0.459,1152.5,101.8,74.3,0.62,simulator,1.0
2026-10-02 08:28:32+00:00,M02,12.108,103.68872,OVERLOAD,47,0,0.0,412.5,19.71,51.53,0.438,1125.4,102.75,73.9,0.63,simulator,1.0
2026-10-02 08:28:34+00:00,M02,12.238,103.69552,OVERLOAD,47,0,0.0,418.1,19.65,51.7,0.436,1140.5,102.48,73.5,0.64,simulator,1.0
2026-10-02 08:28:36+00:00,M02,12.467,103.70244,OVERLOAD,47,0,0.0,414.6,20.19,51.83,0.433,1137.4,104.68,73.2,0.64,simulator,1.0
2026-10-02 08:28:38+00:00,M02,11.865,103.70903,OVERLOAD,47,0,0.0,415.4,19.18,51.96,0.449,1132.0,100.1,72.7,0.65,simulator,1.0
2026-10-02 08:28:40+00:00,M02,12.015,103.71571,OVERLOAD,48,1,34.62,412.9,19.54,52.14,0.437,1150.4,99.74,72.3,0.66,simulator,1.0
2026-10-02 08:28:42+00:00,M02,11.939,103.72234,OVERLOAD,48,0,0.0,415.4,19.29,52.31,0.453,1144.6,99.61,71.8,0.66,simulator,1.0
2026-10-02 08:28:44+00:00,M02,11.847,103.72892,OVERLOAD,48,0,0.0,413.8,19.22,52.48,0.456,1131.8,99.96,71.3,0.67,simulator,1.0
2026-10-02 08:28:46+00:00,M02,11.934,103.73555,OVERLOAD,48,0,0.0,412.0,19.45,52.6,0.439,1131.3,100.74,70.9,0.68,simulator,1.0
2026-10-02 08:28:48+00:00,M02,12.29,103.74238,OVERLOAD,48,0,0.0,414.4,19.91,52.8,0.46,1146.7,102.35,70.4,0.69,simulator,1.0
2026-10-02 08:28:50+00:00,M02,11.946,103.74902,OVERLOAD,48,0,0.0,417.1,19.23,53.0,0.446,1151.2,99.1,70.0,0.7,simulator,1.0
2026-10-02 08:28:52+00:00,M02,12.017,103.75569,OVERLOAD,48,0,0.0,415.6,19.41,53.2,0.453,1140.0,100.67,69.6,0.71,simulator,1.0
2026-10-02 08:28:54+00:00,M02,12.075,103.7624,OVERLOAD,48,0,0.0,414.4,19.56,53.37,0.44,1143.8,100.82,69.2,0.72,simulator,1.0
2026-10-02 08:28:56+00:00,M02,11.892,103.76901,OVERLOAD,48,0,0.0,416.2,19.18,53.49,0.453,1137.9,99.81,68.8,0.73,simulator,1.0
2026-10-02 08:28:58+00:00,M02,12.03,103.77569,OVERLOAD,48,0,0.0,412.9,19.56,53.68,0.462,1139.6,100.81,68.2,0.74,simulator,1.0
2026-10-02 08:29:00+00:00,M02,11.921,103.78232,OVERLOAD,48,0,0.0,415.5,19.26,53.88,0.437,1152.0,98.82,67.9,0.75,simulator,1.0
2026-10-02 08:29:02+00:00,M02,7.398,103.78643,RUNNING,48,0,0.0,412.1,12.05,53.87,0.229,1196.0,59.07,72.7,0.6,simulator,1.0
2026-10-02 08:29:04+00:00,M02,7.433,103.79055,RUNNING,48,0,0.0,412.1,12.11,53.88,0.185,1202.3,59.04,76.8,0.46,simulator,1.0
2026-10-02 08:29:06+00:00,M02,6.94,103.79441,RUNNING,48,0,0.0,418.3,11.14,53.8,0.171,1204.2,55.04,80.2,0.37,simulator,1.0
2026-10-02 08:29:08+00:00,M02,6.95,103.79827,RUNNING,48,0,0.0,412.4,11.31,53.75,0.176,1201.7,55.23,82.9,0.31,simulator,1.0
2026-10-02 08:29:10+00:00,M02,6.933,103.80212,RUNNING,48,0,0.0,413.8,11.25,53.68,0.17,1198.2,55.26,85.4,0.26,simulator,1.0
2026-10-02 08:29:12+00:00,M02,7.267,103.80616,RUNNING,48,0,0.0,414.4,11.77,53.62,0.167,1197.5,57.95,87.5,0.22,simulator,1.0
2026-10-02 08:29:14+00:00,M02,7.134,103.81012,RUNNING,49,1,36.11,413.4,11.59,53.56,0.168,1203.4,56.61,89.4,0.18,simulator,1.0
2026-10-02 08:29:16+00:00,M02,6.854,103.81393,RUNNING,49,0,0.0,417.5,11.02,53.47,0.157,1202.4,54.44,91.0,0.16,simulator,1.0
2026-10-02 08:29:18+00:00,M02,6.992,103.81782,RUNNING,49,0,0.0,412.7,11.37,53.34,0.15,1202.1,55.55,92.2,0.13,simulator,1.0
2026-10-02 08:29:20+00:00,M02,7.159,103.82179,RUNNING,49,0,0.0,416.9,11.53,53.21,0.161,1199.7,56.99,93.0,0.13,simulator,1.0
2026-10-02 08:29:22+00:00,M02,6.789,103.82556,RUNNING,49,0,0.0,418.1,10.9,53.09,0.165,1197.8,54.13,93.5,0.11,simulator,1.0
2026-10-02 08:29:24+00:00,M02,6.729,103.8293,RUNNING,49,0,0.0,414.7,10.89,53.03,0.167,1201.8,53.47,93.9,0.11,simulator,1.0
2026-10-02 08:29:26+00:00,M02,6.813,103.83309,RUNNING,49,0,0.0,412.7,11.08,52.93,0.163,1199.1,54.26,94.2,0.1,simulator,1.0
2026-10-02 08:29:28+00:00,M02,6.742,103.83683,RUNNING,49,0,0.0,417.6,10.84,52.83,0.171,1196.5,53.81,94.4,0.11,simulator,1.0
2026-10-02 08:29:30+00:00,M02,7.049,103.84075,RUNNING,49,0,0.0,414.1,11.43,52.73,0.174,1199.4,56.13,94.5,0.12,simulator,1.0
2026-10-02 08:29:32+00:00,M02,7.157,103.84473,RUNNING,49,0,0.0,414.3,11.6,52.66,0.16,1204.7,56.74,94.7,0.1,simulator,1.0
2026-10-02 08:29:34+00:00,M02,7.151,103.8487,RUNNING,49,0,0.0,412.7,11.63,52.61,0.147,1197.1,57.05,94.8,0.09,simulator,1.0
2026-10-02 08:29:36+00:00,M02,6.815,103.85248,RUNNING,49,0,0.0,414.8,11.03,52.57,0.143,1197.1,54.37,94.9,0.1,simulator,1.0
2026-10-02 08:29:38+00:00,M02,6.932,103.85634,RUNNING,49,0,0.0,412.7,11.28,52.52,0.142,1202.0,55.08,95.0,0.1,simulator,1.0
2026-10-02 08:29:40+00:00,M02,7.114,103.86029,RUNNING,49,0,0.0,413.8,11.54,52.42,0.171,1201.7,56.54,95.0,0.1,simulator,1.0
2026-10-02 08:29:42+00:00,M02,6.755,103.86404,RUNNING,49,0,0.0,413.6,10.96,52.37,0.168,1196.0,53.94,95.0,0.1,simulator,1.0
2026-10-02 08:29:44+00:00,M02,6.846,103.86784,RUNNING,49,0,0.0,411.6,11.17,52.31,0.164,1200.5,54.46,95.1,0.09,simulator,1.0
2026-10-02 08:29:46+00:00,M02,7.198,103.87184,RUNNING,49,0,0.0,415.3,11.64,52.21,0.157,1195.9,57.48,95.1,0.09,simulator,1.0
2026-10-02 08:29:48+00:00,M02,6.853,103.87565,RUNNING,49,0,0.0,415.8,11.06,52.1,0.166,1197.3,54.66,95.2,0.09,simulator,1.0
2026-10-02 08:29:50+00:00,M02,6.818,103.87944,RUNNING,50,1,36.0,411.9,11.11,52.08,0.17,1196.9,54.4,95.1,0.09,simulator,1.0
2026-10-02 08:29:52+00:00,M02,7.148,103.88341,RUNNING,50,0,0.0,417.2,11.5,51.96,0.152,1195.2,57.11,95.2,0.09,simulator,1.0
2026-10-02 08:29:54+00:00,M02,7.13,103.88737,RUNNING,50,0,0.0,418.0,11.45,51.93,0.144,1196.8,56.89,95.3,0.08,simulator,1.0
2026-10-02 08:29:56+00:00,M02,6.815,103.89116,RUNNING,50,0,0.0,411.8,11.11,51.84,0.153,1197.0,54.37,95.3,0.08,simulator,1.0
2026-10-02 08:29:58+00:00,M02,6.862,103.89497,RUNNING,50,0,0.0,418.4,11.01,51.75,0.163,1201.1,54.56,95.4,0.08,simulator,1.0
2026-10-02 08:30:00+00:00,M02,7.19,103.89896,RUNNING,50,0,0.0,414.2,11.65,51.68,0.155,1196.1,57.41,95.4,0.08,simulator,1.0
2026-10-02 08:00:02+00:00,M03,8.641,100.0048,RUNNING,0,0,0.0,411.7,14.09,51.97,0.191,1499.4,55.04,96.3,0.03,simulator,1.0
2026-10-02 08:00:04+00:00,M03,8.127,100.00932,RUNNING,0,0,0.0,415.1,13.14,51.95,0.187,1502.5,51.66,96.5,0.03,simulator,1.0
2026-10-02 08:00:06+00:00,M03,8.215,100.01388,RUNNING,0,0,0.0,415.7,13.27,51.97,0.198,1496.0,52.44,96.7,0.02,simulator,1.0
2026-10-02 08:00:08+00:00,M03,8.377,100.01853,RUNNING,0,0,0.0,412.7,13.63,51.98,0.186,1496.4,53.46,96.8,0.02,simulator,1.0
2026-10-02 08:00:10+00:00,M03,8.294,100.02314,RUNNING,0,0,0.0,417.8,13.33,51.96,0.187,1504.3,52.65,96.8,0.02,simulator,1.0
2026-10-02 08:00:12+00:00,M03,8.218,100.02771,RUNNING,0,0,0.0,412.2,13.38,51.93,0.19,1503.9,52.19,96.9,0.02,simulator,1.0
2026-10-02 08:00:14+00:00,M03,8.251,100.03229,RUNNING,0,0,0.0,414.6,13.36,51.91,0.187,1504.9,52.36,96.9,0.02,simulator,1.0
2026-10-02 08:00:16+00:00,M03,8.454,100.03699,RUNNING,0,0,0.0,411.5,13.79,51.87,0.196,1495.7,53.98,96.9,0.02,simulator,1.0
2026-10-02 08:00:18+00:00,M03,8.549,100.04174,RUNNING,0,0,0.0,416.1,13.79,51.84,0.2,1495.8,54.58,97.0,0.02,simulator,1.0
2026-10-02 08:00:20+00:00,M03,8.199,100.04629,RUNNING,0,0,0.0,417.7,13.18,51.82,0.201,1503.1,52.09,97.0,0.02,simulator,1.0
2026-10-02 08:00:22+00:00,M03,8.589,100.05106,RUNNING,0,0,0.0,416.6,13.84,51.79,0.202,1497.7,54.77,97.0,0.02,simulator,1.0
2026-10-02 08:00:24+00:00,M03,8.254,100.05565,RUNNING,0,0,0.0,415.2,13.35,51.77,0.202,1502.9,52.45,97.0,0.02,simulator,1.0
2026-10-02 08:00:26+00:00,M03,8.043,100.06012,RUNNING,0,0,0.0,417.3,12.94,51.75,0.201,1501.8,51.15,97.0,0.02,simulator,1.0
2026-10-02 08:00:28+00:00,M03,8.046,100.06459,RUNNING,1,1,27.69,416.3,12.98,51.75,0.205,1501.2,51.19,96.9,0.02,simulator,1.0
2026-10-02 08:00:30+00:00,M03,8.107,100.06909,RUNNING,1,0,0.0,413.3,13.17,51.78,0.211,1496.6,51.73,96.9,0.02,simulator,1.0
2026-10-02 08:00:32+00:00,M03,8.566,100.07385,RUNNING,1,0,0.0,414.5,13.87,51.8,0.194,1499.8,54.54,96.9,0.02,simulator,1.0
2026-10-02 08:00:34+00:00,M03,8.111,100.07836,RUNNING,1,0,0.0,411.7,13.23,51.77,0.213,1498.5,51.69,96.8,0.02,simulator,1.0
2026-10-02 08:00:36+00:00,M03,8.224,100.08292,RUNNING,1,0,0.0,413.7,13.35,51.78,0.21,1500.4,52.35,96.8,0.02,simulator,1.0
2026-10-02 08:00:38+00:00,M03,8.081,100.08741,RUNNING,1,0,0.0,418.5,12.96,51.74,0.187,1497.6,51.53,96.9,0.02,simulator,1.0
2026-10-02 08:00:40+00:00,M03,8.444,100.09211,RUNNING,1,0,0.0,416.1,13.62,51.73,0.187,1499.5,53.78,96.9,0.02,simulator,1.0
2026-10-02 08:00:42+00:00,M03,8.664,100.09692,RUNNING,1,0,0.0,412.2,14.11,51.72,0.2,1501.8,55.09,96.9,0.02,simulator,1.0
2026-10-02 08:00:44+00:00,M03,8.458,100.10162,RUNNING,1,0,0.0,414.4,13.7,51.75,0.207,1498.6,53.9,96.9,0.02,simulator,1.0
2026-10-02 08:00:46+00:00,M03,8.187,100.10617,RUNNING,1,0,0.0,416.7,13.19,51.79,0.191,1500.5,52.11,96.9,0.02,simulator,1.0
2026-10-02 08:00:48+00:00,M03,8.509,100.11089,RUNNING,1,0,0.0,418.2,13.66,51.82,0.212,1502.8,54.07,96.9,0.02,simulator,1.0
2026-10-02 08:00:50+00:00,M03,8.533,100.11563,RUNNING,1,0,0.0,413.2,13.86,51.81,0.198,1502.7,54.23,96.9,0.02,simulator,1.0
2026-10-02 08:00:52+00:00,M03,8.372,100.12028,RUNNING,1,0,0.0,414.4,13.56,51.8,0.199,1502.2,53.22,96.9,0.02,simulator,1.0
2026-10-02 08:00:54+00:00,M03,8.457,100.12498,RUNNING,1,0,0.0,414.4,13.7,51.79,0.191,1498.5,53.9,97.0,0.02,simulator,1.0
2026-10-02 08:00:56+00:00,M03,8.547,100.12973,RUNNING,2,1,27.69,416.7,13.77,51.79,0.201,1499.3,54.44,97.0,0.02,simulator,1.0
2026-10-02 08:00:58+00:00,M03,8.326,100.13436,RUNNING,2,0,0.0,415.3,13.46,51.83,0.189,1499.2,53.04,97.0,0.02,simulator,1.0
2026-10-02 08:01:00+00:00,M03,8.067,100.13884,RUNNING,2,0,0.0,414.9,13.05,51.81,0.208,1505.0,51.19,96.9,0.02,simulator,1.0
2026-10-02 08:01:02+00:00,M03,8.206,100.1434,RUNNING,2,0,0.0,418.2,13.17,51.84,0.213,1497.2,52.34,96.8,0.02,simulator,1.0
2026-10-02 08:01:04+00:00,M03,8.316,100.14802,RUNNING,2,0,0.0,413.9,13.49,51.82,0.205,1503.1,52.84,96.9,0.02,simulator,1.0
2026-10-02 08:01:06+00:00,M03,8.319,100.15264,RUNNING,2,0,0.0,416.7,13.4,51.81,0.213,1496.2,53.1,96.8,0.02,simulator,1.0
2026-10-02 08:01:08+00:00,M03,8.27,100.15723,RUNNING,2,0,0.0,417.7,13.29,51.77,0.197,1503.6,52.53,96.9,0.02,simulator,1.0
2026-10-02 08:01:10+00:00,M03,8.199,100.16179,RUNNING,2,0,0.0,414.5,13.28,51.73,0.185,1498.7,52.25,96.9,0.02,simulator,1.0
2026-10-02 08:01:12+00:00,M03,8.224,100.16636,RUNNING,2,0,0.0,412.7,13.38,51.71,0.21,1503.9,52.22,96.9,0.02,simulator,1.0
2026-10-02 08:01:14+00:00,M03,8.478,100.17107,RUNNING,2,0,0.0,413.2,13.77,51.7,0.217,1499.7,53.99,96.8,0.02,simulator,1.0
2026-10-02 08:01:16+00:00,M03,8.643,100.17587,RUNNING,2,0,0.0,412.4,14.07,51.71,0.211,1500.1,55.02,96.8,0.02,simulator,1.0
2026-10-02 08:01:18+00:00,M03,8.341,100.1805,RUNNING,2,0,0.0,417.6,13.41,51.69,0.188,1496.5,53.23,96.8,0.02,simulator,1.0
2026-10-02 08:01:20+00:00,M03,8.602,100.18528,RUNNING,2,0,0.0,412.7,13.99,51.68,0.203,1496.5,54.89,96.9,0.02,simulator,1.0
2026-10-02 08:01:22+00:00,M03,8.078,100.18977,RUNNING,2,0,0.0,413.0,13.13,51.73,0.202,1500.8,51.4,96.9,0.02,simulator,1.0
2026-10-02 08:01:24+00:00,M03,8.636,100.19457,RUNNING,3,1,27.69,417.8,13.88,51.71,0.196,1499.0,55.02,96.9,0.02,simulator,1.0
2026-10-02 08:01:26+00:00,M03,8.469,100.19927,RUNNING,3,0,0.0,417.9,13.61,51.7,0.205,1500.9,53.89,96.9,0.02,simulator,1.0
2026-10-02 08:01:28+00:00,M03,8.655,100.20408,RUNNING,3,0,0.0,418.0,13.9,51.74,0.205,1498.1,55.17,96.9,0.02,simulator,1.0
2026-10-02 08:01:30+00:00,M03,8.379,100.20874,RUNNING,3,0,0.0,413.1,13.62,51.78,0.186,1499.3,53.37,96.9,0.02,simulator,1.0
2026-10-02 08:01:32+00:00,M03,8.317,100.21336,RUNNING,3,0,0.0,413.6,13.5,51.74,0.188,1495.0,53.13,96.9,0.02,simulator,1.0
2026-10-02 08:01:34+00:00,M03,8.531,100.2181,RUNNING,3,0,0.0,418.3,13.69,51.79,0.2,1501.8,54.25,97.0,0.02,simulator,1.0
2026-10-02 08:01:36+00:00,M03,8.248,100.22268,RUNNING,3,0,0.0,416.1,13.31,51.82,0.199,1500.6,52.49,97.0,0.02,simulator,1.0
2026-10-02 08:01:38+00:00,M03,8.507,100.2274,RUNNING,3,0,0.0,414.3,13.78,51.79,0.194,1501.8,54.1,97.0,0.02,simulator,1.0
2026-10-02 08:01:40+00:00,M03,8.136,100.23192,RUNNING,3,0,0.0,416.3,13.12,51.83,0.202,1498.6,51.85,97.0,0.02,simulator,1.0
2026-10-02 08:01:42+00:00,M03,8.271,100.23652,RUNNING,3,0,0.0,414.5,13.4,51.83,0.215,1502.5,52.57,96.9,0.02,simulator,1.0
2026-10-02 08:01:44+00:00,M03,8.484,100.24123,RUNNING,3,0,0.0,418.1,13.62,51.82,0.213,1501.3,53.97,96.8,0.02,simulator,1.0
2026-10-02 08:01:46+00:00,M03,8.48,100.24594,RUNNING,3,0,0.0,413.7,13.76,51.78,0.217,1499.1,54.02,96.7,0.03,simulator,1.0
2026-10-02 08:01:48+00:00,M03,8.379,100.2506,RUNNING,3,0,0.0,414.9,13.56,51.81,0.193,1495.2,53.52,96.8,0.03,simulator,1.0
2026-10-02 08:01:50+00:00,M03,8.095,100.2551,RUNNING,3,0,0.0,416.2,13.06,51.85,0.198,1497.1,51.64,96.9,0.02,simulator,1.0
2026-10-02 08:01:52+00:00,M03,8.514,100.25983,RUNNING,4,1,27.69,414.8,13.78,51.86,0.197,1499.5,54.22,96.9,0.02,simulator,1.0
2026-10-02 08:01:54+00:00,M03,8.507,100.26455,RUNNING,4,0,0.0,415.6,13.74,51.82,0.194,1497.6,54.25,96.9,0.02,simulator,1.0
2026-10-02 08:01:56+00:00,M03,8.129,100.26907,RUNNING,4,0,0.0,418.0,13.06,51.81,0.19,1496.1,51.89,97.0,0.02,simulator,1.0
2026-10-02 08:01:58+00:00,M03,8.561,100.27382,RUNNING,4,0,0.0,418.1,13.75,51.83,0.185,1497.4,54.6,97.0,0.02,simulator,1.0
2026-10-02 08:02:00+00:00,M03,8.341,100.27846,RUNNING,4,0,0.0,412.5,13.57,51.79,0.198,1497.5,53.19,97.0,0.02,simulator,1.0
2026-10-02 08:02:02+00:00,M03,8.077,100.28295,RUNNING,4,0,0.0,415.0,13.07,51.77,0.206,1499.6,51.44,96.9,0.02,simulator,1.0
2026-10-02 08:02:04+00:00,M03,8.255,100.28753,RUNNING,4,0,0.0,414.1,13.38,51.79,0.205,1500.9,52.53,96.9,0.02,simulator,1.0
2026-10-02 08:02:06+00:00,M03,8.51,100.29226,RUNNING,4,0,0.0,416.3,13.72,51.81,0.193,1497.0,54.29,96.9,0.02,simulator,1.0
2026-10-02 08:02:08+00:00,M03,8.356,100.2969,RUNNING,4,0,0.0,411.6,13.63,51.8,0.203,1502.2,53.12,96.9,0.02,simulator,1.0
2026-10-02 08:02:10+00:00,M03,8.273,100.3015,RUNNING,4,0,0.0,412.5,13.46,51.78,0.21,1501.4,52.62,96.9,0.02,simulator,1.0
2026-10-02 08:02:12+00:00,M03,8.129,100.30601,RUNNING,4,0,0.0,416.1,13.12,51.81,0.211,1499.8,51.76,96.8,0.02,simulator,1.0
2026-10-02 08:02:14+00:00,M03,8.563,100.31077,RUNNING,4,0,0.0,411.5,13.97,51.81,0.196,1502.2,54.44,96.9,0.02,simulator,1.0
2026-10-02 08:02:16+00:00,M03,8.527,100.31551,RUNNING,4,0,0.0,414.3,13.82,51.8,0.208,1497.7,54.37,96.9,0.02,simulator,1.0
2026-10-02 08:02:18+00:00,M03,8.444,100.3202,RUNNING,4,0,0.0,412.5,13.74,51.85,0.19,1503.4,53.64,96.9,0.02,simulator,1.0
2026-10-02 08:02:20+00:00,M03,8.442,100.32489,RUNNING,5,1,27.69,414.3,13.68,51.87,0.183,1504.3,53.59,96.9,0.02,simulator,1.0
2026-10-02 08:02:22+00:00,M03,8.674,100.32971,RUNNING,5,0,0.0,418.3,13.92,51.83,0.195,1497.7,55.31,97.0,0.02,simulator,1.0
2026-10-02 08:02:24+00:00,M03,8.202,100.33427,RUNNING,5,0,0.0,414.9,13.27,51.87,0.185,1495.7,52.37,97.0,0.02,simulator,1.0
2026-10-02 08:02:26+00:00,M03,8.685,100.33909,RUNNING,5,0,0.0,415.5,14.03,51.92,0.195,1500.3,55.28,97.0,0.02,simulator,1.0
2026-10-02 08:02:28+00:00,M03,8.188,100.34364,RUNNING,5,0,0.0,411.8,13.35,51.91,0.198,1496.6,52.25,97.0,0.02,simulator,1.0
2026-10-02 08:02:30+00:00,M03,8.053,100.34811,RUNNING,5,0,0.0,418.0,12.93,51.89,0.202,1497.2,51.37,97.0,0.02,simulator,1.0
2026-10-02 08:02:32+00:00,M03,8.461,100.35281,RUNNING,5,0,0.0,416.4,13.64,51.86,0.192,1499.3,53.89,97.0,0.02,simulator,1.0
2026-10-02 08:02:34+00:00,M03,8.043,100.35728,RUNNING,5,0,0.0,418.0,12.92,51.81,0.203,1496.9,51.31,97.0,0.02,simulator,1.0
2026-10-02 08:02:36+00:00,M03,8.215,100.36185,RUNNING,5,0,0.0,416.7,13.24,51.84,0.191,1497.0,52.41,97.0,0.02,simulator,1.0
2026-10-02 08:02:38+00:00,M03,8.675,100.36667,RUNNING,5,0,0.0,415.5,14.02,51.84,0.188,1504.8,55.05,97.0,0.02,simulator,1.0
2026-10-02 08:02:40+00:00,M03,8.058,100.37114,RUNNING,5,0,0.0,415.7,13.01,51.84,0.184,1499.9,51.31,97.0,0.02,simulator,1.0
2026-10-02 08:02:42+00:00,M03,8.586,100.37591,RUNNING,5,0,0.0,416.7,13.83,51.87,0.205,1501.1,54.62,97.0,0.02,simulator,1.0
2026-10-02 08:02:44+00:00,M03,8.048,100.38038,RUNNING,5,0,0.0,418.2,12.92,51.84,0.187,1504.0,51.1,97.0,0.02,simulator,1.0
2026-10-02 08:02:46+00:00,M03,8.064,100.38486,RUNNING,5,0,0.0,416.8,12.99,51.81,0.185,1502.0,51.27,97.0,0.02,simulator,1.0
2026-10-02 08:02:48+00:00,M03,8.643,100.38966,RUNNING,6,1,27.69,416.2,13.94,51.76,0.212,1498.7,55.07,96.9,0.02,simulator,1.0
2026-10-02 08:02:50+00:00,M03,8.101,100.39417,RUNNING,6,0,0.0,412.9,13.17,51.78,0.195,1504.3,51.43,96.9,0.02,simulator,1.0
2026-10-02 08:02:52+00:00,M03,8.412,100.39884,RUNNING,6,0,0.0,415.4,13.59,51.81,0.185,1504.1,53.41,96.9,0.02,simulator,1.0
2026-10-02 08:02:54+00:00,M03,8.455,100.40354,RUNNING,6,0,0.0,416.6,13.62,51.84,0.186,1499.3,53.86,97.0,0.02,simulator,1.0
2026-10-02 08:02:56+00:00,M03,8.587,100.40831,RUNNING,6,0,0.0,415.2,13.88,51.8,0.209,1498.0,54.74,96.9,0.02,simulator,1.0
2026-10-02 08:02:58+00:00,M03,8.182,100.41285,RUNNING,6,0,0.0,415.3,13.23,51.81,0.209,1503.7,51.96,96.9,0.02,simulator,1.0
2026-10-02 08:03:00+00:00,M03,8.677,100.41767,RUNNING,6,0,0.0,414.0,14.07,51.81,0.216,1499.1,55.28,96.8,0.02,simulator,1.0
2026-10-02 08:03:02+00:00,M03,10.148,100.42331,DEGRADED,6,0,0.0,417.4,16.32,51.93,0.528,1414.7,68.5,90.7,0.21,simulator,1.0
2026-10-02 08:03:04+00:00,M03,10.218,100.42899,DEGRADED,6,0,0.0,417.5,16.43,52.04,0.592,1419.0,68.77,85.9,0.32,simulator,1.0
2026-10-02 08:03:06+00:00,M03,9.849,100.43446,DEGRADED,6,0,0.0,417.3,15.84,52.14,0.605,1414.6,66.49,82.4,0.39,simulator,1.0
2026-10-02 08:03:08+00:00,M03,10.294,100.44018,DEGRADED,6,0,0.0,416.5,16.59,52.27,0.617,1428.7,68.81,79.7,0.44,simulator,1.0
2026-10-02 08:03:10+00:00,M03,9.909,100.44568,DEGRADED,6,0,0.0,415.4,16.01,52.37,0.605,1419.9,66.65,78.0,0.46,simulator,1.0
2026-10-02 08:03:12+00:00,M03,10.277,100.45139,DEGRADED,6,0,0.0,415.8,16.59,52.48,0.612,1430.6,68.6,76.6,0.48,simulator,1.0
2026-10-02 08:03:14+00:00,M03,10.499,100.45722,DEGRADED,6,0,0.0,414.6,17.0,52.62,0.622,1413.1,70.95,75.5,0.49,simulator,1.0
2026-10-02 08:03:16+00:00,M03,9.921,100.46274,DEGRADED,6,0,0.0,413.5,16.11,52.72,0.634,1418.2,66.81,74.6,0.5,simulator,1.0
2026-10-02 08:03:18+00:00,M03,10.144,100.46837,DEGRADED,6,0,0.0,417.8,16.3,52.83,0.637,1429.1,67.79,73.9,0.51,simulator,1.0
2026-10-02 08:03:20+00:00,M03,10.128,100.474,DEGRADED,7,1,36.8,416.7,16.32,52.96,0.625,1416.4,68.29,73.4,0.52,simulator,1.0
2026-10-02 08:03:22+00:00,M03,10.357,100.47975,DEGRADED,7,0,0.0,413.3,16.82,53.09,0.637,1422.9,69.51,73.0,0.53,simulator,1.0
2026-10-02 08:03:24+00:00,M03,10.569,100.48562,DEGRADED,7,0,0.0,411.9,17.23,53.18,0.628,1419.6,71.1,72.6,0.54,simulator,1.0
2026-10-02 08:03:26+00:00,M03,10.348,100.49137,DEGRADED,7,0,0.0,414.4,16.76,53.31,0.62,1426.4,69.28,72.4,0.55,simulator,1.0
2026-10-02 08:03:28+00:00,M03,10.292,100.49709,DEGRADED,7,0,0.0,418.1,16.53,53.44,0.619,1413.5,69.54,72.2,0.55,simulator,1.0
2026-10-02 08:03:30+00:00,M03,10.124,100.50272,DEGRADED,7,0,0.0,415.3,16.37,53.49,0.624,1420.9,68.04,72.0,0.55,simulator,1.0
2026-10-02 08:03:32+00:00,M03,10.015,100.50828,DEGRADED,7,0,0.0,418.2,16.08,53.63,0.638,1413.6,67.66,71.7,0.56,simulator,1.0
2026-10-02 08:03:34+00:00,M03,10.545,100.51414,DEGRADED,7,0,0.0,413.2,17.13,53.73,0.645,1408.1,71.52,71.3,0.57,simulator,1.0
2026-10-02 08:03:36+00:00,M03,10.245,100.51983,DEGRADED,7,0,0.0,411.5,16.71,53.85,0.647,1411.6,69.31,71.0,0.57,simulator,1.0
2026-10-02 08:03:38+00:00,M03,10.136,100.52546,DEGRADED,7,0,0.0,414.2,16.43,53.98,0.638,1413.3,68.49,70.8,0.57,simulator,1.0
2026-10-02 08:03:40+00:00,M03,10.292,100.53118,DEGRADED,7,0,0.0,411.7,16.78,54.06,0.636,1423.3,69.06,70.6,0.58,simulator,1.0
2026-10-02 08:03:42+00:00,M03,10.175,100.53683,DEGRADED,7,0,0.0,415.5,16.44,54.14,0.638,1412.5,68.79,70.5,0.57,simulator,1.0
2026-10-02 08:03:44+00:00,M03,10.007,100.54239,DEGRADED,7,0,0.0,418.4,16.06,54.23,0.654,1422.4,67.19,70.1,0.57,simulator,1.0
2026-10-02 08:03:46+00:00,M03,10.459,100.5482,DEGRADED,7,0,0.0,416.0,16.88,54.34,0.662,1408.0,70.94,69.8,0.58,simulator,1.0
2026-10-02 08:03:48+00:00,M03,10.198,100.55387,DEGRADED,7,0,0.0,418.2,16.37,54.47,0.656,1413.6,68.9,69.6,0.58,simulator,1.0
2026-10-02 08:03:50+00:00,M03,10.55,100.55973,DEGRADED,7,0,0.0,415.3,17.05,54.54,0.648,1406.7,71.62,69.4,0.59,simulator,1.0
2026-10-02 08:03:52+00:00,M03,10.659,100.56565,DEGRADED,7,0,0.0,417.7,17.13,54.62,0.655,1420.6,71.66,69.2,0.6,simulator,1.0
2026-10-02 08:03:54+00:00,M03,10.314,100.57138,DEGRADED,7,0,0.0,416.2,16.64,54.68,0.66,1414.6,69.63,69.0,0.6,simulator,1.0
2026-10-02 08:03:56+00:00,M03,10.222,100.57706,DEGRADED,8,1,37.7,415.9,16.5,54.79,0.661,1406.4,69.41,68.7,0.61,simulator,1.0
2026-10-02 08:03:58+00:00,M03,10.576,100.58293,DEGRADED,8,0,0.0,416.4,17.05,54.87,0.656,1405.1,71.88,68.5,0.61,simulator,1.0
2026-10-02 08:04:00+00:00,M03,10.439,100.58873,DEGRADED,8,0,0.0,416.0,16.85,55.01,0.649,1410.9,70.66,68.4,0.62,simulator,1.0
2026-10-02 08:04:02+00:00,M03,10.208,100.5944,DEGRADED,8,0,0.0,412.0,16.63,55.08,0.676,1404.6,69.41,68.1,0.61,simulator,1.0
2026-10-02 08:04:04+00:00,M03,10.437,100.6002,DEGRADED,8,0,0.0,411.7,17.02,55.22,0.669,1418.0,70.29,67.8,0.63,simulator,1.0
2026-10-02 08:04:06+00:00,M03,10.131,100.60583,DEGRADED,8,0,0.0,417.6,16.29,55.28,0.667,1403.7,68.93,67.6,0.63,simulator,1.0
2026-10-02 08:04:08+00:00,M03,10.59,100.61171,DEGRADED,8,0,0.0,414.4,17.16,55.37,0.666,1420.0,71.22,67.4,0.64,simulator,1.0
2026-10-02 08:04:10+00:00,M03,10.157,100.61736,DEGRADED,8,0,0.0,415.6,16.41,55.43,0.659,1418.8,68.37,67.3,0.64,simulator,1.0
2026-10-02 08:04:12+00:00,M03,10.336,100.6231,DEGRADED,8,0,0.0,415.9,16.68,55.47,0.677,1414.4,69.79,67.0,0.65,simulator,1.0
2026-10-02 08:04:14+00:00,M03,10.69,100.62904,DEGRADED,8,0,0.0,413.7,17.35,55.56,0.666,1412.6,72.27,66.9,0.64,simulator,1.0
2026-10-02 08:04:16+00:00,M03,10.48,100.63486,DEGRADED,8,0,0.0,413.1,17.03,55.68,0.686,1417.8,70.59,66.6,0.64,simulator,1.0
2026-10-02 08:04:18+00:00,M03,10.214,100.64053,DEGRADED,8,0,0.0,415.7,16.5,55.75,0.694,1408.4,69.26,66.2,0.65,simulator,1.0
2026-10-02 08:04:20+00:00,M03,10.382,100.6463,DEGRADED,8,0,0.0,415.6,16.77,55.83,0.692,1417.0,69.97,65.9,0.65,simulator,1.0
2026-10-02 08:04:22+00:00,M03,10.517,100.65215,DEGRADED,8,0,0.0,414.7,17.03,55.9,0.673,1412.8,71.09,65.9,0.65,simulator,1.0
2026-10-02 08:04:24+00:00,M03,10.506,100.65798,DEGRADED,8,0,0.0,414.4,17.02,56.02,0.678,1407.3,71.29,65.7,0.66,simulator,1.0
2026-10-02 08:04:26+00:00,M03,10.352,100.66373,DEGRADED,8,0,0.0,416.3,16.69,56.1,0.682,1405.2,70.35,65.5,0.67,simulator,1.0
2026-10-02 08:04:28+00:00,M03,10.739,100.6697,DEGRADED,8,0,0.0,411.7,17.51,56.15,0.688,1412.1,72.63,65.3,0.67,simulator,1.0
2026-10-02 08:04:30+00:00,M03,10.416,100.67549,DEGRADED,8,0,0.0,416.8,16.78,56.22,0.705,1401.7,70.97,64.9,0.67,simulator,1.0
2026-10-02 08:04:32+00:00,M03,10.274,100.68119,DEGRADED,8,0,0.0,415.3,16.61,56.35,0.686,1407.7,69.7,64.8,0.67,simulator,1.0
2026-10-02 08:04:34+00:00,M03,10.665,100.68712,DEGRADED,9,1,38.7,412.6,17.35,56.46,0.688,1404.4,72.52,64.6,0.68,simulator,1.0
2026-10-02 08:04:36+00:00,M03,10.271,100.69282,DEGRADED,9,0,0.0,417.2,16.53,56.51,0.683,1409.2,69.61,64.5,0.68,simulator,1.0
2026-10-02 08:04:38+00:00,M03,10.776,100.69881,DEGRADED,9,0,0.0,415.1,17.43,56.56,0.694,1406.7,73.16,64.2,0.68,simulator,1.0
2026-10-02 08:04:40+00:00,M03,10.322,100.70455,DEGRADED,9,0,0.0,414.2,16.73,56.67,0.715,1397.0,70.56,63.9,0.68,simulator,1.0
2026-10-02 08:04:42+00:00,M03,10.411,100.71033,DEGRADED,9,0,0.0,415.5,16.82,56.77,0.696,1396.0,71.22,63.7,0.69,simulator,1.0
2026-10-02 08:04:44+00:00,M03,10.741,100.7163,DEGRADED,9,0,0.0,416.1,17.33,56.86,0.704,1406.3,72.94,63.5,0.7,simulator,1.0
2026-10-02 08:04:46+00:00,M03,10.678,100.72223,DEGRADED,9,0,0.0,416.3,17.22,56.94,0.695,1413.1,72.16,63.3,0.7,simulator,1.0
2026-10-02 08:04:48+00:00,M03,10.573,100.7281,DEGRADED,9,0,0.0,416.2,17.05,57.03,0.723,1399.2,72.16,63.0,0.7,simulator,1.0
2026-10-02 08:04:50+00:00,M03,10.772,100.73409,DEGRADED,9,0,0.0,414.3,17.46,57.12,0.712,1398.3,73.57,62.7,0.7,simulator,1.0
2026-10-02 08:04:52+00:00,M03,10.536,100.73994,DEGRADED,9,0,0.0,412.1,17.16,57.18,0.724,1401.5,71.79,62.4,0.7,simulator,1.0
2026-10-02 08:04:54+00:00,M03,10.47,100.74576,DEGRADED,9,0,0.0,416.8,16.86,57.28,0.71,1407.6,71.03,62.3,0.71,simulator,1.0
2026-10-02 08:04:56+00:00,M03,10.698,100.7517,DEGRADED,9,0,0.0,414.2,17.34,57.38,0.717,1403.8,72.78,62.1,0.72,simulator,1.0
2026-10-02 08:04:58+00:00,M03,10.738,100.75767,DEGRADED,9,0,0.0,412.2,17.49,57.51,0.708,1392.6,73.64,61.9,0.73,simulator,1.0
2026-10-02 08:05:00+00:00,M03,10.382,100.76343,DEGRADED,9,0,0.0,414.3,16.82,57.62,0.708,1403.7,70.63,61.8,0.74,simulator,1.0
2026-10-02 08:05:02+00:00,M03,9.077,100.76848,RUNNING,9,0,0.0,417.0,14.61,57.67,0.336,1495.2,57.98,64.9,0.69,simulator,1.0
2026-10-02 08:05:04+00:00,M03,9.222,100.7736,RUNNING,9,0,0.0,417.4,14.83,57.73,0.269,1504.5,58.54,67.9,0.61,simulator,1.0
2026-10-02 08:05:06+00:00,M03,9.178,100.7787,RUNNING,9,0,0.0,411.5,14.97,57.73,0.241,1499.8,58.44,70.7,0.55,simulator,1.0
2026-10-02 08:05:08+00:00,M03,8.993,100.7837,RUNNING,9,0,0.0,414.5,14.57,57.78,0.248,1503.6,57.12,73.0,0.51,simulator,1.0
2026-10-02 08:05:10+00:00,M03,9.059,100.78873,RUNNING,10,1,29.41,413.0,14.73,57.82,0.237,1500.8,57.64,75.2,0.46,simulator,1.0
2026-10-02 08:05:12+00:00,M03,9.132,100.7938,RUNNING,10,0,0.0,412.9,14.85,57.83,0.24,1497.8,58.23,77.0,0.43,simulator,1.0
2026-10-02 08:05:14+00:00,M03,9.23,100.79893,RUNNING,10,0,0.0,411.9,15.04,57.81,0.234,1499.3,58.79,78.8,0.39,simulator,1.0
2026-10-02 08:05:16+00:00,M03,8.918,100.80388,RUNNING,10,0,0.0,417.3,14.35,57.76,0.226,1496.7,56.9,80.6,0.35,simulator,1.0
2026-10-02 08:05:18+00:00,M03,8.917,100.80884,RUNNING,10,0,0.0,418.4,14.31,57.71,0.209,1504.8,56.59,82.3,0.3,simulator,1.0
2026-10-02 08:05:20+00:00,M03,8.887,100.81377,RUNNING,10,0,0.0,417.8,14.28,57.71,0.217,1502.5,56.49,83.9,0.29,simulator,1.0
2026-10-02 08:05:22+00:00,M03,8.559,100.81853,RUNNING,10,0,0.0,415.3,13.84,57.68,0.23,1502.9,54.39,85.4,0.27,simulator,1.0
2026-10-02 08:05:24+00:00,M03,8.391,100.82319,RUNNING,10,0,0.0,413.7,13.62,57.63,0.23,1502.2,53.34,86.8,0.24,simulator,1.0
2026-10-02 08:05:26+00:00,M03,8.208,100.82775,RUNNING,10,0,0.0,415.4,13.27,57.6,0.216,1497.1,52.36,88.3,0.21,simulator,1.0
2026-10-02 08:05:28+00:00,M03,8.691,100.83258,RUNNING,10,0,0.0,412.0,14.16,57.49,0.208,1504.6,55.16,89.9,0.18,simulator,1.0
2026-10-02 08:05:30+00:00,M03,8.482,100.83729,RUNNING,10,0,0.0,413.6,13.77,57.43,0.202,1496.5,54.13,91.4,0.15,simulator,1.0
2026-10-02 08:05:32+00:00,M03,8.207,100.84185,RUNNING,10,0,0.0,412.8,13.35,57.34,0.211,1497.3,52.35,92.3,0.15,simulator,1.0
2026-10-02 08:05:34+00:00,M03,8.362,100.8465,RUNNING,10,0,0.0,418.0,13.43,57.21,0.191,1500.2,53.23,93.1,0.12,simulator,1.0
2026-10-02 08:05:36+00:00,M03,8.317,100.85112,RUNNING,10,0,0.0,413.5,13.5,57.12,0.193,1496.9,53.06,93.7,0.12,simulator,1.0
2026-10-02 08:05:38+00:00,M03,8.484,100.85583,RUNNING,11,1,27.69,415.1,13.72,57.05,0.192,1496.7,54.13,94.1,0.11,simulator,1.0
2026-10-02 08:05:40+00:00,M03,8.288,100.86044,RUNNING,11,0,0.0,412.4,13.49,56.98,0.192,1500.9,52.74,94.3,0.1,simulator,1.0
2026-10-02 08:05:42+00:00,M03,8.194,100.86499,RUNNING,11,0,0.0,415.0,13.26,56.91,0.197,1503.3,52.05,94.6,0.11,simulator,1.0
2026-10-02 08:05:44+00:00,M03,8.67,100.8698,RUNNING,11,0,0.0,417.0,13.96,56.81,0.214,1498.6,55.25,94.6,0.11,simulator,1.0
2026-10-02 08:05:46+00:00,M03,8.092,100.8743,RUNNING,11,0,0.0,416.6,13.04,56.74,0.203,1502.7,51.43,94.7,0.1,simulator,1.0
2026-10-02 08:05:48+00:00,M03,8.444,100.87899,RUNNING,11,0,0.0,414.9,13.66,56.68,0.19,1500.1,53.76,94.9,0.1,simulator,1.0
2026-10-02 08:05:50+00:00,M03,8.572,100.88375,RUNNING,11,0,0.0,416.2,13.83,56.63,0.198,1498.7,54.62,94.9,0.1,simulator,1.0
2026-10-02 08:05:52+00:00,M03,8.581,100.88852,RUNNING,11,0,0.0,415.9,13.85,56.57,0.2,1502.3,54.55,95.0,0.09,simulator,1.0
2026-10-02 08:05:54+00:00,M03,8.332,100.89315,RUNNING,11,0,0.0,417.1,13.41,56.53,0.208,1499.2,53.08,95.0,0.09,simulator,1.0
2026-10-02 08:05:56+00:00,M03,8.668,100.89796,RUNNING,11,0,0.0,414.4,14.04,56.48,0.205,1504.2,55.03,95.0,0.09,simulator,1.0
2026-10-02 08:05:58+00:00,M03,8.507,100.90269,RUNNING,11,0,0.0,417.2,13.69,56.39,0.189,1502.3,54.08,95.1,0.09,simulator,1.0
2026-10-02 08:06:00+00:00,M03,8.585,100.90746,RUNNING,11,0,0.0,415.8,13.86,56.35,0.211,1496.1,54.8,95.1,0.1,simulator,1.0
2026-10-02 08:06:02+00:00,M03,8.201,100.91202,RUNNING,11,0,0.0,417.2,13.2,56.27,0.203,1501.5,52.16,95.1,0.09,simulator,1.0
2026-10-02 08:06:04+00:00,M03,8.065,100.9165,RUNNING,11,0,0.0,416.9,12.99,56.18,0.191,1497.9,51.42,95.2,0.08,simulator,1.0
2026-10-02 08:06:06+00:00,M03,8.579,100.92126,RUNNING,12,1,27.69,415.7,13.85,56.15,0.185,1497.0,54.73,95.2,0.08,simulator,1.0
2026-10-02 08:06:08+00:00,M03,8.04,100.92573,RUNNING,12,0,0.0,412.7,13.08,56.1,0.197,1497.9,51.26,95.3,0.07,simulator,1.0
2026-10-02 08:06:10+00:00,M03,8.079,100.93022,RUNNING,12,0,0.0,415.3,13.06,56.08,0.187,1498.5,51.49,95.3,0.07,simulator,1.0
2026-10-02 08:06:12+00:00,M03,8.208,100.93478,RUNNING,12,0,0.0,414.7,13.29,56.04,0.189,1501.8,52.19,95.3,0.07,simulator,1.0
2026-10-02 08:06:14+00:00,M03,8.512,100.93951,RUNNING,12,0,0.0,416.2,13.73,55.98,0.204,1497.5,54.28,95.3,0.08,simulator,1.0
2026-10-02 08:06:16+00:00,M03,8.509,100.94423,RUNNING,12,0,0.0,411.7,13.88,55.9,0.192,1500.4,54.16,95.4,0.08,simulator,1.0
2026-10-02 08:06:18+00:00,M03,8.075,100.94872,RUNNING,12,0,0.0,416.9,13.0,55.81,0.208,1503.7,51.28,95.3,0.07,simulator,1.0
2026-10-02 08:06:20+00:00,M03,8.106,100.95322,RUNNING,12,0,0.0,413.1,13.17,55.76,0.199,1504.3,51.46,95.4,0.07,simulator,1.0
2026-10-02 08:06:22+00:00,M03,8.184,100.95777,RUNNING,12,0,0.0,415.7,13.22,55.7,0.194,1498.2,52.17,95.4,0.08,simulator,1.0
2026-10-02 08:06:24+00:00,M03,8.05,100.96224,RUNNING,12,0,0.0,414.9,13.03,55.64,0.208,1503.9,51.12,95.4,0.08,simulator,1.0
2026-10-02 08:06:26+00:00,M03,8.409,100.96691,RUNNING,12,0,0.0,418.1,13.5,55.61,0.214,1496.9,53.65,95.3,0.08,simulator,1.0
2026-10-02 08:06:28+00:00,M03,8.691,100.97174,RUNNING,12,0,0.0,413.6,14.11,55.53,0.213,1501.6,55.27,95.3,0.09,simulator,1.0
2026-10-02 08:06:30+00:00,M03,8.659,100.97655,RUNNING,12,0,0.0,412.7,14.09,55.45,0.211,1504.6,54.96,95.3,0.09,simulator,1.0
2026-10-02 08:06:32+00:00,M03,8.105,100.98106,RUNNING,12,0,0.0,413.3,13.17,55.37,0.195,1500.8,51.57,95.4,0.08,simulator,1.0
2026-10-02 08:06:34+00:00,M03,8.449,100.98575,RUNNING,13,1,27.69,413.8,13.71,55.3,0.197,1498.4,53.85,95.5,0.07,simulator,1.0
2026-10-02 08:06:36+00:00,M03,8.143,100.99027,RUNNING,13,0,0.0,417.6,13.09,55.23,0.21,1498.3,51.9,95.5,0.07,simulator,1.0
2026-10-02 08:06:38+00:00,M03,8.082,100.99476,RUNNING,13,0,0.0,412.4,13.16,55.15,0.21,1498.5,51.51,95.5,0.07,simulator,1.0
2026-10-02 08:06:40+00:00,M03,8.569,100.99952,RUNNING,13,0,0.0,415.1,13.86,55.05,0.2,1504.4,54.4,95.6,0.06,simulator,1.0
2026-10-02 08:06:42+00:00,M03,8.689,101.00435,RUNNING,13,0,0.0,416.4,14.01,54.98,0.196,1498.5,55.38,95.6,0.06,simulator,1.0
2026-10-02 08:06:44+00:00,M03,8.634,101.00915,RUNNING,13,0,0.0,416.8,13.91,54.97,0.206,1500.1,54.97,95.6,0.06,simulator,1.0
2026-10-02 08:06:46+00:00,M03,8.45,101.01384,RUNNING,13,0,0.0,414.9,13.67,54.88,0.192,1496.2,53.93,95.7,0.06,simulator,1.0
2026-10-02 08:06:48+00:00,M03,8.563,101.0186,RUNNING,13,0,0.0,411.6,13.97,54.86,0.194,1501.8,54.45,95.8,0.06,simulator,1.0
2026-10-02 08:06:50+00:00,M03,8.076,101.02309,RUNNING,13,0,0.0,412.8,13.13,54.84,0.204,1498.6,51.47,95.8,0.06,simulator,1.0
2026-10-02 08:06:52+00:00,M03,8.633,101.02788,RUNNING,13,0,0.0,413.1,14.03,54.83,0.191,1500.1,54.96,95.8,0.06,simulator,1.0
2026-10-02 08:06:54+00:00,M03,8.296,101.03249,RUNNING,13,0,0.0,418.2,13.32,54.82,0.203,1496.8,52.93,95.8,0.06,simulator,1.0
2026-10-02 08:06:56+00:00,M03,8.539,101.03724,RUNNING,13,0,0.0,418.3,13.7,54.8,0.209,1495.8,54.52,95.8,0.07,simulator,1.0
2026-10-02 08:06:58+00:00,M03,8.215,101.0418,RUNNING,13,0,0.0,412.7,13.36,54.8,0.206,1502.1,52.23,95.7,0.07,simulator,1.0
2026-10-02 08:07:00+00:00,M03,8.556,101.04655,RUNNING,13,0,0.0,418.3,13.73,54.79,0.202,1501.9,54.4,95.8,0.07,simulator,1.0
2026-10-02 08:07:02+00:00,M03,8.397,101.05122,RUNNING,14,1,27.69,413.3,13.64,54.71,0.207,1499.6,53.48,95.8,0.06,simulator,1.0
2026-10-02 08:07:04+00:00,M03,8.13,101.05573,RUNNING,14,0,0.0,416.5,13.1,54.71,0.209,1501.4,51.71,95.7,0.06,simulator,1.0
2026-10-02 08:07:06+00:00,M03,8.471,101.06044,RUNNING,14,0,0.0,417.7,13.61,54.69,0.195,1500.9,53.9,95.8,0.06,simulator,1.0
2026-10-02 08:07:08+00:00,M03,8.061,101.06492,RUNNING,14,0,0.0,415.4,13.03,54.65,0.202,1504.4,51.17,95.8,0.06,simulator,1.0
2026-10-02 08:07:10+00:00,M03,8.52,101.06965,RUNNING,14,0,0.0,414.3,13.81,54.65,0.206,1498.1,54.31,95.8,0.07,simulator,1.0
2026-10-02 08:07:12+00:00,M03,8.289,101.07426,RUNNING,14,0,0.0,411.9,13.51,54.61,0.2,1501.5,52.72,95.9,0.07,simulator,1.0
2026-10-02 08:07:14+00:00,M03,8.586,101.07903,RUNNING,14,0,0.0,413.1,13.95,54.55,0.206,1495.4,54.83,95.8,0.06,simulator,1.0
2026-10-02 08:07:16+00:00,M03,8.159,101.08356,RUNNING,14,0,0.0,413.7,13.24,54.5,0.206,1496.4,52.07,95.8,0.06,simulator,1.0
2026-10-02 08:07:18+00:00,M03,8.265,101.08815,RUNNING,14,0,0.0,414.8,13.38,54.41,0.198,1502.3,52.54,95.9,0.06,simulator,1.0
2026-10-02 08:07:20+00:00,M03,8.485,101.09287,RUNNING,14,0,0.0,417.9,13.63,54.37,0.2,1500.5,54.0,95.9,0.05,simulator,1.0
2026-10-02 08:07:22+00:00,M03,8.156,101.0974,RUNNING,14,0,0.0,417.0,13.13,54.33,0.2,1498.1,51.99,96.0,0.05,simulator,1.0
2026-10-02 08:07:24+00:00,M03,8.458,101.10209,RUNNING,14,0,0.0,417.3,13.61,54.33,0.204,1503.1,53.74,96.0,0.04,simulator,1.0
2026-10-02 08:07:26+00:00,M03,8.502,101.10682,RUNNING,14,0,0.0,418.3,13.65,54.27,0.194,1502.4,54.04,96.0,0.05,simulator,1.0
2026-10-02 08:07:28+00:00,M03,8.565,101.11158,RUNNING,14,0,0.0,412.8,13.93,54.19,0.19,1497.8,54.61,96.0,0.04,simulator,1.0
2026-10-02 08:07:30+00:00,M03,8.429,101.11626,RUNNING,15,1,27.69,415.7,13.61,54.12,0.198,1499.6,53.68,96.1,0.04,simulator,1.0
2026-10-02 08:07:32+00:00,M03,8.302,101.12087,RUNNING,15,0,0.0,417.1,13.36,54.04,0.207,1498.8,52.9,96.1,0.05,simulator,1.0
2026-10-02 08:07:34+00:00,M03,8.391,101.12553,RUNNING,15,0,0.0,412.9,13.64,53.99,0.213,1504.0,53.28,96.0,0.04,simulator,1.0
2026-10-02 08:07:36+00:00,M03,8.437,101.13022,RUNNING,15,0,0.0,412.8,13.72,53.91,0.202,1495.0,53.9,96.1,0.04,simulator,1.0
2026-10-02 08:07:38+00:00,M03,8.264,101.13481,RUNNING,15,0,0.0,411.7,13.48,53.86,0.187,1502.0,52.54,96.1,0.05,simulator,1.0
2026-10-02 08:07:40+00:00,M03,8.47,101.13952,RUNNING,15,0,0.0,416.3,13.66,53.83,0.203,1499.2,53.95,96.1,0.05,simulator,1.0
2026-10-02 08:07:42+00:00,M03,8.639,101.14432,RUNNING,15,0,0.0,413.4,14.03,53.76,0.196,1499.3,55.03,96.2,0.05,simulator,1.0
2026-10-02 08:07:44+00:00,M03,8.342,101.14895,RUNNING,15,0,0.0,412.9,13.56,53.7,0.213,1498.0,53.18,96.1,0.05,simulator,1.0
2026-10-02 08:07:46+00:00,M03,8.411,101.15362,RUNNING,15,0,0.0,412.8,13.68,53.63,0.201,1498.2,53.61,96.2,0.04,simulator,1.0
2026-10-02 08:07:48+00:00,M03,8.393,101.15829,RUNNING,15,0,0.0,411.7,13.69,53.56,0.214,1499.3,53.46,96.1,0.05,simulator,1.0
2026-10-02 08:07:50+00:00,M03,8.284,101.16289,RUNNING,15,0,0.0,413.0,13.47,53.54,0.195,1502.7,52.65,96.2,0.05,simulator,1.0
2026-10-02 08:07:52+00:00,M03,8.308,101.1675,RUNNING,15,0,0.0,412.9,13.51,53.5,0.213,1496.3,53.03,96.2,0.05,simulator,1.0
2026-10-02 08:07:54+00:00,M03,8.313,101.17212,RUNNING,15,0,0.0,417.0,13.38,53.5,0.205,1499.0,52.96,96.2,0.05,simulator,1.0
2026-10-02 08:07:56+00:00,M03,8.681,101.17695,RUNNING,15,0,0.0,412.4,14.13,53.44,0.187,1499.9,55.27,96.3,0.04,simulator,1.0
2026-10-02 08:07:58+00:00,M03,8.343,101.18158,RUNNING,16,1,27.69,413.5,13.55,53.37,0.184,1500.3,53.11,96.3,0.04,simulator,1.0
2026-10-02 08:08:00+00:00,M03,8.519,101.18631,RUNNING,16,0,0.0,411.6,13.89,53.32,0.193,1503.9,54.1,96.4,0.03,simulator,1.0
2026-10-02 08:08:02+00:00,M03,8.317,101.19093,RUNNING,16,0,0.0,414.8,13.46,53.31,0.213,1503.9,52.81,96.3,0.04,simulator,1.0
2026-10-02 08:08:04+00:00,M03,8.121,101.19545,RUNNING,16,0,0.0,415.3,13.13,53.32,0.21,1501.2,51.66,96.3,0.03,simulator,1.0
2026-10-02 08:08:06+00:00,M03,8.464,101.20015,RUNNING,16,0,0.0,417.6,13.61,53.28,0.202,1502.8,53.79,96.3,0.03,simulator,1.0
2026-10-02 08:08:08+00:00,M03,8.099,101.20465,RUNNING,16,0,0.0,416.0,13.07,53.28,0.191,1504.0,51.43,96.4,0.03,simulator,1.0
2026-10-02 08:08:10+00:00,M03,8.162,101.20918,RUNNING,16,0,0.0,413.2,13.26,53.29,0.201,1505.0,51.79,96.4,0.03,simulator,1.0
2026-10-02 08:08:12+00:00,M03,8.501,101.2139,RUNNING,16,0,0.0,416.9,13.69,53.31,0.204,1504.6,53.96,96.4,0.03,simulator,1.0
2026-10-02 08:08:14+00:00,M03,8.52,101.21864,RUNNING,16,0,0.0,417.3,13.71,53.31,0.206,1496.7,54.36,96.4,0.04,simulator,1.0
2026-10-02 08:08:16+00:00,M03,8.573,101.2234,RUNNING,16,0,0.0,415.0,13.87,53.33,0.206,1503.3,54.46,96.4,0.04,simulator,1.0
2026-10-02 08:08:18+00:00,M03,8.132,101.22792,RUNNING,16,0,0.0,414.1,13.18,53.27,0.212,1495.2,51.94,96.3,0.04,simulator,1.0
2026-10-02 08:08:20+00:00,M03,8.359,101.23256,RUNNING,16,0,0.0,414.1,13.55,53.26,0.217,1499.6,53.23,96.2,0.04,simulator,1.0
2026-10-02 08:08:22+00:00,M03,8.223,101.23713,RUNNING,16,0,0.0,417.7,13.22,53.22,0.218,1497.2,52.45,96.2,0.04,simulator,1.0
2026-10-02 08:08:24+00:00,M03,8.248,101.24171,RUNNING,16,0,0.0,413.0,13.41,53.18,0.213,1496.2,52.65,96.2,0.04,simulator,1.0
2026-10-02 08:08:26+00:00,M03,8.093,101.24621,RUNNING,17,1,27.69,412.5,13.17,53.2,0.189,1500.4,51.51,96.3,0.03,simulator,1.0
2026-10-02 08:08:28+00:00,M03,8.646,101.25101,RUNNING,17,0,0.0,416.9,13.92,53.2,0.2,1503.8,54.91,96.4,0.03,simulator,1.0
2026-10-02 08:08:30+00:00,M03,8.663,101.25583,RUNNING,17,0,0.0,414.2,14.04,53.15,0.186,1499.9,55.16,96.4,0.03,simulator,1.0
2026-10-02 08:08:32+00:00,M03,8.599,101.2606,RUNNING,17,0,0.0,413.9,13.95,53.15,0.186,1502.9,54.64,96.5,0.03,simulator,1.0
2026-10-02 08:08:34+00:00,M03,8.365,101.26525,RUNNING,17,0,0.0,416.3,13.49,53.15,0.193,1500.8,53.23,96.5,0.03,simulator,1.0
2026-10-02 08:08:36+00:00,M03,8.576,101.27001,RUNNING,17,0,0.0,414.6,13.89,53.16,0.209,1497.7,54.68,96.4,0.03,simulator,1.0
2026-10-02 08:08:38+00:00,M03,8.159,101.27455,RUNNING,17,0,0.0,412.7,13.27,53.1,0.209,1500.6,51.92,96.4,0.03,simulator,1.0
2026-10-02 08:08:40+00:00,M03,8.264,101.27914,RUNNING,17,0,0.0,417.1,13.3,53.06,0.217,1497.9,52.69,96.3,0.03,simulator,1.0
2026-10-02 08:08:42+00:00,M03,8.486,101.28385,RUNNING,17,0,0.0,412.2,13.82,53.0,0.197,1503.2,53.91,96.4,0.03,simulator,1.0
2026-10-02 08:08:44+00:00,M03,8.262,101.28844,RUNNING,17,0,0.0,414.1,13.39,52.99,0.214,1504.9,52.43,96.4,0.03,simulator,1.0
2026-10-02 08:08:46+00:00,M03,8.392,101.2931,RUNNING,17,0,0.0,411.8,13.68,52.96,0.196,1504.0,53.29,96.4,0.02,simulator,1.0
2026-10-02 08:08:48+00:00,M03,8.537,101.29785,RUNNING,17,0,0.0,414.1,13.84,52.92,0.203,1504.2,54.2,96.5,0.02,simulator,1.0
2026-10-02 08:08:50+00:00,M03,8.191,101.3024,RUNNING,17,0,0.0,413.6,13.3,52.89,0.209,1503.2,52.04,96.5,0.02,simulator,1.0
2026-10-02 08:08:52+00:00,M03,8.332,101.30703,RUNNING,18,1,27.69,417.2,13.41,52.87,0.198,1499.8,53.05,96.5,0.02,simulator,1.0
2026-10-02 08:08:54+00:00,M03,8.312,101.31164,RUNNING,18,0,0.0,415.8,13.42,52.84,0.19,1498.8,52.96,96.6,0.02,simulator,1.0
2026-10-02 08:08:56+00:00,M03,8.062,101.31612,RUNNING,18,0,0.0,417.2,12.97,52.85,0.195,1504.1,51.19,96.6,0.02,simulator,1.0
2026-10-02 08:08:58+00:00,M03,8.187,101.32067,RUNNING,18,0,0.0,415.4,13.23,52.86,0.213,1496.5,52.25,96.5,0.02,simulator,1.0
2026-10-02 08:09:00+00:00,M03,8.262,101.32526,RUNNING,18,0,0.0,415.9,13.34,52.89,0.197,1496.2,52.73,96.6,0.02,simulator,1.0
2026-10-02 08:09:02+00:00,M03,10.254,101.33096,DEGRADED,18,0,0.0,418.5,16.45,53.01,0.534,1418.3,69.04,90.3,0.21,simulator,1.0
2026-10-02 08:09:04+00:00,M03,10.427,101.33675,DEGRADED,18,0,0.0,415.1,16.86,53.08,0.589,1424.4,69.91,85.5,0.33,simulator,1.0
2026-10-02 08:09:06+00:00,M03,10.055,101.34234,DEGRADED,18,0,0.0,417.6,16.16,53.14,0.622,1416.4,67.8,81.9,0.41,simulator,1.0
2026-10-02 08:09:08+00:00,M03,10.241,101.34803,DEGRADED,18,0,0.0,411.7,16.7,53.21,0.613,1418.9,68.93,79.3,0.46,simulator,1.0
2026-10-02 08:09:10+00:00,M03,10.033,101.3536,DEGRADED,18,0,0.0,416.0,16.19,53.28,0.606,1421.5,67.4,77.5,0.5,simulator,1.0
2026-10-02 08:09:12+00:00,M03,9.983,101.35915,DEGRADED,18,0,0.0,416.3,16.1,53.39,0.603,1415.9,67.33,76.3,0.52,simulator,1.0
2026-10-02 08:09:14+00:00,M03,10.486,101.36497,DEGRADED,18,0,0.0,411.7,17.1,53.52,0.616,1424.8,70.28,75.2,0.53,simulator,1.0
2026-10-02 08:09:16+00:00,M03,10.137,101.3706,DEGRADED,18,0,0.0,413.4,16.46,53.58,0.625,1419.1,68.22,74.4,0.54,simulator,1.0
2026-10-02 08:09:18+00:00,M03,10.029,101.37618,DEGRADED,18,0,0.0,416.3,16.17,53.66,0.619,1417.4,67.57,73.8,0.54,simulator,1.0
2026-10-02 08:09:20+00:00,M03,10.215,101.38185,DEGRADED,18,0,0.0,412.2,16.64,53.77,0.619,1412.0,69.09,73.3,0.55,simulator,1.0
2026-10-02 08:09:22+00:00,M03,10.017,101.38742,DEGRADED,18,0,0.0,412.9,16.29,53.84,0.627,1428.3,66.98,72.8,0.56,simulator,1.0
2026-10-02 08:09:24+00:00,M03,9.973,101.39296,DEGRADED,18,0,0.0,417.5,16.04,53.9,0.618,1415.1,67.3,72.5,0.57,simulator,1.0
2026-10-02 08:09:26+00:00,M03,10.381,101.39872,DEGRADED,19,1,36.95,417.4,16.7,53.98,0.623,1413.0,70.16,72.2,0.56,simulator,1.0
2026-10-02 08:09:28+00:00,M03,10.259,101.40442,DEGRADED,19,0,0.0,414.8,16.6,54.09,0.638,1423.9,68.81,71.9,0.55,simulator,1.0
2026-10-02 08:09:30+00:00,M03,10.302,101.41015,DEGRADED,19,0,0.0,413.2,16.74,54.14,0.651,1419.3,69.32,71.5,0.56,simulator,1.0
2026-10-02 08:09:32+00:00,M03,10.412,101.41593,DEGRADED,19,0,0.0,413.8,16.89,54.23,0.636,1409.4,70.55,71.2,0.56,simulator,1.0
2026-10-02 08:09:34+00:00,M03,10.555,101.42179,DEGRADED,19,0,0.0,417.8,16.96,54.35,0.648,1411.5,71.41,70.9,0.57,simulator,1.0
2026-10-02 08:09:36+00:00,M03,10.199,101.42746,DEGRADED,19,0,0.0,417.4,16.4,54.45,0.651,1424.5,68.38,70.7,0.58,simulator,1.0
2026-10-02 08:09:38+00:00,M03,10.413,101.43325,DEGRADED,19,0,0.0,416.0,16.8,54.51,0.639,1412.7,70.39,70.5,0.58,simulator,1.0
2026-10-02 08:09:40+00:00,M03,10.189,101.43891,DEGRADED,19,0,0.0,411.6,16.62,54.59,0.653,1414.3,68.8,70.2,0.57,simulator,1.0
2026-10-02 08:09:42+00:00,M03,10.017,101.44447,DEGRADED,19,0,0.0,417.0,16.13,54.69,0.664,1411.9,67.75,69.9,0.59,simulator,1.0
2026-10-02 08:09:44+00:00,M03,10.606,101.45036,DEGRADED,19,0,0.0,414.9,17.16,54.74,0.649,1425.4,71.06,69.7,0.6,simulator,1.0
2026-10-02 08:09:46+00:00,M03,10.534,101.45622,DEGRADED,19,0,0.0,417.0,16.96,54.84,0.637,1419.7,70.86,69.7,0.6,simulator,1.0
2026-10-02 08:09:48+00:00,M03,10.387,101.46199,DEGRADED,19,0,0.0,413.7,16.86,54.9,0.653,1423.7,69.67,69.4,0.61,simulator,1.0
2026-10-02 08:09:50+00:00,M03,10.454,101.46779,DEGRADED,19,0,0.0,413.2,16.98,55.0,0.647,1420.3,70.29,69.3,0.6,simulator,1.0
2026-10-02 08:09:52+00:00,M03,10.259,101.47349,DEGRADED,19,0,0.0,413.2,16.67,55.1,0.648,1418.1,69.09,69.1,0.61,simulator,1.0
2026-10-02 08:09:54+00:00,M03,10.588,101.47938,DEGRADED,19,0,0.0,415.2,17.12,55.22,0.65,1422.3,71.09,68.9,0.61,simulator,1.0
2026-10-02 08:09:56+00:00,M03,10.593,101.48526,DEGRADED,19,0,0.0,411.7,17.27,55.27,0.674,1405.2,71.99,68.5,0.62,simulator,1.0
2026-10-02 08:09:58+00:00,M03,10.705,101.49121,DEGRADED,19,0,0.0,413.5,17.38,55.33,0.662,1417.8,72.11,68.3,0.62,simulator,1.0
2026-10-02 08:10:00+00:00,M03,10.716,101.49716,DEGRADED,19,0,0.0,415.8,17.3,55.42,0.653,1420.9,72.02,68.2,0.63,simulator,1.0
2026-10-02 08:10:02+00:00,M03,10.211,101.50283,DEGRADED,19,0,0.0,413.2,16.59,55.48,0.655,1412.5,69.04,68.0,0.63,simulator,1.0
2026-10-02 08:10:04+00:00,M03,10.463,101.50865,DEGRADED,20,1,37.91,411.8,17.06,55.58,0.656,1417.8,70.48,67.8,0.64,simulator,1.0
2026-10-02 08:10:06+00:00,M03,10.103,101.51426,DEGRADED,20,0,0.0,414.1,16.38,55.68,0.669,1418.9,68.0,67.6,0.64,simulator,1.0
2026-10-02 08:10:08+00:00,M03,10.322,101.51999,DEGRADED,20,0,0.0,417.4,16.6,55.79,0.658,1410.0,69.91,67.4,0.65,simulator,1.0
2026-10-02 08:10:10+00:00,M03,10.547,101.52585,DEGRADED,20,0,0.0,414.0,17.1,55.9,0.684,1401.6,71.86,67.0,0.65,simulator,1.0
2026-10-02 08:10:12+00:00,M03,10.727,101.53181,DEGRADED,20,0,0.0,411.8,17.49,56.0,0.67,1407.4,72.79,66.8,0.65,simulator,1.0
2026-10-02 08:10:14+00:00,M03,10.294,101.53753,DEGRADED,20,0,0.0,417.2,16.56,56.09,0.676,1411.3,69.66,66.6,0.66,simulator,1.0
2026-10-02 08:10:16+00:00,M03,10.753,101.54351,DEGRADED,20,0,0.0,415.8,17.36,56.22,0.679,1417.8,72.43,66.3,0.65,simulator,1.0
2026-10-02 08:10:18+00:00,M03,10.652,101.54942,DEGRADED,20,0,0.0,416.7,17.16,56.31,0.677,1409.6,72.17,66.1,0.66,simulator,1.0
2026-10-02 08:10:20+00:00,M03,10.547,101.55528,DEGRADED,20,0,0.0,416.1,17.02,56.42,0.675,1412.3,71.32,65.9,0.65,simulator,1.0
2026-10-02 08:10:22+00:00,M03,10.728,101.56124,DEGRADED,20,0,0.0,412.3,17.47,56.53,0.679,1416.7,72.32,65.7,0.67,simulator,1.0
2026-10-02 08:10:24+00:00,M03,10.672,101.56717,DEGRADED,20,0,0.0,415.4,17.25,56.63,0.682,1403.7,72.61,65.5,0.67,simulator,1.0
2026-10-02 08:10:26+00:00,M03,10.67,101.5731,DEGRADED,20,0,0.0,417.7,17.15,56.75,0.691,1399.4,72.82,65.2,0.67,simulator,1.0
2026-10-02 08:10:28+00:00,M03,10.212,101.57877,DEGRADED,20,0,0.0,414.0,16.56,56.86,0.68,1407.0,69.31,65.0,0.68,simulator,1.0
2026-10-02 08:10:30+00:00,M03,10.782,101.58476,DEGRADED,20,0,0.0,413.8,17.49,56.97,0.678,1399.9,73.55,64.9,0.68,simulator,1.0
2026-10-02 08:10:32+00:00,M03,10.438,101.59056,DEGRADED,20,0,0.0,416.3,16.83,57.1,0.688,1401.8,71.11,64.6,0.69,simulator,1.0
2026-10-02 08:10:34+00:00,M03,10.778,101.59655,DEGRADED,20,0,0.0,418.4,17.29,57.2,0.708,1409.8,73.01,64.3,0.69,simulator,1.0
2026-10-02 08:10:36+00:00,M03,10.315,101.60228,DEGRADED,20,0,0.0,413.5,16.75,57.26,0.703,1397.0,70.51,64.0,0.7,simulator,1.0
2026-10-02 08:10:38+00:00,M03,10.676,101.60821,DEGRADED,20,0,0.0,415.3,17.26,57.32,0.708,1401.3,72.76,63.7,0.71,simulator,1.0
2026-10-02 08:10:40+00:00,M03,10.337,101.61395,DEGRADED,20,0,0.0,413.6,16.78,57.44,0.696,1396.1,70.71,63.6,0.72,simulator,1.0
2026-10-02 08:10:42+00:00,M03,10.636,101.61986,DEGRADED,21,1,38.92,413.5,17.27,57.47,0.717,1406.6,72.21,63.2,0.71,simulator,1.0
2026-10-02 08:10:44+00:00,M03,10.257,101.62556,DEGRADED,21,0,0.0,416.3,16.54,57.52,0.703,1406.8,69.63,63.1,0.71,simulator,1.0
2026-10-02 08:10:46+00:00,M03,10.86,101.63159,DEGRADED,21,0,0.0,414.0,17.61,57.56,0.72,1414.2,73.34,62.8,0.71,simulator,1.0
2026-10-02 08:10:48+00:00,M03,10.764,101.63757,DEGRADED,21,0,0.0,415.4,17.4,57.64,0.706,1402.0,73.32,62.6,0.71,simulator,1.0
2026-10-02 08:10:50+00:00,M03,10.309,101.6433,DEGRADED,21,0,0.0,417.5,16.58,57.7,0.722,1409.4,69.85,62.4,0.71,simulator,1.0
2026-10-02 08:10:52+00:00,M03,10.374,101.64906,DEGRADED,21,0,0.0,411.6,16.92,57.73,0.704,1410.5,70.24,62.3,0.71,simulator,1.0
2026-10-02 08:10:54+00:00,M03,10.736,101.65503,DEGRADED,21,0,0.0,413.8,17.42,57.78,0.719,1394.2,73.54,62.0,0.73,simulator,1.0
2026-10-02 08:10:56+00:00,M03,10.361,101.66079,DEGRADED,21,0,0.0,415.5,16.74,57.83,0.72,1406.2,70.37,61.8,0.72,simulator,1.0
2026-10-02 08:10:58+00:00,M03,10.72,101.66674,DEGRADED,21,0,0.0,412.6,17.44,57.87,0.713,1394.2,73.43,61.7,0.73,simulator,1.0
2026-10-02 08:11:00+00:00,M03,10.409,101.67252,DEGRADED,21,0,0.0,417.2,16.75,57.9,0.706,1410.4,70.48,61.6,0.74,simulator,1.0
2026-10-02 08:11:02+00:00,M03,9.383,101.67774,RUNNING,21,0,0.0,416.2,15.13,57.93,0.338,1495.1,59.93,64.7,0.69,simulator,1.0
2026-10-02 08:11:04+00:00,M03,9.124,101.68281,RUNNING,21,0,0.0,411.7,14.88,58.01,0.278,1498.8,58.14,67.7,0.63,simulator,1.0
2026-10-02 08:11:06+00:00,M03,9.37,101.68801,RUNNING,21,0,0.0,416.4,15.11,58.01,0.244,1500.9,59.62,70.5,0.55,simulator,1.0
2026-10-02 08:11:08+00:00,M03,8.871,101.69294,RUNNING,21,0,0.0,411.7,14.47,58.07,0.245,1499.6,56.49,72.9,0.51,simulator,1.0
2026-10-02 08:11:10+00:00,M03,9.125,101.69801,RUNNING,21,0,0.0,413.0,14.83,58.12,0.235,1502.2,58.01,75.0,0.47,simulator,1.0
2026-10-02 08:11:12+00:00,M03,9.263,101.70316,RUNNING,21,0,0.0,412.7,15.07,58.14,0.222,1497.5,59.07,77.0,0.43,simulator,1.0
2026-10-02 08:11:14+00:00,M03,9.21,101.70827,RUNNING,21,0,0.0,415.7,14.87,58.14,0.234,1497.6,58.73,78.8,0.4,simulator,1.0
2026-10-02 08:11:16+00:00,M03,8.982,101.71326,RUNNING,22,1,28.86,416.4,14.48,58.08,0.236,1500.6,57.16,80.4,0.36,simulator,1.0
2026-10-02 08:11:18+00:00,M03,8.896,101.7182,RUNNING,22,0,0.0,416.3,14.35,58.07,0.233,1498.7,56.69,82.0,0.34,simulator,1.0
2026-10-02 08:11:20+00:00,M03,8.489,101.72292,RUNNING,22,0,0.0,416.0,13.7,58.01,0.23,1503.6,53.92,83.6,0.32,simulator,1.0
2026-10-02 08:11:22+00:00,M03,8.636,101.72772,RUNNING,22,0,0.0,417.1,13.9,57.94,0.212,1503.8,54.84,85.2,0.28,simulator,1.0
2026-10-02 08:11:24+00:00,M03,8.693,101.73255,RUNNING,22,0,0.0,413.7,14.11,57.91,0.219,1496.0,55.49,86.7,0.25,simulator,1.0
2026-10-02 08:11:26+00:00,M03,8.208,101.73711,RUNNING,22,0,0.0,415.8,13.25,57.79,0.22,1498.0,52.33,88.2,0.23,simulator,1.0
2026-10-02 08:11:28+00:00,M03,8.299,101.74172,RUNNING,22,0,0.0,413.7,13.47,57.71,0.22,1504.4,52.68,89.7,0.2,simulator,1.0
2026-10-02 08:11:30+00:00,M03,8.103,101.74622,RUNNING,22,0,0.0,413.2,13.17,57.64,0.202,1498.7,51.63,91.2,0.16,simulator,1.0
2026-10-02 08:11:32+00:00,M03,8.331,101.75085,RUNNING,22,0,0.0,412.8,13.55,57.5,0.208,1498.3,53.1,92.2,0.15,simulator,1.0
2026-10-02 08:11:34+00:00,M03,8.342,101.75548,RUNNING,22,0,0.0,418.0,13.4,57.4,0.207,1499.3,53.14,93.0,0.13,simulator,1.0
2026-10-02 08:11:36+00:00,M03,8.603,101.76026,RUNNING,22,0,0.0,416.0,13.88,57.31,0.208,1498.8,54.82,93.5,0.12,simulator,1.0
2026-10-02 08:11:38+00:00,M03,8.112,101.76477,RUNNING,22,0,0.0,417.9,13.03,57.26,0.195,1501.2,51.61,93.9,0.12,simulator,1.0
2026-10-02 08:11:40+00:00,M03,8.323,101.76939,RUNNING,22,0,0.0,412.9,13.53,57.13,0.209,1499.9,52.99,94.1,0.12,simulator,1.0
2026-10-02 08:11:42+00:00,M03,8.609,101.77418,RUNNING,22,0,0.0,413.7,13.97,57.01,0.207,1500.2,54.8,94.3,0.12,simulator,1.0
2026-10-02 08:11:44+00:00,M03,8.097,101.77867,RUNNING,23,1,27.69,418.5,12.99,56.96,0.2,1501.5,51.5,94.5,0.11,simulator,1.0
2026-10-02 08:11:46+00:00,M03,8.292,101.78328,RUNNING,23,0,0.0,416.7,13.36,56.9,0.194,1496.6,52.91,94.7,0.1,simulator,1.0
2026-10-02 08:11:48+00:00,M03,8.593,101.78805,RUNNING,23,0,0.0,415.6,13.88,56.83,0.204,1501.7,54.65,94.8,0.09,simulator,1.0
2026-10-02 08:11:50+00:00,M03,8.653,101.79286,RUNNING,23,0,0.0,416.8,13.94,56.72,0.204,1497.2,55.19,94.8,0.1,simulator,1.0
2026-10-02 08:11:52+00:00,M03,8.335,101.79749,RUNNING,23,0,0.0,417.2,13.41,56.59,0.187,1499.8,53.07,94.9,0.1,simulator,1.0
2026-10-02 08:11:54+00:00,M03,8.066,101.80197,RUNNING,23,0,0.0,413.3,13.1,56.48,0.187,1503.6,51.23,95.0,0.09,simulator,1.0
2026-10-02 08:11:56+00:00,M03,8.27,101.80657,RUNNING,23,0,0.0,411.6,13.49,56.36,0.19,1497.4,52.74,95.1,0.08,simulator,1.0
2026-10-02 08:11:58+00:00,M03,8.592,101.81134,RUNNING,23,0,0.0,413.1,13.96,56.27,0.198,1497.0,54.81,95.2,0.08,simulator,1.0
2026-10-02 08:12:00+00:00,M03,8.108,101.81585,RUNNING,23,0,0.0,412.3,13.2,56.16,0.203,1499.4,51.64,95.2,0.08,simulator,1.0
2026-10-02 08:12:02+00:00,M03,8.604,101.82063,RUNNING,23,0,0.0,413.3,13.98,56.05,0.198,1498.7,54.83,95.2,0.07,simulator,1.0
2026-10-02 08:12:04+00:00,M03,8.048,101.8251,RUNNING,23,0,0.0,413.7,13.06,56.0,0.213,1502.6,51.15,95.2,0.08,simulator,1.0
2026-10-02 08:12:06+00:00,M03,8.572,101.82986,RUNNING,23,0,0.0,412.0,13.97,55.89,0.209,1498.9,54.62,95.2,0.09,simulator,1.0
2026-10-02 08:12:08+00:00,M03,8.4,101.83453,RUNNING,23,0,0.0,417.7,13.5,55.82,0.201,1498.1,53.55,95.3,0.09,simulator,1.0
2026-10-02 08:12:10+00:00,M03,8.367,101.83917,RUNNING,23,0,0.0,412.0,13.63,55.71,0.187,1504.6,53.11,95.3,0.09,simulator,1.0
2026-10-02 08:12:12+00:00,M03,8.053,101.84365,RUNNING,24,1,27.69,413.2,13.08,55.65,0.208,1503.7,51.14,95.3,0.08,simulator,1.0
2026-10-02 08:12:14+00:00,M03,8.554,101.8484,RUNNING,24,0,0.0,416.1,13.8,55.61,0.19,1496.5,54.59,95.4,0.07,simulator,1.0
2026-10-02 08:12:16+00:00,M03,8.296,101.85301,RUNNING,24,0,0.0,414.0,13.45,55.57,0.194,1495.9,52.96,95.5,0.07,simulator,1.0
2026-10-02 08:12:18+00:00,M03,8.445,101.8577,RUNNING,24,0,0.0,413.9,13.7,55.55,0.21,1498.3,53.83,95.4,0.08,simulator,1.0
2026-10-02 08:12:20+00:00,M03,8.592,101.86247,RUNNING,24,0,0.0,416.7,13.84,55.48,0.205,1505.0,54.52,95.4,0.08,simulator,1.0
2026-10-02 08:12:22+00:00,M03,8.08,101.86696,RUNNING,24,0,0.0,413.5,13.12,55.41,0.192,1499.8,51.45,95.5,0.08,simulator,1.0
2026-10-02 08:12:24+00:00,M03,8.137,101.87148,RUNNING,24,0,0.0,413.9,13.2,55.39,0.201,1503.6,51.68,95.5,0.08,simulator,1.0
2026-10-02 08:12:26+00:00,M03,8.242,101.87606,RUNNING,24,0,0.0,413.9,13.37,55.33,0.208,1495.1,52.65,95.5,0.07,simulator,1.0
2026-10-02 08:12:28+00:00,M03,8.596,101.88084,RUNNING,24,0,0.0,411.9,14.01,55.3,0.209,1500.1,54.72,95.5,0.08,simulator,1.0
2026-10-02 08:12:30+00:00,M03,8.579,101.8856,RUNNING,24,0,0.0,416.5,13.83,55.29,0.216,1499.7,54.63,95.4,0.09,simulator,1.0
2026-10-02 08:12:32+00:00,M03,8.108,101.89011,RUNNING,24,0,0.0,416.9,13.06,55.19,0.217,1503.4,51.5,95.4,0.08,simulator,1.0
2026-10-02 08:12:34+00:00,M03,8.314,101.89473,RUNNING,24,0,0.0,416.5,13.4,55.11,0.211,1496.0,53.07,95.4,0.08,simulator,1.0
2026-10-02 08:12:36+00:00,M03,8.655,101.89954,RUNNING,24,0,0.0,416.0,13.97,55.04,0.192,1500.1,55.1,95.5,0.07,simulator,1.0
2026-10-02 08:12:38+00:00,M03,8.448,101.90423,RUNNING,24,0,0.0,412.2,13.76,54.95,0.206,1501.2,53.74,95.6,0.07,simulator,1.0
2026-10-02 08:12:40+00:00,M03,8.689,101.90906,RUNNING,25,1,27.69,413.8,14.1,54.94,0.192,1500.1,55.32,95.6,0.06,simulator,1.0
2026-10-02 08:12:42+00:00,M03,8.667,101.91387,RUNNING,25,0,0.0,414.2,14.05,54.92,0.187,1495.9,55.33,95.7,0.07,simulator,1.0
2026-10-02 08:12:44+00:00,M03,8.622,101.91866,RUNNING,25,0,0.0,415.8,13.92,54.84,0.203,1500.6,54.87,95.7,0.07,simulator,1.0
2026-10-02 08:12:46+00:00,M03,8.254,101.92325,RUNNING,25,0,0.0,411.6,13.46,54.83,0.203,1502.8,52.45,95.7,0.07,simulator,1.0
2026-10-02 08:12:48+00:00,M03,8.036,101.92771,RUNNING,25,0,0.0,414.3,13.02,54.76,0.214,1496.2,51.29,95.7,0.08,simulator,1.0
2026-10-02 08:12:50+00:00,M03,8.383,101.93237,RUNNING,25,0,0.0,413.9,13.6,54.7,0.198,1495.8,53.52,95.8,0.06,simulator,1.0
2026-10-02 08:12:52+00:00,M03,8.086,101.93686,RUNNING,25,0,0.0,414.0,13.11,54.68,0.187,1495.1,51.65,95.8,0.06,simulator,1.0
2026-10-02 08:12:54+00:00,M03,8.355,101.9415,RUNNING,25,0,0.0,417.8,13.43,54.65,0.199,1500.7,53.17,95.8,0.05,simulator,1.0
2026-10-02 08:12:56+00:00,M03,8.445,101.94619,RUNNING,25,0,0.0,413.6,13.71,54.64,0.187,1497.7,53.85,95.9,0.04,simulator,1.0
2026-10-02 08:12:58+00:00,M03,8.46,101.95089,RUNNING,25,0,0.0,413.6,13.73,54.63,0.205,1501.5,53.81,95.9,0.05,simulator,1.0
2026-10-02 08:13:00+00:00,M03,8.578,101.95566,RUNNING,25,0,0.0,414.8,13.88,54.54,0.208,1503.0,54.5,95.8,0.05,simulator,1.0
2026-10-02 08:13:02+00:00,M03,8.243,101.96024,RUNNING,25,0,0.0,411.6,13.44,54.53,0.209,1504.7,52.32,95.8,0.06,simulator,1.0
2026-10-02 08:13:04+00:00,M03,8.037,101.9647,RUNNING,25,0,0.0,418.3,12.9,54.48,0.189,1496.7,51.28,95.9,0.05,simulator,1.0
2026-10-02 08:13:06+00:00,M03,8.454,101.9694,RUNNING,25,0,0.0,417.9,13.58,54.41,0.209,1500.6,53.8,95.9,0.06,simulator,1.0
2026-10-02 08:13:08+00:00,M03,8.125,101.97391,RUNNING,26,1,27.69,414.5,13.16,54.41,0.192,1499.7,51.74,95.9,0.05,simulator,1.0
2026-10-02 08:13:10+00:00,M03,8.17,101.97845,RUNNING,26,0,0.0,416.3,13.18,54.37,0.204,1499.8,52.02,95.9,0.06,simulator,1.0
2026-10-02 08:13:12+00:00,M03,8.611,101.98324,RUNNING,26,0,0.0,416.6,13.88,54.36,0.195,1502.0,54.75,96.0,0.06,simulator,1.0
2026-10-02 08:13:14+00:00,M03,8.595,101.98801,RUNNING,26,0,0.0,417.3,13.83,54.34,0.211,1502.8,54.62,95.9,0.06,simulator,1.0
2026-10-02 08:13:16+00:00,M03,8.139,101.99253,RUNNING,26,0,0.0,416.6,13.12,54.34,0.214,1500.1,51.81,95.9,0.06,simulator,1.0
2026-10-02 08:13:18+00:00,M03,8.48,101.99724,RUNNING,26,0,0.0,415.5,13.7,54.25,0.216,1495.5,54.15,95.8,0.06,simulator,1.0
2026-10-02 08:13:20+00:00,M03,8.195,102.0018,RUNNING,26,0,0.0,414.0,13.29,54.23,0.193,1500.9,52.14,95.9,0.06,simulator,1.0
2026-10-02 08:13:22+00:00,M03,8.145,102.00632,RUNNING,26,0,0.0,417.6,13.09,54.15,0.198,1501.0,51.82,96.0,0.05,simulator,1.0
2026-10-02 08:13:24+00:00,M03,8.296,102.01093,RUNNING,26,0,0.0,416.0,13.39,54.12,0.194,1501.3,52.77,96.0,0.05,simulator,1.0
2026-10-02 08:13:26+00:00,M03,8.051,102.0154,RUNNING,26,0,0.0,412.8,13.09,54.08,0.19,1499.5,51.28,96.1,0.04,simulator,1.0
2026-10-02 08:13:28+00:00,M03,8.578,102.02017,RUNNING,26,0,0.0,418.3,13.77,54.08,0.185,1502.4,54.53,96.1,0.04,simulator,1.0
2026-10-02 08:13:30+00:00,M03,8.167,102.02471,RUNNING,26,0,0.0,416.3,13.17,54.04,0.189,1497.4,52.09,96.1,0.03,simulator,1.0
2026-10-02 08:13:32+00:00,M03,8.25,102.02929,RUNNING,26,0,0.0,412.8,13.42,53.97,0.183,1499.1,52.56,96.2,0.04,simulator,1.0
2026-10-02 08:13:34+00:00,M03,8.517,102.03402,RUNNING,26,0,0.0,415.2,13.77,53.98,0.19,1497.9,54.3,96.2,0.04,simulator,1.0
2026-10-02 08:13:36+00:00,M03,8.279,102.03862,RUNNING,27,1,27.69,416.2,13.35,53.93,0.199,1501.7,52.65,96.2,0.03,simulator,1.0
2026-10-02 08:13:38+00:00,M03,8.138,102.04314,RUNNING,27,0,0.0,412.2,13.25,53.91,0.203,1504.0,51.67,96.2,0.04,simulator,1.0
2026-10-02 08:13:40+00:00,M03,8.375,102.0478,RUNNING,27,0,0.0,417.1,13.48,53.87,0.189,1498.3,53.38,96.2,0.04,simulator,1.0
2026-10-02 08:13:42+00:00,M03,8.219,102.05236,RUNNING,27,0,0.0,418.0,13.2,53.83,0.195,1499.7,52.34,96.2,0.04,simulator,1.0
2026-10-02 08:13:44+00:00,M03,8.482,102.05707,RUNNING,27,0,0.0,413.2,13.78,53.78,0.208,1499.2,54.03,96.2,0.04,simulator,1.0
2026-10-02 08:13:46+00:00,M03,8.664,102.06189,RUNNING,27,0,0.0,411.8,14.12,53.75,0.199,1499.1,55.19,96.2,0.04,simulator,1.0
2026-10-02 08:13:48+00:00,M03,8.045,102.06636,RUNNING,27,0,0.0,418.2,12.91,53.75,0.194,1501.7,51.16,96.2,0.04,simulator,1.0
2026-10-02 08:13:50+00:00,M03,8.659,102.07117,RUNNING,27,0,0.0,415.8,13.98,53.73,0.19,1497.1,55.24,96.3,0.04,simulator,1.0
2026-10-02 08:13:52+00:00,M03,8.164,102.0757,RUNNING,27,0,0.0,416.7,13.15,53.75,0.207,1500.8,51.95,96.2,0.05,simulator,1.0
2026-10-02 08:13:54+00:00,M03,8.609,102.08049,RUNNING,27,0,0.0,411.5,14.05,53.72,0.205,1498.9,54.85,96.2,0.04,simulator,1.0
2026-10-02 08:13:56+00:00,M03,8.502,102.08521,RUNNING,27,0,0.0,413.6,13.8,53.72,0.194,1503.5,54.0,96.2,0.04,simulator,1.0
2026-10-02 08:13:58+00:00,M03,8.123,102.08972,RUNNING,27,0,0.0,417.2,13.07,53.67,0.213,1495.2,51.88,96.2,0.05,simulator,1.0
2026-10-02 08:14:00+00:00,M03,8.186,102.09427,RUNNING,27,0,0.0,413.5,13.29,53.68,0.196,1495.5,52.27,96.2,0.05,simulator,1.0
2026-10-02 08:14:02+00:00,M03,8.522,102.099,RUNNING,27,0,0.0,415.6,13.77,53.62,0.187,1503.9,54.12,96.3,0.04,simulator,1.0
2026-10-02 08:14:04+00:00,M03,8.093,102.1035,RUNNING,28,1,27.69,416.9,13.03,53.64,0.207,1498.1,51.59,96.2,0.04,simulator,1.0
2026-10-02 08:14:06+00:00,M03,8.046,102.10797,RUNNING,28,0,0.0,416.0,12.98,53.6,0.197,1502.2,51.15,96.3,0.05,simulator,1.0
2026-10-02 08:14:08+00:00,M03,8.088,102.11246,RUNNING,28,0,0.0,413.0,13.15,53.61,0.195,1498.6,51.54,96.3,0.05,simulator,1.0
2026-10-02 08:14:10+00:00,M03,8.686,102.11729,RUNNING,28,0,0.0,413.5,14.1,53.57,0.207,1501.2,55.26,96.3,0.05,simulator,1.0
2026-10-02 08:14:12+00:00,M03,8.664,102.1221,RUNNING,28,0,0.0,417.6,13.93,53.52,0.207,1499.6,55.18,96.3,0.04,simulator,1.0
2026-10-02 08:14:14+00:00,M03,8.322,102.12672,RUNNING,28,0,0.0,417.0,13.4,53.47,0.212,1498.8,53.03,96.2,0.04,simulator,1.0
2026-10-02 08:14:16+00:00,M03,8.113,102.13123,RUNNING,28,0,0.0,418.4,13.02,53.4,0.206,1504.8,51.49,96.2,0.04,simulator,1.0
2026-10-02 08:14:18+00:00,M03,8.216,102.1358,RUNNING,28,0,0.0,412.0,13.39,53.43,0.202,1502.7,52.21,96.3,0.03,simulator,1.0
2026-10-02 08:14:20+00:00,M03,8.595,102.14057,RUNNING,28,0,0.0,416.6,13.85,53.4,0.205,1501.0,54.69,96.3,0.04,simulator,1.0
2026-10-02 08:14:22+00:00,M03,8.631,102.14537,RUNNING,28,0,0.0,416.0,13.93,53.42,0.215,1495.2,55.13,96.2,0.05,simulator,1.0
2026-10-02 08:14:24+00:00,M03,8.178,102.14991,RUNNING,28,0,0.0,415.9,13.2,53.45,0.191,1501.4,52.02,96.3,0.04,simulator,1.0
2026-10-02 08:14:26+00:00,M03,8.269,102.1545,RUNNING,28,0,0.0,417.9,13.28,53.46,0.202,1497.3,52.74,96.3,0.04,simulator,1.0
2026-10-02 08:14:28+00:00,M03,8.21,102.15906,RUNNING,28,0,0.0,416.2,13.24,53.44,0.207,1499.0,52.31,96.3,0.03,simulator,1.0
2026-10-02 08:14:30+00:00,M03,8.59,102.16384,RUNNING,29,1,27.69,413.9,13.93,53.43,0.201,1499.0,54.73,96.3,0.03,simulator,1.0
2026-10-02 08:14:32+00:00,M03,8.572,102.1686,RUNNING,29,0,0.0,412.4,13.95,53.42,0.196,1502.1,54.5,96.4,0.03,simulator,1.0
2026-10-02 08:14:34+00:00,M03,8.523,102.17333,RUNNING,29,0,0.0,413.8,13.83,53.39,0.211,1503.4,54.14,96.3,0.04,simulator,1.0
2026-10-02 08:14:36+00:00,M03,8.407,102.178,RUNNING,29,0,0.0,418.2,13.5,53.33,0.208,1500.4,53.51,96.3,0.04,simulator,1.0
2026-10-02 08:14:38+00:00,M03,8.294,102.18261,RUNNING,29,0,0.0,417.7,13.33,53.32,0.215,1499.3,52.83,96.2,0.04,simulator,1.0
2026-10-02 08:14:40+00:00,M03,8.139,102.18713,RUNNING,29,0,0.0,417.3,13.09,53.29,0.201,1496.3,51.95,96.3,0.04,simulator,1.0
2026-10-02 08:14:42+00:00,M03,8.485,102.19185,RUNNING,29,0,0.0,413.1,13.79,53.23,0.189,1499.4,54.04,96.4,0.03,simulator,1.0
2026-10-02 08:14:44+00:00,M03,8.127,102.19636,RUNNING,29,0,0.0,411.7,13.25,53.18,0.189,1504.4,51.59,96.4,0.03,simulator,1.0
2026-10-02 08:14:46+00:00,M03,8.63,102.20116,RUNNING,29,0,0.0,412.5,14.05,53.11,0.212,1495.5,55.11,96.4,0.03,simulator,1.0
2026-10-02 08:14:48+00:00,M03,8.086,102.20565,RUNNING,29,0,0.0,415.0,13.08,53.05,0.19,1501.0,51.45,96.4,0.03,simulator,1.0
2026-10-02 08:14:50+00:00,M03,8.619,102.21044,RUNNING,29,0,0.0,416.6,13.89,53.03,0.199,1500.4,54.86,96.5,0.03,simulator,1.0
2026-10-02 08:14:52+00:00,M03,8.461,102.21514,RUNNING,29,0,0.0,414.5,13.7,53.03,0.203,1495.6,54.03,96.5,0.03,simulator,1.0
2026-10-02 08:14:54+00:00,M03,8.62,102.21993,RUNNING,29,0,0.0,412.4,14.03,53.03,0.211,1502.2,54.8,96.4,0.03,simulator,1.0
2026-10-02 08:14:56+00:00,M03,8.423,102.22461,RUNNING,29,0,0.0,415.0,13.63,52.98,0.208,1499.7,53.64,96.4,0.04,simulator,1.0
2026-10-02 08:14:58+00:00,M03,8.304,102.22922,RUNNING,30,1,27.69,416.9,13.37,52.92,0.199,1498.5,52.92,96.5,0.03,simulator,1.0
2026-10-02 08:15:00+00:00,M03,8.624,102.23401,RUNNING,30,0,0.0,412.7,14.03,52.86,0.2,1502.9,54.8,96.5,0.03,simulator,1.0
2026-10-02 08:15:02+00:00,M03,10.479,102.23983,DEGRADED,30,0,0.0,414.4,16.98,52.92,0.53,1432.5,69.86,90.4,0.23,simulator,1.0
2026-10-02 08:15:04+00:00,M03,10.311,102.24556,DEGRADED,30,0,0.0,416.3,16.63,53.01,0.61,1414.5,69.61,85.4,0.35,simulator,1.0
2026-10-02 08:15:06+00:00,M03,10.053,102.25115,DEGRADED,30,0,0.0,418.2,16.14,53.14,0.601,1422.7,67.48,81.9,0.41,simulator,1.0
2026-10-02 08:15:08+00:00,M03,10.368,102.25691,DEGRADED,30,0,0.0,417.5,16.67,53.23,0.611,1421.3,69.66,79.4,0.46,simulator,1.0
2026-10-02 08:15:10+00:00,M03,9.983,102.26245,DEGRADED,30,0,0.0,413.1,16.22,53.33,0.601,1415.3,67.36,77.6,0.48,simulator,1.0
2026-10-02 08:15:12+00:00,M03,10.119,102.26807,DEGRADED,30,0,0.0,414.0,16.41,53.37,0.618,1428.7,67.64,76.2,0.5,simulator,1.0
2026-10-02 08:15:14+00:00,M03,10.292,102.27379,DEGRADED,30,0,0.0,412.4,16.75,53.46,0.621,1428.3,68.82,75.1,0.51,simulator,1.0
2026-10-02 08:15:16+00:00,M03,10.384,102.27956,DEGRADED,30,0,0.0,416.5,16.74,53.55,0.611,1428.5,69.42,74.4,0.53,simulator,1.0
2026-10-02 08:15:18+00:00,M03,10.323,102.2853,DEGRADED,30,0,0.0,411.8,16.83,53.68,0.619,1417.9,69.53,73.8,0.53,simulator,1.0
2026-10-02 08:15:20+00:00,M03,10.535,102.29115,DEGRADED,30,0,0.0,416.5,16.98,53.73,0.631,1428.9,70.41,73.2,0.53,simulator,1.0
2026-10-02 08:15:22+00:00,M03,10.038,102.29673,DEGRADED,30,0,0.0,412.4,16.34,53.85,0.637,1414.2,67.79,72.7,0.55,simulator,1.0
2026-10-02 08:15:24+00:00,M03,9.993,102.30228,DEGRADED,30,0,0.0,415.4,16.15,53.95,0.645,1410.8,67.64,72.3,0.55,simulator,1.0
2026-10-02 08:15:26+00:00,M03,10.011,102.30784,DEGRADED,30,0,0.0,416.4,16.14,54.07,0.647,1412.6,67.68,71.9,0.55,simulator,1.0
2026-10-02 08:15:28+00:00,M03,10.227,102.31352,DEGRADED,30,0,0.0,416.4,16.49,54.18,0.65,1411.6,69.19,71.5,0.56,simulator,1.0
2026-10-02 08:15:30+00:00,M03,10.406,102.3193,DEGRADED,30,0,0.0,411.6,16.97,54.22,0.64,1424.6,69.76,71.3,0.57,simulator,1.0
2026-10-02 08:15:32+00:00,M03,10.144,102.32494,DEGRADED,30,0,0.0,411.7,16.54,54.33,0.647,1422.3,68.11,71.0,0.57,simulator,1.0
2026-10-02 08:15:34+00:00,M03,10.041,102.33052,DEGRADED,31,1,37.15,411.7,16.37,54.44,0.642,1425.7,67.26,70.8,0.58,simulator,1.0
2026-10-02 08:15:36+00:00,M03,10.243,102.33621,DEGRADED,31,0,0.0,415.5,16.55,54.52,0.63,1421.5,68.82,70.7,0.57,simulator,1.0
2026-10-02 08:15:38+00:00,M03,10.615,102.3421,DEGRADED,31,0,0.0,417.9,17.05,54.6,0.655,1422.4,71.27,70.4,0.58,simulator,1.0
2026-10-02 08:15:40+00:00,M03,10.34,102.34785,DEGRADED,31,0,0.0,413.5,16.79,54.65,0.64,1411.5,69.96,70.2,0.59,simulator,1.0
2026-10-02 08:15:42+00:00,M03,10.35,102.3536,DEGRADED,31,0,0.0,417.2,16.65,54.79,0.647,1413.6,69.92,70.0,0.58,simulator,1.0
2026-10-02 08:15:44+00:00,M03,10.21,102.35927,DEGRADED,31,0,0.0,415.9,16.48,54.9,0.649,1415.4,68.89,69.8,0.58,simulator,1.0
2026-10-02 08:15:46+00:00,M03,10.191,102.36493,DEGRADED,31,0,0.0,416.9,16.41,55.01,0.652,1410.9,68.98,69.6,0.59,simulator,1.0
2026-10-02 08:15:48+00:00,M03,10.033,102.37051,DEGRADED,31,0,0.0,412.7,16.32,55.12,0.662,1406.1,68.14,69.3,0.6,simulator,1.0
2026-10-02 08:15:50+00:00,M03,10.582,102.37638,DEGRADED,31,0,0.0,415.7,17.09,55.19,0.66,1406.1,71.87,69.0,0.6,simulator,1.0
2026-10-02 08:15:52+00:00,M03,10.09,102.38199,DEGRADED,31,0,0.0,412.0,16.44,55.23,0.655,1414.9,68.1,68.9,0.6,simulator,1.0
2026-10-02 08:15:54+00:00,M03,10.462,102.3878,DEGRADED,31,0,0.0,412.4,17.03,55.35,0.647,1415.3,70.59,68.7,0.62,simulator,1.0
2026-10-02 08:15:56+00:00,M03,10.285,102.39352,DEGRADED,31,0,0.0,417.7,16.53,55.41,0.654,1420.8,69.13,68.6,0.62,simulator,1.0
2026-10-02 08:15:58+00:00,M03,10.301,102.39924,DEGRADED,31,0,0.0,413.3,16.73,55.49,0.66,1403.5,70.09,68.3,0.63,simulator,1.0
2026-10-02 08:16:00+00:00,M03,10.096,102.40485,DEGRADED,31,0,0.0,413.8,16.38,55.53,0.676,1419.0,67.95,68.0,0.63,simulator,1.0
2026-10-02 08:16:02+00:00,M03,10.662,102.41077,DEGRADED,31,0,0.0,416.3,17.19,55.62,0.67,1411.0,72.16,67.8,0.63,simulator,1.0
2026-10-02 08:16:04+00:00,M03,10.455,102.41658,DEGRADED,31,0,0.0,416.8,16.84,55.73,0.659,1411.2,70.75,67.6,0.63,simulator,1.0
2026-10-02 08:16:06+00:00,M03,10.138,102.42221,DEGRADED,31,0,0.0,415.4,16.38,55.83,0.663,1411.7,68.58,67.4,0.64,simulator,1.0
2026-10-02 08:16:08+00:00,M03,10.239,102.4279,DEGRADED,31,0,0.0,412.9,16.65,55.95,0.66,1414.9,69.11,67.3,0.65,simulator,1.0
2026-10-02 08:16:10+00:00,M03,10.431,102.43369,DEGRADED,31,0,0.0,412.5,16.98,56.06,0.673,1401.7,71.07,67.0,0.65,simulator,1.0
2026-10-02 08:16:12+00:00,M03,10.149,102.43933,DEGRADED,32,1,38.12,415.0,16.42,56.14,0.683,1402.5,69.11,66.7,0.66,simulator,1.0
2026-10-02 08:16:14+00:00,M03,10.392,102.44511,DEGRADED,32,0,0.0,414.6,16.83,56.24,0.679,1403.6,70.71,66.5,0.66,simulator,1.0
2026-10-02 08:16:16+00:00,M03,10.679,102.45104,DEGRADED,32,0,0.0,412.9,17.36,56.28,0.692,1409.8,72.34,66.2,0.67,simulator,1.0
2026-10-02 08:16:18+00:00,M03,10.244,102.45673,DEGRADED,32,0,0.0,415.1,16.57,56.38,0.678,1403.6,69.7,66.0,0.67,simulator,1.0
2026-10-02 08:16:20+00:00,M03,10.69,102.46267,DEGRADED,32,0,0.0,418.5,17.15,56.48,0.674,1402.0,72.82,65.8,0.67,simulator,1.0
2026-10-02 08:16:22+00:00,M03,10.422,102.46846,DEGRADED,32,0,0.0,417.0,16.78,56.56,0.699,1406.6,70.76,65.5,0.68,simulator,1.0
2026-10-02 08:16:24+00:00,M03,10.755,102.47443,DEGRADED,32,0,0.0,416.5,17.34,56.65,0.694,1400.0,73.36,65.2,0.68,simulator,1.0
2026-10-02 08:16:26+00:00,M03,10.785,102.48043,DEGRADED,32,0,0.0,412.0,17.57,56.74,0.693,1402.5,73.44,65.0,0.68,simulator,1.0
2026-10-02 08:16:28+00:00,M03,10.703,102.48637,DEGRADED,32,0,0.0,411.7,17.45,56.81,0.699,1411.8,72.4,64.8,0.68,simulator,1.0
2026-10-02 08:16:30+00:00,M03,10.688,102.49231,DEGRADED,32,0,0.0,413.1,17.37,56.89,0.688,1412.4,72.27,64.6,0.69,simulator,1.0
2026-10-02 08:16:32+00:00,M03,10.452,102.49812,DEGRADED,32,0,0.0,417.0,16.83,56.94,0.684,1403.6,71.11,64.5,0.68,simulator,1.0
2026-10-02 08:16:34+00:00,M03,10.611,102.50401,DEGRADED,32,0,0.0,415.8,17.13,57.03,0.694,1399.7,72.4,64.3,0.68,simulator,1.0
2026-10-02 08:16:36+00:00,M03,10.278,102.50972,DEGRADED,32,0,0.0,413.3,16.69,57.1,0.692,1397.4,70.24,64.1,0.69,simulator,1.0
2026-10-02 08:16:38+00:00,M03,10.299,102.51544,DEGRADED,32,0,0.0,415.8,16.63,57.13,0.709,1410.1,69.75,63.8,0.69,simulator,1.0
2026-10-02 08:16:40+00:00,M03,10.526,102.52129,DEGRADED,32,0,0.0,413.8,17.08,57.23,0.716,1403.7,71.61,63.5,0.69,simulator,1.0
2026-10-02 08:16:42+00:00,M03,10.665,102.52722,DEGRADED,32,0,0.0,412.7,17.35,57.32,0.694,1403.7,72.56,63.4,0.71,simulator,1.0
2026-10-02 08:16:44+00:00,M03,10.871,102.53326,DEGRADED,32,0,0.0,412.2,17.71,57.41,0.692,1405.6,73.86,63.3,0.72,simulator,1.0
2026-10-02 08:16:46+00:00,M03,10.318,102.53899,DEGRADED,32,0,0.0,418.2,16.56,57.45,0.717,1412.9,69.74,63.0,0.72,simulator,1.0
2026-10-02 08:16:48+00:00,M03,10.597,102.54487,DEGRADED,32,0,0.0,416.0,17.1,57.55,0.725,1401.2,72.22,62.6,0.73,simulator,1.0
2026-10-02 08:16:50+00:00,M03,10.758,102.55085,DEGRADED,33,1,39.14,418.0,17.28,57.63,0.707,1401.0,73.33,62.5,0.73,simulator,1.0
2026-10-02 08:16:52+00:00,M03,10.373,102.55661,DEGRADED,33,0,0.0,411.5,16.92,57.71,0.713,1396.9,70.92,62.3,0.73,simulator,1.0
2026-10-02 08:16:54+00:00,M03,10.411,102.5624,DEGRADED,33,0,0.0,417.1,16.76,57.77,0.706,1412.3,70.4,62.1,0.73,simulator,1.0
2026-10-02 08:16:56+00:00,M03,10.766,102.56838,DEGRADED,33,0,0.0,417.9,17.3,57.83,0.707,1406.0,73.13,62.0,0.74,simulator,1.0
2026-10-02 08:16:58+00:00,M03,10.733,102.57434,DEGRADED,33,0,0.0,413.0,17.45,57.89,0.704,1401.5,73.14,61.8,0.74,simulator,1.0
2026-10-02 08:17:00+00:00,M03,10.768,102.58032,DEGRADED,33,0,0.0,414.8,17.43,57.92,0.731,1393.5,73.8,61.5,0.73,simulator,1.0
2026-10-02 08:17:02+00:00,M03,9.656,102.58569,RUNNING,33,0,0.0,414.1,15.65,58.0,0.361,1499.0,61.52,64.5,0.71,simulator,1.0
2026-10-02 08:17:04+00:00,M03,9.241,102.59082,RUNNING,33,0,0.0,417.5,14.86,58.05,0.266,1504.9,58.64,67.6,0.62,simulator,1.0
2026-10-02 08:17:06+00:00,M03,8.952,102.5958,RUNNING,33,0,0.0,415.8,14.45,58.06,0.26,1501.0,56.96,70.3,0.56,simulator,1.0
2026-10-02 08:17:08+00:00,M03,8.902,102.60074,RUNNING,33,0,0.0,412.0,14.51,58.08,0.233,1500.2,56.67,72.8,0.49,simulator,1.0
2026-10-02 08:17:10+00:00,M03,8.908,102.60569,RUNNING,33,0,0.0,414.5,14.43,58.11,0.24,1496.1,56.86,75.0,0.45,simulator,1.0
2026-10-02 08:17:12+00:00,M03,9.142,102.61077,RUNNING,33,0,0.0,411.9,14.9,58.11,0.231,1502.4,58.11,76.9,0.41,simulator,1.0
2026-10-02 08:17:14+00:00,M03,9.082,102.61581,RUNNING,33,0,0.0,412.3,14.79,58.15,0.227,1503.7,57.68,78.8,0.37,simulator,1.0
2026-10-02 08:17:16+00:00,M03,8.67,102.62063,RUNNING,33,0,0.0,411.7,14.14,58.14,0.241,1495.7,55.36,80.4,0.35,simulator,1.0
2026-10-02 08:17:18+00:00,M03,8.703,102.62547,RUNNING,33,0,0.0,417.3,14.0,58.09,0.238,1499.4,55.43,81.9,0.33,simulator,1.0
2026-10-02 08:17:20+00:00,M03,8.835,102.63037,RUNNING,33,0,0.0,417.6,14.2,58.04,0.217,1501.6,56.19,83.6,0.29,simulator,1.0
2026-10-02 08:17:22+00:00,M03,8.521,102.63511,RUNNING,34,1,28.33,413.6,13.83,58.02,0.212,1496.2,54.39,85.2,0.26,simulator,1.0
2026-10-02 08:17:24+00:00,M03,8.353,102.63975,RUNNING,34,0,0.0,418.0,13.42,57.96,0.213,1496.5,53.31,86.8,0.23,simulator,1.0
2026-10-02 08:17:26+00:00,M03,8.446,102.64444,RUNNING,34,0,0.0,414.6,13.68,57.83,0.208,1504.6,53.61,88.4,0.21,simulator,1.0
2026-10-02 08:17:28+00:00,M03,8.611,102.64923,RUNNING,34,0,0.0,415.3,13.92,57.78,0.202,1496.5,54.95,89.9,0.19,simulator,1.0
2026-10-02 08:17:30+00:00,M03,8.357,102.65387,RUNNING,34,0,0.0,417.0,13.45,57.71,0.198,1502.9,53.1,91.4,0.15,simulator,1.0
2026-10-02 08:17:32+00:00,M03,8.241,102.65845,RUNNING,34,0,0.0,414.1,13.36,57.59,0.2,1495.4,52.63,92.4,0.14,simulator,1.0
2026-10-02 08:17:34+00:00,M03,8.604,102.66323,RUNNING,34,0,0.0,413.6,13.97,57.54,0.214,1503.2,54.66,93.0,0.14,simulator,1.0
2026-10-02 08:17:36+00:00,M03,8.33,102.66785,RUNNING,34,0,0.0,418.1,13.38,57.49,0.202,1502.4,52.95,93.5,0.13,simulator,1.0
2026-10-02 08:17:38+00:00,M03,8.293,102.67246,RUNNING,34,0,0.0,414.2,13.44,57.39,0.189,1501.2,52.76,93.9,0.12,simulator,1.0
2026-10-02 08:17:40+00:00,M03,8.506,102.67719,RUNNING,34,0,0.0,416.3,13.72,57.31,0.183,1503.9,54.01,94.2,0.1,simulator,1.0
2026-10-02 08:17:42+00:00,M03,8.661,102.682,RUNNING,34,0,0.0,412.6,14.09,57.18,0.199,1496.1,55.29,94.4,0.11,simulator,1.0
2026-10-02 08:17:44+00:00,M03,8.293,102.68661,RUNNING,34,0,0.0,415.4,13.4,57.05,0.21,1501.0,52.76,94.5,0.12,simulator,1.0
2026-10-02 08:17:46+00:00,M03,8.123,102.69112,RUNNING,34,0,0.0,416.7,13.09,56.97,0.203,1503.9,51.58,94.6,0.12,simulator,1.0
2026-10-02 08:17:48+00:00,M03,8.652,102.69593,RUNNING,34,0,0.0,418.2,13.89,56.9,0.188,1496.8,55.2,94.8,0.11,simulator,1.0
2026-10-02 08:17:50+00:00,M03,8.347,102.70056,RUNNING,35,1,27.69,415.4,13.49,56.83,0.19,1501.1,53.1,94.9,0.1,simulator,1.0
2026-10-02 08:17:52+00:00,M03,8.062,102.70504,RUNNING,35,0,0.0,418.0,12.95,56.78,0.202,1497.7,51.41,94.9,0.1,simulator,1.0
2026-10-02 08:17:54+00:00,M03,8.298,102.70965,RUNNING,35,0,0.0,417.6,13.34,56.74,0.211,1498.4,52.89,94.9,0.1,simulator,1.0
2026-10-02 08:17:56+00:00,M03,8.488,102.71437,RUNNING,35,0,0.0,414.3,13.75,56.69,0.204,1495.6,54.2,94.9,0.11,simulator,1.0
2026-10-02 08:17:58+00:00,M03,8.209,102.71893,RUNNING,35,0,0.0,416.3,13.24,56.6,0.19,1502.8,52.17,95.0,0.11,simulator,1.0
2026-10-02 08:18:00+00:00,M03,8.216,102.72349,RUNNING,35,0,0.0,416.5,13.24,56.53,0.204,1502.8,52.21,95.0,0.1,simulator,1.0
2026-10-02 08:18:02+00:00,M03,8.233,102.72807,RUNNING,35,0,0.0,411.5,13.43,56.46,0.197,1501.9,52.35,95.1,0.1,simulator,1.0
2026-10-02 08:18:04+00:00,M03,8.099,102.73257,RUNNING,35,0,0.0,417.8,13.01,56.35,0.187,1499.4,51.58,95.1,0.1,simulator,1.0
2026-10-02 08:18:06+00:00,M03,8.075,102.73705,RUNNING,35,0,0.0,414.8,13.07,56.32,0.188,1503.5,51.29,95.2,0.09,simulator,1.0
2026-10-02 08:18:08+00:00,M03,8.353,102.74169,RUNNING,35,0,0.0,414.8,13.52,56.24,0.201,1504.6,53.02,95.2,0.09,simulator,1.0
2026-10-02 08:18:10+00:00,M03,8.044,102.74616,RUNNING,35,0,0.0,417.3,12.94,56.17,0.195,1499.7,51.22,95.2,0.09,simulator,1.0
2026-10-02 08:18:12+00:00,M03,8.168,102.7507,RUNNING,35,0,0.0,413.3,13.27,56.14,0.193,1499.1,52.03,95.3,0.08,simulator,1.0
2026-10-02 08:18:14+00:00,M03,8.585,102.75547,RUNNING,35,0,0.0,414.8,13.89,56.03,0.202,1501.3,54.61,95.3,0.08,simulator,1.0
2026-10-02 08:18:16+00:00,M03,8.234,102.76004,RUNNING,35,0,0.0,411.6,13.43,56.0,0.213,1496.2,52.56,95.2,0.09,simulator,1.0
2026-10-02 08:18:18+00:00,M03,8.091,102.76454,RUNNING,36,1,27.69,412.6,13.16,55.91,0.205,1502.1,51.44,95.3,0.09,simulator,1.0
2026-10-02 08:18:20+00:00,M03,8.111,102.76904,RUNNING,36,0,0.0,416.7,13.07,55.83,0.206,1495.2,51.81,95.3,0.08,simulator,1.0
2026-10-02 08:18:22+00:00,M03,8.345,102.77368,RUNNING,36,0,0.0,418.2,13.4,55.72,0.212,1495.4,53.29,95.3,0.09,simulator,1.0
2026-10-02 08:18:24+00:00,M03,8.383,102.77834,RUNNING,36,0,0.0,413.0,13.63,55.7,0.196,1502.8,53.27,95.3,0.08,simulator,1.0
2026-10-02 08:18:26+00:00,M03,8.605,102.78312,RUNNING,36,0,0.0,414.4,13.94,55.64,0.206,1503.8,54.65,95.4,0.08,simulator,1.0
2026-10-02 08:18:28+00:00,M03,8.503,102.78784,RUNNING,36,0,0.0,413.0,13.82,55.57,0.189,1503.3,54.02,95.4,0.07,simulator,1.0
2026-10-02 08:18:30+00:00,M03,8.316,102.79246,RUNNING,36,0,0.0,416.1,13.42,55.5,0.19,1501.2,52.9,95.5,0.07,simulator,1.0
2026-10-02 08:18:32+00:00,M03,8.306,102.79708,RUNNING,36,0,0.0,418.1,13.34,55.4,0.209,1498.0,52.95,95.5,0.07,simulator,1.0
2026-10-02 08:18:34+00:00,M03,8.682,102.8019,RUNNING,36,0,0.0,413.1,14.11,55.33,0.2,1497.2,55.38,95.5,0.06,simulator,1.0
2026-10-02 08:18:36+00:00,M03,8.066,102.80638,RUNNING,36,0,0.0,413.9,13.08,55.23,0.201,1501.5,51.3,95.6,0.07,simulator,1.0
2026-10-02 08:18:38+00:00,M03,8.685,102.81121,RUNNING,36,0,0.0,416.5,14.0,55.17,0.189,1501.6,55.24,95.6,0.06,simulator,1.0
2026-10-02 08:18:40+00:00,M03,8.217,102.81577,RUNNING,36,0,0.0,414.6,13.31,55.12,0.196,1503.8,52.18,95.7,0.06,simulator,1.0
2026-10-02 08:18:42+00:00,M03,8.175,102.82031,RUNNING,36,0,0.0,414.7,13.23,55.09,0.188,1504.0,51.91,95.7,0.05,simulator,1.0
2026-10-02 08:18:44+00:00,M03,8.269,102.82491,RUNNING,36,0,0.0,414.3,13.4,55.08,0.197,1504.9,52.47,95.7,0.05,simulator,1.0
2026-10-02 08:18:46+00:00,M03,8.074,102.82939,RUNNING,37,1,27.69,413.4,13.11,55.04,0.188,1497.5,51.49,95.7,0.05,simulator,1.0
2026-10-02 08:18:48+00:00,M03,8.534,102.83413,RUNNING,37,0,0.0,411.7,13.92,55.0,0.195,1504.7,54.16,95.8,0.05,simulator,1.0
2026-10-02 08:18:50+00:00,M03,8.387,102.83879,RUNNING,37,0,0.0,414.7,13.58,54.94,0.208,1497.8,53.48,95.7,0.06,simulator,1.0
2026-10-02 08:18:52+00:00,M03,8.603,102.84357,RUNNING,37,0,0.0,414.2,13.94,54.94,0.192,1495.1,54.95,95.7,0.06,simulator,1.0
2026-10-02 08:18:54+00:00,M03,8.537,102.84831,RUNNING,37,0,0.0,416.2,13.77,54.94,0.212,1500.0,54.35,95.7,0.06,simulator,1.0
2026-10-02 08:18:56+00:00,M03,8.183,102.85286,RUNNING,37,0,0.0,412.1,13.33,54.85,0.202,1501.9,52.03,95.7,0.07,simulator,1.0
2026-10-02 08:18:58+00:00,M03,8.524,102.8576,RUNNING,37,0,0.0,414.6,13.8,54.84,0.197,1504.3,54.11,95.8,0.07,simulator,1.0
2026-10-02 08:19:00+00:00,M03,8.476,102.8623,RUNNING,37,0,0.0,415.1,13.71,54.83,0.201,1497.2,54.06,95.8,0.07,simulator,1.0
2026-10-02 08:19:02+00:00,M03,8.544,102.86705,RUNNING,37,0,0.0,413.2,13.88,54.74,0.19,1502.1,54.32,95.8,0.07,simulator,1.0
2026-10-02 08:19:04+00:00,M03,8.222,102.87162,RUNNING,37,0,0.0,416.5,13.25,54.67,0.209,1498.6,52.4,95.8,0.07,simulator,1.0
2026-10-02 08:19:06+00:00,M03,8.367,102.87627,RUNNING,37,0,0.0,416.6,13.48,54.65,0.207,1497.8,53.35,95.8,0.07,simulator,1.0
2026-10-02 08:19:08+00:00,M03,8.373,102.88092,RUNNING,37,0,0.0,414.8,13.55,54.59,0.186,1501.7,53.25,95.8,0.06,simulator,1.0
2026-10-02 08:19:10+00:00,M03,8.3,102.88553,RUNNING,37,0,0.0,418.1,13.33,54.58,0.193,1495.0,53.02,95.9,0.05,simulator,1.0
2026-10-02 08:19:12+00:00,M03,8.365,102.89018,RUNNING,37,0,0.0,415.0,13.53,54.56,0.207,1497.1,53.36,95.9,0.06,simulator,1.0
2026-10-02 08:19:14+00:00,M03,8.432,102.89486,RUNNING,38,1,27.69,416.4,13.59,54.57,0.216,1501.3,53.64,95.8,0.06,simulator,1.0
2026-10-02 08:19:16+00:00,M03,8.216,102.89943,RUNNING,38,0,0.0,416.1,13.26,54.56,0.204,1495.0,52.48,95.8,0.06,simulator,1.0
2026-10-02 08:19:18+00:00,M03,8.106,102.90393,RUNNING,38,0,0.0,412.6,13.19,54.52,0.191,1504.9,51.44,95.9,0.06,simulator,1.0
2026-10-02 08:19:20+00:00,M03,8.181,102.90847,RUNNING,38,0,0.0,413.0,13.3,54.51,0.194,1501.2,52.04,95.9,0.05,simulator,1.0
2026-10-02 08:19:22+00:00,M03,8.115,102.91298,RUNNING,38,0,0.0,414.0,13.16,54.48,0.203,1497.5,51.75,95.9,0.05,simulator,1.0
2026-10-02 08:19:24+00:00,M03,8.44,102.91767,RUNNING,38,0,0.0,412.6,13.73,54.46,0.189,1497.6,53.82,95.9,0.05,simulator,1.0
2026-10-02 08:19:26+00:00,M03,8.594,102.92245,RUNNING,38,0,0.0,415.0,13.9,54.39,0.192,1495.9,54.87,96.0,0.06,simulator,1.0
2026-10-02 08:19:28+00:00,M03,8.574,102.92721,RUNNING,38,0,0.0,414.5,13.89,54.36,0.188,1503.1,54.48,96.0,0.05,simulator,1.0
2026-10-02 08:19:30+00:00,M03,8.598,102.93199,RUNNING,38,0,0.0,415.1,13.91,54.33,0.184,1502.4,54.65,96.0,0.05,simulator,1.0
2026-10-02 08:19:32+00:00,M03,8.625,102.93678,RUNNING,38,0,0.0,413.3,14.01,54.29,0.183,1501.3,54.86,96.0,0.06,simulator,1.0
2026-10-02 08:19:34+00:00,M03,8.11,102.94128,RUNNING,38,0,0.0,417.5,13.04,54.24,0.203,1501.0,51.6,96.0,0.06,simulator,1.0
2026-10-02 08:19:36+00:00,M03,8.246,102.94586,RUNNING,38,0,0.0,414.9,13.34,54.18,0.191,1499.9,52.5,96.1,0.06,simulator,1.0
2026-10-02 08:19:38+00:00,M03,8.605,102.95065,RUNNING,38,0,0.0,418.1,13.82,54.14,0.195,1498.7,54.83,96.1,0.05,simulator,1.0
2026-10-02 08:19:40+00:00,M03,8.658,102.95546,RUNNING,38,0,0.0,413.8,14.05,54.1,0.206,1503.6,54.99,96.1,0.05,simulator,1.0
2026-10-02 08:19:42+00:00,M03,8.262,102.96005,RUNNING,39,1,27.69,416.7,13.31,54.03,0.207,1498.0,52.67,96.0,0.05,simulator,1.0
2026-10-02 08:19:44+00:00,M03,8.073,102.96453,RUNNING,39,0,0.0,412.7,13.13,54.0,0.207,1500.5,51.38,96.0,0.05,simulator,1.0
2026-10-02 08:19:46+00:00,M03,8.198,102.96908,RUNNING,39,0,0.0,412.2,13.35,53.97,0.211,1499.4,52.21,96.0,0.06,simulator,1.0
2026-10-02 08:19:48+00:00,M03,8.158,102.97362,RUNNING,39,0,0.0,418.1,13.1,53.97,0.214,1500.4,51.93,96.0,0.05,simulator,1.0
2026-10-02 08:19:50+00:00,M03,8.253,102.9782,RUNNING,39,0,0.0,412.2,13.44,53.97,0.2,1499.1,52.58,96.0,0.05,simulator,1.0
2026-10-02 08:19:52+00:00,M03,8.169,102.98274,RUNNING,39,0,0.0,412.3,13.3,53.99,0.202,1496.7,52.12,96.1,0.05,simulator,1.0
2026-10-02 08:19:54+00:00,M03,8.081,102.98723,RUNNING,39,0,0.0,417.3,13.0,53.99,0.207,1500.5,51.43,96.1,0.04,simulator,1.0
2026-10-02 08:19:56+00:00,M03,8.418,102.99191,RUNNING,39,0,0.0,415.6,13.6,54.0,0.204,1496.8,53.71,96.1,0.05,simulator,1.0
2026-10-02 08:19:58+00:00,M03,8.589,102.99668,RUNNING,39,0,0.0,415.2,13.89,53.99,0.194,1496.7,54.8,96.1,0.05,simulator,1.0
2026-10-02 08:20:00+00:00,M03,8.534,103.00142,RUNNING,39,0,0.0,411.6,13.92,53.95,0.189,1499.5,54.35,96.1,0.05,simulator,1.0
2026-10-02 08:20:02+00:00,M03,8.427,103.0061,RUNNING,39,0,0.0,413.1,13.69,53.89,0.208,1503.9,53.51,96.1,0.05,simulator,1.0
2026-10-02 08:20:04+00:00,M03,8.567,103.01086,RUNNING,39,0,0.0,412.4,13.95,53.89,0.214,1495.1,54.72,96.0,0.05,simulator,1.0
2026-10-02 08:20:06+00:00,M03,8.329,103.01549,RUNNING,39,0,0.0,415.9,13.44,53.91,0.212,1498.6,53.08,96.0,0.05,simulator,1.0
2026-10-02 08:20:08+00:00,M03,8.262,103.02008,RUNNING,40,1,27.69,413.1,13.43,53.85,0.207,1499.8,52.61,96.0,0.05,simulator,1.0
2026-10-02 08:20:10+00:00,M03,8.6,103.02486,RUNNING,40,0,0.0,411.9,14.02,53.84,0.197,1502.2,54.67,96.1,0.05,simulator,1.0
2026-10-02 08:20:12+00:00,M03,8.531,103.02959,RUNNING,40,0,0.0,417.7,13.71,53.79,0.186,1498.7,54.36,96.2,0.04,simulator,1.0
2026-10-02 08:20:14+00:00,M03,8.373,103.03425,RUNNING,40,0,0.0,415.8,13.52,53.74,0.203,1501.7,53.25,96.2,0.04,simulator,1.0
2026-10-02 08:20:16+00:00,M03,8.425,103.03893,RUNNING,40,0,0.0,412.0,13.73,53.7,0.192,1499.6,53.65,96.2,0.04,simulator,1.0
2026-10-02 08:20:18+00:00,M03,8.461,103.04363,RUNNING,40,0,0.0,412.7,13.76,53.66,0.195,1498.5,53.92,96.3,0.04,simulator,1.0
2026-10-02 08:20:20+00:00,M03,8.666,103.04844,RUNNING,40,0,0.0,412.1,14.12,53.58,0.214,1502.3,55.09,96.2,0.05,simulator,1.0
2026-10-02 08:20:22+00:00,M03,8.446,103.05313,RUNNING,40,0,0.0,415.7,13.64,53.56,0.208,1501.3,53.73,96.2,0.04,simulator,1.0
2026-10-02 08:20:24+00:00,M03,8.619,103.05792,RUNNING,40,0,0.0,414.1,13.97,53.55,0.203,1504.4,54.71,96.2,0.05,simulator,1.0
2026-10-02 08:20:26+00:00,M03,8.621,103.06271,RUNNING,40,0,0.0,412.4,14.03,53.55,0.209,1500.6,54.87,96.2,0.04,simulator,1.0
2026-10-02 08:20:28+00:00,M03,8.047,103.06718,RUNNING,40,0,0.0,415.2,13.01,53.51,0.196,1498.2,51.29,96.3,0.04,simulator,1.0
2026-10-02 08:20:30+00:00,M03,8.407,103.07185,RUNNING,40,0,0.0,413.2,13.66,53.48,0.206,1504.8,53.35,96.3,0.04,simulator,1.0
2026-10-02 08:20:32+00:00,M03,8.285,103.07646,RUNNING,40,0,0.0,416.6,13.35,53.46,0.188,1501.6,52.69,96.3,0.04,simulator,1.0
2026-10-02 08:20:34+00:00,M03,8.163,103.08099,RUNNING,40,0,0.0,415.3,13.2,53.42,0.197,1504.1,51.83,96.3,0.04,simulator,1.0
2026-10-02 08:20:36+00:00,M03,8.129,103.08551,RUNNING,41,1,27.69,415.7,13.13,53.37,0.212,1503.5,51.63,96.3,0.04,simulator,1.0
2026-10-02 08:20:38+00:00,M03,8.337,103.09014,RUNNING,41,0,0.0,416.6,13.43,53.39,0.204,1502.7,52.98,96.3,0.03,simulator,1.0
2026-10-02 08:20:40+00:00,M03,8.58,103.09491,RUNNING,41,0,0.0,417.1,13.81,53.4,0.214,1500.8,54.6,96.2,0.04,simulator,1.0
2026-10-02 08:20:42+00:00,M03,8.503,103.09963,RUNNING,41,0,0.0,413.3,13.81,53.36,0.201,1505.0,53.96,96.3,0.04,simulator,1.0
2026-10-02 08:20:44+00:00,M03,8.149,103.10416,RUNNING,41,0,0.0,414.0,13.21,53.37,0.185,1503.0,51.78,96.3,0.03,simulator,1.0
2026-10-02 08:20:46+00:00,M03,8.613,103.10894,RUNNING,41,0,0.0,413.4,13.99,53.39,0.187,1497.4,54.93,96.4,0.03,simulator,1.0
2026-10-02 08:20:48+00:00,M03,8.261,103.11353,RUNNING,41,0,0.0,417.3,13.29,53.35,0.193,1498.4,52.65,96.4,0.02,simulator,1.0
2026-10-02 08:20:50+00:00,M03,8.671,103.11835,RUNNING,41,0,0.0,412.2,14.12,53.29,0.198,1503.5,55.08,96.4,0.02,simulator,1.0
2026-10-02 08:20:52+00:00,M03,8.505,103.12307,RUNNING,41,0,0.0,413.3,13.81,53.23,0.199,1503.0,54.04,96.5,0.03,simulator,1.0
2026-10-02 08:20:54+00:00,M03,8.458,103.12777,RUNNING,41,0,0.0,418.0,13.58,53.2,0.198,1504.7,53.68,96.5,0.03,simulator,1.0
2026-10-02 08:20:56+00:00,M03,8.631,103.13257,RUNNING,41,0,0.0,412.0,14.06,53.14,0.187,1498.9,54.99,96.5,0.03,simulator,1.0
2026-10-02 08:20:58+00:00,M03,8.538,103.13731,RUNNING,41,0,0.0,418.2,13.71,53.13,0.195,1503.2,54.24,96.5,0.03,simulator,1.0
2026-10-02 08:21:00+00:00,M03,8.145,103.14184,RUNNING,41,0,0.0,417.5,13.1,53.07,0.202,1498.5,51.91,96.5,0.03,simulator,1.0
2026-10-02 08:21:02+00:00,M03,10.378,103.1476,DEGRADED,41,0,0.0,415.4,16.77,53.11,0.523,1416.7,69.96,90.4,0.22,simulator,1.0
2026-10-02 08:21:04+00:00,M03,10.177,103.15325,DEGRADED,41,0,0.0,415.4,16.45,53.16,0.609,1425.4,68.18,85.4,0.34,simulator,1.0
2026-10-02 08:21:06+00:00,M03,10.36,103.15901,DEGRADED,42,1,36.46,416.8,16.69,53.28,0.6,1426.9,69.34,81.9,0.42,simulator,1.0
2026-10-02 08:21:08+00:00,M03,10.429,103.1648,DEGRADED,42,0,0.0,411.9,17.0,53.33,0.615,1426.0,69.84,79.3,0.47,simulator,1.0
2026-10-02 08:21:10+00:00,M03,10.202,103.17047,DEGRADED,42,0,0.0,415.4,16.49,53.38,0.632,1421.1,68.56,77.3,0.5,simulator,1.0
2026-10-02 08:21:12+00:00,M03,10.162,103.17612,DEGRADED,42,0,0.0,411.8,16.57,53.45,0.615,1427.3,67.99,76.0,0.52,simulator,1.0
2026-10-02 08:21:14+00:00,M03,10.277,103.18183,DEGRADED,42,0,0.0,411.9,16.75,53.55,0.617,1415.2,69.35,75.0,0.54,simulator,1.0
2026-10-02 08:21:16+00:00,M03,10.328,103.18756,DEGRADED,42,0,0.0,413.1,16.78,53.61,0.608,1424.4,69.24,74.4,0.54,simulator,1.0
2026-10-02 08:21:18+00:00,M03,10.027,103.19314,DEGRADED,42,0,0.0,412.6,16.31,53.65,0.631,1422.4,67.32,73.7,0.54,simulator,1.0
2026-10-02 08:21:20+00:00,M03,10.077,103.19873,DEGRADED,42,0,0.0,412.8,16.39,53.79,0.629,1415.4,67.99,73.1,0.55,simulator,1.0
2026-10-02 08:21:22+00:00,M03,10.436,103.20453,DEGRADED,42,0,0.0,413.3,16.95,53.89,0.619,1423.3,70.02,72.8,0.55,simulator,1.0
2026-10-02 08:21:24+00:00,M03,10.483,103.21036,DEGRADED,42,0,0.0,414.4,16.98,53.95,0.623,1419.2,70.54,72.5,0.55,simulator,1.0
2026-10-02 08:21:26+00:00,M03,10.463,103.21617,DEGRADED,42,0,0.0,412.9,17.01,54.07,0.636,1419.4,70.4,72.1,0.55,simulator,1.0
2026-10-02 08:21:28+00:00,M03,10.17,103.22182,DEGRADED,42,0,0.0,416.9,16.38,54.19,0.647,1421.0,68.35,71.7,0.56,simulator,1.0
2026-10-02 08:21:30+00:00,M03,10.455,103.22763,DEGRADED,42,0,0.0,417.4,16.82,54.32,0.631,1425.6,70.04,71.5,0.57,simulator,1.0
2026-10-02 08:21:32+00:00,M03,10.017,103.23319,DEGRADED,42,0,0.0,417.1,16.12,54.39,0.642,1418.9,67.42,71.2,0.57,simulator,1.0
2026-10-02 08:21:34+00:00,M03,10.017,103.23876,DEGRADED,42,0,0.0,412.5,16.3,54.44,0.645,1407.8,67.95,70.9,0.57,simulator,1.0
2026-10-02 08:21:36+00:00,M03,10.468,103.24457,DEGRADED,42,0,0.0,414.6,16.95,54.52,0.653,1418.1,70.5,70.6,0.58,simulator,1.0
2026-10-02 08:21:38+00:00,M03,10.072,103.25017,DEGRADED,42,0,0.0,414.5,16.31,54.64,0.634,1417.5,67.86,70.5,0.58,simulator,1.0
2026-10-02 08:21:40+00:00,M03,10.566,103.25604,DEGRADED,42,0,0.0,411.5,17.24,54.77,0.639,1418.2,71.15,70.3,0.58,simulator,1.0
2026-10-02 08:21:42+00:00,M03,10.386,103.26181,DEGRADED,43,1,37.35,417.3,16.71,54.81,0.655,1409.9,70.35,70.0,0.59,simulator,1.0
2026-10-02 08:21:44+00:00,M03,10.346,103.26756,DEGRADED,43,0,0.0,416.2,16.69,54.9,0.658,1416.6,69.75,69.7,0.6,simulator,1.0
2026-10-02 08:21:46+00:00,M03,10.012,103.27312,DEGRADED,43,0,0.0,414.7,16.21,54.96,0.642,1418.0,67.43,69.6,0.6,simulator,1.0
2026-10-02 08:21:48+00:00,M03,10.367,103.27888,DEGRADED,43,0,0.0,416.1,16.73,55.09,0.645,1419.7,69.74,69.4,0.6,simulator,1.0
2026-10-02 08:21:50+00:00,M03,10.187,103.28454,DEGRADED,43,0,0.0,413.4,16.54,55.13,0.663,1424.5,68.29,69.1,0.6,simulator,1.0
2026-10-02 08:21:52+00:00,M03,10.352,103.29029,DEGRADED,43,0,0.0,415.3,16.73,55.26,0.663,1422.0,69.52,68.9,0.6,simulator,1.0
2026-10-02 08:21:54+00:00,M03,10.247,103.29598,DEGRADED,43,0,0.0,415.9,16.54,55.39,0.652,1416.5,69.08,68.7,0.61,simulator,1.0
2026-10-02 08:21:56+00:00,M03,10.39,103.30175,DEGRADED,43,0,0.0,413.4,16.87,55.5,0.655,1406.1,70.57,68.5,0.61,simulator,1.0
2026-10-02 08:21:58+00:00,M03,10.367,103.30751,DEGRADED,43,0,0.0,415.8,16.74,55.54,0.653,1411.3,70.15,68.3,0.61,simulator,1.0
2026-10-02 08:22:00+00:00,M03,10.52,103.31336,DEGRADED,43,0,0.0,412.1,17.14,55.6,0.655,1413.6,71.07,68.2,0.62,simulator,1.0
2026-10-02 08:22:02+00:00,M03,10.533,103.31921,DEGRADED,43,0,0.0,412.6,17.14,55.72,0.661,1406.3,71.53,67.9,0.63,simulator,1.0
2026-10-02 08:22:04+00:00,M03,10.371,103.32497,DEGRADED,43,0,0.0,415.4,16.76,55.78,0.658,1407.9,70.35,67.7,0.63,simulator,1.0
2026-10-02 08:22:06+00:00,M03,10.716,103.33092,DEGRADED,43,0,0.0,417.3,17.24,55.86,0.656,1405.5,72.81,67.6,0.64,simulator,1.0
2026-10-02 08:22:08+00:00,M03,10.508,103.33676,DEGRADED,43,0,0.0,416.2,16.95,55.96,0.671,1406.2,71.36,67.3,0.63,simulator,1.0
2026-10-02 08:22:10+00:00,M03,10.697,103.3427,DEGRADED,43,0,0.0,412.2,17.42,56.05,0.675,1408.4,72.53,67.0,0.63,simulator,1.0
2026-10-02 08:22:12+00:00,M03,10.58,103.34858,DEGRADED,43,0,0.0,416.6,17.05,56.1,0.675,1402.4,72.05,66.8,0.64,simulator,1.0
2026-10-02 08:22:14+00:00,M03,10.296,103.3543,DEGRADED,43,0,0.0,415.2,16.65,56.21,0.682,1412.5,69.61,66.5,0.65,simulator,1.0
2026-10-02 08:22:16+00:00,M03,10.512,103.36014,DEGRADED,43,0,0.0,414.7,17.02,56.26,0.681,1414.6,70.97,66.3,0.66,simulator,1.0
2026-10-02 08:22:18+00:00,M03,10.494,103.36597,DEGRADED,43,0,0.0,416.7,16.91,56.37,0.696,1414.7,70.84,65.9,0.66,simulator,1.0
2026-10-02 08:22:20+00:00,M03,10.742,103.37194,DEGRADED,44,1,38.33,413.7,17.43,56.43,0.698,1406.6,72.93,65.6,0.67,simulator,1.0
2026-10-02 08:22:22+00:00,M03,10.776,103.37793,DEGRADED,44,0,0.0,412.1,17.55,56.55,0.694,1408.8,73.05,65.4,0.67,simulator,1.0
2026-10-02 08:22:24+00:00,M03,10.522,103.38377,DEGRADED,44,0,0.0,414.1,17.06,56.65,0.699,1414.3,71.05,65.1,0.68,simulator,1.0
2026-10-02 08:22:26+00:00,M03,10.291,103.38949,DEGRADED,44,0,0.0,413.1,16.72,56.76,0.692,1400.2,70.19,65.0,0.68,simulator,1.0
2026-10-02 08:22:28+00:00,M03,10.248,103.39518,DEGRADED,44,0,0.0,413.2,16.65,56.87,0.702,1406.5,69.58,64.7,0.68,simulator,1.0
2026-10-02 08:22:30+00:00,M03,10.392,103.40096,DEGRADED,44,0,0.0,418.2,16.68,56.9,0.705,1401.8,70.8,64.4,0.68,simulator,1.0
2026-10-02 08:22:32+00:00,M03,10.524,103.4068,DEGRADED,44,0,0.0,416.3,16.97,56.95,0.695,1402.0,71.69,64.3,0.69,simulator,1.0
2026-10-02 08:22:34+00:00,M03,10.447,103.41261,DEGRADED,44,0,0.0,413.8,16.95,57.07,0.707,1403.9,71.07,64.0,0.69,simulator,1.0
2026-10-02 08:22:36+00:00,M03,10.578,103.41848,DEGRADED,44,0,0.0,417.9,16.99,57.16,0.71,1415.3,71.38,63.8,0.7,simulator,1.0
2026-10-02 08:22:38+00:00,M03,10.792,103.42448,DEGRADED,44,0,0.0,413.6,17.52,57.2,0.71,1410.2,73.08,63.6,0.69,simulator,1.0
2026-10-02 08:22:40+00:00,M03,10.863,103.43051,DEGRADED,44,0,0.0,411.7,17.71,57.26,0.694,1397.0,74.26,63.5,0.7,simulator,1.0
2026-10-02 08:22:42+00:00,M03,10.778,103.4365,DEGRADED,44,0,0.0,415.0,17.44,57.31,0.69,1414.7,72.76,63.4,0.7,simulator,1.0
2026-10-02 08:22:44+00:00,M03,10.503,103.44234,DEGRADED,44,0,0.0,416.7,16.92,57.38,0.699,1406.8,71.3,63.2,0.71,simulator,1.0
2026-10-02 08:22:46+00:00,M03,10.885,103.44838,DEGRADED,44,0,0.0,416.7,17.54,57.49,0.697,1411.2,73.66,63.1,0.71,simulator,1.0
2026-10-02 08:22:48+00:00,M03,10.451,103.45419,DEGRADED,44,0,0.0,418.1,16.78,57.58,0.707,1402.0,71.19,62.8,0.72,simulator,1.0
2026-10-02 08:22:50+00:00,M03,10.444,103.45999,DEGRADED,44,0,0.0,418.3,16.76,57.64,0.719,1396.4,71.43,62.5,0.73,simulator,1.0
2026-10-02 08:22:52+00:00,M03,10.834,103.46601,DEGRADED,44,0,0.0,415.7,17.5,57.7,0.727,1410.9,73.33,62.2,0.73,simulator,1.0
2026-10-02 08:22:54+00:00,M03,10.784,103.472,DEGRADED,44,0,0.0,412.2,17.56,57.83,0.71,1397.9,73.67,62.1,0.74,simulator,1.0
2026-10-02 08:22:56+00:00,M03,10.315,103.47773,DEGRADED,44,0,0.0,413.0,16.77,57.94,0.725,1409.1,69.91,61.8,0.74,simulator,1.0
2026-10-02 08:22:58+00:00,M03,10.501,103.48357,DEGRADED,45,1,39.36,418.4,16.85,58.01,0.712,1399.4,71.66,61.6,0.74,simulator,1.0
2026-10-02 08:23:00+00:00,M03,10.696,103.48951,DEGRADED,45,0,0.0,412.3,17.42,58.09,0.723,1407.5,72.57,61.4,0.74,simulator,1.0
2026-10-02 08:23:02+00:00,M03,9.679,103.49489,RUNNING,45,0,0.0,415.0,15.66,58.16,0.347,1501.5,61.56,64.5,0.7,simulator,1.0
2026-10-02 08:23:04+00:00,M03,9.23,103.50001,RUNNING,45,0,0.0,415.7,14.91,58.25,0.265,1502.9,58.65,67.6,0.62,simulator,1.0
2026-10-02 08:23:06+00:00,M03,9.399,103.50524,RUNNING,45,0,0.0,413.7,15.25,58.28,0.26,1504.9,59.65,70.3,0.56,simulator,1.0
2026-10-02 08:23:08+00:00,M03,8.955,103.51021,RUNNING,45,0,0.0,413.2,14.55,58.32,0.26,1504.7,56.84,72.6,0.52,simulator,1.0
2026-10-02 08:23:10+00:00,M03,8.916,103.51516,RUNNING,45,0,0.0,416.9,14.36,58.29,0.245,1502.8,56.66,74.7,0.48,simulator,1.0
2026-10-02 08:23:12+00:00,M03,8.861,103.52009,RUNNING,45,0,0.0,417.5,14.25,58.33,0.24,1504.0,56.26,76.7,0.45,simulator,1.0
2026-10-02 08:23:14+00:00,M03,8.867,103.52501,RUNNING,45,0,0.0,411.6,14.46,58.36,0.227,1503.4,56.33,78.5,0.41,simulator,1.0
2026-10-02 08:23:16+00:00,M03,9.083,103.53006,RUNNING,45,0,0.0,415.2,14.69,58.32,0.236,1501.9,57.76,80.2,0.37,simulator,1.0
2026-10-02 08:23:18+00:00,M03,9.008,103.53506,RUNNING,45,0,0.0,414.4,14.59,58.32,0.219,1503.2,57.23,81.9,0.33,simulator,1.0
2026-10-02 08:23:20+00:00,M03,8.654,103.53987,RUNNING,45,0,0.0,414.7,14.01,58.25,0.227,1496.8,55.21,83.5,0.31,simulator,1.0
2026-10-02 08:23:22+00:00,M03,8.961,103.54485,RUNNING,45,0,0.0,411.9,14.61,58.16,0.221,1504.2,56.89,85.1,0.29,simulator,1.0
2026-10-02 08:23:24+00:00,M03,8.461,103.54955,RUNNING,45,0,0.0,413.6,13.73,58.12,0.22,1500.9,53.84,86.6,0.25,simulator,1.0
2026-10-02 08:23:26+00:00,M03,8.267,103.55414,RUNNING,45,0,0.0,417.3,13.3,58.07,0.217,1497.8,52.71,88.1,0.23,simulator,1.0
2026-10-02 08:23:28+00:00,M03,8.304,103.55876,RUNNING,46,1,27.82,416.4,13.39,57.95,0.199,1504.4,52.71,89.8,0.19,simulator,1.0
2026-10-02 08:23:30+00:00,M03,8.485,103.56347,RUNNING,46,0,0.0,414.0,13.76,57.86,0.201,1496.7,54.14,91.2,0.16,simulator,1.0
2026-10-02 08:23:32+00:00,M03,8.463,103.56817,RUNNING,46,0,0.0,413.8,13.73,57.75,0.208,1495.4,54.05,92.2,0.14,simulator,1.0
2026-10-02 08:23:34+00:00,M03,8.583,103.57294,RUNNING,46,0,0.0,417.9,13.79,57.68,0.191,1499.3,54.67,93.0,0.14,simulator,1.0
2026-10-02 08:23:36+00:00,M03,8.599,103.57772,RUNNING,46,0,0.0,414.2,13.94,57.54,0.191,1496.4,54.88,93.5,0.12,simulator,1.0
2026-10-02 08:23:38+00:00,M03,8.347,103.58235,RUNNING,46,0,0.0,415.2,13.5,57.42,0.212,1499.8,53.15,93.8,0.13,simulator,1.0
2026-10-02 08:23:40+00:00,M03,8.036,103.58682,RUNNING,46,0,0.0,416.7,12.95,57.29,0.201,1497.3,51.25,94.1,0.12,simulator,1.0
2026-10-02 08:23:42+00:00,M03,8.568,103.59158,RUNNING,46,0,0.0,412.1,13.96,57.22,0.19,1501.5,54.5,94.4,0.11,simulator,1.0
2026-10-02 08:23:44+00:00,M03,8.493,103.5963,RUNNING,46,0,0.0,412.2,13.83,57.11,0.21,1502.4,53.99,94.5,0.12,simulator,1.0
2026-10-02 08:23:46+00:00,M03,8.635,103.60109,RUNNING,46,0,0.0,415.9,13.94,57.02,0.207,1500.9,54.94,94.6,0.12,simulator,1.0
2026-10-02 08:23:48+00:00,M03,8.155,103.60562,RUNNING,46,0,0.0,416.1,13.16,56.9,0.216,1496.1,52.06,94.6,0.12,simulator,1.0
2026-10-02 08:23:50+00:00,M03,8.446,103.61032,RUNNING,46,0,0.0,416.5,13.61,56.8,0.199,1498.7,53.82,94.7,0.11,simulator,1.0
2026-10-02 08:23:52+00:00,M03,8.223,103.61489,RUNNING,46,0,0.0,416.3,13.26,56.72,0.193,1503.5,52.23,94.8,0.11,simulator,1.0
2026-10-02 08:23:54+00:00,M03,8.428,103.61957,RUNNING,46,0,0.0,411.7,13.74,56.63,0.187,1497.3,53.76,94.9,0.11,simulator,1.0
2026-10-02 08:23:56+00:00,M03,8.662,103.62438,RUNNING,47,1,27.69,413.3,14.07,56.57,0.195,1498.2,55.21,95.0,0.11,simulator,1.0
2026-10-02 08:23:58+00:00,M03,8.141,103.6289,RUNNING,47,0,0.0,418.3,13.07,56.5,0.193,1500.9,51.8,95.1,0.11,simulator,1.0
2026-10-02 08:24:00+00:00,M03,8.085,103.63339,RUNNING,47,0,0.0,415.6,13.06,56.43,0.204,1504.2,51.33,95.1,0.11,simulator,1.0
2026-10-02 08:24:02+00:00,M03,8.556,103.63815,RUNNING,47,0,0.0,413.0,13.91,56.32,0.208,1504.3,54.32,95.1,0.11,simulator,1.0
2026-10-02 08:24:04+00:00,M03,8.136,103.64267,RUNNING,47,0,0.0,413.4,13.21,56.26,0.194,1497.4,51.89,95.1,0.1,simulator,1.0
2026-10-02 08:24:06+00:00,M03,8.463,103.64737,RUNNING,47,0,0.0,415.7,13.67,56.18,0.2,1501.9,53.81,95.2,0.1,simulator,1.0
2026-10-02 08:24:08+00:00,M03,8.329,103.652,RUNNING,47,0,0.0,415.2,13.47,56.11,0.202,1502.2,52.95,95.2,0.08,simulator,1.0
2026-10-02 08:24:10+00:00,M03,8.315,103.65662,RUNNING,47,0,0.0,413.0,13.52,56.01,0.209,1502.1,52.86,95.2,0.09,simulator,1.0
2026-10-02 08:24:12+00:00,M03,8.431,103.6613,RUNNING,47,0,0.0,412.9,13.71,55.97,0.196,1503.9,53.54,95.3,0.09,simulator,1.0
2026-10-02 08:24:14+00:00,M03,8.206,103.66586,RUNNING,47,0,0.0,414.8,13.28,55.9,0.209,1504.6,52.09,95.3,0.1,simulator,1.0
2026-10-02 08:24:16+00:00,M03,8.187,103.67041,RUNNING,47,0,0.0,414.2,13.27,55.83,0.204,1495.0,52.3,95.3,0.1,simulator,1.0
2026-10-02 08:24:18+00:00,M03,8.306,103.67502,RUNNING,47,0,0.0,413.2,13.49,55.75,0.191,1502.1,52.81,95.4,0.09,simulator,1.0
2026-10-02 08:24:20+00:00,M03,8.512,103.67975,RUNNING,47,0,0.0,415.3,13.76,55.72,0.204,1495.5,54.36,95.4,0.09,simulator,1.0
2026-10-02 08:24:22+00:00,M03,8.376,103.6844,RUNNING,47,0,0.0,413.7,13.59,55.71,0.211,1497.9,53.4,95.3,0.09,simulator,1.0
2026-10-02 08:24:24+00:00,M03,8.436,103.68909,RUNNING,48,1,27.69,417.7,13.56,55.62,0.214,1498.3,53.77,95.3,0.1,simulator,1.0
2026-10-02 08:24:26+00:00,M03,8.514,103.69382,RUNNING,48,0,0.0,415.3,13.76,55.56,0.19,1495.4,54.37,95.4,0.08,simulator,1.0
2026-10-02 08:24:28+00:00,M03,8.217,103.69839,RUNNING,48,0,0.0,415.8,13.27,55.52,0.21,1495.5,52.47,95.4,0.09,simulator,1.0
2026-10-02 08:24:30+00:00,M03,8.466,103.70309,RUNNING,48,0,0.0,417.6,13.61,55.44,0.192,1504.3,53.75,95.4,0.08,simulator,1.0
2026-10-02 08:24:32+00:00,M03,8.229,103.70766,RUNNING,48,0,0.0,418.3,13.21,55.35,0.208,1500.2,52.38,95.4,0.08,simulator,1.0
2026-10-02 08:24:34+00:00,M03,8.559,103.71242,RUNNING,48,0,0.0,413.6,13.89,55.33,0.196,1502.4,54.41,95.5,0.08,simulator,1.0
2026-10-02 08:24:36+00:00,M03,8.258,103.717,RUNNING,48,0,0.0,415.4,13.35,55.25,0.186,1498.9,52.61,95.6,0.08,simulator,1.0
2026-10-02 08:24:38+00:00,M03,8.66,103.72181,RUNNING,48,0,0.0,414.8,14.02,55.21,0.197,1504.9,54.96,95.6,0.08,simulator,1.0
2026-10-02 08:24:40+00:00,M03,8.25,103.7264,RUNNING,48,0,0.0,415.4,13.33,55.11,0.207,1501.6,52.47,95.6,0.08,simulator,1.0
2026-10-02 08:24:42+00:00,M03,8.612,103.73118,RUNNING,48,0,0.0,415.9,13.9,55.07,0.195,1502.2,54.75,95.7,0.08,simulator,1.0
2026-10-02 08:24:44+00:00,M03,8.628,103.73598,RUNNING,48,0,0.0,414.3,13.98,55.03,0.194,1500.2,54.92,95.7,0.07,simulator,1.0
2026-10-02 08:24:46+00:00,M03,8.521,103.74071,RUNNING,48,0,0.0,411.8,13.89,54.95,0.193,1495.1,54.43,95.7,0.07,simulator,1.0
2026-10-02 08:24:48+00:00,M03,8.349,103.74535,RUNNING,48,0,0.0,414.9,13.51,54.9,0.212,1504.0,53.01,95.7,0.08,simulator,1.0
2026-10-02 08:24:50+00:00,M03,8.26,103.74994,RUNNING,48,0,0.0,413.8,13.4,54.84,0.208,1503.4,52.47,95.7,0.07,simulator,1.0
2026-10-02 08:24:52+00:00,M03,8.566,103.7547,RUNNING,49,1,27.69,413.1,13.92,54.75,0.195,1501.8,54.47,95.7,0.06,simulator,1.0
2026-10-02 08:24:54+00:00,M03,8.432,103.75938,RUNNING,49,0,0.0,417.0,13.57,54.67,0.209,1499.2,53.71,95.7,0.05,simulator,1.0
2026-10-02 08:24:56+00:00,M03,8.316,103.764,RUNNING,49,0,0.0,416.1,13.42,54.61,0.2,1500.4,52.93,95.8,0.06,simulator,1.0
2026-10-02 08:24:58+00:00,M03,8.346,103.76864,RUNNING,49,0,0.0,417.2,13.43,54.52,0.194,1499.6,53.15,95.9,0.06,simulator,1.0
2026-10-02 08:25:00+00:00,M03,8.039,103.7731,RUNNING,49,0,0.0,412.1,13.1,54.46,0.209,1498.0,51.25,95.8,0.06,simulator,1.0
2026-10-02 08:25:02+00:00,M03,8.076,103.77759,RUNNING,49,0,0.0,411.7,13.17,54.4,0.192,1498.6,51.47,95.9,0.05,simulator,1.0
2026-10-02 08:25:04+00:00,M03,8.17,103.78213,RUNNING,49,0,0.0,415.6,13.2,54.33,0.183,1500.7,51.99,95.9,0.05,simulator,1.0
2026-10-02 08:25:06+00:00,M03,8.539,103.78687,RUNNING,49,0,0.0,416.9,13.75,54.3,0.208,1495.9,54.51,95.9,0.05,simulator,1.0
2026-10-02 08:25:08+00:00,M03,8.2,103.79143,RUNNING,49,0,0.0,412.7,13.34,54.26,0.202,1497.1,52.31,96.0,0.04,simulator,1.0
2026-10-02 08:25:10+00:00,M03,8.304,103.79604,RUNNING,49,0,0.0,416.0,13.4,54.23,0.211,1497.3,52.96,95.9,0.06,simulator,1.0
2026-10-02 08:25:12+00:00,M03,8.343,103.80068,RUNNING,49,0,0.0,415.9,13.47,54.21,0.209,1503.4,53.0,95.9,0.05,simulator,1.0
2026-10-02 08:25:14+00:00,M03,8.109,103.80518,RUNNING,49,0,0.0,413.5,13.17,54.19,0.192,1496.8,51.74,96.0,0.05,simulator,1.0
2026-10-02 08:25:16+00:00,M03,8.06,103.80966,RUNNING,49,0,0.0,418.0,12.94,54.13,0.211,1501.8,51.25,95.9,0.06,simulator,1.0
2026-10-02 08:25:18+00:00,M03,8.318,103.81428,RUNNING,49,0,0.0,415.1,13.45,54.13,0.207,1504.8,52.79,96.0,0.06,simulator,1.0
2026-10-02 08:25:20+00:00,M03,8.622,103.81907,RUNNING,50,1,27.69,412.5,14.03,54.09,0.19,1499.7,54.9,96.0,0.06,simulator,1.0
2026-10-02 08:25:22+00:00,M03,8.61,103.82385,RUNNING,50,0,0.0,412.5,14.01,54.04,0.194,1497.4,54.91,96.1,0.05,simulator,1.0
2026-10-02 08:25:24+00:00,M03,8.065,103.82833,RUNNING,50,0,0.0,412.1,13.14,54.0,0.193,1499.7,51.36,96.1,0.04,simulator,1.0
2026-10-02 08:25:26+00:00,M03,8.304,103.83295,RUNNING,50,0,0.0,416.0,13.4,53.94,0.213,1503.6,52.74,96.0,0.05,simulator,1.0
2026-10-02 08:25:28+00:00,M03,8.233,103.83752,RUNNING,50,0,0.0,418.0,13.22,53.9,0.203,1495.8,52.56,96.1,0.04,simulator,1.0
2026-10-02 08:25:30+00:00,M03,8.536,103.84226,RUNNING,50,0,0.0,417.5,13.73,53.88,0.186,1502.8,54.24,96.1,0.04,simulator,1.0
2026-10-02 08:25:32+00:00,M03,8.365,103.84691,RUNNING,50,0,0.0,417.7,13.44,53.81,0.184,1496.3,53.39,96.2,0.04,simulator,1.0
2026-10-02 08:25:34+00:00,M03,8.493,103.85163,RUNNING,50,0,0.0,416.2,13.7,53.75,0.206,1499.0,54.11,96.2,0.04,simulator,1.0
2026-10-02 08:25:36+00:00,M03,8.091,103.85612,RUNNING,50,0,0.0,417.6,13.01,53.74,0.19,1502.1,51.44,96.2,0.04,simulator,1.0
2026-10-02 08:25:38+00:00,M03,8.25,103.86071,RUNNING,50,0,0.0,416.1,13.31,53.76,0.21,1497.4,52.62,96.2,0.04,simulator,1.0
2026-10-02 08:25:40+00:00,M03,8.14,103.86523,RUNNING,50,0,0.0,411.5,13.28,53.72,0.214,1497.0,51.93,96.1,0.04,simulator,1.0
2026-10-02 08:25:42+00:00,M03,8.493,103.86995,RUNNING,50,0,0.0,416.1,13.7,53.65,0.217,1501.9,54.0,96.0,0.05,simulator,1.0
2026-10-02 08:25:44+00:00,M03,8.51,103.87468,RUNNING,50,0,0.0,412.6,13.85,53.59,0.204,1497.7,54.26,96.1,0.05,simulator,1.0
2026-10-02 08:25:46+00:00,M03,8.226,103.87925,RUNNING,51,1,27.69,413.8,13.35,53.55,0.199,1495.2,52.54,96.2,0.04,simulator,1.0
2026-10-02 08:25:48+00:00,M03,8.504,103.88397,RUNNING,51,0,0.0,413.2,13.82,53.49,0.188,1495.7,54.3,96.3,0.04,simulator,1.0
2026-10-02 08:25:50+00:00,M03,8.617,103.88876,RUNNING,51,0,0.0,416.2,13.9,53.45,0.187,1502.6,54.77,96.3,0.04,simulator,1.0
2026-10-02 08:25:52+00:00,M03,8.509,103.89348,RUNNING,51,0,0.0,413.1,13.83,53.43,0.208,1495.6,54.33,96.3,0.05,simulator,1.0
2026-10-02 08:25:54+00:00,M03,8.586,103.89825,RUNNING,51,0,0.0,411.9,13.99,53.44,0.213,1502.1,54.59,96.2,0.05,simulator,1.0
2026-10-02 08:25:56+00:00,M03,8.44,103.90294,RUNNING,51,0,0.0,412.4,13.74,53.4,0.207,1498.5,53.79,96.2,0.04,simulator,1.0
2026-10-02 08:25:58+00:00,M03,8.501,103.90767,RUNNING,51,0,0.0,413.9,13.79,53.35,0.2,1498.7,54.17,96.3,0.03,simulator,1.0
2026-10-02 08:26:00+00:00,M03,8.447,103.91236,RUNNING,51,0,0.0,417.1,13.6,53.28,0.211,1501.9,53.71,96.3,0.03,simulator,1.0
2026-10-02 08:26:02+00:00,M03,8.122,103.91687,RUNNING,51,0,0.0,412.8,13.21,53.3,0.215,1500.5,51.69,96.2,0.04,simulator,1.0
2026-10-02 08:26:04+00:00,M03,8.249,103.92145,RUNNING,51,0,0.0,416.5,13.3,53.29,0.213,1497.8,52.6,96.2,0.04,simulator,1.0
2026-10-02 08:26:06+00:00,M03,8.285,103.92606,RUNNING,51,0,0.0,415.6,13.38,53.28,0.21,1496.4,52.87,96.2,0.04,simulator,1.0
2026-10-02 08:26:08+00:00,M03,8.044,103.93053,RUNNING,51,0,0.0,418.0,12.92,53.26,0.215,1496.2,51.34,96.2,0.04,simulator,1.0
2026-10-02 08:26:10+00:00,M03,8.136,103.93505,RUNNING,51,0,0.0,412.5,13.24,53.19,0.208,1500.8,51.77,96.2,0.04,simulator,1.0
2026-10-02 08:26:12+00:00,M03,8.507,103.93977,RUNNING,51,0,0.0,413.6,13.81,53.14,0.212,1504.7,53.99,96.2,0.04,simulator,1.0
2026-10-02 08:26:14+00:00,M03,8.552,103.94452,RUNNING,52,1,27.69,417.9,13.74,53.09,0.193,1501.5,54.39,96.3,0.03,simulator,1.0
2026-10-02 08:26:16+00:00,M03,8.296,103.94913,RUNNING,52,0,0.0,414.1,13.45,53.08,0.205,1503.2,52.71,96.4,0.03,simulator,1.0
2026-10-02 08:26:18+00:00,M03,8.431,103.95382,RUNNING,52,0,0.0,411.8,13.74,53.1,0.192,1501.6,53.62,96.4,0.03,simulator,1.0
2026-10-02 08:26:20+00:00,M03,8.355,103.95846,RUNNING,52,0,0.0,413.7,13.56,53.07,0.206,1503.8,53.06,96.4,0.03,simulator,1.0
2026-10-02 08:26:22+00:00,M03,8.075,103.96294,RUNNING,52,0,0.0,415.3,13.05,53.01,0.207,1504.8,51.25,96.4,0.03,simulator,1.0
2026-10-02 08:26:24+00:00,M03,8.295,103.96755,RUNNING,52,0,0.0,416.1,13.38,52.97,0.21,1501.9,52.74,96.4,0.02,simulator,1.0
2026-10-02 08:26:26+00:00,M03,8.367,103.9722,RUNNING,52,0,0.0,417.4,13.46,52.97,0.204,1498.9,53.31,96.4,0.03,simulator,1.0
2026-10-02 08:26:28+00:00,M03,8.084,103.97669,RUNNING,52,0,0.0,417.7,12.99,53.0,0.189,1496.6,51.59,96.5,0.03,simulator,1.0
2026-10-02 08:26:30+00:00,M03,8.238,103.98127,RUNNING,52,0,0.0,414.5,13.34,52.97,0.206,1496.2,52.58,96.5,0.04,simulator,1.0
2026-10-02 08:26:32+00:00,M03,8.284,103.98587,RUNNING,52,0,0.0,415.3,13.39,52.95,0.208,1499.8,52.75,96.5,0.04,simulator,1.0
2026-10-02 08:26:34+00:00,M03,8.224,103.99044,RUNNING,52,0,0.0,412.6,13.38,52.89,0.197,1497.0,52.46,96.5,0.04,simulator,1.0
2026-10-02 08:26:36+00:00,M03,8.507,103.99516,RUNNING,52,0,0.0,416.0,13.73,52.88,0.211,1503.0,54.05,96.5,0.04,simulator,1.0
2026-10-02 08:26:38+00:00,M03,8.048,103.99964,RUNNING,52,0,0.0,416.1,12.98,52.86,0.204,1500.7,51.22,96.5,0.03,simulator,1.0
2026-10-02 08:26:40+00:00,M03,8.193,104.00419,RUNNING,52,0,0.0,417.8,13.16,52.89,0.211,1498.8,52.2,96.5,0.04,simulator,1.0
2026-10-02 08:26:42+00:00,M03,8.527,104.00892,RUNNING,53,1,27.69,418.0,13.69,52.9,0.192,1496.5,54.42,96.5,0.03,simulator,1.0
2026-10-02 08:26:44+00:00,M03,8.044,104.01339,RUNNING,53,0,0.0,413.5,13.06,52.92,0.189,1500.9,51.18,96.5,0.03,simulator,1.0
2026-10-02 08:26:46+00:00,M03,8.544,104.01814,RUNNING,53,0,0.0,412.5,13.91,52.95,0.191,1502.1,54.32,96.6,0.03,simulator,1.0
2026-10-02 08:26:48+00:00,M03,8.067,104.02262,RUNNING,53,0,0.0,417.2,12.98,52.89,0.213,1503.7,51.23,96.5,0.04,simulator,1.0
2026-10-02 08:26:50+00:00,M03,8.523,104.02736,RUNNING,53,0,0.0,417.1,13.72,52.85,0.189,1497.7,54.35,96.5,0.03,simulator,1.0
2026-10-02 08:26:52+00:00,M03,8.132,104.03187,RUNNING,53,0,0.0,417.7,13.07,52.83,0.198,1497.8,51.85,96.6,0.03,simulator,1.0
2026-10-02 08:26:54+00:00,M03,8.537,104.03662,RUNNING,53,0,0.0,416.8,13.75,52.78,0.206,1504.4,54.19,96.6,0.03,simulator,1.0
2026-10-02 08:26:56+00:00,M03,8.523,104.04135,RUNNING,53,0,0.0,412.0,13.89,52.73,0.212,1499.8,54.27,96.5,0.03,simulator,1.0
2026-10-02 08:26:58+00:00,M03,8.263,104.04594,RUNNING,53,0,0.0,418.1,13.27,52.75,0.215,1500.7,52.58,96.5,0.04,simulator,1.0
2026-10-02 08:27:00+00:00,M03,8.063,104.05042,RUNNING,53,0,0.0,412.1,13.14,52.72,0.196,1502.4,51.25,96.5,0.03,simulator,1.0
2026-10-02 08:27:02+00:00,M03,10.366,104.05618,DEGRADED,53,0,0.0,413.8,16.82,52.86,0.517,1420.7,69.68,90.5,0.23,simulator,1.0
2026-10-02 08:27:04+00:00,M03,10.092,104.06179,DEGRADED,53,0,0.0,413.0,16.4,52.96,0.595,1425.3,67.62,85.6,0.35,simulator,1.0
2026-10-02 08:27:06+00:00,M03,10.056,104.06737,DEGRADED,53,0,0.0,412.3,16.37,53.06,0.601,1428.5,67.23,82.1,0.41,simulator,1.0
2026-10-02 08:27:08+00:00,M03,10.191,104.07304,DEGRADED,53,0,0.0,416.3,16.43,53.19,0.605,1430.4,68.04,79.5,0.47,simulator,1.0
2026-10-02 08:27:10+00:00,M03,10.473,104.07885,DEGRADED,53,0,0.0,411.7,17.08,53.24,0.603,1417.4,70.56,77.7,0.48,simulator,1.0
2026-10-02 08:27:12+00:00,M03,10.251,104.08455,DEGRADED,54,1,36.61,413.7,16.63,53.36,0.619,1416.8,69.1,76.3,0.5,simulator,1.0
2026-10-02 08:27:14+00:00,M03,10.502,104.09038,DEGRADED,54,0,0.0,411.6,17.13,53.41,0.633,1430.4,70.12,75.1,0.52,simulator,1.0
2026-10-02 08:27:16+00:00,M03,10.173,104.09604,DEGRADED,54,0,0.0,417.5,16.36,53.52,0.63,1425.3,68.16,74.3,0.52,simulator,1.0
2026-10-02 08:27:18+00:00,M03,10.374,104.1018,DEGRADED,54,0,0.0,411.9,16.91,53.64,0.634,1416.2,69.96,73.6,0.53,simulator,1.0
2026-10-02 08:27:20+00:00,M03,10.5,104.10763,DEGRADED,54,0,0.0,416.6,16.92,53.75,0.641,1428.2,70.21,73.0,0.54,simulator,1.0
2026-10-02 08:27:22+00:00,M03,10.512,104.11347,DEGRADED,54,0,0.0,413.0,17.09,53.83,0.62,1411.1,71.14,72.7,0.55,simulator,1.0
2026-10-02 08:27:24+00:00,M03,9.94,104.11899,DEGRADED,54,0,0.0,413.6,16.13,53.97,0.619,1427.2,66.51,72.4,0.56,simulator,1.0
2026-10-02 08:27:26+00:00,M03,10.158,104.12464,DEGRADED,54,0,0.0,415.9,16.4,54.06,0.635,1413.9,68.61,72.1,0.55,simulator,1.0
2026-10-02 08:27:28+00:00,M03,10.215,104.13031,DEGRADED,54,0,0.0,417.5,16.43,54.17,0.627,1416.7,68.86,71.8,0.56,simulator,1.0
2026-10-02 08:27:30+00:00,M03,10.054,104.1359,DEGRADED,54,0,0.0,412.8,16.35,54.24,0.64,1426.0,67.33,71.5,0.56,simulator,1.0
2026-10-02 08:27:32+00:00,M03,10.314,104.14163,DEGRADED,54,0,0.0,418.3,16.55,54.35,0.633,1425.1,69.12,71.3,0.56,simulator,1.0
2026-10-02 08:27:34+00:00,M03,10.446,104.14743,DEGRADED,54,0,0.0,415.8,16.87,54.47,0.625,1417.4,70.38,71.1,0.58,simulator,1.0
2026-10-02 08:27:36+00:00,M03,10.036,104.15301,DEGRADED,54,0,0.0,417.6,16.13,54.58,0.638,1412.1,67.87,70.9,0.58,simulator,1.0
2026-10-02 08:27:38+00:00,M03,10.244,104.1587,DEGRADED,54,0,0.0,416.8,16.5,54.67,0.63,1412.7,69.25,70.7,0.59,simulator,1.0
2026-10-02 08:27:40+00:00,M03,10.309,104.16443,DEGRADED,54,0,0.0,413.5,16.74,54.75,0.654,1418.9,69.39,70.3,0.59,simulator,1.0
2026-10-02 08:27:42+00:00,M03,10.282,104.17014,DEGRADED,54,0,0.0,412.3,16.74,54.86,0.658,1424.5,68.93,70.0,0.6,simulator,1.0
2026-10-02 08:27:44+00:00,M03,10.278,104.17585,DEGRADED,54,0,0.0,415.8,16.59,54.97,0.665,1421.9,69.03,69.7,0.59,simulator,1.0
2026-10-02 08:27:46+00:00,M03,10.087,104.18145,DEGRADED,54,0,0.0,412.6,16.41,55.08,0.65,1419.7,67.85,69.5,0.6,simulator,1.0
2026-10-02 08:27:48+00:00,M03,10.232,104.18714,DEGRADED,54,0,0.0,417.5,16.45,55.19,0.665,1412.4,69.18,69.2,0.6,simulator,1.0
2026-10-02 08:27:50+00:00,M03,10.603,104.19303,DEGRADED,55,1,37.55,415.1,17.15,55.32,0.658,1417.2,71.45,69.0,0.61,simulator,1.0
2026-10-02 08:27:52+00:00,M03,10.23,104.19871,DEGRADED,55,0,0.0,416.8,16.48,55.42,0.672,1415.0,69.04,68.7,0.61,simulator,1.0
2026-10-02 08:27:54+00:00,M03,10.562,104.20458,DEGRADED,55,0,0.0,412.2,17.2,55.47,0.676,1418.7,71.1,68.4,0.61,simulator,1.0
2026-10-02 08:27:56+00:00,M03,10.556,104.21044,DEGRADED,55,0,0.0,413.6,17.13,55.59,0.659,1409.4,71.53,68.2,0.61,simulator,1.0
2026-10-02 08:27:58+00:00,M03,10.407,104.21622,DEGRADED,55,0,0.0,414.8,16.84,55.63,0.662,1415.7,70.2,68.1,0.62,simulator,1.0
2026-10-02 08:28:00+00:00,M03,10.688,104.22216,DEGRADED,55,0,0.0,417.3,17.19,55.68,0.672,1405.3,72.63,67.8,0.63,simulator,1.0
2026-10-02 08:28:02+00:00,M03,10.609,104.22806,DEGRADED,55,0,0.0,411.6,17.3,55.75,0.668,1412.8,71.71,67.6,0.63,simulator,1.0
2026-10-02 08:28:04+00:00,M03,10.726,104.23401,DEGRADED,55,0,0.0,415.5,17.33,55.85,0.668,1418.0,72.24,67.5,0.63,simulator,1.0
2026-10-02 08:28:06+00:00,M03,10.604,104.23991,DEGRADED,55,0,0.0,412.7,17.25,55.98,0.685,1418.1,71.41,67.1,0.64,simulator,1.0
2026-10-02 08:28:08+00:00,M03,10.716,104.24586,DEGRADED,55,0,0.0,417.0,17.25,56.01,0.664,1412.1,72.47,67.0,0.63,simulator,1.0
2026-10-02 08:28:10+00:00,M03,10.475,104.25168,DEGRADED,55,0,0.0,412.1,17.06,56.09,0.669,1412.5,70.82,66.9,0.64,simulator,1.0
2026-10-02 08:28:12+00:00,M03,10.454,104.25749,DEGRADED,55,0,0.0,417.8,16.8,56.14,0.683,1420.5,70.28,66.6,0.64,simulator,1.0
2026-10-02 08:28:14+00:00,M03,10.625,104.26339,DEGRADED,55,0,0.0,414.3,17.22,56.18,0.682,1415.1,71.7,66.4,0.65,simulator,1.0
2026-10-02 08:28:16+00:00,M03,10.605,104.26928,DEGRADED,55,0,0.0,412.5,17.26,56.22,0.666,1408.8,71.89,66.3,0.65,simulator,1.0
2026-10-02 08:28:18+00:00,M03,10.633,104.27519,DEGRADED,55,0,0.0,416.0,17.16,56.32,0.694,1413.0,71.86,66.0,0.66,simulator,1.0
2026-10-02 08:28:20+00:00,M03,10.388,104.28096,DEGRADED,55,0,0.0,413.9,16.85,56.39,0.681,1412.3,70.24,65.8,0.66,simulator,1.0
2026-10-02 08:28:22+00:00,M03,10.469,104.28678,DEGRADED,55,0,0.0,412.3,17.05,56.42,0.681,1415.9,70.61,65.6,0.67,simulator,1.0
2026-10-02 08:28:24+00:00,M03,10.25,104.29247,DEGRADED,55,0,0.0,418.3,16.45,56.45,0.678,1404.1,69.72,65.5,0.67,simulator,1.0
2026-10-02 08:28:26+00:00,M03,10.542,104.29833,DEGRADED,55,0,0.0,413.7,17.11,56.58,0.677,1413.5,71.22,65.3,0.68,simulator,1.0
2026-10-02 08:28:28+00:00,M03,10.364,104.30408,DEGRADED,56,1,38.54,412.4,16.87,56.71,0.701,1412.8,70.06,65.0,0.68,simulator,1.0
2026-10-02 08:28:30+00:00,M03,10.653,104.31,DEGRADED,56,0,0.0,411.6,17.38,56.82,0.698,1416.7,71.81,64.7,0.69,simulator,1.0
2026-10-02 08:28:32+00:00,M03,10.51,104.31584,DEGRADED,56,0,0.0,417.1,16.92,56.9,0.694,1398.5,71.77,64.5,0.69,simulator,1.0
2026-10-02 08:28:34+00:00,M03,10.407,104.32162,DEGRADED,56,0,0.0,413.2,16.91,56.98,0.688,1406.8,70.65,64.3,0.69,simulator,1.0
2026-10-02 08:28:36+00:00,M03,10.527,104.32747,DEGRADED,56,0,0.0,412.5,17.13,57.05,0.711,1415.5,71.02,64.0,0.7,simulator,1.0
2026-10-02 08:28:38+00:00,M03,10.677,104.3334,DEGRADED,56,0,0.0,415.0,17.27,57.11,0.713,1398.7,72.9,63.7,0.7,simulator,1.0
2026-10-02 08:28:40+00:00,M03,10.802,104.3394,DEGRADED,56,0,0.0,417.5,17.37,57.2,0.708,1406.1,73.37,63.5,0.7,simulator,1.0
2026-10-02 08:28:42+00:00,M03,10.277,104.34511,DEGRADED,56,0,0.0,414.2,16.66,57.31,0.702,1413.0,69.46,63.3,0.71,simulator,1.0
2026-10-02 08:28:44+00:00,M03,10.477,104.35093,DEGRADED,56,0,0.0,413.8,17.0,57.42,0.709,1394.9,71.73,63.1,0.72,simulator,1.0
2026-10-02 08:28:46+00:00,M03,10.768,104.35692,DEGRADED,56,0,0.0,416.3,17.36,57.48,0.723,1412.6,72.8,62.8,0.71,simulator,1.0
2026-10-02 08:28:48+00:00,M03,10.623,104.36282,DEGRADED,56,0,0.0,415.4,17.17,57.57,0.728,1409.6,71.97,62.5,0.71,simulator,1.0
2026-10-02 08:28:50+00:00,M03,10.635,104.36873,DEGRADED,56,0,0.0,413.0,17.29,57.68,0.715,1409.6,72.05,62.3,0.72,simulator,1.0
2026-10-02 08:28:52+00:00,M03,10.294,104.37445,DEGRADED,56,0,0.0,415.3,16.64,57.78,0.715,1406.6,69.89,62.1,0.72,simulator,1.0
2026-10-02 08:28:54+00:00,M03,10.382,104.38021,DEGRADED,56,0,0.0,418.2,16.67,57.91,0.703,1395.9,71.03,62.0,0.72,simulator,1.0
2026-10-02 08:28:56+00:00,M03,10.63,104.38612,DEGRADED,56,0,0.0,415.7,17.17,57.95,0.721,1395.3,72.76,61.8,0.74,simulator,1.0
2026-10-02 08:28:58+00:00,M03,10.541,104.39197,DEGRADED,56,0,0.0,413.0,17.13,58.04,0.721,1407.1,71.54,61.6,0.74,simulator,1.0
2026-10-02 08:29:00+00:00,M03,10.909,104.39804,DEGRADED,56,0,0.0,412.6,17.75,58.14,0.715,1392.1,74.84,61.4,0.74,simulator,1.0
2026-10-02 08:29:02+00:00,M03,9.22,104.40316,RUNNING,56,0,0.0,417.4,14.83,58.18,0.361,1502.2,58.61,64.4,0.71,simulator,1.0
2026-10-02 08:29:04+00:00,M03,9.468,104.40842,RUNNING,56,0,0.0,412.0,15.43,58.24,0.277,1503.7,60.13,67.5,0.64,simulator,1.0
2026-10-02 08:29:06+00:00,M03,9.454,104.41367,RUNNING,57,1,29.79,417.2,15.21,58.32,0.263,1496.8,60.32,70.2,0.58,simulator,1.0
2026-10-02 08:29:08+00:00,M03,9.401,104.41889,RUNNING,57,0,0.0,412.0,15.32,58.38,0.245,1504.3,59.68,72.6,0.53,simulator,1.0
2026-10-02 08:29:10+00:00,M03,9.032,104.42391,RUNNING,57,0,0.0,416.3,14.57,58.34,0.24,1499.4,57.53,74.8,0.48,simulator,1.0
2026-10-02 08:29:12+00:00,M03,8.874,104.42884,RUNNING,57,0,0.0,416.5,14.3,58.29,0.242,1501.6,56.44,76.7,0.44,simulator,1.0
2026-10-02 08:29:14+00:00,M03,8.754,104.4337,RUNNING,57,0,0.0,413.4,14.22,58.26,0.232,1500.0,55.73,78.5,0.4,simulator,1.0
2026-10-02 08:29:16+00:00,M03,8.534,104.43844,RUNNING,57,0,0.0,415.4,13.79,58.22,0.219,1503.8,54.2,80.4,0.35,simulator,1.0
2026-10-02 08:29:18+00:00,M03,8.931,104.44341,RUNNING,57,0,0.0,412.4,14.54,58.2,0.237,1504.0,56.71,81.9,0.34,simulator,1.0
2026-10-02 08:29:20+00:00,M03,9.026,104.44842,RUNNING,57,0,0.0,417.5,14.51,58.16,0.21,1502.2,57.38,83.6,0.29,simulator,1.0
2026-10-02 08:29:22+00:00,M03,8.815,104.45332,RUNNING,57,0,0.0,412.8,14.34,58.1,0.217,1501.3,56.07,85.2,0.27,simulator,1.0
2026-10-02 08:29:24+00:00,M03,8.606,104.4581,RUNNING,57,0,0.0,417.3,13.85,58.04,0.218,1502.5,54.7,86.7,0.25,simulator,1.0
2026-10-02 08:29:26+00:00,M03,8.81,104.46299,RUNNING,57,0,0.0,413.6,14.3,58.01,0.215,1500.7,56.06,88.2,0.22,simulator,1.0
2026-10-02 08:29:28+00:00,M03,8.679,104.46782,RUNNING,57,0,0.0,418.3,13.93,57.9,0.192,1502.8,55.15,89.8,0.18,simulator,1.0
2026-10-02 08:29:30+00:00,M03,8.143,104.47234,RUNNING,57,0,0.0,415.7,13.15,57.85,0.196,1496.7,51.96,91.3,0.15,simulator,1.0
2026-10-02 08:29:32+00:00,M03,8.089,104.47683,RUNNING,57,0,0.0,413.4,13.14,57.7,0.197,1496.6,51.62,92.3,0.14,simulator,1.0
2026-10-02 08:29:34+00:00,M03,8.089,104.48133,RUNNING,58,1,27.69,417.5,13.01,57.6,0.197,1498.3,51.56,93.1,0.13,simulator,1.0
2026-10-02 08:29:36+00:00,M03,8.687,104.48615,RUNNING,58,0,0.0,416.9,13.99,57.48,0.213,1495.1,55.49,93.5,0.13,simulator,1.0
2026-10-02 08:29:38+00:00,M03,8.686,104.49098,RUNNING,58,0,0.0,415.1,14.05,57.35,0.208,1504.4,55.14,93.8,0.13,simulator,1.0
2026-10-02 08:29:40+00:00,M03,8.268,104.49557,RUNNING,58,0,0.0,417.4,13.3,57.28,0.201,1500.8,52.61,94.1,0.12,simulator,1.0
2026-10-02 08:29:42+00:00,M03,8.098,104.50007,RUNNING,58,0,0.0,413.0,13.16,57.18,0.187,1500.9,51.53,94.4,0.11,simulator,1.0
2026-10-02 08:29:44+00:00,M03,8.097,104.50457,RUNNING,58,0,0.0,417.1,13.03,57.14,0.189,1503.7,51.42,94.5,0.1,simulator,1.0
2026-10-02 08:29:46+00:00,M03,8.462,104.50927,RUNNING,58,0,0.0,412.2,13.78,57.05,0.195,1499.2,53.9,94.7,0.1,simulator,1.0
2026-10-02 08:29:48+00:00,M03,8.223,104.51384,RUNNING,58,0,0.0,411.7,13.41,56.97,0.206,1499.3,52.38,94.7,0.11,simulator,1.0
2026-10-02 08:29:50+00:00,M03,8.661,104.51865,RUNNING,58,0,0.0,413.9,14.05,56.91,0.189,1499.5,55.16,94.8,0.11,simulator,1.0
2026-10-02 08:29:52+00:00,M03,8.259,104.52324,RUNNING,58,0,0.0,418.2,13.26,56.88,0.212,1504.5,52.43,94.8,0.11,simulator,1.0
2026-10-02 08:29:54+00:00,M03,8.508,104.52797,RUNNING,58,0,0.0,414.7,13.77,56.78,0.213,1496.6,54.29,94.8,0.11,simulator,1.0
2026-10-02 08:29:56+00:00,M03,8.386,104.53262,RUNNING,58,0,0.0,413.2,13.62,56.74,0.196,1499.2,53.42,94.9,0.1,simulator,1.0
2026-10-02 08:29:58+00:00,M03,8.338,104.53726,RUNNING,58,0,0.0,412.3,13.58,56.69,0.189,1495.7,53.24,95.0,0.1,simulator,1.0
2026-10-02 08:30:00+00:00,M03,8.333,104.54189,RUNNING,58,0,0.0,416.1,13.44,56.61,0.21,1501.1,53.01,94.9,0.1,simulator,1.0
2026-10-02 08:00:02+00:00,M04,5.413,100.00301,RUNNING,0,0,0.0,414.7,8.76,44.95,0.156,2799.3,18.47,96.3,0.03,simulator,1.0
2026-10-02 08:00:04+00:00,M04,5.465,100.00604,RUNNING,0,0,0.0,417.0,8.8,44.99,0.142,2801.4,18.63,96.5,0.03,simulator,1.0
2026-10-02 08:00:06+00:00,M04,5.575,100.00914,RUNNING,0,0,0.0,411.5,9.1,45.04,0.161,2803.0,18.99,96.5,0.02,simulator,1.0
2026-10-02 08:00:08+00:00,M04,5.732,100.01233,RUNNING,0,0,0.0,416.5,9.24,45.08,0.164,2804.5,19.52,96.6,0.02,simulator,1.0
2026-10-02 08:00:10+00:00,M04,5.77,100.01553,RUNNING,0,0,0.0,411.7,9.41,45.08,0.151,2799.1,19.69,96.7,0.02,simulator,1.0
2026-10-02 08:00:12+00:00,M04,5.635,100.01866,RUNNING,0,0,0.0,412.5,9.17,45.07,0.136,2800.8,19.21,96.8,0.02,simulator,1.0
2026-10-02 08:00:14+00:00,M04,5.699,100.02183,RUNNING,0,0,0.0,415.0,9.22,45.07,0.141,2803.4,19.41,96.8,0.02,simulator,1.0
2026-10-02 08:00:16+00:00,M04,5.485,100.02487,RUNNING,0,0,0.0,415.5,8.86,45.07,0.135,2801.8,18.7,96.9,0.02,simulator,1.0
2026-10-02 08:00:18+00:00,M04,5.617,100.028,RUNNING,0,0,0.0,416.6,9.05,45.04,0.134,2797.6,19.17,96.9,0.02,simulator,1.0
2026-10-02 08:00:20+00:00,M04,5.58,100.0311,RUNNING,0,0,0.0,412.5,9.08,45.02,0.15,2795.3,19.06,96.9,0.02,simulator,1.0
2026-10-02 08:00:22+00:00,M04,5.682,100.03425,RUNNING,0,0,0.0,414.8,9.2,45.04,0.15,2800.7,19.37,96.9,0.02,simulator,1.0
2026-10-02 08:00:24+00:00,M04,5.705,100.03742,RUNNING,0,0,0.0,415.2,9.22,45.06,0.146,2802.5,19.44,97.0,0.02,simulator,1.0
2026-10-02 08:00:26+00:00,M04,5.612,100.04054,RUNNING,0,0,0.0,418.1,9.01,45.08,0.139,2804.2,19.11,97.0,0.02,simulator,1.0
2026-10-02 08:00:28+00:00,M04,5.713,100.04371,RUNNING,0,0,0.0,411.9,9.31,45.04,0.157,2795.0,19.52,96.9,0.02,simulator,1.0
2026-10-02 08:00:30+00:00,M04,5.654,100.04685,RUNNING,0,0,0.0,414.8,9.15,45.03,0.158,2803.3,19.26,96.9,0.02,simulator,1.0
2026-10-02 08:00:32+00:00,M04,5.718,100.05003,RUNNING,0,0,0.0,411.9,9.32,45.0,0.138,2795.4,19.53,96.9,0.02,simulator,1.0
2026-10-02 08:00:34+00:00,M04,5.661,100.05318,RUNNING,0,0,0.0,413.7,9.19,45.04,0.16,2800.5,19.3,96.9,0.03,simulator,1.0
2026-10-02 08:00:36+00:00,M04,5.544,100.05626,RUNNING,0,0,0.0,411.7,9.04,45.04,0.147,2803.0,18.89,96.9,0.02,simulator,1.0
2026-10-02 08:00:38+00:00,M04,5.48,100.0593,RUNNING,0,0,0.0,416.5,8.83,45.05,0.157,2802.9,18.67,96.9,0.02,simulator,1.0
2026-10-02 08:00:40+00:00,M04,5.451,100.06233,RUNNING,1,1,40.0,414.9,8.82,45.07,0.156,2802.9,18.57,96.9,0.02,simulator,1.0
2026-10-02 08:00:42+00:00,M04,5.811,100.06556,RUNNING,1,0,0.0,412.2,9.46,45.08,0.152,2796.0,19.85,96.9,0.02,simulator,1.0
2026-10-02 08:00:44+00:00,M04,5.619,100.06868,RUNNING,1,0,0.0,414.9,9.09,45.12,0.164,2796.7,19.19,96.8,0.02,simulator,1.0
2026-10-02 08:00:46+00:00,M04,5.509,100.07174,RUNNING,1,0,0.0,417.5,8.86,45.12,0.163,2803.9,18.76,96.7,0.02,simulator,1.0
2026-10-02 08:00:48+00:00,M04,5.771,100.07494,RUNNING,1,0,0.0,417.9,9.27,45.07,0.152,2800.3,19.68,96.8,0.02,simulator,1.0
2026-10-02 08:00:50+00:00,M04,5.703,100.07811,RUNNING,1,0,0.0,411.9,9.3,45.08,0.136,2801.0,19.44,96.8,0.02,simulator,1.0
2026-10-02 08:00:52+00:00,M04,5.568,100.08121,RUNNING,1,0,0.0,412.5,9.06,45.12,0.148,2801.3,18.98,96.9,0.02,simulator,1.0
2026-10-02 08:00:54+00:00,M04,5.542,100.08429,RUNNING,1,0,0.0,417.8,8.91,45.08,0.158,2799.9,18.9,96.8,0.02,simulator,1.0
2026-10-02 08:00:56+00:00,M04,5.421,100.0873,RUNNING,1,0,0.0,412.2,8.83,45.06,0.146,2800.6,18.49,96.9,0.02,simulator,1.0
2026-10-02 08:00:58+00:00,M04,5.434,100.09032,RUNNING,1,0,0.0,413.3,8.83,45.02,0.152,2801.5,18.52,96.9,0.02,simulator,1.0
2026-10-02 08:01:00+00:00,M04,5.634,100.09345,RUNNING,1,0,0.0,413.5,9.15,45.01,0.159,2804.5,19.19,96.9,0.02,simulator,1.0
2026-10-02 08:01:02+00:00,M04,5.547,100.09653,RUNNING,1,0,0.0,413.5,9.01,45.04,0.158,2804.2,18.89,96.8,0.02,simulator,1.0
2026-10-02 08:01:04+00:00,M04,5.446,100.09955,RUNNING,1,0,0.0,413.5,8.84,45.06,0.16,2799.9,18.58,96.8,0.02,simulator,1.0
2026-10-02 08:01:06+00:00,M04,5.772,100.10276,RUNNING,1,0,0.0,418.3,9.26,45.05,0.149,2802.7,19.67,96.9,0.02,simulator,1.0
2026-10-02 08:01:08+00:00,M04,5.769,100.10597,RUNNING,1,0,0.0,414.1,9.35,45.06,0.162,2804.2,19.65,96.8,0.02,simulator,1.0
2026-10-02 08:01:10+00:00,M04,5.647,100.1091,RUNNING,1,0,0.0,411.5,9.21,45.05,0.164,2804.3,19.23,96.8,0.02,simulator,1.0
2026-10-02 08:01:12+00:00,M04,5.482,100.11215,RUNNING,1,0,0.0,414.4,8.88,45.09,0.144,2800.4,18.69,96.8,0.02,simulator,1.0
2026-10-02 08:01:14+00:00,M04,5.829,100.11539,RUNNING,1,0,0.0,416.4,9.4,45.1,0.15,2801.0,19.87,96.9,0.02,simulator,1.0
2026-10-02 08:01:16+00:00,M04,5.688,100.11855,RUNNING,1,0,0.0,413.3,9.24,45.12,0.149,2798.6,19.41,96.9,0.02,simulator,1.0
2026-10-02 08:01:18+00:00,M04,5.712,100.12172,RUNNING,1,0,0.0,417.3,9.19,45.14,0.159,2801.4,19.47,96.8,0.02,simulator,1.0
2026-10-02 08:01:20+00:00,M04,5.529,100.12479,RUNNING,2,1,40.0,417.0,8.9,45.1,0.149,2798.7,18.87,96.9,0.02,simulator,1.0
2026-10-02 08:01:22+00:00,M04,5.463,100.12783,RUNNING,2,0,0.0,417.1,8.79,45.11,0.161,2798.1,18.65,96.8,0.02,simulator,1.0
2026-10-02 08:01:24+00:00,M04,5.666,100.13097,RUNNING,2,0,0.0,412.4,9.22,45.09,0.163,2795.4,19.36,96.8,0.03,simulator,1.0
2026-10-02 08:01:26+00:00,M04,5.545,100.13405,RUNNING,2,0,0.0,413.8,9.0,45.09,0.138,2801.9,18.9,96.8,0.02,simulator,1.0
2026-10-02 08:01:28+00:00,M04,5.753,100.13725,RUNNING,2,0,0.0,413.4,9.34,45.07,0.137,2796.6,19.65,96.9,0.02,simulator,1.0
2026-10-02 08:01:30+00:00,M04,5.61,100.14037,RUNNING,2,0,0.0,414.3,9.09,45.09,0.16,2802.2,19.12,96.8,0.03,simulator,1.0
2026-10-02 08:01:32+00:00,M04,5.499,100.14342,RUNNING,2,0,0.0,414.0,8.92,45.06,0.146,2800.5,18.75,96.9,0.02,simulator,1.0
2026-10-02 08:01:34+00:00,M04,5.493,100.14647,RUNNING,2,0,0.0,415.7,8.87,45.07,0.144,2804.9,18.7,96.9,0.02,simulator,1.0
2026-10-02 08:01:36+00:00,M04,5.672,100.14963,RUNNING,2,0,0.0,417.6,9.12,45.03,0.135,2801.8,19.33,96.9,0.02,simulator,1.0
2026-10-02 08:01:38+00:00,M04,5.544,100.15271,RUNNING,2,0,0.0,413.0,9.01,45.07,0.137,2796.0,18.94,96.9,0.02,simulator,1.0
2026-10-02 08:01:40+00:00,M04,5.82,100.15594,RUNNING,2,0,0.0,415.4,9.41,45.05,0.136,2796.7,19.87,97.0,0.02,simulator,1.0
2026-10-02 08:01:42+00:00,M04,5.819,100.15917,RUNNING,2,0,0.0,411.6,9.49,45.02,0.153,2796.1,19.87,96.9,0.02,simulator,1.0
2026-10-02 08:01:44+00:00,M04,5.584,100.16227,RUNNING,2,0,0.0,415.2,9.03,45.06,0.141,2798.0,19.06,97.0,0.02,simulator,1.0
2026-10-02 08:01:46+00:00,M04,5.506,100.16533,RUNNING,2,0,0.0,417.8,8.85,45.07,0.141,2804.3,18.75,97.0,0.02,simulator,1.0
2026-10-02 08:01:48+00:00,M04,5.808,100.16856,RUNNING,2,0,0.0,417.4,9.34,45.1,0.137,2797.0,19.83,97.0,0.02,simulator,1.0
2026-10-02 08:01:50+00:00,M04,5.572,100.17165,RUNNING,2,0,0.0,414.1,9.03,45.08,0.161,2802.3,18.99,96.9,0.02,simulator,1.0
2026-10-02 08:01:52+00:00,M04,5.485,100.1747,RUNNING,2,0,0.0,414.7,8.88,45.07,0.147,2799.0,18.71,96.9,0.02,simulator,1.0
2026-10-02 08:01:54+00:00,M04,5.794,100.17792,RUNNING,2,0,0.0,415.7,9.36,45.07,0.135,2797.6,19.78,96.9,0.02,simulator,1.0
2026-10-02 08:01:56+00:00,M04,5.641,100.18105,RUNNING,2,0,0.0,417.5,9.07,45.03,0.155,2801.4,19.23,96.9,0.02,simulator,1.0
2026-10-02 08:01:58+00:00,M04,5.654,100.1842,RUNNING,2,0,0.0,418.3,9.07,45.01,0.143,2799.7,19.29,96.9,0.02,simulator,1.0
2026-10-02 08:02:00+00:00,M04,5.524,100.18726,RUNNING,3,1,40.0,411.7,9.01,44.99,0.159,2798.3,18.85,96.9,0.02,simulator,1.0
2026-10-02 08:02:02+00:00,M04,5.776,100.19047,RUNNING,3,0,0.0,415.7,9.33,44.98,0.14,2804.1,19.67,96.9,0.02,simulator,1.0
2026-10-02 08:02:04+00:00,M04,5.49,100.19352,RUNNING,3,0,0.0,412.0,8.95,44.97,0.156,2800.3,18.72,96.9,0.02,simulator,1.0
2026-10-02 08:02:06+00:00,M04,5.726,100.1967,RUNNING,3,0,0.0,412.0,9.33,44.94,0.15,2802.0,19.52,96.9,0.02,simulator,1.0
2026-10-02 08:02:08+00:00,M04,5.789,100.19992,RUNNING,3,0,0.0,413.1,9.41,44.96,0.156,2803.6,19.72,96.9,0.02,simulator,1.0
2026-10-02 08:02:10+00:00,M04,5.714,100.2031,RUNNING,3,0,0.0,418.4,9.17,44.95,0.157,2801.9,19.48,96.9,0.02,simulator,1.0
2026-10-02 08:02:12+00:00,M04,5.829,100.20633,RUNNING,3,0,0.0,418.4,9.35,44.99,0.142,2797.0,19.9,96.9,0.02,simulator,1.0
2026-10-02 08:02:14+00:00,M04,5.573,100.20943,RUNNING,3,0,0.0,414.9,9.02,44.97,0.135,2800.9,19.0,96.9,0.02,simulator,1.0
2026-10-02 08:02:16+00:00,M04,5.616,100.21255,RUNNING,3,0,0.0,412.5,9.14,44.98,0.133,2804.0,19.13,97.0,0.02,simulator,1.0
2026-10-02 08:02:18+00:00,M04,5.439,100.21557,RUNNING,3,0,0.0,415.3,8.79,44.95,0.138,2801.5,18.54,97.0,0.02,simulator,1.0
2026-10-02 08:02:20+00:00,M04,5.611,100.21869,RUNNING,3,0,0.0,416.8,9.04,44.92,0.155,2797.7,19.15,96.9,0.02,simulator,1.0
2026-10-02 08:02:22+00:00,M04,5.528,100.22176,RUNNING,3,0,0.0,416.8,8.9,44.9,0.161,2796.6,18.88,96.9,0.02,simulator,1.0
2026-10-02 08:02:24+00:00,M04,5.804,100.22498,RUNNING,3,0,0.0,417.1,9.34,44.95,0.162,2800.9,19.79,96.8,0.02,simulator,1.0
2026-10-02 08:02:26+00:00,M04,5.587,100.22809,RUNNING,3,0,0.0,416.9,9.0,44.93,0.15,2802.9,19.04,96.9,0.02,simulator,1.0
2026-10-02 08:02:28+00:00,M04,5.653,100.23123,RUNNING,3,0,0.0,416.5,9.11,44.9,0.153,2795.7,19.31,96.9,0.02,simulator,1.0
2026-10-02 08:02:30+00:00,M04,5.71,100.2344,RUNNING,3,0,0.0,418.3,9.16,44.88,0.164,2798.6,19.48,96.8,0.02,simulator,1.0
2026-10-02 08:02:32+00:00,M04,5.606,100.23752,RUNNING,3,0,0.0,414.8,9.07,44.92,0.141,2796.9,19.14,96.9,0.02,simulator,1.0
2026-10-02 08:02:34+00:00,M04,5.59,100.24062,RUNNING,3,0,0.0,417.7,8.98,44.89,0.16,2795.6,19.1,96.8,0.02,simulator,1.0
2026-10-02 08:02:36+00:00,M04,5.792,100.24384,RUNNING,3,0,0.0,418.1,9.3,44.92,0.152,2801.4,19.74,96.9,0.02,simulator,1.0
2026-10-02 08:02:38+00:00,M04,5.51,100.2469,RUNNING,3,0,0.0,417.5,8.86,44.93,0.144,2796.6,18.82,96.9,0.02,simulator,1.0
2026-10-02 08:02:40+00:00,M04,5.491,100.24995,RUNNING,4,1,40.0,416.2,8.86,44.93,0.144,2796.4,18.75,96.9,0.02,simulator,1.0
2026-10-02 08:02:42+00:00,M04,5.579,100.25305,RUNNING,4,0,0.0,418.0,8.96,44.9,0.157,2803.3,19.01,96.9,0.02,simulator,1.0
2026-10-02 08:02:44+00:00,M04,5.715,100.25622,RUNNING,4,0,0.0,413.7,9.27,44.88,0.165,2799.0,19.5,96.8,0.02,simulator,1.0
2026-10-02 08:02:46+00:00,M04,5.717,100.2594,RUNNING,4,0,0.0,417.5,9.19,44.93,0.167,2803.3,19.48,96.7,0.02,simulator,1.0
2026-10-02 08:02:48+00:00,M04,5.451,100.26243,RUNNING,4,0,0.0,413.5,8.85,44.89,0.15,2798.9,18.6,96.8,0.02,simulator,1.0
2026-10-02 08:02:50+00:00,M04,5.531,100.2655,RUNNING,4,0,0.0,412.0,9.01,44.92,0.16,2804.6,18.83,96.8,0.02,simulator,1.0
2026-10-02 08:02:52+00:00,M04,5.79,100.26872,RUNNING,4,0,0.0,413.1,9.41,44.96,0.137,2803.8,19.72,96.9,0.02,simulator,1.0
2026-10-02 08:02:54+00:00,M04,5.516,100.27178,RUNNING,4,0,0.0,412.4,8.98,44.93,0.146,2802.5,18.8,96.9,0.02,simulator,1.0
2026-10-02 08:02:56+00:00,M04,5.711,100.27496,RUNNING,4,0,0.0,415.5,9.23,44.98,0.156,2797.1,19.5,96.9,0.02,simulator,1.0
2026-10-02 08:02:58+00:00,M04,5.66,100.2781,RUNNING,4,0,0.0,412.4,9.21,44.96,0.144,2795.5,19.34,96.9,0.02,simulator,1.0
2026-10-02 08:03:00+00:00,M04,5.66,100.28124,RUNNING,4,0,0.0,414.0,9.18,44.93,0.15,2798.4,19.32,96.9,0.02,simulator,1.0
2026-10-02 08:03:02+00:00,M04,5.828,100.28448,RUNNING,4,0,0.0,414.7,9.43,44.88,0.144,2803.4,19.85,97.0,0.02,simulator,1.0
2026-10-02 08:03:04+00:00,M04,5.784,100.2877,RUNNING,4,0,0.0,414.4,9.37,44.92,0.161,2799.5,19.73,96.9,0.02,simulator,1.0
2026-10-02 08:03:06+00:00,M04,5.71,100.29087,RUNNING,4,0,0.0,415.9,9.22,44.9,0.138,2796.3,19.5,96.9,0.02,simulator,1.0
2026-10-02 08:03:08+00:00,M04,5.599,100.29398,RUNNING,4,0,0.0,414.9,9.06,44.94,0.134,2802.5,19.08,96.9,0.02,simulator,1.0
2026-10-02 08:03:10+00:00,M04,5.458,100.29701,RUNNING,4,0,0.0,413.9,8.85,44.99,0.135,2804.0,18.59,97.0,0.02,simulator,1.0
2026-10-02 08:03:12+00:00,M04,5.562,100.3001,RUNNING,4,0,0.0,415.6,8.98,44.96,0.132,2799.7,18.97,97.0,0.02,simulator,1.0
2026-10-02 08:03:14+00:00,M04,5.763,100.3033,RUNNING,4,0,0.0,417.9,9.26,44.92,0.145,2797.6,19.67,97.0,0.02,simulator,1.0
2026-10-02 08:03:16+00:00,M04,5.79,100.30652,RUNNING,4,0,0.0,418.3,9.29,44.93,0.14,2796.1,19.78,97.0,0.02,simulator,1.0
2026-10-02 08:03:18+00:00,M04,5.673,100.30967,RUNNING,4,0,0.0,413.9,9.2,44.89,0.158,2797.4,19.37,96.9,0.02,simulator,1.0
2026-10-02 08:03:20+00:00,M04,5.535,100.31275,RUNNING,5,1,40.0,415.8,8.94,44.89,0.166,2798.2,18.89,96.8,0.03,simulator,1.0
2026-10-02 08:03:22+00:00,M04,5.393,100.31574,RUNNING,5,0,0.0,414.1,8.74,44.89,0.14,2799.5,18.4,96.9,0.02,simulator,1.0
2026-10-02 08:03:24+00:00,M04,5.443,100.31877,RUNNING,5,0,0.0,416.0,8.78,44.94,0.14,2796.5,18.59,96.9,0.02,simulator,1.0
2026-10-02 08:03:26+00:00,M04,5.392,100.32176,RUNNING,5,0,0.0,413.3,8.76,44.97,0.14,2797.4,18.41,96.9,0.02,simulator,1.0
2026-10-02 08:03:28+00:00,M04,5.428,100.32478,RUNNING,5,0,0.0,416.7,8.74,45.02,0.148,2795.3,18.54,97.0,0.02,simulator,1.0
2026-10-02 08:03:30+00:00,M04,5.611,100.32789,RUNNING,5,0,0.0,415.2,9.07,44.99,0.147,2802.6,19.12,97.0,0.02,simulator,1.0
2026-10-02 08:03:32+00:00,M04,5.767,100.3311,RUNNING,5,0,0.0,415.9,9.31,44.98,0.153,2804.4,19.64,97.0,0.02,simulator,1.0
2026-10-02 08:03:34+00:00,M04,5.435,100.33412,RUNNING,5,0,0.0,415.2,8.79,45.02,0.142,2800.9,18.53,97.0,0.02,simulator,1.0
2026-10-02 08:03:36+00:00,M04,5.436,100.33714,RUNNING,5,0,0.0,415.2,8.79,44.98,0.137,2803.7,18.52,97.0,0.02,simulator,1.0
2026-10-02 08:03:38+00:00,M04,5.625,100.34026,RUNNING,5,0,0.0,413.6,9.13,45.01,0.135,2797.2,19.2,97.0,0.02,simulator,1.0
2026-10-02 08:03:40+00:00,M04,5.563,100.34335,RUNNING,5,0,0.0,415.4,8.99,44.98,0.148,2804.7,18.94,97.0,0.02,simulator,1.0
2026-10-02 08:03:42+00:00,M04,5.489,100.3464,RUNNING,5,0,0.0,411.8,8.95,45.02,0.146,2804.1,18.69,97.0,0.02,simulator,1.0
2026-10-02 08:03:44+00:00,M04,5.735,100.34959,RUNNING,5,0,0.0,416.2,9.25,44.99,0.158,2804.6,19.53,96.9,0.02,simulator,1.0
2026-10-02 08:03:46+00:00,M04,5.391,100.35258,RUNNING,5,0,0.0,416.9,8.68,44.98,0.146,2804.2,18.36,97.0,0.02,simulator,1.0
2026-10-02 08:03:48+00:00,M04,5.466,100.35562,RUNNING,5,0,0.0,413.0,8.89,45.02,0.162,2803.6,18.62,96.9,0.03,simulator,1.0
2026-10-02 08:03:50+00:00,M04,5.719,100.3588,RUNNING,5,0,0.0,415.7,9.24,45.02,0.148,2797.7,19.52,96.9,0.02,simulator,1.0
2026-10-02 08:03:52+00:00,M04,5.619,100.36192,RUNNING,5,0,0.0,412.8,9.14,45.05,0.149,2802.1,19.15,96.9,0.02,simulator,1.0
2026-10-02 08:03:54+00:00,M04,5.486,100.36497,RUNNING,5,0,0.0,415.6,8.86,45.08,0.143,2797.7,18.73,96.9,0.02,simulator,1.0
2026-10-02 08:03:56+00:00,M04,5.748,100.36816,RUNNING,5,0,0.0,416.1,9.27,45.08,0.151,2795.9,19.63,96.9,0.02,simulator,1.0
2026-10-02 08:03:58+00:00,M04,5.474,100.3712,RUNNING,5,0,0.0,413.8,8.88,45.06,0.161,2802.0,18.66,96.9,0.02,simulator,1.0
2026-10-02 08:04:00+00:00,M04,5.684,100.37436,RUNNING,6,1,40.0,417.8,9.13,45.09,0.162,2802.0,19.37,96.8,0.02,simulator,1.0
2026-10-02 08:04:02+00:00,M04,5.557,100.37745,RUNNING,6,0,0.0,417.9,8.93,45.1,0.164,2802.1,18.94,96.7,0.02,simulator,1.0
2026-10-02 08:04:04+00:00,M04,5.501,100.3805,RUNNING,6,0,0.0,417.8,8.84,45.1,0.153,2804.6,18.73,96.8,0.02,simulator,1.0
2026-10-02 08:04:06+00:00,M04,5.731,100.38369,RUNNING,6,0,0.0,415.3,9.26,45.08,0.164,2799.2,19.55,96.7,0.02,simulator,1.0
2026-10-02 08:04:08+00:00,M04,5.451,100.38671,RUNNING,6,0,0.0,416.4,8.79,45.06,0.164,2797.5,18.61,96.7,0.02,simulator,1.0
2026-10-02 08:04:10+00:00,M04,5.586,100.38982,RUNNING,6,0,0.0,417.2,8.99,45.1,0.167,2796.4,19.08,96.7,0.03,simulator,1.0
2026-10-02 08:04:12+00:00,M04,5.686,100.39298,RUNNING,6,0,0.0,413.0,9.24,45.05,0.154,2797.1,19.41,96.7,0.03,simulator,1.0
2026-10-02 08:04:14+00:00,M04,5.717,100.39615,RUNNING,6,0,0.0,415.4,9.24,45.07,0.154,2798.3,19.51,96.8,0.02,simulator,1.0
2026-10-02 08:04:16+00:00,M04,5.773,100.39936,RUNNING,6,0,0.0,418.4,9.26,45.05,0.153,2799.2,19.7,96.8,0.02,simulator,1.0
2026-10-02 08:04:18+00:00,M04,5.826,100.4026,RUNNING,6,0,0.0,415.6,9.41,45.05,0.151,2798.7,19.88,96.9,0.02,simulator,1.0
2026-10-02 08:04:20+00:00,M04,5.77,100.4058,RUNNING,6,0,0.0,414.6,9.34,45.05,0.136,2800.3,19.68,96.9,0.02,simulator,1.0
2026-10-02 08:04:22+00:00,M04,5.422,100.40881,RUNNING,6,0,0.0,416.4,8.74,45.04,0.133,2803.7,18.47,96.9,0.02,simulator,1.0
2026-10-02 08:04:24+00:00,M04,5.457,100.41185,RUNNING,6,0,0.0,415.8,8.81,45.05,0.15,2801.7,18.6,96.9,0.02,simulator,1.0
2026-10-02 08:04:26+00:00,M04,5.802,100.41507,RUNNING,6,0,0.0,417.9,9.32,45.01,0.157,2795.8,19.82,96.9,0.02,simulator,1.0
2026-10-02 08:04:28+00:00,M04,5.787,100.41828,RUNNING,6,0,0.0,418.2,9.29,45.04,0.136,2802.6,19.72,96.9,0.02,simulator,1.0
2026-10-02 08:04:30+00:00,M04,5.727,100.42147,RUNNING,6,0,0.0,411.5,9.34,45.01,0.14,2802.6,19.52,96.9,0.02,simulator,1.0
2026-10-02 08:04:32+00:00,M04,5.566,100.42456,RUNNING,6,0,0.0,417.9,8.94,45.05,0.147,2797.8,19.0,97.0,0.02,simulator,1.0
2026-10-02 08:04:34+00:00,M04,5.751,100.42775,RUNNING,6,0,0.0,416.7,9.27,45.08,0.151,2799.6,19.62,97.0,0.02,simulator,1.0
2026-10-02 08:04:36+00:00,M04,5.488,100.4308,RUNNING,6,0,0.0,411.9,8.94,45.06,0.146,2798.6,18.73,97.0,0.02,simulator,1.0
2026-10-02 08:04:38+00:00,M04,5.531,100.43387,RUNNING,6,0,0.0,413.1,8.99,45.06,0.138,2804.9,18.83,97.0,0.02,simulator,1.0
2026-10-02 08:04:40+00:00,M04,5.676,100.43703,RUNNING,7,1,40.0,416.0,9.16,45.01,0.147,2799.5,19.36,97.0,0.02,simulator,1.0
2026-10-02 08:04:42+00:00,M04,5.53,100.4401,RUNNING,7,0,0.0,418.0,8.88,45.05,0.15,2795.2,18.89,97.0,0.02,simulator,1.0
2026-10-02 08:04:44+00:00,M04,5.585,100.4432,RUNNING,7,0,0.0,413.2,9.07,45.03,0.157,2797.7,19.06,96.9,0.02,simulator,1.0
2026-10-02 08:04:46+00:00,M04,5.609,100.44632,RUNNING,7,0,0.0,416.5,9.04,45.04,0.153,2796.0,19.16,96.9,0.02,simulator,1.0
2026-10-02 08:04:48+00:00,M04,5.547,100.4494,RUNNING,7,0,0.0,412.6,9.03,45.06,0.161,2799.6,18.92,96.9,0.02,simulator,1.0
2026-10-02 08:04:50+00:00,M04,5.637,100.45253,RUNNING,7,0,0.0,414.5,9.13,45.11,0.145,2802.3,19.21,96.9,0.02,simulator,1.0
2026-10-02 08:04:52+00:00,M04,5.805,100.45576,RUNNING,7,0,0.0,414.6,9.4,45.08,0.135,2796.0,19.83,96.9,0.02,simulator,1.0
2026-10-02 08:04:54+00:00,M04,5.493,100.45881,RUNNING,7,0,0.0,415.4,8.88,45.13,0.147,2802.6,18.72,96.9,0.02,simulator,1.0
2026-10-02 08:04:56+00:00,M04,5.418,100.46182,RUNNING,7,0,0.0,411.7,8.83,45.09,0.141,2797.6,18.5,96.9,0.02,simulator,1.0
2026-10-02 08:04:58+00:00,M04,5.407,100.46482,RUNNING,7,0,0.0,414.2,8.76,45.04,0.152,2803.6,18.42,96.9,0.02,simulator,1.0
2026-10-02 08:05:00+00:00,M04,5.727,100.468,RUNNING,7,0,0.0,413.3,9.3,45.06,0.162,2798.5,19.54,96.9,0.02,simulator,1.0
2026-10-02 08:05:02+00:00,M04,5.503,100.47106,RUNNING,7,0,0.0,414.2,8.92,45.05,0.164,2797.1,18.79,96.8,0.02,simulator,1.0
2026-10-02 08:05:04+00:00,M04,5.498,100.47412,RUNNING,7,0,0.0,414.5,8.9,45.06,0.151,2795.0,18.79,96.8,0.02,simulator,1.0
2026-10-02 08:05:06+00:00,M04,5.814,100.47735,RUNNING,7,0,0.0,412.5,9.46,45.03,0.159,2803.3,19.81,96.8,0.02,simulator,1.0
2026-10-02 08:05:08+00:00,M04,5.403,100.48035,RUNNING,7,0,0.0,413.5,8.77,45.05,0.154,2804.7,18.4,96.8,0.02,simulator,1.0
2026-10-02 08:05:10+00:00,M04,5.741,100.48354,RUNNING,7,0,0.0,416.9,9.24,45.09,0.154,2796.2,19.61,96.8,0.02,simulator,1.0
2026-10-02 08:05:12+00:00,M04,5.811,100.48677,RUNNING,7,0,0.0,413.3,9.44,45.13,0.153,2802.4,19.8,96.9,0.02,simulator,1.0
2026-10-02 08:05:14+00:00,M04,5.669,100.48992,RUNNING,7,0,0.0,414.0,9.19,45.08,0.158,2795.2,19.37,96.8,0.02,simulator,1.0
2026-10-02 08:05:16+00:00,M04,5.407,100.49292,RUNNING,7,0,0.0,416.2,8.72,45.03,0.161,2799.2,18.45,96.8,0.02,simulator,1.0
2026-10-02 08:05:18+00:00,M04,5.61,100.49604,RUNNING,7,0,0.0,411.7,9.15,45.05,0.15,2795.4,19.17,96.8,0.02,simulator,1.0
2026-10-02 08:05:20+00:00,M04,5.419,100.49905,RUNNING,8,1,40.0,414.7,8.77,45.02,0.139,2799.2,18.49,96.9,0.02,simulator,1.0
2026-10-02 08:05:22+00:00,M04,5.754,100.50224,RUNNING,8,0,0.0,414.8,9.31,45.02,0.144,2801.0,19.62,96.9,0.02,simulator,1.0
2026-10-02 08:05:24+00:00,M04,5.642,100.50538,RUNNING,8,0,0.0,413.1,9.17,45.06,0.136,2803.7,19.22,96.9,0.02,simulator,1.0
2026-10-02 08:05:26+00:00,M04,5.684,100.50854,RUNNING,8,0,0.0,414.6,9.2,45.02,0.138,2802.2,19.37,97.0,0.02,simulator,1.0
2026-10-02 08:05:28+00:00,M04,5.416,100.51154,RUNNING,8,0,0.0,415.9,8.74,45.05,0.144,2796.4,18.5,97.0,0.02,simulator,1.0
2026-10-02 08:05:30+00:00,M04,5.722,100.51472,RUNNING,8,0,0.0,416.2,9.23,45.09,0.14,2800.0,19.52,97.0,0.02,simulator,1.0
2026-10-02 08:05:32+00:00,M04,5.437,100.51774,RUNNING,8,0,0.0,413.6,8.83,45.05,0.144,2796.5,18.57,97.0,0.02,simulator,1.0
2026-10-02 08:05:34+00:00,M04,5.766,100.52095,RUNNING,8,0,0.0,417.6,9.27,45.07,0.159,2797.8,19.68,96.9,0.02,simulator,1.0
2026-10-02 08:05:36+00:00,M04,5.711,100.52412,RUNNING,8,0,0.0,418.2,9.17,45.03,0.164,2803.5,19.45,96.8,0.02,simulator,1.0
2026-10-02 08:05:38+00:00,M04,5.491,100.52717,RUNNING,8,0,0.0,416.4,8.85,44.99,0.151,2800.9,18.72,96.9,0.02,simulator,1.0
2026-10-02 08:05:40+00:00,M04,5.817,100.5304,RUNNING,8,0,0.0,414.7,9.42,45.01,0.148,2797.2,19.86,96.9,0.02,simulator,1.0
2026-10-02 08:05:42+00:00,M04,5.719,100.53358,RUNNING,8,0,0.0,413.9,9.28,45.02,0.14,2797.4,19.52,96.9,0.02,simulator,1.0
2026-10-02 08:05:44+00:00,M04,5.442,100.5366,RUNNING,8,0,0.0,414.6,8.81,44.99,0.133,2801.7,18.55,97.0,0.02,simulator,1.0
2026-10-02 08:05:46+00:00,M04,5.541,100.53968,RUNNING,8,0,0.0,414.9,8.97,45.02,0.144,2798.0,18.91,97.0,0.02,simulator,1.0
2026-10-02 08:05:48+00:00,M04,5.508,100.54274,RUNNING,8,0,0.0,414.8,8.91,44.99,0.145,2800.2,18.78,97.0,0.02,simulator,1.0
2026-10-02 08:05:50+00:00,M04,5.816,100.54597,RUNNING,8,0,0.0,415.6,9.39,44.97,0.148,2796.4,19.86,97.0,0.02,simulator,1.0
2026-10-02 08:05:52+00:00,M04,5.8,100.54919,RUNNING,8,0,0.0,417.8,9.32,44.93,0.157,2803.8,19.76,96.9,0.02,simulator,1.0
2026-10-02 08:05:54+00:00,M04,5.645,100.55233,RUNNING,8,0,0.0,413.4,9.17,44.9,0.164,2804.0,19.23,96.8,0.03,simulator,1.0
2026-10-02 08:05:56+00:00,M04,5.718,100.55551,RUNNING,8,0,0.0,413.2,9.29,44.86,0.163,2804.6,19.47,96.8,0.02,simulator,1.0
2026-10-02 08:05:58+00:00,M04,5.629,100.55863,RUNNING,8,0,0.0,413.0,9.15,44.83,0.141,2799.2,19.2,96.9,0.02,simulator,1.0
2026-10-02 08:06:00+00:00,M04,5.829,100.56187,RUNNING,9,1,40.0,417.0,9.38,44.78,0.154,2803.2,19.86,96.9,0.02,simulator,1.0
2026-10-02 08:06:02+00:00,M04,5.62,100.56499,RUNNING,9,0,0.0,412.6,9.14,44.83,0.143,2798.6,19.18,96.9,0.02,simulator,1.0
2026-10-02 08:06:04+00:00,M04,5.525,100.56806,RUNNING,9,0,0.0,414.3,8.95,44.84,0.14,2802.0,18.83,96.9,0.02,simulator,1.0
2026-10-02 08:06:06+00:00,M04,5.498,100.57112,RUNNING,9,0,0.0,416.3,8.87,44.87,0.163,2802.3,18.74,96.9,0.02,simulator,1.0
2026-10-02 08:06:08+00:00,M04,5.393,100.57411,RUNNING,9,0,0.0,415.7,8.71,44.84,0.158,2798.1,18.41,96.8,0.02,simulator,1.0
2026-10-02 08:06:10+00:00,M04,5.516,100.57718,RUNNING,9,0,0.0,414.3,8.94,44.88,0.147,2804.1,18.79,96.9,0.02,simulator,1.0
2026-10-02 08:06:12+00:00,M04,5.807,100.58041,RUNNING,9,0,0.0,417.1,9.35,44.89,0.145,2796.2,19.83,96.9,0.02,simulator,1.0
2026-10-02 08:06:14+00:00,M04,5.442,100.58343,RUNNING,9,0,0.0,415.7,8.79,44.92,0.135,2796.0,18.59,96.9,0.02,simulator,1.0
2026-10-02 08:06:16+00:00,M04,5.793,100.58665,RUNNING,9,0,0.0,413.5,9.41,44.9,0.157,2797.5,19.78,96.9,0.02,simulator,1.0
2026-10-02 08:06:18+00:00,M04,5.73,100.58983,RUNNING,9,0,0.0,417.1,9.22,44.91,0.163,2796.0,19.57,96.8,0.02,simulator,1.0
2026-10-02 08:06:20+00:00,M04,5.629,100.59296,RUNNING,9,0,0.0,415.6,9.09,44.92,0.144,2802.2,19.18,96.9,0.02,simulator,1.0
2026-10-02 08:06:22+00:00,M04,5.638,100.59609,RUNNING,9,0,0.0,416.3,9.09,44.88,0.154,2799.8,19.23,96.9,0.02,simulator,1.0
2026-10-02 08:06:24+00:00,M04,5.614,100.59921,RUNNING,9,0,0.0,411.6,9.16,44.88,0.144,2801.9,19.13,96.9,0.02,simulator,1.0
2026-10-02 08:06:26+00:00,M04,5.71,100.60238,RUNNING,9,0,0.0,414.7,9.24,44.89,0.161,2804.9,19.44,96.9,0.02,simulator,1.0
2026-10-02 08:06:28+00:00,M04,5.506,100.60544,RUNNING,9,0,0.0,417.2,8.86,44.85,0.143,2795.9,18.81,96.9,0.02,simulator,1.0
2026-10-02 08:06:30+00:00,M04,5.769,100.60864,RUNNING,9,0,0.0,414.4,9.35,44.81,0.157,2795.2,19.71,96.9,0.02,simulator,1.0
2026-10-02 08:06:32+00:00,M04,5.422,100.61166,RUNNING,9,0,0.0,418.4,8.7,44.84,0.157,2796.4,18.52,96.9,0.02,simulator,1.0
2026-10-02 08:06:34+00:00,M04,5.727,100.61484,RUNNING,9,0,0.0,411.6,9.34,44.85,0.165,2803.2,19.51,96.8,0.02,simulator,1.0
2026-10-02 08:06:36+00:00,M04,5.553,100.61792,RUNNING,9,0,0.0,411.7,9.05,44.81,0.146,2804.9,18.91,96.9,0.02,simulator,1.0
2026-10-02 08:06:38+00:00,M04,5.415,100.62093,RUNNING,9,0,0.0,411.7,8.83,44.84,0.141,2801.5,18.46,96.9,0.02,simulator,1.0
2026-10-02 08:06:40+00:00,M04,5.472,100.62397,RUNNING,10,1,40.0,413.1,8.89,44.88,0.136,2795.9,18.69,96.9,0.02,simulator,1.0
2026-10-02 08:06:42+00:00,M04,5.759,100.62717,RUNNING,10,0,0.0,412.5,9.37,44.92,0.158,2798.7,19.65,96.9,0.02,simulator,1.0
2026-10-02 08:06:44+00:00,M04,5.559,100.63026,RUNNING,10,0,0.0,411.9,9.06,44.89,0.142,2804.7,18.93,96.9,0.02,simulator,1.0
2026-10-02 08:06:46+00:00,M04,5.417,100.63327,RUNNING,10,0,0.0,413.1,8.8,44.93,0.151,2796.4,18.5,96.9,0.02,simulator,1.0
2026-10-02 08:06:48+00:00,M04,5.402,100.63627,RUNNING,10,0,0.0,414.6,8.75,44.88,0.136,2800.8,18.42,97.0,0.02,simulator,1.0
2026-10-02 08:06:50+00:00,M04,5.635,100.6394,RUNNING,10,0,0.0,414.0,9.14,44.92,0.15,2797.9,19.23,97.0,0.02,simulator,1.0
2026-10-02 08:06:52+00:00,M04,5.724,100.64258,RUNNING,10,0,0.0,414.0,9.28,44.93,0.146,2798.6,19.53,97.0,0.02,simulator,1.0
2026-10-02 08:06:54+00:00,M04,5.596,100.64569,RUNNING,10,0,0.0,414.9,9.05,44.97,0.139,2801.7,19.07,97.0,0.02,simulator,1.0
2026-10-02 08:06:56+00:00,M04,5.822,100.64892,RUNNING,10,0,0.0,417.0,9.37,44.96,0.135,2795.4,19.89,97.0,0.02,simulator,1.0
2026-10-02 08:06:58+00:00,M04,5.545,100.652,RUNNING,10,0,0.0,415.1,8.97,44.92,0.141,2799.5,18.92,97.0,0.02,simulator,1.0
2026-10-02 08:07:00+00:00,M04,5.568,100.6551,RUNNING,10,0,0.0,418.2,8.94,44.87,0.151,2801.9,18.98,97.0,0.02,simulator,1.0
2026-10-02 08:07:02+00:00,M04,5.762,100.6583,RUNNING,10,0,0.0,415.4,9.31,44.88,0.157,2801.9,19.64,96.9,0.02,simulator,1.0
2026-10-02 08:07:04+00:00,M04,5.457,100.66133,RUNNING,10,0,0.0,413.4,8.86,44.91,0.143,2799.5,18.62,97.0,0.02,simulator,1.0
2026-10-02 08:07:06+00:00,M04,5.771,100.66454,RUNNING,10,0,0.0,412.4,9.39,44.86,0.151,2797.8,19.7,97.0,0.02,simulator,1.0
2026-10-02 08:07:08+00:00,M04,5.678,100.66769,RUNNING,10,0,0.0,413.4,9.22,44.84,0.165,2799.7,19.37,96.9,0.03,simulator,1.0
2026-10-02 08:07:10+00:00,M04,5.732,100.67088,RUNNING,10,0,0.0,416.4,9.24,44.84,0.148,2796.3,19.58,96.9,0.02,simulator,1.0
2026-10-02 08:07:12+00:00,M04,5.617,100.674,RUNNING,10,0,0.0,412.3,9.15,44.88,0.149,2797.7,19.17,96.9,0.02,simulator,1.0
2026-10-02 08:07:14+00:00,M04,5.658,100.67714,RUNNING,10,0,0.0,414.0,9.17,44.86,0.143,2804.1,19.27,97.0,0.02,simulator,1.0
2026-10-02 08:07:16+00:00,M04,5.679,100.68029,RUNNING,10,0,0.0,417.6,9.13,44.86,0.161,2799.5,19.37,96.9,0.02,simulator,1.0
2026-10-02 08:07:18+00:00,M04,5.758,100.68349,RUNNING,10,0,0.0,414.5,9.33,44.83,0.14,2803.2,19.62,96.9,0.02,simulator,1.0
2026-10-02 08:07:20+00:00,M04,5.439,100.68652,RUNNING,11,1,40.0,411.9,8.86,44.87,0.147,2795.4,18.58,96.9,0.02,simulator,1.0
2026-10-02 08:07:22+00:00,M04,5.471,100.68955,RUNNING,11,0,0.0,413.1,8.89,44.84,0.144,2801.0,18.65,97.0,0.02,simulator,1.0
2026-10-02 08:07:24+00:00,M04,5.614,100.69267,RUNNING,11,0,0.0,415.5,9.07,44.87,0.139,2798.0,19.16,97.0,0.02,simulator,1.0
2026-10-02 08:07:26+00:00,M04,5.785,100.69589,RUNNING,11,0,0.0,414.8,9.36,44.9,0.162,2802.9,19.71,96.9,0.02,simulator,1.0
2026-10-02 08:07:28+00:00,M04,5.544,100.69897,RUNNING,11,0,0.0,416.8,8.93,44.85,0.144,2802.8,18.89,96.9,0.02,simulator,1.0
2026-10-02 08:07:30+00:00,M04,5.643,100.7021,RUNNING,11,0,0.0,414.2,9.15,44.84,0.148,2803.8,19.22,96.9,0.02,simulator,1.0
2026-10-02 08:07:32+00:00,M04,5.533,100.70518,RUNNING,11,0,0.0,416.0,8.93,44.82,0.161,2796.2,18.9,96.9,0.02,simulator,1.0
2026-10-02 08:07:34+00:00,M04,5.759,100.70838,RUNNING,11,0,0.0,415.6,9.3,44.8,0.165,2797.0,19.66,96.8,0.03,simulator,1.0
2026-10-02 08:07:36+00:00,M04,5.521,100.71144,RUNNING,11,0,0.0,417.8,8.87,44.84,0.155,2795.9,18.86,96.8,0.02,simulator,1.0
2026-10-02 08:07:38+00:00,M04,5.608,100.71456,RUNNING,11,0,0.0,413.1,9.11,44.84,0.156,2798.0,19.14,96.8,0.02,simulator,1.0
2026-10-02 08:07:40+00:00,M04,5.444,100.71758,RUNNING,11,0,0.0,417.8,8.75,44.81,0.154,2796.0,18.59,96.9,0.02,simulator,1.0
2026-10-02 08:07:42+00:00,M04,5.515,100.72065,RUNNING,11,0,0.0,415.8,8.9,44.82,0.149,2803.4,18.79,96.9,0.02,simulator,1.0
2026-10-02 08:07:44+00:00,M04,5.495,100.7237,RUNNING,11,0,0.0,417.9,8.83,44.78,0.162,2797.4,18.76,96.8,0.02,simulator,1.0
2026-10-02 08:07:46+00:00,M04,5.617,100.72682,RUNNING,11,0,0.0,412.7,9.14,44.74,0.16,2795.9,19.19,96.8,0.02,simulator,1.0
2026-10-02 08:07:48+00:00,M04,5.633,100.72995,RUNNING,11,0,0.0,414.2,9.13,44.71,0.157,2800.0,19.21,96.8,0.02,simulator,1.0
2026-10-02 08:07:50+00:00,M04,5.668,100.7331,RUNNING,11,0,0.0,418.1,9.1,44.71,0.144,2800.3,19.33,96.9,0.02,simulator,1.0
2026-10-02 08:07:52+00:00,M04,5.709,100.73627,RUNNING,11,0,0.0,412.3,9.3,44.68,0.144,2803.6,19.45,96.9,0.02,simulator,1.0
2026-10-02 08:07:54+00:00,M04,5.455,100.7393,RUNNING,11,0,0.0,413.1,8.87,44.64,0.149,2797.8,18.62,96.9,0.02,simulator,1.0
2026-10-02 08:07:56+00:00,M04,5.399,100.7423,RUNNING,11,0,0.0,416.6,8.7,44.68,0.151,2801.7,18.4,96.9,0.02,simulator,1.0
2026-10-02 08:07:58+00:00,M04,5.485,100.74535,RUNNING,11,0,0.0,414.5,8.88,44.72,0.147,2800.6,18.7,97.0,0.02,simulator,1.0
2026-10-02 08:08:00+00:00,M04,5.468,100.74839,RUNNING,12,1,40.0,418.4,8.77,44.69,0.136,2801.4,18.64,97.0,0.02,simulator,1.0
2026-10-02 08:08:02+00:00,M04,5.652,100.75153,RUNNING,12,0,0.0,413.6,9.17,44.69,0.151,2795.9,19.31,97.0,0.02,simulator,1.0
2026-10-02 08:08:04+00:00,M04,5.416,100.75453,RUNNING,12,0,0.0,418.4,8.69,44.65,0.153,2802.1,18.46,97.0,0.02,simulator,1.0
2026-10-02 08:08:06+00:00,M04,5.542,100.75761,RUNNING,12,0,0.0,415.0,8.97,44.67,0.163,2804.5,18.87,96.9,0.03,simulator,1.0
2026-10-02 08:08:08+00:00,M04,5.601,100.76072,RUNNING,12,0,0.0,412.3,9.12,44.66,0.161,2801.5,19.09,96.8,0.02,simulator,1.0
2026-10-02 08:08:10+00:00,M04,5.803,100.76395,RUNNING,12,0,0.0,415.0,9.39,44.65,0.164,2804.1,19.76,96.8,0.02,simulator,1.0
2026-10-02 08:08:12+00:00,M04,5.769,100.76715,RUNNING,12,0,0.0,417.1,9.29,44.65,0.162,2799.6,19.68,96.8,0.02,simulator,1.0
2026-10-02 08:08:14+00:00,M04,5.766,100.77036,RUNNING,12,0,0.0,414.0,9.35,44.65,0.157,2803.1,19.64,96.8,0.02,simulator,1.0
2026-10-02 08:08:16+00:00,M04,5.44,100.77338,RUNNING,12,0,0.0,413.7,8.83,44.69,0.155,2801.8,18.54,96.8,0.02,simulator,1.0
2026-10-02 08:08:18+00:00,M04,5.426,100.77639,RUNNING,12,0,0.0,412.9,8.82,44.71,0.161,2795.2,18.54,96.8,0.02,simulator,1.0
2026-10-02 08:08:20+00:00,M04,5.635,100.77952,RUNNING,12,0,0.0,413.6,9.15,44.71,0.141,2797.3,19.24,96.8,0.02,simulator,1.0
2026-10-02 08:08:22+00:00,M04,5.466,100.78256,RUNNING,12,0,0.0,418.2,8.77,44.75,0.139,2796.2,18.67,96.9,0.02,simulator,1.0
2026-10-02 08:08:24+00:00,M04,5.6,100.78567,RUNNING,12,0,0.0,418.2,8.99,44.76,0.142,2800.5,19.1,96.9,0.02,simulator,1.0
2026-10-02 08:08:26+00:00,M04,5.396,100.78867,RUNNING,12,0,0.0,413.3,8.76,44.79,0.151,2800.8,18.4,96.9,0.02,simulator,1.0
2026-10-02 08:08:28+00:00,M04,5.687,100.79183,RUNNING,12,0,0.0,418.3,9.13,44.79,0.165,2795.9,19.43,96.8,0.03,simulator,1.0
2026-10-02 08:08:30+00:00,M04,5.554,100.79491,RUNNING,12,0,0.0,416.4,8.95,44.75,0.148,2798.2,18.96,96.9,0.02,simulator,1.0
2026-10-02 08:08:32+00:00,M04,5.531,100.79799,RUNNING,12,0,0.0,418.3,8.88,44.74,0.14,2796.8,18.89,96.9,0.02,simulator,1.0
2026-10-02 08:08:34+00:00,M04,5.419,100.801,RUNNING,12,0,0.0,413.9,8.79,44.71,0.15,2800.4,18.48,96.9,0.02,simulator,1.0
2026-10-02 08:08:36+00:00,M04,5.45,100.80403,RUNNING,12,0,0.0,415.3,8.81,44.7,0.148,2804.5,18.56,97.0,0.02,simulator,1.0
2026-10-02 08:08:38+00:00,M04,5.561,100.80712,RUNNING,12,0,0.0,415.3,8.99,44.72,0.152,2799.1,18.97,97.0,0.02,simulator,1.0
2026-10-02 08:08:40+00:00,M04,5.392,100.81011,RUNNING,13,1,40.0,418.4,8.65,44.71,0.165,2804.8,18.36,96.9,0.02,simulator,1.0
2026-10-02 08:08:42+00:00,M04,5.637,100.81324,RUNNING,13,0,0.0,415.8,9.1,44.75,0.167,2795.2,19.26,96.8,0.02,simulator,1.0
2026-10-02 08:08:44+00:00,M04,5.567,100.81634,RUNNING,13,0,0.0,414.1,9.03,44.72,0.156,2804.8,18.95,96.8,0.03,simulator,1.0
2026-10-02 08:08:46+00:00,M04,5.685,100.81949,RUNNING,13,0,0.0,411.7,9.27,44.73,0.148,2802.7,19.37,96.9,0.02,simulator,1.0
2026-10-02 08:08:48+00:00,M04,5.682,100.82265,RUNNING,13,0,0.0,416.5,9.16,44.73,0.164,2795.4,19.41,96.8,0.02,simulator,1.0
2026-10-02 08:08:50+00:00,M04,5.48,100.82569,RUNNING,13,0,0.0,414.1,8.88,44.74,0.142,2803.7,18.67,96.9,0.02,simulator,1.0
2026-10-02 08:08:52+00:00,M04,5.719,100.82887,RUNNING,13,0,0.0,417.1,9.2,44.78,0.155,2798.0,19.52,96.9,0.02,simulator,1.0
2026-10-02 08:08:54+00:00,M04,5.475,100.83191,RUNNING,13,0,0.0,413.0,8.9,44.75,0.154,2801.1,18.67,96.9,0.02,simulator,1.0
2026-10-02 08:08:56+00:00,M04,5.43,100.83493,RUNNING,13,0,0.0,415.7,8.77,44.75,0.139,2796.9,18.54,96.9,0.02,simulator,1.0
2026-10-02 08:08:58+00:00,M04,5.553,100.83802,RUNNING,13,0,0.0,416.6,8.95,44.76,0.156,2795.8,18.97,96.9,0.02,simulator,1.0
2026-10-02 08:09:00+00:00,M04,5.583,100.84112,RUNNING,13,0,0.0,416.7,8.99,44.75,0.142,2801.3,19.03,96.9,0.02,simulator,1.0
2026-10-02 08:09:02+00:00,M04,5.757,100.84432,RUNNING,13,0,0.0,411.7,9.39,44.77,0.146,2803.1,19.61,96.9,0.02,simulator,1.0
2026-10-02 08:09:04+00:00,M04,5.764,100.84752,RUNNING,13,0,0.0,414.9,9.33,44.8,0.136,2803.5,19.63,97.0,0.02,simulator,1.0
2026-10-02 08:09:06+00:00,M04,5.759,100.85072,RUNNING,13,0,0.0,418.1,9.25,44.76,0.139,2799.1,19.65,97.0,0.02,simulator,1.0
2026-10-02 08:09:08+00:00,M04,5.731,100.8539,RUNNING,13,0,0.0,413.0,9.32,44.77,0.151,2795.6,19.58,97.0,0.02,simulator,1.0
2026-10-02 08:09:10+00:00,M04,5.694,100.85706,RUNNING,13,0,0.0,418.1,9.14,44.79,0.159,2800.6,19.42,96.9,0.02,simulator,1.0
2026-10-02 08:09:12+00:00,M04,5.443,100.86009,RUNNING,13,0,0.0,414.3,8.82,44.84,0.137,2800.1,18.56,96.9,0.02,simulator,1.0
2026-10-02 08:09:14+00:00,M04,5.55,100.86317,RUNNING,13,0,0.0,417.6,8.92,44.83,0.14,2798.0,18.94,97.0,0.02,simulator,1.0
2026-10-02 08:09:16+00:00,M04,5.555,100.86626,RUNNING,13,0,0.0,416.5,8.95,44.8,0.16,2796.4,18.97,96.9,0.02,simulator,1.0
2026-10-02 08:09:18+00:00,M04,5.726,100.86944,RUNNING,13,0,0.0,415.3,9.26,44.84,0.154,2795.5,19.56,96.9,0.02,simulator,1.0
2026-10-02 08:09:20+00:00,M04,5.427,100.87245,RUNNING,14,1,40.0,415.0,8.78,44.81,0.164,2803.4,18.49,96.8,0.02,simulator,1.0
2026-10-02 08:09:22+00:00,M04,5.698,100.87562,RUNNING,14,0,0.0,412.1,9.28,44.77,0.165,2801.5,19.42,96.8,0.02,simulator,1.0
2026-10-02 08:09:24+00:00,M04,5.817,100.87885,RUNNING,14,0,0.0,414.1,9.43,44.76,0.152,2796.7,19.86,96.8,0.02,simulator,1.0
2026-10-02 08:09:26+00:00,M04,5.694,100.88201,RUNNING,14,0,0.0,417.7,9.15,44.79,0.157,2804.4,19.39,96.8,0.02,simulator,1.0
2026-10-02 08:09:28+00:00,M04,5.727,100.8852,RUNNING,14,0,0.0,418.2,9.19,44.77,0.158,2795.3,19.57,96.8,0.02,simulator,1.0
2026-10-02 08:09:30+00:00,M04,5.539,100.88827,RUNNING,14,0,0.0,417.4,8.91,44.79,0.157,2797.4,18.91,96.8,0.02,simulator,1.0
2026-10-02 08:09:32+00:00,M04,5.663,100.89142,RUNNING,14,0,0.0,414.5,9.17,44.81,0.151,2804.4,19.28,96.9,0.02,simulator,1.0
2026-10-02 08:09:34+00:00,M04,5.645,100.89456,RUNNING,14,0,0.0,417.9,9.07,44.78,0.153,2799.0,19.26,96.9,0.02,simulator,1.0
2026-10-02 08:09:36+00:00,M04,5.786,100.89777,RUNNING,14,0,0.0,417.2,9.31,44.8,0.16,2798.3,19.75,96.8,0.02,simulator,1.0
2026-10-02 08:09:38+00:00,M04,5.535,100.90084,RUNNING,14,0,0.0,411.8,9.02,44.76,0.16,2801.8,18.87,96.8,0.02,simulator,1.0
2026-10-02 08:09:40+00:00,M04,5.478,100.90389,RUNNING,14,0,0.0,413.9,8.89,44.75,0.165,2803.9,18.66,96.8,0.02,simulator,1.0
2026-10-02 08:09:42+00:00,M04,5.719,100.90707,RUNNING,14,0,0.0,416.3,9.22,44.71,0.151,2800.8,19.5,96.8,0.02,simulator,1.0
2026-10-02 08:09:44+00:00,M04,5.581,100.91017,RUNNING,14,0,0.0,412.9,9.07,44.7,0.148,2801.0,19.03,96.9,0.02,simulator,1.0
2026-10-02 08:09:46+00:00,M04,5.62,100.91329,RUNNING,14,0,0.0,414.0,9.11,44.74,0.157,2798.3,19.18,96.9,0.02,simulator,1.0
2026-10-02 08:09:48+00:00,M04,5.708,100.91646,RUNNING,14,0,0.0,412.3,9.29,44.75,0.137,2802.7,19.45,96.9,0.02,simulator,1.0
2026-10-02 08:09:50+00:00,M04,5.761,100.91966,RUNNING,14,0,0.0,412.7,9.37,44.71,0.14,2797.7,19.67,96.9,0.02,simulator,1.0
2026-10-02 08:09:52+00:00,M04,5.673,100.92281,RUNNING,14,0,0.0,413.3,9.21,44.72,0.162,2800.0,19.35,96.9,0.02,simulator,1.0
2026-10-02 08:09:54+00:00,M04,5.73,100.92599,RUNNING,14,0,0.0,412.3,9.33,44.72,0.137,2803.7,19.52,96.9,0.02,simulator,1.0
2026-10-02 08:09:56+00:00,M04,5.804,100.92922,RUNNING,14,0,0.0,417.7,9.33,44.76,0.156,2799.1,19.8,96.9,0.02,simulator,1.0
2026-10-02 08:09:58+00:00,M04,5.497,100.93227,RUNNING,14,0,0.0,412.7,8.94,44.77,0.149,2799.8,18.75,96.9,0.02,simulator,1.0
2026-10-02 08:10:00+00:00,M04,5.629,100.9354,RUNNING,15,1,40.0,417.6,9.05,44.77,0.155,2797.1,19.22,96.9,0.02,simulator,1.0
2026-10-02 08:10:02+00:00,M04,5.478,100.93844,RUNNING,15,0,0.0,416.1,8.84,44.78,0.149,2797.8,18.7,96.9,0.02,simulator,1.0
2026-10-02 08:10:04+00:00,M04,5.431,100.94146,RUNNING,15,0,0.0,413.1,8.83,44.76,0.142,2800.1,18.52,97.0,0.02,simulator,1.0
2026-10-02 08:10:06+00:00,M04,5.653,100.9446,RUNNING,15,0,0.0,416.1,9.12,44.79,0.153,2799.2,19.29,96.9,0.02,simulator,1.0
2026-10-02 08:10:08+00:00,M04,5.61,100.94772,RUNNING,15,0,0.0,416.1,9.05,44.76,0.153,2801.5,19.12,96.9,0.02,simulator,1.0
2026-10-02 08:10:10+00:00,M04,5.533,100.95079,RUNNING,15,0,0.0,415.7,8.94,44.81,0.136,2804.7,18.84,97.0,0.02,simulator,1.0
2026-10-02 08:10:12+00:00,M04,5.809,100.95402,RUNNING,15,0,0.0,412.1,9.46,44.79,0.138,2801.5,19.8,97.0,0.02,simulator,1.0
2026-10-02 08:10:14+00:00,M04,5.599,100.95713,RUNNING,15,0,0.0,416.2,9.03,44.84,0.149,2798.1,19.11,97.0,0.02,simulator,1.0
2026-10-02 08:10:16+00:00,M04,5.492,100.96018,RUNNING,15,0,0.0,417.1,8.84,44.81,0.158,2804.3,18.7,96.9,0.02,simulator,1.0
2026-10-02 08:10:18+00:00,M04,5.392,100.96318,RUNNING,15,0,0.0,413.7,8.75,44.86,0.166,2795.2,18.42,96.8,0.03,simulator,1.0
2026-10-02 08:10:20+00:00,M04,5.417,100.96619,RUNNING,15,0,0.0,412.8,8.81,44.86,0.158,2802.4,18.46,96.8,0.02,simulator,1.0
2026-10-02 08:10:22+00:00,M04,5.525,100.96926,RUNNING,15,0,0.0,416.0,8.92,44.82,0.148,2797.6,18.86,96.9,0.02,simulator,1.0
2026-10-02 08:10:24+00:00,M04,5.787,100.97247,RUNNING,15,0,0.0,412.6,9.42,44.79,0.138,2797.3,19.76,96.9,0.02,simulator,1.0
2026-10-02 08:10:26+00:00,M04,5.612,100.97559,RUNNING,15,0,0.0,412.6,9.13,44.81,0.142,2798.0,19.15,96.9,0.02,simulator,1.0
2026-10-02 08:10:28+00:00,M04,5.745,100.97878,RUNNING,15,0,0.0,416.2,9.27,44.83,0.145,2801.0,19.59,97.0,0.02,simulator,1.0
2026-10-02 08:10:30+00:00,M04,5.478,100.98182,RUNNING,15,0,0.0,413.3,8.9,44.85,0.146,2798.4,18.69,97.0,0.02,simulator,1.0
2026-10-02 08:10:32+00:00,M04,5.468,100.98486,RUNNING,15,0,0.0,417.0,8.8,44.81,0.143,2797.4,18.67,97.0,0.02,simulator,1.0
2026-10-02 08:10:34+00:00,M04,5.722,100.98804,RUNNING,15,0,0.0,417.3,9.21,44.79,0.14,2797.9,19.53,97.0,0.02,simulator,1.0
2026-10-02 08:10:36+00:00,M04,5.47,100.99108,RUNNING,15,0,0.0,418.4,8.78,44.81,0.153,2802.8,18.64,97.0,0.02,simulator,1.0
2026-10-02 08:10:38+00:00,M04,5.713,100.99425,RUNNING,15,0,0.0,412.5,9.3,44.85,0.138,2798.4,19.5,97.0,0.02,simulator,1.0
2026-10-02 08:10:40+00:00,M04,5.59,100.99736,RUNNING,16,1,40.0,415.4,9.03,44.8,0.158,2801.6,19.06,96.9,0.02,simulator,1.0
2026-10-02 08:10:42+00:00,M04,5.56,101.00045,RUNNING,16,0,0.0,411.9,9.06,44.83,0.158,2799.5,18.97,96.9,0.02,simulator,1.0
2026-10-02 08:10:44+00:00,M04,5.792,101.00366,RUNNING,16,0,0.0,417.8,9.31,44.8,0.157,2795.6,19.79,96.9,0.02,simulator,1.0
2026-10-02 08:10:46+00:00,M04,5.652,101.0068,RUNNING,16,0,0.0,411.9,9.21,44.8,0.147,2801.4,19.27,96.9,0.02,simulator,1.0
2026-10-02 08:10:48+00:00,M04,5.724,101.00998,RUNNING,16,0,0.0,414.5,9.27,44.85,0.161,2802.4,19.51,96.9,0.02,simulator,1.0
2026-10-02 08:10:50+00:00,M04,5.626,101.01311,RUNNING,16,0,0.0,411.7,9.17,44.85,0.15,2797.0,19.21,96.9,0.02,simulator,1.0
2026-10-02 08:10:52+00:00,M04,5.597,101.01622,RUNNING,16,0,0.0,416.7,9.02,44.87,0.159,2798.2,19.1,96.9,0.02,simulator,1.0
2026-10-02 08:10:54+00:00,M04,5.413,101.01923,RUNNING,16,0,0.0,413.8,8.78,44.9,0.141,2796.9,18.48,96.9,0.02,simulator,1.0
2026-10-02 08:10:56+00:00,M04,5.741,101.02242,RUNNING,16,0,0.0,416.4,9.26,44.87,0.139,2799.8,19.58,96.9,0.02,simulator,1.0
2026-10-02 08:10:58+00:00,M04,5.782,101.02563,RUNNING,16,0,0.0,411.8,9.43,44.87,0.155,2801.3,19.71,96.9,0.02,simulator,1.0
2026-10-02 08:11:00+00:00,M04,5.789,101.02884,RUNNING,16,0,0.0,417.5,9.31,44.86,0.157,2798.8,19.75,96.9,0.02,simulator,1.0
2026-10-02 08:11:02+00:00,M04,5.543,101.03192,RUNNING,16,0,0.0,418.2,8.9,44.9,0.15,2799.7,18.91,96.9,0.02,simulator,1.0
2026-10-02 08:11:04+00:00,M04,5.504,101.03498,RUNNING,16,0,0.0,411.7,8.98,44.93,0.153,2802.7,18.75,96.9,0.02,simulator,1.0
2026-10-02 08:11:06+00:00,M04,5.551,101.03807,RUNNING,16,0,0.0,412.3,9.04,44.91,0.145,2796.6,18.96,96.9,0.02,simulator,1.0
2026-10-02 08:11:08+00:00,M04,5.58,101.04117,RUNNING,16,0,0.0,417.6,8.97,44.93,0.143,2801.3,19.02,97.0,0.02,simulator,1.0
2026-10-02 08:11:10+00:00,M04,5.445,101.04419,RUNNING,16,0,0.0,414.9,8.81,44.9,0.135,2803.4,18.55,97.0,0.02,simulator,1.0
2026-10-02 08:11:12+00:00,M04,5.395,101.04719,RUNNING,16,0,0.0,414.9,8.73,44.94,0.149,2796.2,18.43,97.0,0.02,simulator,1.0
2026-10-02 08:11:14+00:00,M04,5.501,101.05024,RUNNING,16,0,0.0,411.9,8.97,44.89,0.154,2796.3,18.79,97.0,0.02,simulator,1.0
2026-10-02 08:11:16+00:00,M04,5.501,101.0533,RUNNING,16,0,0.0,416.3,8.87,44.89,0.153,2797.5,18.78,96.9,0.02,simulator,1.0
2026-10-02 08:11:18+00:00,M04,5.519,101.05637,RUNNING,16,0,0.0,412.3,8.99,44.86,0.15,2801.3,18.81,97.0,0.02,simulator,1.0
2026-10-02 08:11:20+00:00,M04,5.589,101.05947,RUNNING,17,1,40.0,411.8,9.11,44.82,0.158,2804.6,19.03,96.9,0.02,simulator,1.0
2026-10-02 08:11:22+00:00,M04,5.634,101.0626,RUNNING,17,0,0.0,417.8,9.05,44.85,0.157,2800.5,19.21,96.9,0.02,simulator,1.0
2026-10-02 08:11:24+00:00,M04,5.505,101.06566,RUNNING,17,0,0.0,412.8,8.95,44.88,0.159,2797.2,18.79,96.9,0.02,simulator,1.0
2026-10-02 08:11:26+00:00,M04,5.422,101.06867,RUNNING,17,0,0.0,412.0,8.83,44.87,0.16,2797.3,18.51,96.8,0.02,simulator,1.0
2026-10-02 08:11:28+00:00,M04,5.49,101.07172,RUNNING,17,0,0.0,417.1,8.84,44.85,0.141,2799.0,18.73,96.9,0.02,simulator,1.0
2026-10-02 08:11:30+00:00,M04,5.511,101.07478,RUNNING,17,0,0.0,416.2,8.89,44.82,0.145,2804.2,18.77,96.9,0.02,simulator,1.0
2026-10-02 08:11:32+00:00,M04,5.399,101.07778,RUNNING,17,0,0.0,411.6,8.81,44.79,0.134,2800.9,18.41,96.9,0.02,simulator,1.0
2026-10-02 08:11:34+00:00,M04,5.416,101.08079,RUNNING,17,0,0.0,411.6,8.83,44.84,0.142,2802.2,18.46,97.0,0.02,simulator,1.0
2026-10-02 08:11:36+00:00,M04,5.555,101.08388,RUNNING,17,0,0.0,416.4,8.96,44.83,0.146,2798.3,18.96,97.0,0.02,simulator,1.0
2026-10-02 08:11:38+00:00,M04,5.421,101.08689,RUNNING,17,0,0.0,415.4,8.76,44.81,0.157,2799.8,18.49,96.9,0.02,simulator,1.0
2026-10-02 08:11:40+00:00,M04,5.391,101.08988,RUNNING,17,0,0.0,414.1,8.74,44.82,0.138,2802.7,18.37,96.9,0.02,simulator,1.0
2026-10-02 08:11:42+00:00,M04,5.76,101.09308,RUNNING,17,0,0.0,412.0,9.39,44.83,0.155,2801.6,19.63,96.9,0.02,simulator,1.0
2026-10-02 08:11:44+00:00,M04,5.554,101.09617,RUNNING,17,0,0.0,411.8,9.05,44.88,0.146,2799.0,18.95,96.9,0.02,simulator,1.0
2026-10-02 08:11:46+00:00,M04,5.437,101.09919,RUNNING,17,0,0.0,417.4,8.74,44.93,0.138,2800.0,18.54,97.0,0.02,simulator,1.0
2026-10-02 08:11:48+00:00,M04,5.493,101.10224,RUNNING,17,0,0.0,412.4,8.94,44.93,0.155,2801.2,18.73,96.9,0.02,simulator,1.0
2026-10-02 08:11:50+00:00,M04,5.571,101.10534,RUNNING,17,0,0.0,416.9,8.97,44.98,0.142,2801.0,18.99,97.0,0.02,simulator,1.0
2026-10-02 08:11:52+00:00,M04,5.49,101.10839,RUNNING,17,0,0.0,412.5,8.93,44.99,0.156,2799.1,18.73,96.9,0.02,simulator,1.0
2026-10-02 08:11:54+00:00,M04,5.671,101.11154,RUNNING,17,0,0.0,415.2,9.17,45.02,0.164,2799.1,19.35,96.8,0.02,simulator,1.0
2026-10-02 08:11:56+00:00,M04,5.416,101.11455,RUNNING,17,0,0.0,413.0,8.8,45.05,0.141,2801.4,18.46,96.9,0.02,simulator,1.0
2026-10-02 08:11:58+00:00,M04,5.713,101.11772,RUNNING,17,0,0.0,416.4,9.21,45.06,0.154,2799.4,19.49,96.9,0.02,simulator,1.0
2026-10-02 08:12:00+00:00,M04,5.7,101.12089,RUNNING,18,1,40.0,417.1,9.17,45.05,0.161,2798.4,19.45,96.8,0.02,simulator,1.0
2026-10-02 08:12:02+00:00,M04,5.617,101.12401,RUNNING,18,0,0.0,416.6,9.05,45.0,0.158,2797.7,19.17,96.8,0.02,simulator,1.0
2026-10-02 08:12:04+00:00,M04,5.522,101.12708,RUNNING,18,0,0.0,412.3,8.99,44.99,0.152,2796.3,18.86,96.9,0.02,simulator,1.0
2026-10-02 08:12:06+00:00,M04,5.718,101.13025,RUNNING,18,0,0.0,413.1,9.29,44.97,0.143,2804.6,19.47,96.9,0.02,simulator,1.0
2026-10-02 08:12:08+00:00,M04,5.658,101.1334,RUNNING,18,0,0.0,415.9,9.13,44.93,0.139,2795.4,19.33,96.9,0.02,simulator,1.0
2026-10-02 08:12:10+00:00,M04,5.507,101.13646,RUNNING,18,0,0.0,412.4,8.96,44.91,0.142,2804.9,18.75,97.0,0.02,simulator,1.0
2026-10-02 08:12:12+00:00,M04,5.759,101.13965,RUNNING,18,0,0.0,415.3,9.31,44.88,0.137,2799.0,19.65,97.0,0.02,simulator,1.0
2026-10-02 08:12:14+00:00,M04,5.784,101.14287,RUNNING,18,0,0.0,414.9,9.36,44.89,0.147,2804.6,19.7,97.0,0.02,simulator,1.0
2026-10-02 08:12:16+00:00,M04,5.524,101.14594,RUNNING,18,0,0.0,412.5,8.99,44.89,0.148,2796.4,18.87,97.0,0.02,simulator,1.0
2026-10-02 08:12:18+00:00,M04,5.432,101.14895,RUNNING,18,0,0.0,416.2,8.76,44.9,0.162,2801.5,18.52,96.9,0.02,simulator,1.0
2026-10-02 08:12:20+00:00,M04,5.758,101.15215,RUNNING,18,0,0.0,416.9,9.27,44.9,0.154,2801.7,19.63,96.9,0.02,simulator,1.0
2026-10-02 08:12:22+00:00,M04,5.609,101.15527,RUNNING,18,0,0.0,416.6,9.04,44.92,0.155,2802.2,19.12,96.9,0.02,simulator,1.0
2026-10-02 08:12:24+00:00,M04,5.401,101.15827,RUNNING,18,0,0.0,417.3,8.69,44.96,0.155,2799.0,18.43,96.9,0.02,simulator,1.0
2026-10-02 08:12:26+00:00,M04,5.551,101.16135,RUNNING,18,0,0.0,418.3,8.91,44.99,0.138,2799.4,18.94,96.9,0.02,simulator,1.0
2026-10-02 08:12:28+00:00,M04,5.406,101.16436,RUNNING,18,0,0.0,417.6,8.69,44.99,0.149,2795.2,18.47,96.9,0.02,simulator,1.0
2026-10-02 08:12:30+00:00,M04,5.417,101.16737,RUNNING,18,0,0.0,412.6,8.81,45.04,0.146,2800.0,18.48,97.0,0.02,simulator,1.0
2026-10-02 08:12:32+00:00,M04,5.552,101.17045,RUNNING,18,0,0.0,417.1,8.94,45.06,0.135,2800.6,18.93,97.0,0.02,simulator,1.0
2026-10-02 08:12:34+00:00,M04,5.452,101.17348,RUNNING,18,0,0.0,412.6,8.87,45.06,0.137,2797.4,18.61,97.0,0.02,simulator,1.0
2026-10-02 08:12:36+00:00,M04,5.402,101.17648,RUNNING,18,0,0.0,413.8,8.76,45.05,0.133,2803.1,18.4,97.0,0.02,simulator,1.0
2026-10-02 08:12:38+00:00,M04,5.697,101.17965,RUNNING,18,0,0.0,411.8,9.29,45.04,0.154,2795.1,19.46,96.9,0.02,simulator,1.0
2026-10-02 08:12:40+00:00,M04,5.409,101.18265,RUNNING,19,1,40.0,414.9,8.75,45.09,0.149,2796.4,18.47,97.0,0.02,simulator,1.0
2026-10-02 08:12:42+00:00,M04,5.408,101.18566,RUNNING,19,0,0.0,413.5,8.78,45.09,0.155,2799.7,18.45,96.9,0.02,simulator,1.0
2026-10-02 08:12:44+00:00,M04,5.631,101.18878,RUNNING,19,0,0.0,413.3,9.15,45.13,0.147,2800.6,19.2,96.9,0.02,simulator,1.0
2026-10-02 08:12:46+00:00,M04,5.546,101.19187,RUNNING,19,0,0.0,418.0,8.91,45.08,0.141,2804.1,18.89,96.9,0.02,simulator,1.0
2026-10-02 08:12:48+00:00,M04,5.465,101.1949,RUNNING,19,0,0.0,413.3,8.88,45.08,0.145,2803.3,18.62,96.9,0.02,simulator,1.0
2026-10-02 08:12:50+00:00,M04,5.78,101.19811,RUNNING,19,0,0.0,417.6,9.29,45.07,0.144,2800.9,19.71,97.0,0.02,simulator,1.0
2026-10-02 08:12:52+00:00,M04,5.514,101.20118,RUNNING,19,0,0.0,413.4,8.95,45.07,0.159,2802.1,18.79,96.9,0.02,simulator,1.0
2026-10-02 08:12:54+00:00,M04,5.756,101.20437,RUNNING,19,0,0.0,415.0,9.31,45.12,0.162,2798.5,19.64,96.8,0.03,simulator,1.0
2026-10-02 08:12:56+00:00,M04,5.546,101.20745,RUNNING,19,0,0.0,412.0,9.04,45.08,0.142,2796.7,18.94,96.9,0.02,simulator,1.0
2026-10-02 08:12:58+00:00,M04,5.644,101.21059,RUNNING,19,0,0.0,411.5,9.21,45.05,0.146,2796.7,19.27,96.9,0.02,simulator,1.0
2026-10-02 08:13:00+00:00,M04,5.482,101.21364,RUNNING,19,0,0.0,417.6,8.81,45.03,0.142,2804.7,18.67,96.9,0.02,simulator,1.0
2026-10-02 08:13:02+00:00,M04,5.666,101.21678,RUNNING,19,0,0.0,417.0,9.12,45.02,0.143,2799.0,19.33,96.9,0.02,simulator,1.0
2026-10-02 08:13:04+00:00,M04,5.805,101.22001,RUNNING,19,0,0.0,412.1,9.46,45.07,0.151,2796.4,19.82,96.9,0.02,simulator,1.0
2026-10-02 08:13:06+00:00,M04,5.813,101.22324,RUNNING,19,0,0.0,413.3,9.44,45.11,0.14,2804.0,19.8,96.9,0.02,simulator,1.0
2026-10-02 08:13:08+00:00,M04,5.741,101.22643,RUNNING,19,0,0.0,412.6,9.34,45.11,0.151,2795.3,19.61,96.9,0.02,simulator,1.0
2026-10-02 08:13:10+00:00,M04,5.784,101.22964,RUNNING,19,0,0.0,415.0,9.36,45.16,0.156,2799.3,19.73,96.9,0.02,simulator,1.0
2026-10-02 08:13:12+00:00,M04,5.652,101.23278,RUNNING,19,0,0.0,417.4,9.09,45.11,0.161,2800.9,19.27,96.8,0.02,simulator,1.0
2026-10-02 08:13:14+00:00,M04,5.496,101.23583,RUNNING,19,0,0.0,411.5,8.97,45.11,0.137,2799.2,18.75,96.9,0.02,simulator,1.0
2026-10-02 08:13:16+00:00,M04,5.58,101.23893,RUNNING,19,0,0.0,412.7,9.08,45.12,0.152,2802.2,19.02,96.9,0.02,simulator,1.0
2026-10-02 08:13:18+00:00,M04,5.774,101.24214,RUNNING,19,0,0.0,416.2,9.31,45.15,0.142,2799.8,19.69,96.9,0.02,simulator,1.0
2026-10-02 08:13:20+00:00,M04,5.749,101.24534,RUNNING,20,1,40.0,415.5,9.29,45.11,0.163,2801.0,19.6,96.8,0.02,simulator,1.0
2026-10-02 08:13:22+00:00,M04,5.763,101.24854,RUNNING,20,0,0.0,417.8,9.26,45.1,0.138,2801.3,19.65,96.9,0.02,simulator,1.0
2026-10-02 08:13:24+00:00,M04,5.827,101.25177,RUNNING,20,0,0.0,415.5,9.41,45.11,0.149,2797.3,19.89,96.9,0.02,simulator,1.0
2026-10-02 08:13:26+00:00,M04,5.751,101.25497,RUNNING,20,0,0.0,414.3,9.32,45.14,0.151,2796.3,19.64,96.9,0.02,simulator,1.0
2026-10-02 08:13:28+00:00,M04,5.635,101.2581,RUNNING,20,0,0.0,415.3,9.11,45.12,0.144,2801.4,19.21,96.9,0.02,simulator,1.0
2026-10-02 08:13:30+00:00,M04,5.751,101.2613,RUNNING,20,0,0.0,413.3,9.34,45.12,0.143,2804.1,19.59,96.9,0.02,simulator,1.0
2026-10-02 08:13:32+00:00,M04,5.526,101.26437,RUNNING,20,0,0.0,417.6,8.88,45.12,0.136,2802.8,18.83,96.9,0.02,simulator,1.0
2026-10-02 08:13:34+00:00,M04,5.412,101.26737,RUNNING,20,0,0.0,416.8,8.72,45.09,0.151,2802.4,18.44,96.9,0.02,simulator,1.0
2026-10-02 08:13:36+00:00,M04,5.559,101.27046,RUNNING,20,0,0.0,418.1,8.93,45.08,0.156,2803.2,18.94,96.9,0.02,simulator,1.0
2026-10-02 08:13:38+00:00,M04,5.522,101.27353,RUNNING,20,0,0.0,414.6,8.94,45.07,0.162,2800.3,18.83,96.8,0.03,simulator,1.0
2026-10-02 08:13:40+00:00,M04,5.654,101.27667,RUNNING,20,0,0.0,413.7,9.18,45.03,0.167,2797.4,19.3,96.8,0.03,simulator,1.0
2026-10-02 08:13:42+00:00,M04,5.644,101.2798,RUNNING,20,0,0.0,416.2,9.1,45.05,0.156,2802.7,19.23,96.8,0.02,simulator,1.0
2026-10-02 08:13:44+00:00,M04,5.759,101.283,RUNNING,20,0,0.0,412.0,9.38,45.06,0.161,2797.8,19.66,96.8,0.02,simulator,1.0
2026-10-02 08:13:46+00:00,M04,5.483,101.28605,RUNNING,20,0,0.0,414.1,8.89,45.1,0.15,2797.5,18.72,96.8,0.02,simulator,1.0
2026-10-02 08:13:48+00:00,M04,5.494,101.2891,RUNNING,20,0,0.0,415.4,8.88,45.1,0.153,2801.7,18.73,96.8,0.02,simulator,1.0
2026-10-02 08:13:50+00:00,M04,5.815,101.29233,RUNNING,20,0,0.0,412.3,9.47,45.15,0.143,2799.1,19.84,96.9,0.02,simulator,1.0
2026-10-02 08:13:52+00:00,M04,5.594,101.29544,RUNNING,20,0,0.0,413.3,9.09,45.12,0.162,2797.5,19.1,96.8,0.03,simulator,1.0
2026-10-02 08:13:54+00:00,M04,5.5,101.2985,RUNNING,20,0,0.0,418.0,8.83,45.16,0.149,2798.3,18.77,96.8,0.02,simulator,1.0
2026-10-02 08:13:56+00:00,M04,5.553,101.30158,RUNNING,20,0,0.0,416.9,8.94,45.15,0.152,2804.7,18.91,96.9,0.02,simulator,1.0
2026-10-02 08:13:58+00:00,M04,5.695,101.30475,RUNNING,20,0,0.0,412.4,9.27,45.13,0.136,2798.0,19.44,96.9,0.02,simulator,1.0
2026-10-02 08:14:00+00:00,M04,5.773,101.30795,RUNNING,21,1,40.0,413.0,9.38,45.14,0.161,2804.2,19.66,96.8,0.02,simulator,1.0
2026-10-02 08:14:02+00:00,M04,5.657,101.3111,RUNNING,21,0,0.0,413.0,9.2,45.12,0.154,2796.9,19.32,96.8,0.02,simulator,1.0
2026-10-02 08:14:04+00:00,M04,5.554,101.31418,RUNNING,21,0,0.0,418.4,8.91,45.08,0.159,2796.4,18.97,96.8,0.02,simulator,1.0
2026-10-02 08:14:06+00:00,M04,5.778,101.31739,RUNNING,21,0,0.0,416.7,9.31,45.08,0.155,2799.1,19.71,96.8,0.02,simulator,1.0
2026-10-02 08:14:08+00:00,M04,5.822,101.32063,RUNNING,21,0,0.0,417.3,9.37,45.11,0.149,2802.7,19.84,96.9,0.02,simulator,1.0
2026-10-02 08:14:10+00:00,M04,5.438,101.32365,RUNNING,21,0,0.0,413.8,8.82,45.13,0.164,2800.2,18.55,96.8,0.02,simulator,1.0
2026-10-02 08:14:12+00:00,M04,5.427,101.32666,RUNNING,21,0,0.0,411.6,8.85,45.1,0.162,2803.6,18.49,96.7,0.03,simulator,1.0
2026-10-02 08:14:14+00:00,M04,5.811,101.32989,RUNNING,21,0,0.0,418.5,9.32,45.13,0.138,2798.0,19.83,96.8,0.03,simulator,1.0
2026-10-02 08:14:16+00:00,M04,5.629,101.33302,RUNNING,21,0,0.0,412.5,9.16,45.14,0.141,2802.1,19.18,96.8,0.02,simulator,1.0
2026-10-02 08:14:18+00:00,M04,5.773,101.33622,RUNNING,21,0,0.0,411.7,9.41,45.17,0.144,2798.8,19.7,96.9,0.02,simulator,1.0
2026-10-02 08:14:20+00:00,M04,5.417,101.33923,RUNNING,21,0,0.0,416.3,8.74,45.15,0.143,2800.9,18.47,96.9,0.02,simulator,1.0
2026-10-02 08:14:22+00:00,M04,5.796,101.34245,RUNNING,21,0,0.0,416.9,9.33,45.14,0.152,2800.3,19.77,96.9,0.02,simulator,1.0
2026-10-02 08:14:24+00:00,M04,5.731,101.34564,RUNNING,21,0,0.0,414.8,9.28,45.14,0.163,2802.4,19.53,96.8,0.02,simulator,1.0
2026-10-02 08:14:26+00:00,M04,5.61,101.34875,RUNNING,21,0,0.0,414.9,9.08,45.15,0.151,2802.9,19.11,96.8,0.02,simulator,1.0
2026-10-02 08:14:28+00:00,M04,5.403,101.35176,RUNNING,21,0,0.0,413.8,8.77,45.15,0.136,2803.2,18.41,96.9,0.02,simulator,1.0
2026-10-02 08:14:30+00:00,M04,5.426,101.35477,RUNNING,21,0,0.0,415.5,8.77,45.12,0.145,2800.5,18.5,96.9,0.02,simulator,1.0
2026-10-02 08:14:32+00:00,M04,5.514,101.35783,RUNNING,21,0,0.0,415.1,8.92,45.16,0.156,2801.4,18.8,96.9,0.02,simulator,1.0
2026-10-02 08:14:34+00:00,M04,5.582,101.36093,RUNNING,21,0,0.0,412.1,9.09,45.19,0.156,2797.6,19.05,96.8,0.02,simulator,1.0
2026-10-02 08:14:36+00:00,M04,5.625,101.36406,RUNNING,21,0,0.0,414.7,9.11,45.14,0.159,2801.4,19.18,96.8,0.02,simulator,1.0
2026-10-02 08:14:38+00:00,M04,5.638,101.36719,RUNNING,21,0,0.0,417.3,9.07,45.11,0.165,2796.6,19.25,96.7,0.02,simulator,1.0
2026-10-02 08:14:40+00:00,M04,5.406,101.3702,RUNNING,22,1,40.0,414.1,8.76,45.12,0.143,2804.2,18.41,96.8,0.02,simulator,1.0
2026-10-02 08:14:42+00:00,M04,5.566,101.37329,RUNNING,22,0,0.0,416.5,8.97,45.11,0.148,2799.3,18.99,96.8,0.02,simulator,1.0
2026-10-02 08:14:44+00:00,M04,5.572,101.37638,RUNNING,22,0,0.0,411.7,9.09,45.06,0.151,2802.9,18.98,96.9,0.02,simulator,1.0
2026-10-02 08:14:46+00:00,M04,5.714,101.37956,RUNNING,22,0,0.0,416.1,9.22,45.02,0.137,2796.2,19.52,96.9,0.02,simulator,1.0
2026-10-02 08:14:48+00:00,M04,5.712,101.38273,RUNNING,22,0,0.0,417.8,9.18,45.02,0.143,2802.6,19.46,96.9,0.02,simulator,1.0
2026-10-02 08:14:50+00:00,M04,5.697,101.3859,RUNNING,22,0,0.0,412.7,9.27,44.97,0.159,2799.8,19.43,96.9,0.02,simulator,1.0
2026-10-02 08:14:52+00:00,M04,5.52,101.38896,RUNNING,22,0,0.0,416.3,8.9,44.94,0.148,2796.9,18.85,96.9,0.02,simulator,1.0
2026-10-02 08:14:54+00:00,M04,5.757,101.39216,RUNNING,22,0,0.0,417.4,9.26,44.93,0.144,2801.7,19.62,96.9,0.02,simulator,1.0
2026-10-02 08:14:56+00:00,M04,5.676,101.39531,RUNNING,22,0,0.0,415.1,9.18,44.92,0.151,2799.1,19.37,97.0,0.02,simulator,1.0
2026-10-02 08:14:58+00:00,M04,5.471,101.39835,RUNNING,22,0,0.0,414.7,8.86,44.94,0.141,2796.2,18.69,97.0,0.02,simulator,1.0
2026-10-02 08:15:00+00:00,M04,5.637,101.40149,RUNNING,22,0,0.0,411.8,9.19,44.95,0.142,2799.6,19.23,97.0,0.02,simulator,1.0
2026-10-02 08:15:02+00:00,M04,5.714,101.40466,RUNNING,22,0,0.0,418.4,9.17,44.93,0.159,2800.9,19.48,96.9,0.02,simulator,1.0
2026-10-02 08:15:04+00:00,M04,5.764,101.40786,RUNNING,22,0,0.0,414.3,9.34,44.95,0.163,2797.1,19.68,96.8,0.03,simulator,1.0
2026-10-02 08:15:06+00:00,M04,5.545,101.41094,RUNNING,22,0,0.0,415.7,8.95,44.93,0.157,2800.4,18.91,96.8,0.02,simulator,1.0
2026-10-02 08:15:08+00:00,M04,5.609,101.41406,RUNNING,22,0,0.0,411.6,9.15,44.96,0.159,2797.5,19.15,96.8,0.02,simulator,1.0
2026-10-02 08:15:10+00:00,M04,5.658,101.4172,RUNNING,22,0,0.0,416.2,9.13,44.97,0.156,2802.4,19.28,96.8,0.02,simulator,1.0
2026-10-02 08:15:12+00:00,M04,5.612,101.42032,RUNNING,22,0,0.0,412.1,9.14,44.93,0.136,2804.7,19.11,96.9,0.02,simulator,1.0
2026-10-02 08:15:14+00:00,M04,5.647,101.42346,RUNNING,22,0,0.0,418.3,9.06,44.91,0.139,2803.5,19.24,96.9,0.02,simulator,1.0
2026-10-02 08:15:16+00:00,M04,5.396,101.42645,RUNNING,22,0,0.0,416.8,8.69,44.86,0.146,2798.9,18.41,96.9,0.02,simulator,1.0
2026-10-02 08:15:18+00:00,M04,5.713,101.42963,RUNNING,22,0,0.0,412.4,9.3,44.88,0.137,2803.3,19.46,97.0,0.02,simulator,1.0
2026-10-02 08:15:20+00:00,M04,5.673,101.43278,RUNNING,23,1,40.0,416.8,9.14,44.89,0.153,2800.1,19.35,96.9,0.02,simulator,1.0
2026-10-02 08:15:22+00:00,M04,5.727,101.43596,RUNNING,23,0,0.0,414.5,9.28,44.88,0.163,2797.5,19.55,96.9,0.02,simulator,1.0
2026-10-02 08:15:24+00:00,M04,5.586,101.43907,RUNNING,23,0,0.0,417.4,8.98,44.88,0.163,2802.2,19.04,96.8,0.02,simulator,1.0
2026-10-02 08:15:26+00:00,M04,5.636,101.4422,RUNNING,23,0,0.0,417.0,9.07,44.87,0.164,2799.1,19.23,96.8,0.02,simulator,1.0
2026-10-02 08:15:28+00:00,M04,5.662,101.44534,RUNNING,23,0,0.0,414.9,9.16,44.86,0.144,2803.6,19.29,96.8,0.02,simulator,1.0
2026-10-02 08:15:30+00:00,M04,5.459,101.44837,RUNNING,23,0,0.0,412.3,8.89,44.91,0.141,2796.1,18.65,96.9,0.02,simulator,1.0
2026-10-02 08:15:32+00:00,M04,5.396,101.45137,RUNNING,23,0,0.0,415.4,8.72,44.94,0.159,2804.4,18.38,96.9,0.02,simulator,1.0
2026-10-02 08:15:34+00:00,M04,5.811,101.4546,RUNNING,23,0,0.0,413.0,9.45,44.97,0.148,2797.4,19.84,96.9,0.02,simulator,1.0
2026-10-02 08:15:36+00:00,M04,5.41,101.45761,RUNNING,23,0,0.0,412.2,8.81,44.93,0.155,2795.5,18.48,96.9,0.02,simulator,1.0
2026-10-02 08:15:38+00:00,M04,5.804,101.46083,RUNNING,23,0,0.0,415.0,9.39,44.9,0.158,2800.1,19.8,96.9,0.02,simulator,1.0
2026-10-02 08:15:40+00:00,M04,5.391,101.46383,RUNNING,23,0,0.0,414.8,8.73,44.87,0.154,2796.1,18.41,96.9,0.02,simulator,1.0
2026-10-02 08:15:42+00:00,M04,5.811,101.46705,RUNNING,23,0,0.0,416.3,9.37,44.86,0.14,2803.6,19.79,96.9,0.02,simulator,1.0
2026-10-02 08:15:44+00:00,M04,5.481,101.4701,RUNNING,23,0,0.0,415.0,8.87,44.91,0.137,2799.7,18.7,96.9,0.02,simulator,1.0
2026-10-02 08:15:46+00:00,M04,5.78,101.47331,RUNNING,23,0,0.0,414.7,9.36,44.93,0.134,2803.3,19.69,97.0,0.02,simulator,1.0
2026-10-02 08:15:48+00:00,M04,5.434,101.47633,RUNNING,23,0,0.0,415.7,8.78,44.94,0.156,2799.7,18.54,96.9,0.02,simulator,1.0
2026-10-02 08:15:50+00:00,M04,5.439,101.47935,RUNNING,23,0,0.0,412.8,8.85,44.92,0.152,2800.2,18.55,96.9,0.02,simulator,1.0
2026-10-02 08:15:52+00:00,M04,5.599,101.48246,RUNNING,23,0,0.0,413.1,9.1,44.94,0.153,2799.6,19.1,96.9,0.02,simulator,1.0
2026-10-02 08:15:54+00:00,M04,5.476,101.4855,RUNNING,23,0,0.0,417.0,8.82,44.96,0.136,2800.4,18.67,97.0,0.02,simulator,1.0
2026-10-02 08:15:56+00:00,M04,5.794,101.48872,RUNNING,23,0,0.0,414.3,9.39,44.97,0.151,2799.5,19.77,97.0,0.02,simulator,1.0
2026-10-02 08:15:58+00:00,M04,5.51,101.49178,RUNNING,23,0,0.0,417.7,8.86,44.92,0.14,2801.5,18.78,97.0,0.02,simulator,1.0
2026-10-02 08:16:00+00:00,M04,5.66,101.49493,RUNNING,24,1,40.0,417.3,9.11,44.97,0.159,2802.6,19.29,96.9,0.02,simulator,1.0
2026-10-02 08:16:02+00:00,M04,5.556,101.49801,RUNNING,24,0,0.0,414.0,9.01,44.99,0.146,2799.9,18.95,96.9,0.02,simulator,1.0
2026-10-02 08:16:04+00:00,M04,5.728,101.5012,RUNNING,24,0,0.0,416.1,9.24,45.01,0.14,2798.6,19.55,97.0,0.02,simulator,1.0
2026-10-02 08:16:06+00:00,M04,5.564,101.50429,RUNNING,24,0,0.0,418.0,8.94,45.01,0.143,2801.0,18.97,97.0,0.02,simulator,1.0
2026-10-02 08:16:08+00:00,M04,5.734,101.50747,RUNNING,24,0,0.0,416.7,9.24,45.0,0.143,2803.9,19.53,97.0,0.02,simulator,1.0
2026-10-02 08:16:10+00:00,M04,5.624,101.5106,RUNNING,24,0,0.0,416.1,9.07,45.04,0.152,2802.5,19.16,97.0,0.02,simulator,1.0
2026-10-02 08:16:12+00:00,M04,5.409,101.5136,RUNNING,24,0,0.0,417.6,8.7,45.05,0.164,2801.8,18.44,96.9,0.03,simulator,1.0
2026-10-02 08:16:14+00:00,M04,5.511,101.51667,RUNNING,24,0,0.0,412.5,8.97,45.09,0.146,2804.9,18.76,96.9,0.03,simulator,1.0
2026-10-02 08:16:16+00:00,M04,5.755,101.51986,RUNNING,24,0,0.0,415.2,9.31,45.07,0.135,2797.2,19.65,96.9,0.02,simulator,1.0
2026-10-02 08:16:18+00:00,M04,5.768,101.52307,RUNNING,24,0,0.0,412.4,9.39,45.09,0.134,2803.3,19.65,96.9,0.02,simulator,1.0
2026-10-02 08:16:20+00:00,M04,5.669,101.52622,RUNNING,24,0,0.0,412.0,9.24,45.11,0.132,2803.9,19.31,96.9,0.02,simulator,1.0
2026-10-02 08:16:22+00:00,M04,5.565,101.52931,RUNNING,24,0,0.0,417.8,8.94,45.15,0.14,2804.0,18.95,96.9,0.02,simulator,1.0
2026-10-02 08:16:24+00:00,M04,5.432,101.53233,RUNNING,24,0,0.0,413.4,8.82,45.12,0.145,2802.3,18.51,96.9,0.02,simulator,1.0
2026-10-02 08:16:26+00:00,M04,5.416,101.53533,RUNNING,24,0,0.0,417.0,8.72,45.1,0.14,2797.7,18.49,96.9,0.02,simulator,1.0
2026-10-02 08:16:28+00:00,M04,5.729,101.53852,RUNNING,24,0,0.0,416.5,9.23,45.12,0.152,2795.8,19.57,96.9,0.02,simulator,1.0
2026-10-02 08:16:30+00:00,M04,5.645,101.54165,RUNNING,24,0,0.0,412.2,9.19,45.12,0.154,2803.0,19.23,96.9,0.02,simulator,1.0
2026-10-02 08:16:32+00:00,M04,5.606,101.54477,RUNNING,24,0,0.0,417.5,9.01,45.09,0.149,2801.2,19.11,96.9,0.02,simulator,1.0
2026-10-02 08:16:34+00:00,M04,5.644,101.5479,RUNNING,24,0,0.0,414.3,9.15,45.1,0.151,2800.1,19.25,96.9,0.02,simulator,1.0
2026-10-02 08:16:36+00:00,M04,5.463,101.55094,RUNNING,24,0,0.0,415.4,8.83,45.08,0.154,2804.4,18.6,96.9,0.02,simulator,1.0
2026-10-02 08:16:38+00:00,M04,5.559,101.55403,RUNNING,24,0,0.0,416.0,8.97,45.09,0.142,2801.9,18.95,96.9,0.02,simulator,1.0
2026-10-02 08:16:40+00:00,M04,5.683,101.55718,RUNNING,25,1,40.0,413.8,9.22,45.13,0.138,2796.2,19.41,96.9,0.02,simulator,1.0
2026-10-02 08:16:42+00:00,M04,5.671,101.56033,RUNNING,25,0,0.0,418.5,9.1,45.11,0.149,2802.9,19.32,96.9,0.02,simulator,1.0
2026-10-02 08:16:44+00:00,M04,5.434,101.56335,RUNNING,25,0,0.0,413.9,8.81,45.06,0.154,2801.6,18.52,96.9,0.02,simulator,1.0
2026-10-02 08:16:46+00:00,M04,5.607,101.56647,RUNNING,25,0,0.0,413.8,9.1,45.04,0.157,2795.7,19.15,96.9,0.02,simulator,1.0
2026-10-02 08:16:48+00:00,M04,5.714,101.56964,RUNNING,25,0,0.0,412.2,9.31,44.99,0.14,2800.3,19.49,96.9,0.02,simulator,1.0
2026-10-02 08:16:50+00:00,M04,5.568,101.57274,RUNNING,25,0,0.0,415.2,9.0,45.02,0.151,2803.6,18.97,96.9,0.02,simulator,1.0
2026-10-02 08:16:52+00:00,M04,5.681,101.57589,RUNNING,25,0,0.0,412.6,9.24,45.04,0.136,2802.7,19.36,97.0,0.02,simulator,1.0
2026-10-02 08:16:54+00:00,M04,5.752,101.57909,RUNNING,25,0,0.0,411.5,9.38,45.05,0.142,2797.9,19.63,97.0,0.02,simulator,1.0
2026-10-02 08:16:56+00:00,M04,5.453,101.58212,RUNNING,25,0,0.0,415.1,8.82,45.1,0.15,2800.3,18.6,97.0,0.02,simulator,1.0
2026-10-02 08:16:58+00:00,M04,5.405,101.58512,RUNNING,25,0,0.0,415.7,8.73,45.12,0.157,2803.3,18.41,96.9,0.02,simulator,1.0
2026-10-02 08:17:00+00:00,M04,5.499,101.58818,RUNNING,25,0,0.0,412.5,8.95,45.15,0.146,2796.4,18.78,96.9,0.02,simulator,1.0
2026-10-02 08:17:02+00:00,M04,5.432,101.59119,RUNNING,25,0,0.0,415.7,8.77,45.15,0.151,2797.0,18.55,96.9,0.02,simulator,1.0
2026-10-02 08:17:04+00:00,M04,5.444,101.59422,RUNNING,25,0,0.0,412.5,8.86,45.14,0.155,2798.8,18.58,96.9,0.02,simulator,1.0
2026-10-02 08:17:06+00:00,M04,5.818,101.59745,RUNNING,25,0,0.0,418.3,9.34,45.13,0.141,2802.8,19.82,96.9,0.02,simulator,1.0
2026-10-02 08:17:08+00:00,M04,5.747,101.60064,RUNNING,25,0,0.0,417.0,9.25,45.08,0.145,2799.7,19.6,96.9,0.02,simulator,1.0
2026-10-02 08:17:10+00:00,M04,5.482,101.60369,RUNNING,25,0,0.0,417.3,8.82,45.12,0.142,2802.7,18.68,96.9,0.02,simulator,1.0
2026-10-02 08:17:12+00:00,M04,5.481,101.60673,RUNNING,25,0,0.0,417.8,8.81,45.1,0.163,2796.8,18.72,96.8,0.03,simulator,1.0
2026-10-02 08:17:14+00:00,M04,5.605,101.60985,RUNNING,25,0,0.0,415.7,9.05,45.06,0.158,2796.5,19.14,96.8,0.02,simulator,1.0
2026-10-02 08:17:16+00:00,M04,5.414,101.61285,RUNNING,25,0,0.0,414.3,8.77,45.05,0.153,2796.0,18.49,96.8,0.02,simulator,1.0
2026-10-02 08:17:18+00:00,M04,5.4,101.61585,RUNNING,25,0,0.0,418.4,8.66,45.06,0.16,2795.2,18.45,96.8,0.02,simulator,1.0
2026-10-02 08:17:20+00:00,M04,5.682,101.61901,RUNNING,26,1,40.0,412.8,9.24,45.1,0.139,2796.1,19.41,96.9,0.02,simulator,1.0
2026-10-02 08:17:22+00:00,M04,5.74,101.6222,RUNNING,26,0,0.0,415.7,9.27,45.1,0.144,2802.8,19.56,96.9,0.02,simulator,1.0
2026-10-02 08:17:24+00:00,M04,5.785,101.62541,RUNNING,26,0,0.0,413.5,9.39,45.05,0.135,2801.3,19.72,96.9,0.02,simulator,1.0
2026-10-02 08:17:26+00:00,M04,5.425,101.62843,RUNNING,26,0,0.0,413.6,8.81,45.1,0.154,2799.8,18.5,96.9,0.02,simulator,1.0
2026-10-02 08:17:28+00:00,M04,5.604,101.63154,RUNNING,26,0,0.0,411.6,9.14,45.12,0.139,2802.5,19.1,96.9,0.02,simulator,1.0
2026-10-02 08:17:30+00:00,M04,5.637,101.63467,RUNNING,26,0,0.0,414.7,9.13,45.16,0.157,2798.6,19.24,96.9,0.02,simulator,1.0
2026-10-02 08:17:32+00:00,M04,5.515,101.63774,RUNNING,26,0,0.0,415.7,8.91,45.16,0.148,2802.2,18.8,96.9,0.02,simulator,1.0
2026-10-02 08:17:34+00:00,M04,5.715,101.64091,RUNNING,26,0,0.0,414.7,9.25,45.11,0.147,2804.4,19.46,96.9,0.02,simulator,1.0
2026-10-02 08:17:36+00:00,M04,5.458,101.64394,RUNNING,26,0,0.0,414.3,8.84,45.1,0.138,2802.4,18.6,96.9,0.02,simulator,1.0
2026-10-02 08:17:38+00:00,M04,5.65,101.64708,RUNNING,26,0,0.0,417.8,9.08,45.08,0.134,2799.4,19.27,96.9,0.02,simulator,1.0
2026-10-02 08:17:40+00:00,M04,5.733,101.65027,RUNNING,26,0,0.0,412.6,9.33,45.05,0.153,2799.1,19.56,96.9,0.02,simulator,1.0
2026-10-02 08:17:42+00:00,M04,5.788,101.65348,RUNNING,26,0,0.0,413.4,9.4,45.0,0.162,2803.5,19.72,96.9,0.02,simulator,1.0
2026-10-02 08:17:44+00:00,M04,5.425,101.6565,RUNNING,26,0,0.0,417.7,8.72,45.02,0.157,2796.9,18.52,96.8,0.02,simulator,1.0
2026-10-02 08:17:46+00:00,M04,5.485,101.65954,RUNNING,26,0,0.0,414.9,8.88,45.0,0.158,2797.1,18.73,96.8,0.02,simulator,1.0
2026-10-02 08:17:48+00:00,M04,5.565,101.66264,RUNNING,26,0,0.0,412.9,9.05,45.05,0.166,2802.1,18.97,96.8,0.03,simulator,1.0
2026-10-02 08:17:50+00:00,M04,5.452,101.66567,RUNNING,26,0,0.0,418.4,8.75,45.02,0.164,2802.3,18.58,96.7,0.03,simulator,1.0
2026-10-02 08:17:52+00:00,M04,5.506,101.66872,RUNNING,26,0,0.0,412.2,8.97,45.0,0.143,2798.3,18.79,96.8,0.03,simulator,1.0
2026-10-02 08:17:54+00:00,M04,5.584,101.67183,RUNNING,26,0,0.0,418.0,8.97,45.04,0.156,2799.9,19.05,96.8,0.02,simulator,1.0
2026-10-02 08:17:56+00:00,M04,5.567,101.67492,RUNNING,26,0,0.0,413.8,9.03,45.04,0.161,2804.3,18.96,96.8,0.03,simulator,1.0
2026-10-02 08:17:58+00:00,M04,5.441,101.67794,RUNNING,26,0,0.0,414.2,8.82,45.08,0.148,2799.6,18.56,96.8,0.02,simulator,1.0
2026-10-02 08:18:00+00:00,M04,5.625,101.68107,RUNNING,27,1,40.0,417.9,9.04,45.05,0.153,2801.1,19.18,96.9,0.02,simulator,1.0
2026-10-02 08:18:02+00:00,M04,5.683,101.68422,RUNNING,27,0,0.0,412.2,9.26,45.09,0.159,2803.5,19.36,96.8,0.02,simulator,1.0
2026-10-02 08:18:04+00:00,M04,5.459,101.68726,RUNNING,27,0,0.0,411.9,8.9,45.08,0.155,2800.3,18.62,96.8,0.02,simulator,1.0
2026-10-02 08:18:06+00:00,M04,5.733,101.69044,RUNNING,27,0,0.0,414.6,9.28,45.07,0.143,2802.7,19.53,96.9,0.02,simulator,1.0
2026-10-02 08:18:08+00:00,M04,5.455,101.69347,RUNNING,27,0,0.0,418.5,8.75,45.03,0.155,2799.6,18.61,96.9,0.02,simulator,1.0
2026-10-02 08:18:10+00:00,M04,5.586,101.69658,RUNNING,27,0,0.0,414.9,9.04,45.06,0.146,2804.5,19.02,96.9,0.02,simulator,1.0
2026-10-02 08:18:12+00:00,M04,5.721,101.69975,RUNNING,27,0,0.0,416.0,9.23,45.08,0.159,2803.6,19.49,96.9,0.02,simulator,1.0
2026-10-02 08:18:14+00:00,M04,5.407,101.70276,RUNNING,27,0,0.0,418.4,8.68,45.04,0.137,2800.0,18.44,96.9,0.02,simulator,1.0
2026-10-02 08:18:16+00:00,M04,5.811,101.70599,RUNNING,27,0,0.0,414.6,9.41,45.03,0.15,2795.4,19.85,96.9,0.02,simulator,1.0
2026-10-02 08:18:18+00:00,M04,5.765,101.70919,RUNNING,27,0,0.0,416.6,9.29,45.02,0.156,2801.4,19.65,96.9,0.02,simulator,1.0
2026-10-02 08:18:20+00:00,M04,5.569,101.71228,RUNNING,27,0,0.0,417.9,8.95,45.02,0.151,2803.9,18.97,96.9,0.02,simulator,1.0
2026-10-02 08:18:22+00:00,M04,5.703,101.71545,RUNNING,27,0,0.0,417.6,9.17,44.99,0.144,2795.3,19.48,96.9,0.02,simulator,1.0
2026-10-02 08:18:24+00:00,M04,5.415,101.71846,RUNNING,27,0,0.0,418.4,8.69,44.99,0.146,2803.9,18.44,97.0,0.02,simulator,1.0
2026-10-02 08:18:26+00:00,M04,5.397,101.72146,RUNNING,27,0,0.0,418.1,8.67,44.96,0.156,2798.6,18.42,96.9,0.02,simulator,1.0
2026-10-02 08:18:28+00:00,M04,5.491,101.72451,RUNNING,27,0,0.0,416.9,8.84,44.95,0.163,2804.8,18.7,96.9,0.02,simulator,1.0
2026-10-02 08:18:30+00:00,M04,5.576,101.72761,RUNNING,27,0,0.0,417.6,8.96,44.93,0.138,2801.6,19.01,96.9,0.02,simulator,1.0
2026-10-02 08:18:32+00:00,M04,5.681,101.73076,RUNNING,27,0,0.0,413.2,9.23,44.94,0.161,2802.7,19.36,96.8,0.02,simulator,1.0
2026-10-02 08:18:34+00:00,M04,5.648,101.7339,RUNNING,27,0,0.0,415.8,9.12,44.93,0.164,2803.5,19.24,96.8,0.02,simulator,1.0
2026-10-02 08:18:36+00:00,M04,5.4,101.7369,RUNNING,27,0,0.0,411.8,8.8,44.93,0.145,2795.3,18.45,96.9,0.02,simulator,1.0
2026-10-02 08:18:38+00:00,M04,5.668,101.74005,RUNNING,27,0,0.0,412.5,9.22,44.94,0.141,2804.1,19.3,96.9,0.02,simulator,1.0
2026-10-02 08:18:40+00:00,M04,5.65,101.74319,RUNNING,28,1,40.0,416.3,9.11,44.91,0.149,2799.8,19.27,96.9,0.02,simulator,1.0
2026-10-02 08:18:42+00:00,M04,5.683,101.74635,RUNNING,28,0,0.0,417.0,9.15,44.94,0.153,2797.5,19.4,96.9,0.02,simulator,1.0
2026-10-02 08:18:44+00:00,M04,5.734,101.74953,RUNNING,28,0,0.0,411.6,9.35,44.98,0.157,2795.4,19.59,96.9,0.02,simulator,1.0
2026-10-02 08:18:46+00:00,M04,5.603,101.75264,RUNNING,28,0,0.0,416.3,9.04,44.93,0.148,2797.5,19.13,96.9,0.02,simulator,1.0
2026-10-02 08:18:48+00:00,M04,5.551,101.75573,RUNNING,28,0,0.0,416.6,8.95,44.93,0.149,2798.0,18.95,96.9,0.02,simulator,1.0
2026-10-02 08:18:50+00:00,M04,5.576,101.75883,RUNNING,28,0,0.0,415.6,9.01,44.92,0.161,2801.5,19.01,96.9,0.02,simulator,1.0
2026-10-02 08:18:52+00:00,M04,5.443,101.76185,RUNNING,28,0,0.0,413.1,8.85,44.9,0.156,2796.5,18.59,96.9,0.02,simulator,1.0
2026-10-02 08:18:54+00:00,M04,5.772,101.76506,RUNNING,28,0,0.0,417.2,9.29,44.88,0.158,2804.1,19.66,96.9,0.02,simulator,1.0
2026-10-02 08:18:56+00:00,M04,5.624,101.76818,RUNNING,28,0,0.0,415.5,9.09,44.91,0.144,2800.1,19.18,96.9,0.02,simulator,1.0
2026-10-02 08:18:58+00:00,M04,5.589,101.77129,RUNNING,28,0,0.0,414.9,9.04,44.93,0.16,2796.0,19.09,96.9,0.02,simulator,1.0
2026-10-02 08:19:00+00:00,M04,5.751,101.77448,RUNNING,28,0,0.0,413.2,9.34,44.89,0.148,2801.4,19.61,96.9,0.02,simulator,1.0
2026-10-02 08:19:02+00:00,M04,5.816,101.77771,RUNNING,28,0,0.0,416.0,9.39,44.89,0.163,2802.9,19.82,96.8,0.02,simulator,1.0
2026-10-02 08:19:04+00:00,M04,5.666,101.78086,RUNNING,28,0,0.0,415.5,9.15,44.86,0.156,2795.5,19.36,96.8,0.02,simulator,1.0
2026-10-02 08:19:06+00:00,M04,5.616,101.78398,RUNNING,28,0,0.0,416.0,9.06,44.9,0.162,2803.0,19.13,96.8,0.03,simulator,1.0
2026-10-02 08:19:08+00:00,M04,5.769,101.78718,RUNNING,28,0,0.0,417.3,9.28,44.94,0.148,2799.9,19.68,96.9,0.02,simulator,1.0
2026-10-02 08:19:10+00:00,M04,5.466,101.79022,RUNNING,28,0,0.0,418.2,8.77,44.92,0.156,2798.6,18.65,96.9,0.03,simulator,1.0
2026-10-02 08:19:12+00:00,M04,5.644,101.79336,RUNNING,28,0,0.0,417.2,9.08,44.9,0.154,2799.8,19.25,96.9,0.02,simulator,1.0
2026-10-02 08:19:14+00:00,M04,5.755,101.79655,RUNNING,28,0,0.0,414.3,9.33,44.86,0.147,2798.0,19.64,96.9,0.02,simulator,1.0
2026-10-02 08:19:16+00:00,M04,5.52,101.79962,RUNNING,28,0,0.0,412.9,8.98,44.82,0.149,2801.4,18.82,96.9,0.02,simulator,1.0
2026-10-02 08:19:18+00:00,M04,5.574,101.80272,RUNNING,28,0,0.0,414.7,9.02,44.84,0.137,2802.2,19.0,97.0,0.02,simulator,1.0
2026-10-02 08:19:20+00:00,M04,5.465,101.80575,RUNNING,29,1,40.0,417.5,8.79,44.86,0.149,2795.3,18.67,97.0,0.02,simulator,1.0
2026-10-02 08:19:22+00:00,M04,5.823,101.80899,RUNNING,29,0,0.0,414.2,9.44,44.82,0.148,2800.2,19.86,97.0,0.02,simulator,1.0
2026-10-02 08:19:24+00:00,M04,5.454,101.81202,RUNNING,29,0,0.0,413.4,8.86,44.85,0.145,2798.4,18.61,97.0,0.02,simulator,1.0
2026-10-02 08:19:26+00:00,M04,5.827,101.81526,RUNNING,29,0,0.0,416.9,9.38,44.84,0.142,2801.7,19.86,97.0,0.02,simulator,1.0
2026-10-02 08:19:28+00:00,M04,5.684,101.81841,RUNNING,29,0,0.0,411.7,9.27,44.82,0.152,2795.5,19.42,97.0,0.02,simulator,1.0
2026-10-02 08:19:30+00:00,M04,5.407,101.82142,RUNNING,29,0,0.0,413.4,8.78,44.82,0.136,2800.2,18.44,97.0,0.02,simulator,1.0
2026-10-02 08:19:32+00:00,M04,5.637,101.82455,RUNNING,29,0,0.0,412.4,9.18,44.8,0.146,2798.9,19.23,97.0,0.02,simulator,1.0
2026-10-02 08:19:34+00:00,M04,5.648,101.82769,RUNNING,29,0,0.0,414.5,9.15,44.82,0.137,2795.4,19.3,97.0,0.02,simulator,1.0
2026-10-02 08:19:36+00:00,M04,5.77,101.83089,RUNNING,29,0,0.0,413.9,9.36,44.83,0.146,2797.7,19.7,97.0,0.02,simulator,1.0
2026-10-02 08:19:38+00:00,M04,5.599,101.834,RUNNING,29,0,0.0,416.3,9.03,44.78,0.156,2801.7,19.09,97.0,0.02,simulator,1.0
2026-10-02 08:19:40+00:00,M04,5.76,101.8372,RUNNING,29,0,0.0,413.3,9.36,44.82,0.146,2800.6,19.64,97.0,0.02,simulator,1.0
2026-10-02 08:19:42+00:00,M04,5.786,101.84042,RUNNING,29,0,0.0,415.9,9.34,44.85,0.139,2798.2,19.75,97.0,0.02,simulator,1.0
2026-10-02 08:19:44+00:00,M04,5.411,101.84342,RUNNING,29,0,0.0,417.4,8.7,44.83,0.151,2798.6,18.46,97.0,0.02,simulator,1.0
2026-10-02 08:19:46+00:00,M04,5.625,101.84655,RUNNING,29,0,0.0,414.0,9.12,44.82,0.136,2799.4,19.19,97.0,0.02,simulator,1.0
2026-10-02 08:19:48+00:00,M04,5.698,101.84971,RUNNING,29,0,0.0,416.3,9.19,44.87,0.146,2804.9,19.4,97.0,0.02,simulator,1.0
2026-10-02 08:19:50+00:00,M04,5.4,101.85271,RUNNING,29,0,0.0,417.1,8.69,44.86,0.154,2800.4,18.42,97.0,0.02,simulator,1.0
2026-10-02 08:19:52+00:00,M04,5.433,101.85573,RUNNING,29,0,0.0,415.3,8.78,44.88,0.164,2800.1,18.53,96.9,0.03,simulator,1.0
2026-10-02 08:19:54+00:00,M04,5.782,101.85894,RUNNING,29,0,0.0,417.7,9.29,44.89,0.161,2799.4,19.72,96.8,0.03,simulator,1.0
2026-10-02 08:19:56+00:00,M04,5.8,101.86217,RUNNING,29,0,0.0,412.1,9.45,44.93,0.149,2797.6,19.8,96.9,0.02,simulator,1.0
2026-10-02 08:19:58+00:00,M04,5.675,101.86532,RUNNING,29,0,0.0,416.9,9.14,44.95,0.163,2797.8,19.37,96.8,0.02,simulator,1.0
2026-10-02 08:20:00+00:00,M04,5.717,101.8685,RUNNING,30,1,40.0,415.7,9.23,44.97,0.164,2795.5,19.53,96.8,0.02,simulator,1.0
2026-10-02 08:20:02+00:00,M04,5.422,101.87151,RUNNING,30,0,0.0,414.0,8.79,44.93,0.143,2800.2,18.49,96.8,0.02,simulator,1.0
2026-10-02 08:20:04+00:00,M04,5.718,101.87468,RUNNING,30,0,0.0,413.7,9.28,44.94,0.163,2797.1,19.52,96.8,0.02,simulator,1.0
2026-10-02 08:20:06+00:00,M04,5.58,101.87778,RUNNING,30,0,0.0,416.7,8.99,44.93,0.139,2801.0,19.02,96.9,0.02,simulator,1.0
2026-10-02 08:20:08+00:00,M04,5.736,101.88097,RUNNING,30,0,0.0,412.3,9.34,44.91,0.162,2797.5,19.58,96.8,0.02,simulator,1.0
2026-10-02 08:20:10+00:00,M04,5.541,101.88405,RUNNING,30,0,0.0,417.2,8.92,44.94,0.149,2798.7,18.91,96.9,0.02,simulator,1.0
2026-10-02 08:20:12+00:00,M04,5.43,101.88707,RUNNING,30,0,0.0,413.2,8.82,44.97,0.148,2803.5,18.5,96.9,0.02,simulator,1.0
2026-10-02 08:20:14+00:00,M04,5.82,101.8903,RUNNING,30,0,0.0,412.9,9.46,44.96,0.147,2803.2,19.83,96.9,0.02,simulator,1.0
2026-10-02 08:20:16+00:00,M04,5.457,101.89333,RUNNING,30,0,0.0,416.0,8.81,44.97,0.137,2800.9,18.61,97.0,0.02,simulator,1.0
2026-10-02 08:20:18+00:00,M04,5.532,101.8964,RUNNING,30,0,0.0,416.6,8.91,45.01,0.153,2795.5,18.9,96.9,0.02,simulator,1.0
2026-10-02 08:20:20+00:00,M04,5.446,101.89943,RUNNING,30,0,0.0,412.6,8.86,44.99,0.16,2801.5,18.56,96.9,0.02,simulator,1.0
2026-10-02 08:20:22+00:00,M04,5.402,101.90243,RUNNING,30,0,0.0,412.0,8.8,45.0,0.143,2797.6,18.44,96.9,0.02,simulator,1.0
2026-10-02 08:20:24+00:00,M04,5.445,101.90546,RUNNING,30,0,0.0,415.2,8.8,45.03,0.136,2800.2,18.57,96.9,0.02,simulator,1.0
2026-10-02 08:20:26+00:00,M04,5.53,101.90853,RUNNING,30,0,0.0,413.4,8.98,45.04,0.133,2795.5,18.89,97.0,0.02,simulator,1.0
2026-10-02 08:20:28+00:00,M04,5.558,101.91162,RUNNING,30,0,0.0,414.4,9.0,45.02,0.159,2796.0,18.98,96.9,0.02,simulator,1.0
2026-10-02 08:20:30+00:00,M04,5.538,101.91469,RUNNING,30,0,0.0,416.4,8.93,44.99,0.148,2795.1,18.92,96.9,0.02,simulator,1.0
2026-10-02 08:20:32+00:00,M04,5.722,101.91787,RUNNING,30,0,0.0,413.3,9.29,45.0,0.154,2796.2,19.54,96.9,0.02,simulator,1.0
2026-10-02 08:20:34+00:00,M04,5.639,101.921,RUNNING,30,0,0.0,414.6,9.13,45.01,0.143,2802.8,19.21,96.9,0.02,simulator,1.0
2026-10-02 08:20:36+00:00,M04,5.688,101.92416,RUNNING,30,0,0.0,411.9,9.27,44.96,0.151,2796.2,19.43,97.0,0.02,simulator,1.0
2026-10-02 08:20:38+00:00,M04,5.53,101.92724,RUNNING,30,0,0.0,413.5,8.98,45.01,0.163,2796.6,18.88,96.9,0.03,simulator,1.0
2026-10-02 08:20:40+00:00,M04,5.41,101.93024,RUNNING,31,1,40.0,417.5,8.7,45.01,0.152,2798.8,18.46,96.9,0.02,simulator,1.0
2026-10-02 08:20:42+00:00,M04,5.419,101.93325,RUNNING,31,0,0.0,413.8,8.79,44.97,0.141,2804.0,18.46,96.9,0.02,simulator,1.0
2026-10-02 08:20:44+00:00,M04,5.778,101.93646,RUNNING,31,0,0.0,411.8,9.42,45.0,0.154,2796.0,19.74,96.9,0.02,simulator,1.0
2026-10-02 08:20:46+00:00,M04,5.689,101.93962,RUNNING,31,0,0.0,411.6,9.28,45.0,0.157,2796.3,19.43,96.9,0.03,simulator,1.0
2026-10-02 08:20:48+00:00,M04,5.452,101.94265,RUNNING,31,0,0.0,418.4,8.75,44.96,0.147,2802.2,18.58,96.9,0.02,simulator,1.0
2026-10-02 08:20:50+00:00,M04,5.56,101.94574,RUNNING,31,0,0.0,413.6,9.02,44.95,0.156,2804.8,18.93,96.9,0.02,simulator,1.0
2026-10-02 08:20:52+00:00,M04,5.426,101.94875,RUNNING,31,0,0.0,412.0,8.84,44.98,0.15,2795.5,18.54,96.9,0.02,simulator,1.0
2026-10-02 08:20:54+00:00,M04,5.577,101.95185,RUNNING,31,0,0.0,411.6,9.1,44.96,0.153,2803.9,19.0,96.9,0.02,simulator,1.0
2026-10-02 08:20:56+00:00,M04,5.816,101.95508,RUNNING,31,0,0.0,416.6,9.37,45.01,0.141,2798.3,19.85,96.9,0.02,simulator,1.0
2026-10-02 08:20:58+00:00,M04,5.438,101.95811,RUNNING,31,0,0.0,414.4,8.81,44.96,0.142,2803.7,18.52,97.0,0.02,simulator,1.0
2026-10-02 08:21:00+00:00,M04,5.535,101.96118,RUNNING,31,0,0.0,413.5,8.99,44.97,0.162,2804.8,18.85,96.9,0.02,simulator,1.0
2026-10-02 08:21:02+00:00,M04,5.431,101.9642,RUNNING,31,0,0.0,414.3,8.8,44.99,0.141,2803.7,18.5,96.9,0.02,simulator,1.0
2026-10-02 08:21:04+00:00,M04,5.572,101.96729,RUNNING,31,0,0.0,411.8,9.08,45.03,0.163,2796.0,19.03,96.8,0.02,simulator,1.0
2026-10-02 08:21:06+00:00,M04,5.69,101.97045,RUNNING,31,0,0.0,413.2,9.24,45.0,0.149,2802.3,19.39,96.9,0.02,simulator,1.0
2026-10-02 08:21:08+00:00,M04,5.548,101.97354,RUNNING,31,0,0.0,418.4,8.9,45.04,0.14,2795.9,18.95,96.9,0.02,simulator,1.0
2026-10-02 08:21:10+00:00,M04,5.491,101.97659,RUNNING,31,0,0.0,412.6,8.93,45.01,0.145,2796.2,18.75,96.9,0.02,simulator,1.0
2026-10-02 08:21:12+00:00,M04,5.605,101.9797,RUNNING,31,0,0.0,412.8,9.12,45.0,0.134,2798.2,19.13,97.0,0.02,simulator,1.0
2026-10-02 08:21:14+00:00,M04,5.753,101.9829,RUNNING,31,0,0.0,416.3,9.28,45.01,0.145,2797.1,19.64,97.0,0.02,simulator,1.0
2026-10-02 08:21:16+00:00,M04,5.57,101.98599,RUNNING,31,0,0.0,415.2,9.01,45.03,0.135,2796.0,19.02,97.0,0.02,simulator,1.0
2026-10-02 08:21:18+00:00,M04,5.484,101.98904,RUNNING,31,0,0.0,416.7,8.84,44.99,0.14,2797.8,18.72,97.0,0.02,simulator,1.0
2026-10-02 08:21:20+00:00,M04,5.416,101.99205,RUNNING,32,1,40.0,415.1,8.76,45.01,0.139,2796.7,18.49,97.0,0.02,simulator,1.0
2026-10-02 08:21:22+00:00,M04,5.755,101.99524,RUNNING,32,0,0.0,418.0,9.24,45.02,0.137,2795.8,19.66,97.0,0.02,simulator,1.0
2026-10-02 08:21:24+00:00,M04,5.648,101.99838,RUNNING,32,0,0.0,415.9,9.12,45.06,0.137,2795.8,19.29,97.0,0.02,simulator,1.0
2026-10-02 08:21:26+00:00,M04,5.715,102.00156,RUNNING,32,0,0.0,418.1,9.18,45.09,0.15,2796.7,19.52,97.0,0.02,simulator,1.0
2026-10-02 08:21:28+00:00,M04,5.74,102.00475,RUNNING,32,0,0.0,417.6,9.23,45.07,0.151,2802.0,19.56,97.0,0.02,simulator,1.0
2026-10-02 08:21:30+00:00,M04,5.492,102.0078,RUNNING,32,0,0.0,416.9,8.84,45.06,0.149,2804.9,18.7,97.0,0.02,simulator,1.0
2026-10-02 08:21:32+00:00,M04,5.569,102.01089,RUNNING,32,0,0.0,416.3,8.98,45.11,0.137,2801.2,18.99,97.0,0.02,simulator,1.0
2026-10-02 08:21:34+00:00,M04,5.716,102.01407,RUNNING,32,0,0.0,416.9,9.2,45.13,0.148,2795.2,19.53,97.0,0.02,simulator,1.0
2026-10-02 08:21:36+00:00,M04,5.696,102.01723,RUNNING,32,0,0.0,413.2,9.25,45.16,0.146,2799.7,19.43,97.0,0.02,simulator,1.0
2026-10-02 08:21:38+00:00,M04,5.445,102.02026,RUNNING,32,0,0.0,413.6,8.84,45.13,0.161,2796.1,18.6,96.9,0.02,simulator,1.0
2026-10-02 08:21:40+00:00,M04,5.785,102.02347,RUNNING,32,0,0.0,418.4,9.28,45.08,0.165,2800.8,19.73,96.8,0.03,simulator,1.0
2026-10-02 08:21:42+00:00,M04,5.624,102.02659,RUNNING,32,0,0.0,411.9,9.17,45.04,0.167,2800.2,19.18,96.7,0.03,simulator,1.0
2026-10-02 08:21:44+00:00,M04,5.448,102.02962,RUNNING,32,0,0.0,415.1,8.81,45.0,0.158,2796.0,18.61,96.7,0.03,simulator,1.0
2026-10-02 08:21:46+00:00,M04,5.436,102.03264,RUNNING,32,0,0.0,416.8,8.76,44.98,0.15,2800.1,18.54,96.8,0.03,simulator,1.0
2026-10-02 08:21:48+00:00,M04,5.581,102.03574,RUNNING,32,0,0.0,413.6,9.06,45.03,0.161,2796.1,19.06,96.8,0.03,simulator,1.0
2026-10-02 08:21:50+00:00,M04,5.462,102.03878,RUNNING,32,0,0.0,417.2,8.79,45.01,0.146,2799.3,18.63,96.9,0.02,simulator,1.0
2026-10-02 08:21:52+00:00,M04,5.805,102.042,RUNNING,32,0,0.0,417.4,9.34,45.02,0.137,2804.1,19.77,96.9,0.02,simulator,1.0
2026-10-02 08:21:54+00:00,M04,5.717,102.04518,RUNNING,32,0,0.0,416.4,9.22,45.04,0.148,2800.4,19.5,96.9,0.02,simulator,1.0
2026-10-02 08:21:56+00:00,M04,5.742,102.04837,RUNNING,32,0,0.0,417.7,9.23,45.08,0.147,2802.4,19.57,96.9,0.02,simulator,1.0
2026-10-02 08:21:58+00:00,M04,5.392,102.05136,RUNNING,32,0,0.0,418.1,8.66,45.08,0.135,2795.8,18.42,96.9,0.02,simulator,1.0
2026-10-02 08:22:00+00:00,M04,5.621,102.05449,RUNNING,33,1,40.0,415.2,9.09,45.05,0.147,2802.1,19.16,97.0,0.02,simulator,1.0
2026-10-02 08:22:02+00:00,M04,5.505,102.05754,RUNNING,33,0,0.0,414.0,8.93,45.06,0.147,2803.3,18.75,97.0,0.02,simulator,1.0
2026-10-02 08:22:04+00:00,M04,5.781,102.06076,RUNNING,33,0,0.0,416.2,9.32,45.09,0.138,2799.7,19.72,97.0,0.02,simulator,1.0
2026-10-02 08:22:06+00:00,M04,5.63,102.06388,RUNNING,33,0,0.0,416.6,9.07,45.05,0.148,2803.6,19.18,97.0,0.02,simulator,1.0
2026-10-02 08:22:08+00:00,M04,5.538,102.06696,RUNNING,33,0,0.0,412.1,9.02,45.03,0.156,2804.2,18.86,96.9,0.02,simulator,1.0
2026-10-02 08:22:10+00:00,M04,5.658,102.0701,RUNNING,33,0,0.0,412.7,9.2,45.06,0.148,2799.9,19.3,96.9,0.02,simulator,1.0
2026-10-02 08:22:12+00:00,M04,5.484,102.07315,RUNNING,33,0,0.0,414.2,8.89,45.06,0.156,2796.6,18.73,96.9,0.02,simulator,1.0
2026-10-02 08:22:14+00:00,M04,5.541,102.07623,RUNNING,33,0,0.0,415.3,8.96,45.07,0.143,2804.5,18.87,96.9,0.02,simulator,1.0
2026-10-02 08:22:16+00:00,M04,5.607,102.07934,RUNNING,33,0,0.0,414.9,9.07,45.11,0.143,2800.5,19.12,96.9,0.02,simulator,1.0
2026-10-02 08:22:18+00:00,M04,5.434,102.08236,RUNNING,33,0,0.0,411.9,8.86,45.15,0.16,2803.4,18.51,96.9,0.02,simulator,1.0
2026-10-02 08:22:20+00:00,M04,5.817,102.08559,RUNNING,33,0,0.0,417.5,9.35,45.11,0.155,2804.9,19.81,96.9,0.02,simulator,1.0
2026-10-02 08:22:22+00:00,M04,5.674,102.08875,RUNNING,33,0,0.0,415.4,9.17,45.14,0.157,2796.8,19.37,96.8,0.02,simulator,1.0
2026-10-02 08:22:24+00:00,M04,5.817,102.09198,RUNNING,33,0,0.0,418.1,9.34,45.13,0.155,2796.3,19.87,96.8,0.02,simulator,1.0
2026-10-02 08:22:26+00:00,M04,5.418,102.09499,RUNNING,33,0,0.0,412.1,8.83,45.08,0.164,2803.4,18.46,96.8,0.02,simulator,1.0
2026-10-02 08:22:28+00:00,M04,5.433,102.09801,RUNNING,33,0,0.0,417.6,8.73,45.05,0.149,2804.0,18.5,96.8,0.02,simulator,1.0
2026-10-02 08:22:30+00:00,M04,5.535,102.10108,RUNNING,33,0,0.0,417.8,8.89,45.01,0.144,2802.3,18.86,96.9,0.02,simulator,1.0
2026-10-02 08:22:32+00:00,M04,5.503,102.10414,RUNNING,33,0,0.0,412.3,8.96,45.02,0.15,2799.0,18.78,96.9,0.02,simulator,1.0
2026-10-02 08:22:34+00:00,M04,5.55,102.10722,RUNNING,33,0,0.0,415.5,8.97,45.04,0.161,2803.9,18.9,96.9,0.02,simulator,1.0
2026-10-02 08:22:36+00:00,M04,5.77,102.11043,RUNNING,33,0,0.0,418.5,9.26,45.06,0.148,2801.3,19.67,96.9,0.02,simulator,1.0
2026-10-02 08:22:38+00:00,M04,5.78,102.11364,RUNNING,33,0,0.0,418.2,9.28,45.04,0.135,2796.1,19.74,96.9,0.02,simulator,1.0
2026-10-02 08:22:40+00:00,M04,5.46,102.11667,RUNNING,34,1,40.0,417.5,8.78,45.05,0.159,2795.2,18.65,96.9,0.02,simulator,1.0
2026-10-02 08:22:42+00:00,M04,5.636,102.1198,RUNNING,34,0,0.0,415.7,9.1,45.06,0.15,2797.1,19.24,96.9,0.02,simulator,1.0
2026-10-02 08:22:44+00:00,M04,5.56,102.12289,RUNNING,34,0,0.0,413.4,9.03,45.03,0.164,2798.5,18.97,96.8,0.02,simulator,1.0
2026-10-02 08:22:46+00:00,M04,5.442,102.12591,RUNNING,34,0,0.0,416.6,8.77,45.06,0.162,2798.2,18.57,96.8,0.03,simulator,1.0
2026-10-02 08:22:48+00:00,M04,5.652,102.12905,RUNNING,34,0,0.0,412.2,9.21,45.03,0.15,2804.6,19.25,96.8,0.02,simulator,1.0
2026-10-02 08:22:50+00:00,M04,5.64,102.13219,RUNNING,34,0,0.0,418.2,9.05,45.03,0.164,2802.5,19.22,96.8,0.03,simulator,1.0
2026-10-02 08:22:52+00:00,M04,5.77,102.13539,RUNNING,34,0,0.0,417.1,9.29,45.04,0.138,2798.4,19.69,96.8,0.03,simulator,1.0
2026-10-02 08:22:54+00:00,M04,5.615,102.13851,RUNNING,34,0,0.0,414.4,9.1,45.09,0.151,2803.4,19.13,96.9,0.02,simulator,1.0
2026-10-02 08:22:56+00:00,M04,5.479,102.14156,RUNNING,34,0,0.0,414.2,8.88,45.1,0.141,2800.5,18.68,96.9,0.02,simulator,1.0
2026-10-02 08:22:58+00:00,M04,5.56,102.14465,RUNNING,34,0,0.0,414.6,9.0,45.09,0.146,2801.0,18.96,96.9,0.02,simulator,1.0
2026-10-02 08:23:00+00:00,M04,5.528,102.14772,RUNNING,34,0,0.0,414.1,8.96,45.05,0.157,2802.0,18.84,96.9,0.02,simulator,1.0
2026-10-02 08:23:02+00:00,M04,5.397,102.15072,RUNNING,34,0,0.0,413.6,8.76,45.02,0.148,2799.8,18.41,96.9,0.02,simulator,1.0
2026-10-02 08:23:04+00:00,M04,5.76,102.15392,RUNNING,34,0,0.0,414.8,9.32,45.01,0.143,2798.3,19.66,96.9,0.02,simulator,1.0
2026-10-02 08:23:06+00:00,M04,5.629,102.15704,RUNNING,34,0,0.0,417.7,9.05,45.04,0.142,2802.4,19.18,97.0,0.02,simulator,1.0
2026-10-02 08:23:08+00:00,M04,5.435,102.16006,RUNNING,34,0,0.0,414.7,8.8,45.06,0.135,2800.9,18.53,97.0,0.02,simulator,1.0
2026-10-02 08:23:10+00:00,M04,5.687,102.16322,RUNNING,34,0,0.0,417.0,9.16,45.08,0.149,2802.0,19.38,97.0,0.02,simulator,1.0
2026-10-02 08:23:12+00:00,M04,5.58,102.16632,RUNNING,34,0,0.0,414.5,9.04,45.07,0.142,2795.8,19.06,97.0,0.02,simulator,1.0
2026-10-02 08:23:14+00:00,M04,5.573,102.16942,RUNNING,34,0,0.0,415.3,9.01,45.05,0.143,2795.0,19.04,97.0,0.02,simulator,1.0
2026-10-02 08:23:16+00:00,M04,5.45,102.17245,RUNNING,34,0,0.0,415.8,8.8,45.07,0.153,2803.9,18.56,96.9,0.02,simulator,1.0
2026-10-02 08:23:18+00:00,M04,5.532,102.17552,RUNNING,34,0,0.0,415.3,8.94,45.06,0.158,2803.5,18.84,96.9,0.02,simulator,1.0
2026-10-02 08:23:20+00:00,M04,5.789,102.17873,RUNNING,35,1,40.0,414.8,9.37,45.08,0.139,2797.5,19.76,96.9,0.02,simulator,1.0
2026-10-02 08:23:22+00:00,M04,5.783,102.18195,RUNNING,35,0,0.0,412.2,9.42,45.05,0.161,2803.7,19.7,96.9,0.02,simulator,1.0
2026-10-02 08:23:24+00:00,M04,5.478,102.18499,RUNNING,35,0,0.0,415.1,8.86,45.07,0.15,2800.6,18.68,96.9,0.02,simulator,1.0
2026-10-02 08:23:26+00:00,M04,5.424,102.188,RUNNING,35,0,0.0,416.4,8.74,45.08,0.15,2796.4,18.52,96.9,0.02,simulator,1.0
2026-10-02 08:23:28+00:00,M04,5.418,102.19101,RUNNING,35,0,0.0,416.8,8.73,45.12,0.136,2804.2,18.45,96.9,0.02,simulator,1.0
2026-10-02 08:23:30+00:00,M04,5.561,102.1941,RUNNING,35,0,0.0,412.0,9.06,45.11,0.147,2800.5,18.96,96.9,0.02,simulator,1.0
2026-10-02 08:23:32+00:00,M04,5.449,102.19713,RUNNING,35,0,0.0,418.4,8.74,45.09,0.148,2796.5,18.61,96.9,0.02,simulator,1.0
2026-10-02 08:23:34+00:00,M04,5.54,102.20021,RUNNING,35,0,0.0,417.2,8.91,45.12,0.136,2799.2,18.9,96.9,0.02,simulator,1.0
2026-10-02 08:23:36+00:00,M04,5.669,102.20336,RUNNING,35,0,0.0,414.3,9.19,45.08,0.146,2796.8,19.36,97.0,0.02,simulator,1.0
2026-10-02 08:23:38+00:00,M04,5.675,102.20651,RUNNING,35,0,0.0,415.4,9.17,45.06,0.153,2798.6,19.37,96.9,0.02,simulator,1.0
2026-10-02 08:23:40+00:00,M04,5.472,102.20955,RUNNING,35,0,0.0,416.5,8.82,45.09,0.154,2804.2,18.64,96.9,0.02,simulator,1.0
2026-10-02 08:23:42+00:00,M04,5.704,102.21272,RUNNING,35,0,0.0,414.4,9.24,45.12,0.158,2801.9,19.44,96.9,0.02,simulator,1.0
2026-10-02 08:23:44+00:00,M04,5.574,102.21582,RUNNING,35,0,0.0,416.7,8.98,45.07,0.164,2804.6,18.98,96.8,0.02,simulator,1.0
2026-10-02 08:23:46+00:00,M04,5.743,102.21901,RUNNING,35,0,0.0,417.9,9.23,45.09,0.152,2798.4,19.6,96.8,0.02,simulator,1.0
2026-10-02 08:23:48+00:00,M04,5.744,102.2222,RUNNING,35,0,0.0,413.9,9.32,45.07,0.149,2803.9,19.56,96.9,0.02,simulator,1.0
2026-10-02 08:23:50+00:00,M04,5.471,102.22524,RUNNING,35,0,0.0,417.7,8.79,45.09,0.141,2799.8,18.66,96.9,0.02,simulator,1.0
2026-10-02 08:23:52+00:00,M04,5.57,102.22833,RUNNING,35,0,0.0,413.9,9.03,45.13,0.135,2804.8,18.97,96.9,0.02,simulator,1.0
2026-10-02 08:23:54+00:00,M04,5.644,102.23147,RUNNING,35,0,0.0,417.5,9.08,45.18,0.149,2799.4,19.25,96.9,0.02,simulator,1.0
2026-10-02 08:23:56+00:00,M04,5.472,102.23451,RUNNING,35,0,0.0,411.8,8.92,45.14,0.142,2796.5,18.69,96.9,0.02,simulator,1.0
2026-10-02 08:23:58+00:00,M04,5.64,102.23764,RUNNING,35,0,0.0,415.9,9.1,45.18,0.151,2802.2,19.22,96.9,0.02,simulator,1.0
2026-10-02 08:24:00+00:00,M04,5.782,102.24085,RUNNING,36,1,40.0,412.1,9.42,45.2,0.161,2803.8,19.69,96.8,0.03,simulator,1.0
2026-10-02 08:24:02+00:00,M04,5.428,102.24387,RUNNING,36,0,0.0,412.5,8.83,45.18,0.146,2804.6,18.48,96.9,0.02,simulator,1.0
2026-10-02 08:24:04+00:00,M04,5.585,102.24697,RUNNING,36,0,0.0,412.6,9.09,45.23,0.159,2798.9,19.06,96.8,0.03,simulator,1.0
2026-10-02 08:24:06+00:00,M04,5.48,102.25002,RUNNING,36,0,0.0,416.7,8.83,45.27,0.138,2799.8,18.69,96.8,0.03,simulator,1.0
2026-10-02 08:24:08+00:00,M04,5.401,102.25302,RUNNING,36,0,0.0,417.8,8.68,45.21,0.137,2800.6,18.42,96.9,0.02,simulator,1.0
2026-10-02 08:24:10+00:00,M04,5.527,102.25609,RUNNING,36,0,0.0,417.6,8.89,45.25,0.14,2797.6,18.87,96.9,0.02,simulator,1.0
2026-10-02 08:24:12+00:00,M04,5.575,102.25918,RUNNING,36,0,0.0,415.0,9.02,45.29,0.134,2798.8,19.02,96.9,0.02,simulator,1.0
2026-10-02 08:24:14+00:00,M04,5.768,102.26239,RUNNING,36,0,0.0,418.3,9.26,45.34,0.136,2803.1,19.65,96.9,0.02,simulator,1.0
2026-10-02 08:24:16+00:00,M04,5.652,102.26553,RUNNING,36,0,0.0,413.2,9.18,45.35,0.148,2799.0,19.28,96.9,0.02,simulator,1.0
2026-10-02 08:24:18+00:00,M04,5.717,102.2687,RUNNING,36,0,0.0,412.2,9.31,45.38,0.153,2798.1,19.51,96.8,0.02,simulator,1.0
2026-10-02 08:24:20+00:00,M04,5.481,102.27175,RUNNING,36,0,0.0,415.5,8.86,45.35,0.153,2796.1,18.72,96.8,0.02,simulator,1.0
2026-10-02 08:24:22+00:00,M04,5.545,102.27483,RUNNING,36,0,0.0,418.0,8.91,45.3,0.145,2801.7,18.9,96.8,0.02,simulator,1.0
2026-10-02 08:24:24+00:00,M04,5.653,102.27797,RUNNING,36,0,0.0,417.3,9.09,45.27,0.149,2803.5,19.26,96.9,0.02,simulator,1.0
2026-10-02 08:24:26+00:00,M04,5.568,102.28106,RUNNING,36,0,0.0,411.8,9.08,45.3,0.142,2797.7,19.01,96.9,0.02,simulator,1.0
2026-10-02 08:24:28+00:00,M04,5.821,102.2843,RUNNING,36,0,0.0,413.4,9.45,45.26,0.137,2803.1,19.83,96.9,0.02,simulator,1.0
2026-10-02 08:24:30+00:00,M04,5.693,102.28746,RUNNING,36,0,0.0,418.3,9.14,45.28,0.15,2795.5,19.45,96.9,0.02,simulator,1.0
2026-10-02 08:24:32+00:00,M04,5.819,102.29069,RUNNING,36,0,0.0,411.8,9.49,45.3,0.144,2796.9,19.87,96.9,0.02,simulator,1.0
2026-10-02 08:24:34+00:00,M04,5.567,102.29379,RUNNING,36,0,0.0,413.6,9.04,45.3,0.163,2796.0,19.01,96.8,0.02,simulator,1.0
2026-10-02 08:24:36+00:00,M04,5.414,102.29679,RUNNING,36,0,0.0,413.2,8.8,45.3,0.149,2799.2,18.47,96.8,0.02,simulator,1.0
2026-10-02 08:24:38+00:00,M04,5.762,102.3,RUNNING,36,0,0.0,411.9,9.39,45.28,0.147,2797.4,19.67,96.8,0.02,simulator,1.0
2026-10-02 08:24:40+00:00,M04,5.826,102.30323,RUNNING,37,1,40.0,417.9,9.36,45.24,0.139,2796.0,19.9,96.9,0.02,simulator,1.0
2026-10-02 08:24:42+00:00,M04,5.424,102.30625,RUNNING,37,0,0.0,411.8,8.84,45.29,0.162,2795.3,18.53,96.8,0.02,simulator,1.0
2026-10-02 08:24:44+00:00,M04,5.619,102.30937,RUNNING,37,0,0.0,415.2,9.09,45.25,0.165,2799.3,19.17,96.7,0.03,simulator,1.0
2026-10-02 08:24:46+00:00,M04,5.807,102.31259,RUNNING,37,0,0.0,414.6,9.4,45.23,0.149,2801.2,19.8,96.8,0.03,simulator,1.0
2026-10-02 08:24:48+00:00,M04,5.548,102.31568,RUNNING,37,0,0.0,416.5,8.94,45.24,0.157,2798.7,18.93,96.8,0.03,simulator,1.0
2026-10-02 08:24:50+00:00,M04,5.763,102.31888,RUNNING,37,0,0.0,418.3,9.25,45.26,0.163,2801.9,19.64,96.7,0.03,simulator,1.0
2026-10-02 08:24:52+00:00,M04,5.552,102.32196,RUNNING,37,0,0.0,418.1,8.91,45.29,0.142,2804.1,18.91,96.8,0.02,simulator,1.0
2026-10-02 08:24:54+00:00,M04,5.488,102.32501,RUNNING,37,0,0.0,414.4,8.89,45.29,0.153,2797.7,18.73,96.8,0.02,simulator,1.0
2026-10-02 08:24:56+00:00,M04,5.804,102.32823,RUNNING,37,0,0.0,412.9,9.44,45.27,0.164,2796.6,19.82,96.7,0.03,simulator,1.0
2026-10-02 08:24:58+00:00,M04,5.715,102.33141,RUNNING,37,0,0.0,413.6,9.28,45.26,0.16,2796.3,19.52,96.7,0.03,simulator,1.0
2026-10-02 08:25:00+00:00,M04,5.818,102.33464,RUNNING,37,0,0.0,417.9,9.35,45.24,0.159,2795.0,19.88,96.7,0.02,simulator,1.0
2026-10-02 08:25:02+00:00,M04,5.427,102.33766,RUNNING,37,0,0.0,413.8,8.8,45.2,0.142,2801.6,18.5,96.8,0.02,simulator,1.0
2026-10-02 08:25:04+00:00,M04,5.404,102.34066,RUNNING,37,0,0.0,418.0,8.68,45.24,0.142,2795.6,18.46,96.8,0.02,simulator,1.0
2026-10-02 08:25:06+00:00,M04,5.805,102.34388,RUNNING,37,0,0.0,411.9,9.46,45.22,0.156,2802.2,19.78,96.8,0.02,simulator,1.0
2026-10-02 08:25:08+00:00,M04,5.704,102.34705,RUNNING,37,0,0.0,418.0,9.16,45.23,0.146,2801.3,19.45,96.8,0.02,simulator,1.0
2026-10-02 08:25:10+00:00,M04,5.687,102.35021,RUNNING,37,0,0.0,414.5,9.21,45.26,0.14,2796.6,19.42,96.8,0.02,simulator,1.0
2026-10-02 08:25:12+00:00,M04,5.702,102.35338,RUNNING,37,0,0.0,416.4,9.19,45.22,0.163,2797.1,19.47,96.8,0.02,simulator,1.0
2026-10-02 08:25:14+00:00,M04,5.427,102.3564,RUNNING,37,0,0.0,414.7,8.79,45.2,0.161,2801.2,18.5,96.7,0.03,simulator,1.0
2026-10-02 08:25:16+00:00,M04,5.518,102.35946,RUNNING,37,0,0.0,418.1,8.86,45.23,0.145,2804.4,18.79,96.8,0.02,simulator,1.0
2026-10-02 08:25:18+00:00,M04,5.818,102.36269,RUNNING,37,0,0.0,417.6,9.35,45.21,0.141,2800.6,19.84,96.8,0.02,simulator,1.0
2026-10-02 08:25:20+00:00,M04,5.543,102.36577,RUNNING,38,1,40.0,414.1,8.99,45.17,0.136,2795.8,18.93,96.9,0.02,simulator,1.0
2026-10-02 08:25:22+00:00,M04,5.478,102.36882,RUNNING,38,0,0.0,416.9,8.82,45.13,0.152,2804.7,18.65,96.9,0.02,simulator,1.0
2026-10-02 08:25:24+00:00,M04,5.824,102.37205,RUNNING,38,0,0.0,417.5,9.36,45.18,0.144,2795.9,19.89,96.9,0.02,simulator,1.0
2026-10-02 08:25:26+00:00,M04,5.732,102.37524,RUNNING,38,0,0.0,418.0,9.21,45.2,0.158,2798.7,19.56,96.8,0.02,simulator,1.0
2026-10-02 08:25:28+00:00,M04,5.527,102.37831,RUNNING,38,0,0.0,416.8,8.9,45.18,0.143,2797.7,18.87,96.9,0.02,simulator,1.0
2026-10-02 08:25:30+00:00,M04,5.628,102.38143,RUNNING,38,0,0.0,415.4,9.1,45.15,0.15,2798.9,19.2,96.9,0.02,simulator,1.0
2026-10-02 08:25:32+00:00,M04,5.487,102.38448,RUNNING,38,0,0.0,413.4,8.91,45.19,0.153,2798.0,18.73,96.9,0.02,simulator,1.0
2026-10-02 08:25:34+00:00,M04,5.423,102.38749,RUNNING,38,0,0.0,412.0,8.84,45.14,0.148,2804.7,18.47,96.9,0.02,simulator,1.0
2026-10-02 08:25:36+00:00,M04,5.405,102.3905,RUNNING,38,0,0.0,411.5,8.82,45.15,0.147,2803.8,18.41,96.9,0.02,simulator,1.0
2026-10-02 08:25:38+00:00,M04,5.574,102.39359,RUNNING,38,0,0.0,416.7,8.98,45.18,0.14,2797.1,19.03,96.9,0.02,simulator,1.0
2026-10-02 08:25:40+00:00,M04,5.82,102.39683,RUNNING,38,0,0.0,413.1,9.46,45.22,0.15,2801.6,19.84,96.9,0.02,simulator,1.0
2026-10-02 08:25:42+00:00,M04,5.703,102.4,RUNNING,38,0,0.0,416.9,9.18,45.19,0.151,2804.6,19.42,96.9,0.02,simulator,1.0
2026-10-02 08:25:44+00:00,M04,5.604,102.40311,RUNNING,38,0,0.0,414.2,9.08,45.16,0.153,2801.2,19.11,96.9,0.02,simulator,1.0
2026-10-02 08:25:46+00:00,M04,5.434,102.40613,RUNNING,38,0,0.0,415.6,8.78,45.12,0.159,2803.1,18.51,96.8,0.02,simulator,1.0
2026-10-02 08:25:48+00:00,M04,5.806,102.40935,RUNNING,38,0,0.0,412.0,9.46,45.17,0.139,2804.8,19.77,96.9,0.02,simulator,1.0
2026-10-02 08:25:50+00:00,M04,5.776,102.41256,RUNNING,38,0,0.0,412.4,9.4,45.13,0.138,2799.9,19.7,96.9,0.02,simulator,1.0
2026-10-02 08:25:52+00:00,M04,5.826,102.4158,RUNNING,38,0,0.0,414.0,9.45,45.13,0.141,2798.9,19.88,96.9,0.02,simulator,1.0
2026-10-02 08:25:54+00:00,M04,5.411,102.4188,RUNNING,38,0,0.0,412.6,8.8,45.17,0.148,2798.1,18.47,96.9,0.02,simulator,1.0
2026-10-02 08:25:56+00:00,M04,5.553,102.42189,RUNNING,38,0,0.0,415.6,8.97,45.16,0.153,2801.1,18.93,96.9,0.02,simulator,1.0
2026-10-02 08:25:58+00:00,M04,5.721,102.42507,RUNNING,38,0,0.0,417.1,9.21,45.12,0.137,2798.5,19.52,96.9,0.02,simulator,1.0
2026-10-02 08:26:00+00:00,M04,5.647,102.42821,RUNNING,39,1,40.0,412.1,9.2,45.13,0.16,2797.0,19.28,96.9,0.02,simulator,1.0
2026-10-02 08:26:02+00:00,M04,5.666,102.43135,RUNNING,39,0,0.0,418.4,9.09,45.12,0.165,2796.8,19.35,96.8,0.02,simulator,1.0
2026-10-02 08:26:04+00:00,M04,5.391,102.43435,RUNNING,39,0,0.0,414.4,8.73,45.08,0.145,2801.7,18.38,96.8,0.02,simulator,1.0
2026-10-02 08:26:06+00:00,M04,5.761,102.43755,RUNNING,39,0,0.0,417.2,9.27,45.03,0.162,2795.3,19.68,96.8,0.02,simulator,1.0
2026-10-02 08:26:08+00:00,M04,5.705,102.44072,RUNNING,39,0,0.0,413.7,9.26,45.03,0.147,2796.2,19.48,96.8,0.02,simulator,1.0
2026-10-02 08:26:10+00:00,M04,5.44,102.44374,RUNNING,39,0,0.0,417.6,8.75,45.07,0.14,2796.4,18.58,96.9,0.02,simulator,1.0
2026-10-02 08:26:12+00:00,M04,5.608,102.44686,RUNNING,39,0,0.0,412.0,9.14,45.08,0.158,2802.7,19.11,96.8,0.02,simulator,1.0
2026-10-02 08:26:14+00:00,M04,5.521,102.44992,RUNNING,39,0,0.0,417.8,8.87,45.09,0.144,2795.0,18.86,96.9,0.02,simulator,1.0
2026-10-02 08:26:16+00:00,M04,5.415,102.45293,RUNNING,39,0,0.0,414.9,8.76,45.08,0.158,2801.2,18.46,96.8,0.02,simulator,1.0
2026-10-02 08:26:18+00:00,M04,5.506,102.45599,RUNNING,39,0,0.0,411.9,8.97,45.07,0.159,2798.0,18.79,96.8,0.02,simulator,1.0
2026-10-02 08:26:20+00:00,M04,5.525,102.45906,RUNNING,39,0,0.0,416.0,8.92,45.02,0.158,2800.2,18.84,96.8,0.02,simulator,1.0
2026-10-02 08:26:22+00:00,M04,5.759,102.46226,RUNNING,39,0,0.0,412.6,9.37,45.01,0.159,2798.7,19.65,96.8,0.02,simulator,1.0
2026-10-02 08:26:24+00:00,M04,5.602,102.46537,RUNNING,39,0,0.0,411.6,9.14,45.01,0.165,2797.1,19.13,96.7,0.02,simulator,1.0
2026-10-02 08:26:26+00:00,M04,5.587,102.46848,RUNNING,39,0,0.0,412.8,9.09,45.01,0.146,2796.9,19.08,96.8,0.02,simulator,1.0
2026-10-02 08:26:28+00:00,M04,5.715,102.47165,RUNNING,39,0,0.0,417.6,9.19,45.06,0.153,2798.3,19.5,96.8,0.02,simulator,1.0
2026-10-02 08:26:30+00:00,M04,5.681,102.47481,RUNNING,39,0,0.0,415.8,9.17,45.03,0.141,2803.9,19.35,96.9,0.02,simulator,1.0
2026-10-02 08:26:32+00:00,M04,5.599,102.47792,RUNNING,39,0,0.0,414.9,9.06,45.04,0.162,2797.5,19.11,96.8,0.02,simulator,1.0
2026-10-02 08:26:34+00:00,M04,5.66,102.48106,RUNNING,39,0,0.0,417.7,9.1,45.08,0.153,2801.3,19.3,96.8,0.02,simulator,1.0
2026-10-02 08:26:36+00:00,M04,5.514,102.48412,RUNNING,39,0,0.0,413.8,8.95,45.07,0.15,2796.6,18.83,96.9,0.02,simulator,1.0
2026-10-02 08:26:38+00:00,M04,5.494,102.48718,RUNNING,39,0,0.0,417.0,8.84,45.07,0.163,2800.5,18.74,96.8,0.02,simulator,1.0
2026-10-02 08:26:40+00:00,M04,5.788,102.49039,RUNNING,40,1,40.0,415.8,9.35,45.06,0.161,2800.9,19.73,96.8,0.02,simulator,1.0
2026-10-02 08:26:42+00:00,M04,5.429,102.49341,RUNNING,40,0,0.0,417.8,8.72,45.05,0.142,2795.2,18.55,96.8,0.02,simulator,1.0
2026-10-02 08:26:44+00:00,M04,5.556,102.4965,RUNNING,40,0,0.0,418.5,8.91,45.02,0.162,2795.9,18.98,96.8,0.02,simulator,1.0
2026-10-02 08:26:46+00:00,M04,5.482,102.49954,RUNNING,40,0,0.0,416.6,8.83,45.06,0.162,2795.3,18.73,96.8,0.03,simulator,1.0
2026-10-02 08:26:48+00:00,M04,5.655,102.50268,RUNNING,40,0,0.0,416.5,9.12,45.09,0.159,2796.8,19.31,96.8,0.03,simulator,1.0
2026-10-02 08:26:50+00:00,M04,5.639,102.50582,RUNNING,40,0,0.0,412.4,9.18,45.11,0.15,2795.2,19.27,96.8,0.03,simulator,1.0
2026-10-02 08:26:52+00:00,M04,5.394,102.50881,RUNNING,40,0,0.0,412.5,8.78,45.12,0.139,2795.4,18.43,96.9,0.02,simulator,1.0
2026-10-02 08:26:54+00:00,M04,5.746,102.512,RUNNING,40,0,0.0,415.3,9.29,45.16,0.141,2802.2,19.58,96.9,0.02,simulator,1.0
2026-10-02 08:26:56+00:00,M04,5.43,102.51502,RUNNING,40,0,0.0,414.5,8.79,45.19,0.16,2799.3,18.52,96.8,0.02,simulator,1.0
2026-10-02 08:26:58+00:00,M04,5.83,102.51826,RUNNING,40,0,0.0,417.9,9.37,45.14,0.14,2799.6,19.89,96.9,0.02,simulator,1.0
2026-10-02 08:27:00+00:00,M04,5.567,102.52135,RUNNING,40,0,0.0,416.5,8.97,45.11,0.156,2800.0,18.99,96.8,0.02,simulator,1.0
2026-10-02 08:27:02+00:00,M04,5.726,102.52453,RUNNING,40,0,0.0,414.8,9.27,45.12,0.143,2798.1,19.54,96.9,0.02,simulator,1.0
2026-10-02 08:27:04+00:00,M04,5.648,102.52767,RUNNING,40,0,0.0,416.9,9.1,45.17,0.155,2801.5,19.25,96.9,0.02,simulator,1.0
2026-10-02 08:27:06+00:00,M04,5.525,102.53074,RUNNING,40,0,0.0,413.1,8.98,45.19,0.163,2796.8,18.87,96.8,0.03,simulator,1.0
2026-10-02 08:27:08+00:00,M04,5.482,102.53379,RUNNING,40,0,0.0,411.9,8.93,45.19,0.151,2798.6,18.71,96.8,0.02,simulator,1.0
2026-10-02 08:27:10+00:00,M04,5.518,102.53685,RUNNING,40,0,0.0,416.2,8.9,45.14,0.149,2795.5,18.85,96.9,0.02,simulator,1.0
2026-10-02 08:27:12+00:00,M04,5.813,102.54008,RUNNING,40,0,0.0,414.2,9.42,45.13,0.153,2795.4,19.86,96.9,0.02,simulator,1.0
2026-10-02 08:27:14+00:00,M04,5.591,102.54319,RUNNING,40,0,0.0,412.4,9.1,45.14,0.15,2801.6,19.06,96.9,0.02,simulator,1.0
2026-10-02 08:27:16+00:00,M04,5.53,102.54626,RUNNING,40,0,0.0,417.0,8.9,45.18,0.151,2802.1,18.85,96.9,0.02,simulator,1.0
2026-10-02 08:27:18+00:00,M04,5.451,102.54929,RUNNING,40,0,0.0,415.0,8.82,45.22,0.163,2798.7,18.6,96.8,0.03,simulator,1.0
2026-10-02 08:27:20+00:00,M04,5.539,102.55237,RUNNING,41,1,40.0,411.6,9.03,45.26,0.138,2798.1,18.9,96.8,0.03,simulator,1.0
2026-10-02 08:27:22+00:00,M04,5.747,102.55556,RUNNING,41,0,0.0,416.6,9.26,45.25,0.158,2798.4,19.61,96.8,0.02,simulator,1.0
2026-10-02 08:27:24+00:00,M04,5.492,102.55861,RUNNING,41,0,0.0,417.0,8.84,45.2,0.149,2802.7,18.71,96.8,0.02,simulator,1.0
2026-10-02 08:27:26+00:00,M04,5.418,102.56162,RUNNING,41,0,0.0,417.8,8.71,45.24,0.147,2800.2,18.48,96.9,0.02,simulator,1.0
2026-10-02 08:27:28+00:00,M04,5.538,102.5647,RUNNING,41,0,0.0,414.6,8.97,45.24,0.164,2800.4,18.89,96.8,0.02,simulator,1.0
2026-10-02 08:27:30+00:00,M04,5.65,102.56783,RUNNING,41,0,0.0,412.9,9.19,45.29,0.167,2795.0,19.31,96.7,0.02,simulator,1.0
2026-10-02 08:27:32+00:00,M04,5.548,102.57092,RUNNING,41,0,0.0,414.1,8.99,45.28,0.149,2800.9,18.92,96.7,0.02,simulator,1.0
2026-10-02 08:27:34+00:00,M04,5.662,102.57406,RUNNING,41,0,0.0,413.8,9.19,45.3,0.136,2800.7,19.31,96.8,0.02,simulator,1.0
2026-10-02 08:27:36+00:00,M04,5.739,102.57725,RUNNING,41,0,0.0,416.3,9.25,45.27,0.151,2804.2,19.54,96.8,0.02,simulator,1.0
2026-10-02 08:27:38+00:00,M04,5.697,102.58042,RUNNING,41,0,0.0,416.3,9.19,45.23,0.153,2802.7,19.41,96.8,0.02,simulator,1.0
2026-10-02 08:27:40+00:00,M04,5.825,102.58365,RUNNING,41,0,0.0,415.0,9.42,45.24,0.152,2800.1,19.87,96.8,0.02,simulator,1.0
2026-10-02 08:27:42+00:00,M04,5.459,102.58668,RUNNING,41,0,0.0,413.5,8.86,45.18,0.147,2800.0,18.62,96.9,0.02,simulator,1.0
2026-10-02 08:27:44+00:00,M04,5.605,102.5898,RUNNING,41,0,0.0,414.2,9.08,45.23,0.143,2798.1,19.13,96.9,0.02,simulator,1.0
2026-10-02 08:27:46+00:00,M04,5.486,102.59285,RUNNING,41,0,0.0,412.1,8.94,45.24,0.163,2803.5,18.69,96.8,0.03,simulator,1.0
2026-10-02 08:27:48+00:00,M04,5.617,102.59597,RUNNING,41,0,0.0,411.6,9.16,45.21,0.139,2802.2,19.14,96.8,0.02,simulator,1.0
2026-10-02 08:27:50+00:00,M04,5.629,102.59909,RUNNING,41,0,0.0,414.0,9.13,45.17,0.134,2804.2,19.17,96.9,0.02,simulator,1.0
2026-10-02 08:27:52+00:00,M04,5.521,102.60216,RUNNING,41,0,0.0,418.1,8.86,45.14,0.152,2800.2,18.83,96.9,0.02,simulator,1.0
2026-10-02 08:27:54+00:00,M04,5.469,102.6052,RUNNING,41,0,0.0,414.0,8.87,45.15,0.143,2801.7,18.64,96.9,0.02,simulator,1.0
2026-10-02 08:27:56+00:00,M04,5.41,102.60821,RUNNING,41,0,0.0,411.8,8.82,45.18,0.16,2797.0,18.47,96.8,0.02,simulator,1.0
2026-10-02 08:27:58+00:00,M04,5.745,102.6114,RUNNING,41,0,0.0,416.1,9.27,45.15,0.141,2801.7,19.58,96.9,0.02,simulator,1.0
2026-10-02 08:28:00+00:00,M04,5.653,102.61454,RUNNING,42,1,40.0,416.0,9.12,45.14,0.141,2804.5,19.25,96.9,0.02,simulator,1.0
2026-10-02 08:28:02+00:00,M04,5.746,102.61773,RUNNING,42,0,0.0,415.2,9.29,45.18,0.141,2802.2,19.58,96.9,0.02,simulator,1.0
2026-10-02 08:28:04+00:00,M04,5.808,102.62096,RUNNING,42,0,0.0,412.4,9.45,45.22,0.16,2797.9,19.82,96.8,0.02,simulator,1.0
2026-10-02 08:28:06+00:00,M04,5.758,102.62416,RUNNING,42,0,0.0,417.6,9.26,45.24,0.159,2801.1,19.63,96.8,0.02,simulator,1.0
2026-10-02 08:28:08+00:00,M04,5.424,102.62717,RUNNING,42,0,0.0,418.4,8.7,45.26,0.163,2802.5,18.48,96.7,0.02,simulator,1.0
2026-10-02 08:28:10+00:00,M04,5.757,102.63037,RUNNING,42,0,0.0,416.6,9.28,45.29,0.141,2796.3,19.66,96.8,0.02,simulator,1.0
2026-10-02 08:28:12+00:00,M04,5.813,102.6336,RUNNING,42,0,0.0,413.5,9.44,45.32,0.147,2804.1,19.8,96.8,0.02,simulator,1.0
2026-10-02 08:28:14+00:00,M04,5.771,102.6368,RUNNING,42,0,0.0,418.2,9.26,45.32,0.139,2802.4,19.67,96.8,0.02,simulator,1.0
2026-10-02 08:28:16+00:00,M04,5.801,102.64003,RUNNING,42,0,0.0,411.7,9.46,45.31,0.159,2801.1,19.78,96.8,0.03,simulator,1.0
2026-10-02 08:28:18+00:00,M04,5.48,102.64307,RUNNING,42,0,0.0,414.5,8.88,45.31,0.143,2804.2,18.66,96.8,0.03,simulator,1.0
2026-10-02 08:28:20+00:00,M04,5.576,102.64617,RUNNING,42,0,0.0,411.6,9.09,45.28,0.154,2797.0,19.04,96.8,0.02,simulator,1.0
2026-10-02 08:28:22+00:00,M04,5.672,102.64932,RUNNING,42,0,0.0,412.0,9.24,45.24,0.159,2798.4,19.36,96.8,0.02,simulator,1.0
2026-10-02 08:28:24+00:00,M04,5.514,102.65238,RUNNING,42,0,0.0,416.9,8.88,45.23,0.161,2795.1,18.84,96.7,0.03,simulator,1.0
2026-10-02 08:28:26+00:00,M04,5.656,102.65552,RUNNING,42,0,0.0,413.8,9.18,45.26,0.145,2800.2,19.29,96.8,0.03,simulator,1.0
2026-10-02 08:28:28+00:00,M04,5.448,102.65855,RUNNING,42,0,0.0,417.2,8.77,45.23,0.136,2796.3,18.61,96.8,0.02,simulator,1.0
2026-10-02 08:28:30+00:00,M04,5.672,102.6617,RUNNING,42,0,0.0,416.8,9.14,45.25,0.15,2801.2,19.34,96.8,0.02,simulator,1.0
2026-10-02 08:28:32+00:00,M04,5.444,102.66473,RUNNING,42,0,0.0,415.5,8.8,45.29,0.14,2799.5,18.57,96.9,0.02,simulator,1.0
2026-10-02 08:28:34+00:00,M04,5.429,102.66774,RUNNING,42,0,0.0,415.5,8.77,45.3,0.139,2797.7,18.53,96.9,0.02,simulator,1.0
2026-10-02 08:28:36+00:00,M04,5.441,102.67077,RUNNING,42,0,0.0,417.1,8.76,45.3,0.157,2804.3,18.53,96.8,0.02,simulator,1.0
2026-10-02 08:28:38+00:00,M04,5.768,102.67397,RUNNING,42,0,0.0,416.5,9.3,45.29,0.165,2803.1,19.65,96.7,0.03,simulator,1.0
2026-10-02 08:28:40+00:00,M04,5.535,102.67704,RUNNING,43,1,40.0,411.8,9.02,45.27,0.153,2798.1,18.89,96.8,0.03,simulator,1.0
2026-10-02 08:28:42+00:00,M04,5.662,102.68019,RUNNING,43,0,0.0,414.3,9.17,45.3,0.145,2802.3,19.3,96.8,0.02,simulator,1.0
2026-10-02 08:28:44+00:00,M04,5.694,102.68335,RUNNING,43,0,0.0,415.9,9.19,45.33,0.14,2803.4,19.4,96.8,0.02,simulator,1.0
2026-10-02 08:28:46+00:00,M04,5.726,102.68653,RUNNING,43,0,0.0,416.8,9.22,45.32,0.141,2801.3,19.52,96.8,0.02,simulator,1.0
2026-10-02 08:28:48+00:00,M04,5.444,102.68956,RUNNING,43,0,0.0,417.7,8.75,45.27,0.144,2802.1,18.55,96.8,0.02,simulator,1.0
2026-10-02 08:28:50+00:00,M04,5.736,102.69275,RUNNING,43,0,0.0,411.9,9.35,45.23,0.156,2804.2,19.53,96.8,0.02,simulator,1.0
2026-10-02 08:28:52+00:00,M04,5.693,102.69591,RUNNING,43,0,0.0,416.5,9.18,45.22,0.153,2801.1,19.41,96.8,0.02,simulator,1.0
2026-10-02 08:28:54+00:00,M04,5.467,102.69895,RUNNING,43,0,0.0,415.1,8.84,45.26,0.166,2796.6,18.67,96.7,0.02,simulator,1.0
2026-10-02 08:28:56+00:00,M04,5.586,102.70205,RUNNING,43,0,0.0,413.6,9.07,45.25,0.147,2795.6,19.08,96.8,0.02,simulator,1.0
2026-10-02 08:28:58+00:00,M04,5.458,102.70508,RUNNING,43,0,0.0,415.3,8.82,45.26,0.139,2798.7,18.62,96.8,0.02,simulator,1.0
2026-10-02 08:29:00+00:00,M04,5.794,102.7083,RUNNING,43,0,0.0,416.7,9.33,45.28,0.137,2804.4,19.73,96.8,0.02,simulator,1.0
2026-10-02 08:29:02+00:00,M04,5.744,102.71149,RUNNING,43,0,0.0,416.7,9.25,45.24,0.135,2795.8,19.62,96.9,0.02,simulator,1.0
2026-10-02 08:29:04+00:00,M04,5.434,102.71451,RUNNING,43,0,0.0,413.0,8.83,45.26,0.158,2804.1,18.51,96.8,0.02,simulator,1.0
2026-10-02 08:29:06+00:00,M04,5.417,102.71752,RUNNING,43,0,0.0,416.2,8.74,45.23,0.158,2803.4,18.45,96.8,0.02,simulator,1.0
2026-10-02 08:29:08+00:00,M04,5.5,102.72058,RUNNING,43,0,0.0,414.3,8.91,45.27,0.165,2795.6,18.79,96.7,0.03,simulator,1.0
2026-10-02 08:29:10+00:00,M04,5.717,102.72375,RUNNING,43,0,0.0,418.4,9.17,45.28,0.138,2797.0,19.52,96.8,0.02,simulator,1.0
2026-10-02 08:29:12+00:00,M04,5.751,102.72695,RUNNING,43,0,0.0,416.7,9.27,45.23,0.161,2798.7,19.62,96.7,0.02,simulator,1.0
2026-10-02 08:29:14+00:00,M04,5.488,102.73,RUNNING,43,0,0.0,416.4,8.85,45.27,0.162,2804.4,18.69,96.7,0.02,simulator,1.0
2026-10-02 08:29:16+00:00,M04,5.423,102.73301,RUNNING,43,0,0.0,416.0,8.75,45.24,0.151,2795.2,18.53,96.7,0.02,simulator,1.0
2026-10-02 08:29:18+00:00,M04,5.453,102.73604,RUNNING,43,0,0.0,412.9,8.87,45.23,0.138,2795.1,18.63,96.8,0.02,simulator,1.0
2026-10-02 08:29:20+00:00,M04,5.715,102.73921,RUNNING,44,1,40.0,413.9,9.27,45.2,0.157,2801.7,19.48,96.8,0.02,simulator,1.0
2026-10-02 08:29:22+00:00,M04,5.491,102.74226,RUNNING,44,0,0.0,415.0,8.88,45.24,0.159,2799.6,18.73,96.7,0.02,simulator,1.0
2026-10-02 08:29:24+00:00,M04,5.694,102.74543,RUNNING,44,0,0.0,416.5,9.18,45.2,0.167,2796.5,19.44,96.7,0.03,simulator,1.0
2026-10-02 08:29:26+00:00,M04,5.722,102.74861,RUNNING,44,0,0.0,415.0,9.26,45.21,0.146,2797.5,19.53,96.7,0.03,simulator,1.0
2026-10-02 08:29:28+00:00,M04,5.579,102.75171,RUNNING,44,0,0.0,416.8,8.99,45.19,0.146,2797.8,19.04,96.8,0.02,simulator,1.0
2026-10-02 08:29:30+00:00,M04,5.414,102.75471,RUNNING,44,0,0.0,416.0,8.74,45.16,0.137,2804.0,18.44,96.8,0.02,simulator,1.0
2026-10-02 08:29:32+00:00,M04,5.438,102.75773,RUNNING,44,0,0.0,416.9,8.76,45.15,0.16,2798.4,18.56,96.8,0.02,simulator,1.0
2026-10-02 08:29:34+00:00,M04,5.648,102.76087,RUNNING,44,0,0.0,417.6,9.08,45.2,0.164,2802.3,19.25,96.7,0.03,simulator,1.0
2026-10-02 08:29:36+00:00,M04,5.4,102.76387,RUNNING,44,0,0.0,412.3,8.79,45.17,0.138,2800.7,18.41,96.8,0.03,simulator,1.0
2026-10-02 08:29:38+00:00,M04,5.772,102.76708,RUNNING,44,0,0.0,413.2,9.38,45.21,0.156,2797.1,19.71,96.8,0.02,simulator,1.0
2026-10-02 08:29:40+00:00,M04,5.538,102.77016,RUNNING,44,0,0.0,411.8,9.03,45.21,0.154,2797.9,18.9,96.8,0.03,simulator,1.0
2026-10-02 08:29:42+00:00,M04,5.706,102.77333,RUNNING,44,0,0.0,414.9,9.23,45.18,0.147,2797.8,19.48,96.8,0.02,simulator,1.0
2026-10-02 08:29:44+00:00,M04,5.631,102.77645,RUNNING,44,0,0.0,412.5,9.16,45.16,0.148,2798.4,19.22,96.9,0.02,simulator,1.0
2026-10-02 08:29:46+00:00,M04,5.49,102.7795,RUNNING,44,0,0.0,417.1,8.84,45.14,0.153,2803.7,18.7,96.9,0.02,simulator,1.0
2026-10-02 08:29:48+00:00,M04,5.64,102.78264,RUNNING,44,0,0.0,413.2,9.16,45.09,0.14,2799.3,19.24,96.9,0.02,simulator,1.0
2026-10-02 08:29:50+00:00,M04,5.582,102.78574,RUNNING,44,0,0.0,417.1,8.98,45.09,0.142,2795.2,19.07,96.9,0.02,simulator,1.0
2026-10-02 08:29:52+00:00,M04,5.656,102.78888,RUNNING,44,0,0.0,413.1,9.19,45.13,0.153,2796.0,19.32,96.9,0.02,simulator,1.0
2026-10-02 08:29:54+00:00,M04,5.483,102.79193,RUNNING,44,0,0.0,417.7,8.81,45.11,0.163,2803.0,18.68,96.8,0.02,simulator,1.0
2026-10-02 08:29:56+00:00,M04,5.646,102.79506,RUNNING,44,0,0.0,413.8,9.16,45.07,0.166,2795.3,19.29,96.7,0.03,simulator,1.0
2026-10-02 08:29:58+00:00,M04,5.641,102.7982,RUNNING,44,0,0.0,411.6,9.2,45.07,0.145,2800.6,19.24,96.8,0.02,simulator,1.0
2026-10-02 08:30:00+00:00,M04,5.548,102.80128,RUNNING,45,1,40.0,417.2,8.93,45.03,0.139,2804.8,18.89,96.9,0.02,simulator,1.0
